lineup,team,adj_team_off_eff,adj_team_def_eff,adj_team_eff_margin,pred_adj_team_eff_margin,off_poss,def_poss,plus_minus,avg_opp_bpr,team_off_eff,team_def_eff,team_eff_margin,color_pred_O,color_pred_D,color_height_mean,color_recruit_rating_mean,color_games_exp_mean,color_game_usage_mean,color_two_pct_weighted_mean,color_three_pct_weighted_mean,color_ft_pct_weighted_mean,color_oreb_pct_sum,color_dreb_pct_sum,color_assist_rate_sum,color_TO_sum,color_STL_sum,color_blk_pct_sum,color_PF_sum,color_scoring_mean,color_position_raw_sd,color_position_raw_mean,color_role_raw_sd,color_role_raw_mean,color_adj_O,color_adj_Diff,color_adj_D,color_post_O,color_post_Diff,color_post_D,p_id_string_1,p_id_string_2,p_id_string_3,p_id_string_4,p_id_string_5,year
W. Celichowski / E. Greenberg / L. Hobin / E. Robinson / K. Sanders,Air Force,85.786857036184,107.304622002988,-21.5177649668036,-17.914522032232,371,366,-107.937125329563,1.55463562696834,84.0970350404313,113.387978142077,-29.2909431016452,#FFFFFF,#DCE9F5,#FFEBD2,#FFFFFF,#DCE9F5,#FFEBD2,#FFFFFF,#DCE9F5,#FFFFFF,#CBDEF0,#DCE9F5,#FFFFFF,#FFFFFF,#DCE9F5,#FFFFFF,#FFEBD2,#DCE9F5,#FFFFFF,#FFFFFF,#CBDEF0,#FFFFFF,#87B5DC,#B2CFE8,#EAF2F8,#A8C8E5,#9DC2E2,#E6EFF7,"2118008,,Wesley Celichowski","2303177,,Eli Robinson","2505121,,Ethan Greenberg","2505125,,Lucas Hobin","2505130,,Kam Sanders",2025
E. Greenberg / L. Hobin / E. Robinson / K. Sanders / C. Walker,Air Force,95.8778790554715,123.620889451816,-27.7430103963444,-12.7282718579416,192,186,-57.6970766129032,0.556908673419301,96.3541666666667,126.881720430108,-30.5275537634409,#FFFFFF,#DCE9F5,#FFEBD2,#FFFFFF,#DCE9F5,#FFD7A5,#FFFFFF,#FFFFFF,#CBDEF0,#DCE9F5,#FFFFFF,#FFFFFF,#DCE9F5,#FFFFFF,#DCE9F5,#FFEBD2,#FFFFFF,#FFFFFF,#FFFFFF,#CBDEF0,#FFFFFF,#B1CEE8,#9CC1E2,#AECCE7,#C2D9ED,#B9D4EB,#DDE9F5,"2117992,,Caleb Walker","2303177,,Eli Robinson","2505121,,Ethan Greenberg","2505125,,Lucas Hobin","2505130,,Kam Sanders",2025
Tav. Johnson / Ama. Lyles / Eva. Mahaffey / Eri. Mahaffey / Sha. Scott,Akron,130.93612648607,95.7158799205508,35.2202465655192,34.416662824889,301,311,93.593616134856,0.926819500368164,131.229235880399,100.64308681672,30.5861490636784,#FFD7A5,#FFEBD2,#DCE9F5,#FFFFFF,#FFD7A5,#FFEBD2,#FFEBD2,#FFEBD2,#FFFFFF,#FFEBD2,#FFEBD2,#FFD7A5,#FFFFFF,#FFFFFF,#FFEBD2,#FFEBD2,#FFEBD2,#FFFFFF,#FFFFFF,#CBDEF0,#FFFFFF,#FFD9A9,#FFD095,#FFF2E2,#FFE9CE,#FFC47A,#FFECD5,"1890656,,Shammah Scott","1895929,,Evan Mahaffey","1949206,,Amani Lyles","1949207,,Tavari Johnson","2266043,,Eric Mahaffey",2025
Bow. Hardman / Tav. Johnson / Ama. Lyles / Eva. Mahaffey / Sha. Scott,Akron,113.338429536504,102.676126255199,10.6623032813057,19.3831156161985,181,153,12.3201169970751,0.656997542838979,113.259668508287,105.882352941176,7.37731556711083,#FFD7A5,#FFFFFF,#CBDEF0,#FFFFFF,#FFD7A5,#FFFFFF,#FFEBD2,#FFD7A5,#FFFFFF,#FFFFFF,#FFFFFF,#FFEBD2,#FFFFFF,#FFFFFF,#FFFFFF,#FFD7A5,#FFEBD2,#FFFFFF,#FFFFFF,#CBDEF0,#FFFFFF,#F8FBFD,#FFF0DE,#FBFCFD,#FFFBF6,#FFDEB4,#FFF8F1,"1890656,,Shammah Scott","1895929,,Evan Mahaffey","1917732,,Bowen Hardman","1949206,,Amani Lyles","1949207,,Tavari Johnson",2025
Zac. Halligan / Tav. Johnson / Ama. Lyles / Eva. Mahaffey / Sha. Young,Akron,113.757405038317,80.9446109575635,32.812794080753,28.2083840435139,164,169,45.9502994660124,1.04300332473771,112.80487804878,85.207100591716,27.5977774570645,#FFEBD2,#FFEBD2,#CBDEF0,#FFFFFF,#FFD7A5,#FFFFFF,#FFD7A5,#FFEBD2,#FFFFFF,#FFEBD2,#FFEBD2,#FFEBD2,#FFFFFF,#FFD7A5,#FFFFFF,#FFFFFF,#FFFFFF,#FFFFFF,#FFFFFF,#CBDEF0,#FFFFFF,#FAFCFD,#FFD39C,#FFD39C,#FDFEFE,#FFCF92,#FFE2BF,"1895929,,Evan Mahaffey","1949206,,Amani Lyles","1949207,,Tavari Johnson","2094971,,Zach Halligan","2266042,,Sharron Young",2025
A. Allen / A. Holloway / L. Philon / A. Sherrell / L. Wrightsell Jr.,Alabama,138.353622479874,104.644975359662,33.7086471202114,46.7441088951224,135,123,12.0027100271003,4.88084414852286,129.62962962963,120.325203252033,9.3044263775971,#FFD7A5,#FFEBD2,#FFFFFF,#FFD7A5,#FFEBD2,#FFD7A5,#FFD7A5,#FFD7A5,#FFEBD2,#FFFFFF,#FFFFFF,#FFD7A5,#FFEBD2,#FFFFFF,#FFEBD2,#FFD7A5,#FFD7A5,#FFFFFF,#FFFFFF,#CBDEF0,#FFFFFF,#FFC782,#FFD299,#F3F8FB,#FFCF94,#FFAF4B,#FFEEDA,"1602892,,Latrell Wrightsell Jr.","2106215,,Aden Holloway","2301240,,Labaron Philon","2301241,,Aiden Sherrell","2550725,,Amari Allen",2025
I. Abidde / J. Kempson / A. Lindsey / Z. Matulu / O. Okeke,Albany,120.907243611678,101.03410105818,19.8731425534975,8.11786626208992,156,161,24.637044115305,0.865853228011172,120.512820512821,104.968944099379,15.5438764134416,#FFFFFF,#FFFFFF,#FFFFFF,#FFFFFF,#FFFFFF,#FFEBD2,#FFFFFF,#FFFFFF,#DCE9F5,#FFFFFF,#FFEBD2,#FFFFFF,#DCE9F5,#FFEBD2,#FFEBD2,#FFFFFF,#FFFFFF,#FFFFFF,#FFFFFF,#CBDEF0,#FFFFFF,#FFF0DE,#FFE4C3,#FFFDFC,#EEF4FA,#FFF1DF,#F9FBFD,"1700366,,Isaac Abidde","2126093,,Okechukwu Okeke","2143580,,Zach Matulu","2284666,,Amir Lindsey","2549079,,Jaden Kempson",2025
I. Abidde / T. Foster / J. Kempson / A. Lindsey / O. Okeke,Albany,101.732722380693,107.438152098515,-5.7054297178218,-2.56321658656269,153,152,-1.04919160646713,-1.00348704435556,104.575163398693,105.263157894737,-0.68799449604402,#FFFFFF,#FFFFFF,#FFFFFF,#FFFFFF,#FFFFFF,#FFEBD2,#FFFFFF,#FFFFFF,#DCE9F5,#FFFFFF,#FFFFFF,#FFFFFF,#FFFFFF,#FFFFFF,#FFEBD2,#FFEBD2,#FFFFFF,#FFFFFF,#FFFFFF,#CBDEF0,#FFFFFF,#C9DDEF,#EAF2F9,#E9F1F8,#D0E1F1,#F1F6FA,#F3F7FB,"1700366,,Isaac Abidde","2126093,,Okechukwu Okeke","2152575,,Tarique Foster","2284666,,Amir Lindsey","2549079,,Jaden Kempson",2025
S. Lancaster / T. McDaniels / J. Morris / D. Williams / N. Woodard,Alcorn State,95.3804297436162,114.896558726076,-19.5161289824602,-12.0496362977666,309,305,-46.2104302615523,-0.892774313654755,97.7346278317152,112.786885245902,-15.0522574141864,#FFFFFF,#DCE9F5,#DCE9F5,#FFFFFF,#FFFFFF,#FFEBD2,#DCE9F5,#FFFFFF,#FFFFFF,#DCE9F5,#DCE9F5,#FFFFFF,#DCE9F5,#FFD7A5,#FFFFFF,#FFFFFF,#FFFFFF,#FFFFFF,#FFFFFF,#CBDEF0,#FFFFFF,#AFCDE7,#B9D3EA,#CEE0F0,#BFD7EC,#BDD6EC,#E3EDF6,"1925353,,Shane Lancaster","2092096,,Jameel Morris","2283126,,Nick Woodard","2345717,,Davian Williams","2345734,,Tycen McDaniels",2025
O. Hamilton / S. Lancaster / T. McDaniels / J. Morris / N. Woodard,Alcorn State,95.2881343597907,103.553228667869,-8.26509430807789,-7.78310060365055,227,226,-23.9957019219523,0.465806915157257,94.273127753304,104.867256637168,-10.5941288838642,#FFFFFF,#FFFFFF,#FFFFFF,#FFFFFF,#FFFFFF,#FFFFFF,#FFFFFF,#FFFFFF,#FFFFFF,#FFFFFF,#FFFFFF,#FFFFFF,#DCE9F5,#FFEBD2,#FFFFFF,#FFFFFF,#FFFFFF,#FFFFFF,#FFFFFF,#CBDEF0,#FFFFFF,#AECDE7,#E1ECF6,#F7FAFC,#BFD7EC,#D4E4F2,#F1F6FB,"1925353,,Shane Lancaster","2092096,,Jameel Morris","2283126,,Nick Woodard","2345734,,Tycen McDaniels","2345736,,Omari Hamilton",2025
J. Iturbe / G. Jones / M. Mayock / K. Sebastian / G. Sprouse,American,115.574768310428,91.2921653157076,24.2826029947201,12.7845360498687,217,228,58.5796143584769,-0.409062714177493,118.433179723502,92.1052631578947,26.3279165656076,#FFEBD2,#FFFFFF,#FFFFFF,#FFFFFF,#FFEBD2,#FFFFFF,#FFFFFF,#FFEBD2,#FFD7A5,#DCE9F5,#FFFFFF,#FFFFFF,#FFEBD2,#FFFFFF,#CBDEF0,#FFFFFF,#DCE9F5,#FFFFFF,#FFFFFF,#CBDEF0,#FFFFFF,#FFFDFB,#FFDEB5,#FFE9CD,#F8FAFD,#FFE9CD,#FFFEFE,"1924182,,Geoff Sprouse","2112592,,Greg Jones","2112593,,Matt Mayock","2321215,,Julen Iturbe","2478271,,Kade Sebastian",2025
J. Iturbe / G. Jones / M. Mayock / W. Nausadis / G. Sprouse,American,101.426495553274,104.891663020393,-3.46516746711862,-0.735247536735706,215,208,-11.3175201252236,0.377181175628155,101.860465116279,107.211538461538,-5.35107334525939,#FFEBD2,#DCE9F5,#FFFFFF,#FFFFFF,#FFEBD2,#FFFFFF,#FFFFFF,#FFFFFF,#FFEBD2,#CBDEF0,#FFFFFF,#FFFFFF,#FFEBD2,#FFFFFF,#CBDEF0,#FFFFFF,#FFFFFF,#FFFFFF,#FFFFFF,#CBDEF0,#FFFFFF,#C7DCEF,#F2F7FB,#F2F7FB,#DDEAF5,#FBFCFD,#EBF2F9,"1924182,,Geoff Sprouse","2112592,,Greg Jones","2112593,,Matt Mayock","2321207,,Wyatt Nausadis","2321215,,Julen Iturbe",2025
M. Collins / J. Iturbe / G. Jones / M. Mayock / G. Sprouse,American,110.978662988904,118.759207051399,-7.78054406249507,8.87572880966527,143,131,-7.94224096514172,-0.396657576711902,113.286713286713,119.083969465649,-5.79725617893556,#FFEBD2,#FFFFFF,#FFFFFF,#FFFFFF,#FFEBD2,#FFEBD2,#FFEBD2,#FFFFFF,#FFEBD2,#FFFFFF,#FFEBD2,#FFFFFF,#FFFFFF,#FFFFFF,#DCE9F5,#FFFFFF,#FFEBD2,#FFFFFF,#FFFFFF,#CBDEF0,#FFFFFF,#EFF5FA,#E3EDF6,#BFD8EC,#F7FAFC,#FFEFDC,#F2F7FB,"1924182,,Geoff Sprouse","2112592,,Greg Jones","2112593,,Matt Mayock","2321215,,Julen Iturbe","2478256,,Madden Collins",2025
A. Dodd / K. Jennings / M. Marcus Jr. / J. Tot / L. Wilson,Appalachian State,111.76018883132,95.9594049158426,15.800783915477,15.9208589115155,385,366,60.0517528919169,-0.0383387104820652,112.987012987013,96.9945355191257,15.9924774678873,#FFFFFF,#FFEBD2,#DCE9F5,#FFFFFF,#FFEBD2,#FFEBD2,#FFFFFF,#FFFFFF,#DCE9F5,#FFEBD2,#FFEBD2,#FFFFFF,#FFFFFF,#DCE9F5,#FFFFFF,#FFFFFF,#FFEBD2,#FFFFFF,#FFFFFF,#CBDEF0,#FFFFFF,#F2F7FB,#FFE9CF,#FFF3E3,#EEF4FA,#FFE3C1,#FFF2E2,"1599780,,Kasen Jennings","1920550,,Jalen Tot","1946431,,Alonzo Dodd","2127609,,Luke Wilson","2302349,,Michael Marcus Jr.",2025
E. Banks / A. Dodd / K. Jennings / M. Marcus Jr. / L. Wilson,Appalachian State,96.4456134888577,82.9011874847485,13.5444260041092,10.3951682535192,150,148,18.1753153153153,0.269245561182198,97.3333333333333,85.1351351351351,12.1981981981982,#FFFFFF,#FFEBD2,#FFFFFF,#FFFFFF,#FFEBD2,#FFEBD2,#FFFFFF,#DCE9F5,#CBDEF0,#FFEBD2,#FFEBD2,#FFFFFF,#FFFFFF,#DCE9F5,#FFEBD2,#FFFFFF,#FFFFFF,#FFFFFF,#FFFFFF,#CBDEF0,#FFFFFF,#B3D0E9,#FFECD6,#FFD7A5,#D2E3F2,#FFEDD7,#FFECD6,"1599780,,Kasen Jennings","1946431,,Alonzo Dodd","2106231,,Eren Banks","2127609,,Luke Wilson","2302349,,Michael Marcus Jr.",2025
E. Banks / A. Dodd / K. Jennings / J. Tot / L. Wilson,Appalachian State,107.984667612441,92.7926380239944,15.1920295884467,11.1603599928165,139,135,18.9018385291767,0.279013431678156,109.352517985612,95.5555555555556,13.796962430056,#FFFFFF,#FFFFFF,#CBDEF0,#FFFFFF,#FFEBD2,#FFEBD2,#FFFFFF,#FFFFFF,#CBDEF0,#DCE9F5,#FFFFFF,#FFFFFF,#FFFFFF,#DCE9F5,#FFFFFF,#FFEBD2,#FFFFFF,#FFFFFF,#FFFFFF,#CBDEF0,#FFFFFF,#E2EDF6,#FFEAD1,#FFECD4,#E8F0F8,#FFECD4,#FFF8F0,"1599780,,Kasen Jennings","1920550,,Jalen Tot","1946431,,Alonzo Dodd","2106231,,Eren Banks","2127609,,Luke Wilson",2025
J. Bradley / B. Burries / I. Kharchenkov / M. Krivas / K. Peat,Arizona,121.999332822363,66.3434796378238,55.6558531845391,49.1155736024837,613,593,223.774643818998,3.70912606579679,114.68189233279,77.5716694772344,37.1102228555552,#FFD7A5,#FFD7A5,#FFD7A5,#FFD7A5,#FFFFFF,#FFD7A5,#FFD7A5,#FFEBD2,#FFEBD2,#FFD7A5,#FFEBD2,#FFEBD2,#FFFFFF,#FFD7A5,#FFEBD2,#FFD7A5,#FFD7A5,#FFFFFF,#FFFFFF,#CBDEF0,#FFFFFF,#FFEED8,#FFB557,#FFB456,#FFF1E1,#FFAB42,#FFC67F,"1920157,,Jaden Bradley","2098978,,Motiejus Krivas","2478066,,Ivan Kharchenkov","2478068,,Brayden Burries","2478069,,Koa Peat",2025
T. Awaka / J. Bradley / B. Burries / I. Kharchenkov / K. Peat,Arizona,132.942877608006,96.9853512711358,35.9575263368699,46.8536258412205,187,195,39.3994789524201,3.06590537706822,127.807486631016,107.179487179487,20.6279994515289,#FFD7A5,#FFD7A5,#FFEBD2,#FFD7A5,#FFEBD2,#FFD7A5,#FFD7A5,#FFEBD2,#FFFFFF,#FFD7A5,#FFD7A5,#FFEBD2,#FFEBD2,#FFEBD2,#FFFFFF,#FFEBD2,#FFD7A5,#FFFFFF,#FFFFFF,#CBDEF0,#FFFFFF,#FFD49E,#FFCF92,#FFF5E8,#FFE2BF,#FFAF4A,#FFDAAD,"1890542,,Tobe Awaka","1920157,,Jaden Bradley","2478066,,Ivan Kharchenkov","2478068,,Brayden Burries","2478069,,Koa Peat",2025
T. Awaka / J. Bradley / B. Burries / I. Kharchenkov / M. Krivas,Arizona,122.74307721945,83.1159896427358,39.6270875767138,49.2726629251844,134,137,21.168645821985,4.80089414678409,113.432835820896,97.8102189781022,15.6226168427933,#FFD7A5,#FFD7A5,#FFD7A5,#FFD7A5,#FFEBD2,#FFEBD2,#FFD7A5,#FFEBD2,#FFEBD2,#FFD7A5,#FFD7A5,#FFFFFF,#FFEBD2,#FFEBD2,#FFEBD2,#FFFFFF,#FFD7A5,#FFFFFF,#FFFFFF,#CBDEF0,#FFFFFF,#FFECD5,#FFCA87,#FFD8A6,#FFE9CD,#FFAB41,#FFCF93,"1890542,,Tobe Awaka","1920157,,Jaden Bradley","2098978,,Motiejus Krivas","2478066,,Ivan Kharchenkov","2478068,,Brayden Burries",2025
D. Aristode / T. Awaka / B. Burries / A. Dell'Orso / K. Peat,Arizona,139.563799381408,85.0269391968832,54.5368601845249,47.1720629694895,129,127,57.7066471342245,1.89070842218241,137.209302325581,92.1259842519685,45.0833180736129,#FFD7A5,#FFD7A5,#FFEBD2,#FFD7A5,#FFEBD2,#FFEBD2,#FFD7A5,#FFEBD2,#FFFFFF,#FFD7A5,#FFEBD2,#FFFFFF,#FFEBD2,#FFFFFF,#FFFFFF,#FFEBD2,#FFD7A5,#FFFFFF,#FFFFFF,#CBDEF0,#FFFFFF,#FFC47B,#FFB65A,#FFDCAF,#FFE1BC,#FFAE49,#FFDBAF,"1890542,,Tobe Awaka","1917832,,Anthony Dell'Orso","2478064,,Dwayne Aristode","2478068,,Brayden Burries","2478069,,Koa Peat",2025
M. Diop / A. Johnson / N. Meeusen / M. Odum / S. Trouet,Arizona State,108.712746024499,110.803295223145,-2.09054919864599,18.1375771283051,223,226,-53.6282292948133,4.35946069878424,100.448430493274,124.336283185841,-23.8878526925672,#FFEBD2,#FFEBD2,#FFEBD2,#FFEBD2,#FFFFFF,#FFD7A5,#FFEBD2,#FFFFFF,#FFEBD2,#FFFFFF,#FFEBD2,#FFD7A5,#DCE9F5,#FFEBD2,#FFEBD2,#FFD7A5,#FFD7A5,#FFFFFF,#FFFFFF,#CBDEF0,#FFFFFF,#E5EFF7,#F7FAFC,#DDEAF5,#F1F6FB,#FFE0B9,#FFEFDC,"1908487,,Maurice Odum","2153994,,Santiago Trouet","2548107,,Massamba Diop","2548112,,Anthony Johnson","2548118,,Noah Meeusen",2025
M. Diop / B. Ford / A. Grbovic / M. Odum / S. Trouet,Arizona State,105.469153223548,96.682186125485,8.78696709806334,2.55277500710525,192,186,-10.1612903225806,2.83266223681697,100,105.376344086022,-5.3763440860215,#FFFFFF,#FFFFFF,#FFD7A5,#FFEBD2,#FFFFFF,#FFEBD2,#FFEBD2,#FFEBD2,#FFEBD2,#FFFFFF,#FFFFFF,#FFFFFF,#FFFFFF,#DCE9F5,#FFEBD2,#FFEBD2,#FFFFFF,#FFFFFF,#FFFFFF,#CBDEF0,#FFFFFF,#D8E7F3,#FFF3E4,#FFF4E7,#D6E5F3,#FFFAF5,#FEFEFE,"1908487,,Maurice Odum","2121781,,Bryce Ford","2153994,,Santiago Trouet","2548107,,Massamba Diop","2548108,,Andrija Grbovic",2025
M. Diop / A. Grbovic / N. Meeusen / M. Odum / S. Trouet,Arizona State,107.50831320103,78.9068457657255,28.6014674353042,8.47340156283983,138,132,5.20256916996047,4.94954249891854,98.5507246376812,94.6969696969697,3.85375494071146,#FFFFFF,#FFFFFF,#FFD7A5,#FFEBD2,#FFFFFF,#FFEBD2,#FFEBD2,#FFFFFF,#FFEBD2,#FFEBD2,#FFEBD2,#FFEBD2,#FFFFFF,#FFFFFF,#FFEBD2,#FFEBD2,#FFFFFF,#FFFFFF,#FFFFFF,#CBDEF0,#FFFFFF,#E0ECF6,#FFD8A8,#FFCF92,#DDE9F5,#FFF0DE,#FFF7ED,"1908487,,Maurice Odum","2153994,,Santiago Trouet","2548107,,Massamba Diop","2548108,,Andrija Grbovic","2548118,,Noah Meeusen",2025
D. Acuff Jr. / T. Brazile / M. Ewin / B. Richmond III / M. Thomas,Arkansas,145.467220825195,89.5860418117092,55.8811790134857,52.1925419354132,287,281,99.7540888067752,4.15129997123411,138.327526132404,103.202846975089,35.1246791573152,#FFD7A5,#FFD7A5,#FFEBD2,#FFD7A5,#FFFFFF,#FFD7A5,#FFD7A5,#FFD7A5,#FFEBD2,#FFD7A5,#FFEBD2,#FFEBD2,#FFEBD2,#FFEBD2,#FFD7A5,#FFD7A5,#FFD7A5,#FFFFFF,#FFFFFF,#CBDEF0,#FFFFFF,#FFB75C,#FFB456,#FFE5C5,#FFD199,#FFA636,#FFE1BC,"1688263,,Trevon Brazile","1947760,,Malique Ewin","2302280,,Billy Richmond III","2533521,,Darius Acuff Jr.","2533591,,Meleek Thomas",2025
D. Acuff Jr. / T. Brazile / N. Pringle / B. Richmond III / M. Thomas,Arkansas,127.04807923155,86.428817273831,40.6192619577193,40.5411124884376,281,283,57.1957546873232,4.06741588889683,119.928825622776,99.6466431095406,20.2821825132352,#FFD7A5,#FFD7A5,#FFEBD2,#FFD7A5,#FFEBD2,#FFD7A5,#FFD7A5,#FFD7A5,#FFFFFF,#FFEBD2,#FFEBD2,#FFEBD2,#FFD7A5,#FFFFFF,#FFEBD2,#FFEBD2,#FFD7A5,#FFFFFF,#FFFFFF,#CBDEF0,#FFFFFF,#FFE2BE,#FFC984,#FFDFB6,#FFEAD1,#FFBA63,#FFDFB7,"1603582,,Nick Pringle","1688263,,Trevon Brazile","2302280,,Billy Richmond III","2533521,,Darius Acuff Jr.","2533591,,Meleek Thomas",2025
D. Acuff Jr. / T. Brazile / K. Knox / N. Pringle / D. Wagner,Arkansas,113.260893904737,91.080395608198,22.1804982965392,28.6286008604623,170,169,6.94991298294466,3.61605092975685,107.058823529412,102.958579881657,4.10024364775496,#FFD7A5,#FFEBD2,#FFEBD2,#FFD7A5,#FFEBD2,#FFD7A5,#FFD7A5,#FFD7A5,#FFFFFF,#FFFFFF,#FFEBD2,#FFEBD2,#FFD7A5,#FFFFFF,#FFEBD2,#FFEBD2,#FFEBD2,#FFFFFF,#FFFFFF,#CBDEF0,#FFFFFF,#F8FAFD,#FFE1BC,#FFE8CC,#FFFBF7,#FFCE90,#FFE6C7,"1603582,,Nick Pringle","1688263,,Trevon Brazile","2113945,,D.J. Wagner","2302258,,Karter Knox","2533521,,Darius Acuff Jr.",2025
J. Hampton / C. Harmon / M. Hayman / C. Jackson / A. Tounkara,Arkansas State,122.489756013432,93.5403826856529,28.9493733277786,24.1667560494189,247,259,74.013959013959,-0.061031185350123,123.076923076923,93.8223938223938,29.2545292545293,#FFEBD2,#FFEBD2,#FFD7A5,#FFFFFF,#FFEBD2,#FFFFFF,#FFEBD2,#FFFFFF,#DCE9F5,#FFD7A5,#FFEBD2,#FFEBD2,#DCE9F5,#FFEBD2,#FFFFFF,#FFFFFF,#FFFFFF,#FFFFFF,#FFFFFF,#CBDEF0,#FFFFFF,#FFEDD6,#FFD8A7,#FFEDD8,#FFFBF7,#FFD5A2,#FFEFDB,"1909082,,Chandler Jackson","1925489,,Matt Hayman","1926203,,Jalen Hampton","2319961,,Aly Tounkara","2539281,,Christian Harmon",2025
M. Charles / A. Mirhosseini / T. Payton / J. Scott / Q. Williams,Arkansas-Pine Bluff,98.7226852032138,108.730430934449,-10.0077457312355,-7.85449089825008,715,690,-65.1238218303435,-0.147490161753329,99.8601398601399,109.130434782609,-9.27029492246882,#FFFFFF,#DCE9F5,#FFFFFF,#FFFFFF,#FFFFFF,#FFD7A5,#FFFFFF,#FFFFFF,#FFEBD2,#FFFFFF,#FFFFFF,#FFEBD2,#DCE9F5,#FFFFFF,#FFFFFF,#FFFFFF,#FFEBD2,#FFFFFF,#FFFFFF,#CBDEF0,#FFFFFF,#BCD6EB,#DBE8F4,#E4EEF7,#C9DDEF,#D4E4F2,#E7F0F8,"1908328,,Trevon Payton","1923950,,Quion Williams","2125134,,Jaquan Scott","2161308,,Alex Mirhosseini","2547382,,Milhan Charles",2025
R. Lloyd Jr. / A. Mirhosseini / T. Payton / J. Scott / Q. Williams,Arkansas-Pine Bluff,103.845241017225,127.837614476034,-23.9923734588093,-6.90735111122973,156,171,-29.4932523616734,-1.19073739981404,107.692307692308,125.730994152047,-18.0386864597391,#FFFFFF,#DCE9F5,#DCE9F5,#FFFFFF,#FFFFFF,#FFD7A5,#DCE9F5,#FFFFFF,#FFEBD2,#FFFFFF,#FFFFFF,#FFEBD2,#DCE9F5,#FFEBD2,#DCE9F5,#FFFFFF,#FFFFFF,#FFFFFF,#FFFFFF,#CBDEF0,#FFFFFF,#D1E3F1,#A9CAE6,#9EC3E3,#DAE8F4,#D9E7F4,#D9E7F4,"1898632,,Ramel Lloyd Jr.","1908328,,Trevon Payton","1923950,,Quion Williams","2125134,,Jaquan Scott","2161308,,Alex Mirhosseini",2025
K. Hall / K. Murphy / K. Overton / T. Pettiford / S. Williams-Adams,Auburn,121.799137411732,104.253665064209,17.5454723475233,29.5147821543992,352,339,-20.264770213194,4.68216365695438,114.488636363636,120.353982300885,-5.86534593724861,#FFD7A5,#FFEBD2,#FFEBD2,#FFEBD2,#FFEBD2,#FFD7A5,#FFEBD2,#FFEBD2,#FFEBD2,#FFEBD2,#FFEBD2,#FFFFFF,#FFFFFF,#FFFFFF,#FFEBD2,#FFEBD2,#FFD7A5,#FFFFFF,#FFFFFF,#CBDEF0,#FFFFFF,#FFEEDA,#FFE7CA,#F5F9FC,#FFF0DE,#FFCC8D,#FFEFDC,"1698688,,KeShawn Murphy","1932541,,Keyshawn Hall","2122204,,Kevin Overton","2321438,,Tahaad Pettiford","2547354,,Sebastian Williams-Adams",2025
E. Freeman / K. Hall / K. Murphy / K. Overton / T. Pettiford,Auburn,125.027125366963,100.654826370388,24.3722989965752,34.3700535631562,315,298,0.199174390113999,4.86146310175458,116.507936507937,116.442953020134,0.0649834878022837,#FFD7A5,#FFEBD2,#FFEBD2,#FFEBD2,#FFEBD2,#FFD7A5,#FFEBD2,#FFEBD2,#FFD7A5,#FFEBD2,#FFD7A5,#FFFFFF,#FFFFFF,#FFEBD2,#FFEBD2,#FFEBD2,#FFD7A5,#FFFFFF,#FFFFFF,#CBDEF0,#FFFFFF,#FFE7C8,#FFDEB5,#FFFCFA,#FFE9CF,#FFC47A,#FFECD5,"1698688,,KeShawn Murphy","1932541,,Keyshawn Hall","2122204,,Kevin Overton","2321438,,Tahaad Pettiford","2364052,,Elyjah Freeman",2025
E. Freeman / K. Hall / F. Jovic / K. Overton / T. Pettiford,Auburn,128.495826748328,105.404802267527,23.0910244808009,35.0432270672628,182,159,7.31185638261112,3.76050913280404,122.527472527473,118.238993710692,4.28847881678072,#FFD7A5,#FFEBD2,#FFFFFF,#FFD7A5,#FFFFFF,#FFD7A5,#FFEBD2,#FFEBD2,#FFEBD2,#FFEBD2,#FFFFFF,#FFFFFF,#FFFFFF,#FFFFFF,#FFFFFF,#FFFFFF,#FFD7A5,#FFFFFF,#FFFFFF,#CBDEF0,#FFFFFF,#FFDEB6,#FFE0B9,#F1F6FA,#FFE7CA,#FFC378,#FFEDD7,"1932541,,Keyshawn Hall","2122204,,Kevin Overton","2321438,,Tahaad Pettiford","2364052,,Elyjah Freeman","2547352,,Filip Jovic",2025
E. Freeman / K. Murphy / K. Overton / T. Pettiford / S. Williams-Adams,Auburn,116.562225512828,100.244448407622,16.3177771052064,28.6624378494509,172,171,-9.11961104311165,4.32706691294934,109.302325581395,114.619883040936,-5.31755745954032,#FFD7A5,#FFEBD2,#FFEBD2,#FFD7A5,#FFFFFF,#FFEBD2,#FFD7A5,#FFFFFF,#FFFFFF,#FFEBD2,#FFEBD2,#FFFFFF,#FFEBD2,#FFEBD2,#FFEBD2,#FFEBD2,#FFEBD2,#FFFFFF,#FFFFFF,#CBDEF0,#FFFFFF,#FFFAF5,#FFE9CD,#FFFCF8,#FFF9F2,#FFCE90,#FFE8CB,"1698688,,KeShawn Murphy","2122204,,Kevin Overton","2321438,,Tahaad Pettiford","2364052,,Elyjah Freeman","2547354,,Sebastian Williams-Adams",2025
K. Hall / F. Jovic / K. Overton / T. Pettiford / S. Williams-Adams,Auburn,127.240864535113,89.8710116230671,37.3698529120455,34.5899885137389,164,164,25,4.42519009460422,119.512195121951,104.268292682927,15.2439024390244,#FFD7A5,#FFEBD2,#FFFFFF,#FFD7A5,#FFFFFF,#FFD7A5,#FFEBD2,#FFEBD2,#FFFFFF,#FFEBD2,#FFFFFF,#FFFFFF,#FFFFFF,#FFFFFF,#FFFFFF,#FFFFFF,#FFD7A5,#FFFFFF,#FFFFFF,#CBDEF0,#FFFFFF,#FFE1BD,#FFCD8E,#FFE6C7,#FFECD5,#FFC47A,#FFE9CE,"1932541,,Keyshawn Hall","2122204,,Kevin Overton","2321438,,Tahaad Pettiford","2547352,,Filip Jovic","2547354,,Sebastian Williams-Adams",2025
E. Freeman / K. Hall / K. Murphy / T. Pettiford / S. Williams-Adams,Auburn,113.474739486673,90.5592728820787,22.9154666045938,31.9183108611103,129,119,3.5218552537294,4.01505215096241,106.201550387597,103.361344537815,2.84020584978177,#FFD7A5,#FFD7A5,#FFEBD2,#FFD7A5,#FFFFFF,#FFD7A5,#FFEBD2,#FFFFFF,#FFFFFF,#FFD7A5,#FFD7A5,#FFFFFF,#FFFFFF,#FFEBD2,#FFD7A5,#FFEBD2,#FFD7A5,#FFFFFF,#FFFFFF,#CBDEF0,#FFFFFF,#F9FBFD,#FFE0BA,#FFE7CA,#FFF7ED,#FFC884,#FFE4C2,"1698688,,KeShawn Murphy","1932541,,Keyshawn Hall","2321438,,Tahaad Pettiford","2364052,,Elyjah Freeman","2547354,,Sebastian Williams-Adams",2025
D. Barnes / P. Copeland / D. Hill / M. Jones / A. Zeigler,Ball State,114.113124119136,107.445643071605,6.66748104753086,8.50266524180143,162,162,4.99999999999999,0.716212258888889,114.814814814815,111.728395061728,3.08641975308641,#FFFFFF,#FFFFFF,#FFFFFF,#FFFFFF,#FFFFFF,#FFEBD2,#DCE9F5,#FFFFFF,#FFFFFF,#FFFFFF,#FFFFFF,#FFEBD2,#FFFFFF,#FFD7A5,#FFFFFF,#FFFFFF,#FFFFFF,#FFFFFF,#FFFFFF,#CBDEF0,#FFFFFF,#FBFDFE,#FFF6EA,#E9F1F8,#E4EEF7,#FFF0DE,#FFFBF7,"2125383,,Mason Jones","2137102,,Armoni Zeigler","2149401,,Devon Barnes","2506610,,Preston Copeland","2506666,,Davion Hill",2025
D. Barnes / P. Copeland / E. James / M. Jones / A. Zeigler,Ball State,90.4606087236508,97.9455600089524,-7.48495128530158,-5.23938444982743,125,126,-14.0320952380952,0.739200219130159,91.2,102.380952380952,-11.1809523809524,#DCE9F5,#FFFFFF,#FFFFFF,#FFFFFF,#FFEBD2,#FFFFFF,#DCE9F5,#FFFFFF,#FFFFFF,#FFFFFF,#FFFFFF,#FFFFFF,#FFEBD2,#FFEBD2,#FFFFFF,#FFEBD2,#DCE9F5,#FFFFFF,#FFFFFF,#CBDEF0,#FFFFFF,#9AC1E2,#E4EEF7,#FFF7ED,#BAD4EB,#E2EDF6,#FFFEFD,"1916860,,Elmore James","2125383,,Mason Jones","2137102,,Armoni Zeigler","2149401,,Devon Barnes","2506610,,Preston Copeland",2025
O. Agbim / C. Carr / M. Rataj / D. Skillings Jr. / T. Yessoufou,Baylor,118.798125774415,99.6751393336831,19.1229864407315,25.5724820443057,325,332,30.6853707136237,1.95638598138078,114.461538461538,105.120481927711,9.34105653382762,#FFD7A5,#FFEBD2,#FFFFFF,#FFEBD2,#FFEBD2,#FFD7A5,#FFEBD2,#FFEBD2,#FFEBD2,#FFEBD2,#FFEBD2,#FFFFFF,#FFFFFF,#FFEBD2,#FFFFFF,#FFD7A5,#FFD7A5,#FFFFFF,#FFFFFF,#CBDEF0,#FFFFFF,#FFF5EA,#FFE5C5,#FFFAF5,#FFF6EC,#FFD39C,#FFF1DF,"1908265,,Dan Skillings Jr.","1912256,,Michael Rataj","1958631,,Obi Agbim","2092651,,Cameron Carr","2481338,,Tounde Yessoufou",2025
O. Agbim / C. Carr / C. Powell / I. Williams / T. Yessoufou,Baylor,117.184710887017,98.5593683538399,18.625342533177,27.4178179326523,287,291,-14.5785528694757,4.73396489898666,108.01393728223,113.058419243986,-5.04448196175629,#FFD7A5,#FFEBD2,#FFFFFF,#FFEBD2,#FFFFFF,#FFD7A5,#FFEBD2,#FFD7A5,#FFFFFF,#FFEBD2,#FFFFFF,#FFEBD2,#FFFFFF,#FFFFFF,#FFEBD2,#FFFFFF,#FFEBD2,#FFFFFF,#FFFFFF,#CBDEF0,#FFFFFF,#FFF9F2,#FFE6C6,#FFF8F0,#FFF5EA,#FFD095,#FFEED9,"1922031,,Caden Powell","1958631,,Obi Agbim","2092651,,Cameron Carr","2305466,,Isaac Williams","2481338,,Tounde Yessoufou",2025
O. Agbim / C. Carr / C. Powell / M. Rataj / T. Yessoufou,Baylor,114.506440101752,98.061760413085,16.4446796886665,26.8577379784042,207,197,-6.8457784644057,3.96673578569427,106.763285024155,110.152284263959,-3.3889992398048,#FFD7A5,#FFEBD2,#FFEBD2,#FFEBD2,#FFEBD2,#FFD7A5,#FFEBD2,#FFD7A5,#FFFFFF,#FFD7A5,#FFEBD2,#FFFFFF,#FFFFFF,#FFFFFF,#FFEBD2,#FFEBD2,#FFEBD2,#FFFFFF,#FFFFFF,#CBDEF0,#FFFFFF,#FDFEFE,#FFE9CD,#FFF7EE,#FFF9F2,#FFD197,#FFEBD3,"1912256,,Michael Rataj","1922031,,Caden Powell","1958631,,Obi Agbim","2092651,,Cameron Carr","2481338,,Tounde Yessoufou",2025
O. Agbim / C. Carr / C. Powell / D. Skillings Jr. / T. Yessoufou,Baylor,123.184356353046,81.7608705098568,41.4234858431892,35.3709917317369,197,187,45.6663861668341,3.52778194292596,115.228426395939,91.4438502673797,23.7845761285594,#FFD7A5,#FFEBD2,#FFFFFF,#FFEBD2,#FFEBD2,#FFD7A5,#FFEBD2,#FFEBD2,#FFFFFF,#FFD7A5,#FFEBD2,#FFFFFF,#FFFFFF,#FFEBD2,#FFEBD2,#FFEBD2,#FFEBD2,#FFFFFF,#FFFFFF,#CBDEF0,#FFFFFF,#FFEBD2,#FFC782,#FFD5A0,#FFEFDD,#FFC277,#FFE4C3,"1908265,,Dan Skillings Jr.","1922031,,Caden Powell","1958631,,Obi Agbim","2092651,,Cameron Carr","2481338,,Tounde Yessoufou",2025
S. Donald / T. Doyle / K. Goodin / J. Karasinski / B. Waddell,Bellarmine,128.353871100596,124.632238249768,3.72163285082867,6.68206621845739,392,349,4.53890123384594,0.499311658757047,129.591836734694,128.36676217765,1.22507455704344,#FFD7A5,#CBDEF0,#FFEBD2,#FFFFFF,#FFFFFF,#FFEBD2,#FFD7A5,#FFD7A5,#FFD7A5,#CBDEF0,#FFFFFF,#FFFFFF,#FFEBD2,#CBDEF0,#DCE9F5,#FFEBD2,#FFEBD2,#FFFFFF,#FFFFFF,#CBDEF0,#FFFFFF,#FFDFB7,#FFFAF3,#AACAE6,#FFEBD3,#FFF3E5,#C0D8ED,"1693951,,Brian Waddell","1890306,,Jack Karasinski","2140005,,Kenyon Goodin","2292843,,Tyler Doyle","2552852,,Sam Donald",2025
J. Jenkins / T. Lundblade / S. Orme / D. Scharnowski / I. West,Belmont,109.379678054722,85.7906873448652,23.5889907098569,20.994465399104,166,168,27.9770510613884,1.36725310467935,107.228915662651,90.4761904761905,16.7527251864601,#FFEBD2,#FFEBD2,#FFFFFF,#FFFFFF,#FFFFFF,#FFFFFF,#FFD7A5,#FFD7A5,#DCE9F5,#FFFFFF,#FFEBD2,#FFFFFF,#FFFFFF,#FFFFFF,#FFEBD2,#FFFFFF,#FFFFFF,#FFFFFF,#FFFFFF,#CBDEF0,#FFFFFF,#E8F1F8,#FFDFB8,#FFDDB3,#ECF3F9,#FFDBAE,#FFE7C9,"1705470,,Tyler Lundblade","2113899,,Drew Scharnowski","2113900,,Sam Orme","2115433,,Isaiah West","2311328,,Jabez Jenkins",2025
T. Andrews / J. Heady / Q. Heady / D. Rouzan / S. Willoughby,Bethune-Cookman,96.1848225806365,95.1582742202737,1.02654836036286,-0.803218703879249,250,255,22.7547058823529,-1.5970432691039,99.6,90.5882352941177,9.01176470588235,#FFFFFF,#FFFFFF,#FFFFFF,#FFFFFF,#FFD7A5,#FFFFFF,#FFFFFF,#FFFFFF,#FFFFFF,#FFFFFF,#FFFFFF,#DCE9F5,#FFFFFF,#FFFFFF,#FFFFFF,#FFFFFF,#FFFFFF,#FFFFFF,#FFFFFF,#CBDEF0,#FFFFFF,#B2CFE8,#FFFDFB,#FFF1E0,#C8DDEF,#FAFCFD,#FFFDFC,"1908803,,Tyler Andrews","1932440,,Daniel Rouzan","2100628,,Jakobi Heady","2100633,,Seneca Willoughby","2311737,,Quentin Heady",2025
J. Heady / Q. Heady / A. Morris / D. Rouzan / S. Willoughby,Bethune-Cookman,109.752967816063,122.293089122663,-12.5401213066,-0.911026037169482,172,164,-20.321043675553,-0.0888523951827368,110.46511627907,122.560975609756,-12.0958593306863,#FFFFFF,#FFFFFF,#FFFFFF,#FFFFFF,#FFEBD2,#FFEBD2,#FFFFFF,#DCE9F5,#FFFFFF,#FFFFFF,#FFFFFF,#FFFFFF,#DCE9F5,#FFFFFF,#FFFFFF,#FFEBD2,#FFEBD2,#FFFFFF,#FFFFFF,#CBDEF0,#FFFFFF,#EAF2F8,#D2E3F2,#B2CFE9,#DDEAF5,#FAFBFD,#EAF2F9,"1918655,,Arterio Morris","1932440,,Daniel Rouzan","2100628,,Jakobi Heady","2100633,,Seneca Willoughby","2311737,,Quentin Heady",2025
A. Bland / J. Heady / Q. Heady / J. Johnson / A. Morris,Bethune-Cookman,109.195250523394,97.5555578623799,11.6396926610137,3.2369365384638,149,155,22.2060186187487,-0.593906022895771,110.738255033557,96.1290322580645,14.6092227754925,#FFFFFF,#FFFFFF,#FFFFFF,#FFFFFF,#FFEBD2,#FFFFFF,#FFFFFF,#DCE9F5,#FFFFFF,#FFEBD2,#FFFFFF,#FFFFFF,#FFFFFF,#FFEBD2,#FFEBD2,#FFFFFF,#FFFFFF,#FFFFFF,#FFFFFF,#CBDEF0,#FFFFFF,#E7F0F8,#FFEFDB,#FFF6EB,#D9E7F4,#FFF9F2,#FDFEFE,"1736926,,Ariel Bland","1918655,,Arterio Morris","2100628,,Jakobi Heady","2122130,,Jordan Johnson","2311737,,Quentin Heady",2025
A. Bland / J. Heady / Q. Heady / A. Morris / S. Willoughby,Bethune-Cookman,111.603479867761,108.086454441063,3.51702542669872,6.04390669171571,130,140,9.93956043956043,-0.769122387187728,113.076923076923,105.714285714286,7.36263736263736,#FFFFFF,#FFFFFF,#FFFFFF,#FFFFFF,#FFEBD2,#FFFFFF,#FFFFFF,#DCE9F5,#FFFFFF,#FFEBD2,#FFFFFF,#FFFFFF,#DCE9F5,#FFEBD2,#FFEBD2,#FFFFFF,#FFFFFF,#FFFFFF,#FFFFFF,#CBDEF0,#FFFFFF,#F1F6FB,#FFFAF4,#E7F0F8,#DEEAF5,#FFF4E7,#FFFDFA,"1736926,,Ariel Bland","1918655,,Arterio Morris","2100628,,Jakobi Heady","2100633,,Seneca Willoughby","2311737,,Quentin Heady",2025
J. Benigni / W. Peterson / J. Quigley / S. Snagg / B. Wilson,Binghamton,106.344543946567,122.057140936792,-15.7125969902251,-18.2068658971683,222,221,-29.1513900778606,-0.510339707041795,108.558558558559,121.719457013575,-13.1608984550161,#DCE9F5,#CBDEF0,#DCE9F5,#FFFFFF,#FFFFFF,#FFFFFF,#DCE9F5,#FFFFFF,#FFEBD2,#CBDEF0,#FFFFFF,#FFFFFF,#FFFFFF,#DCE9F5,#DCE9F5,#FFFFFF,#FFFFFF,#FFFFFF,#FFFFFF,#CBDEF0,#FFFFFF,#DCE9F4,#C7DCEE,#B3D0E9,#CEE0F1,#9CC1E2,#BDD6EC,"1692299,,Wes Peterson","1718007,,Jackson Benigni","2114127,,Jeremiah Quigley","2119924,,Stephan Snagg","2134480,,Bryson Wilson",2025
J. Benigni / Z. Beverly / W. Peterson / J. Quigley / B. Wilson,Binghamton,100.429095197938,123.485153493518,-23.0560582955797,-16.1256455785574,193,198,-32.40427591982,-1.29619621974817,103.626943005181,120.20202020202,-16.5750771968389,#DCE9F5,#DCE9F5,#DCE9F5,#FFFFFF,#FFFFFF,#FFEBD2,#FFFFFF,#FFFFFF,#FFEBD2,#CBDEF0,#FFFFFF,#FFFFFF,#DCE9F5,#DCE9F5,#FFFFFF,#FFFFFF,#FFEBD2,#FFFFFF,#FFFFFF,#CBDEF0,#FFFFFF,#C3DAED,#ACCCE7,#AECDE7,#C6DBEE,#A7C8E5,#CDE0F0,"1692299,,Wes Peterson","1718007,,Jackson Benigni","2114127,,Jeremiah Quigley","2134480,,Bryson Wilson","2484756,,Zyier Beverly",2025
C. Forte / D. Hand Jr. / J. Hastings / F. Payne / A. Shaw,Boston College,111.339477468769,80.7079672299551,30.6315102388136,21.7061159537317,209,213,51.8909180762405,1.20773161399584,109.569377990431,84.9765258215963,24.5928521688344,#FFFFFF,#FFEBD2,#FFFFFF,#FFEBD2,#FFEBD2,#FFEBD2,#FFFFFF,#DCE9F5,#CBDEF0,#FFFFFF,#FFEBD2,#FFFFFF,#FFFFFF,#FFFFFF,#FFD7A5,#FFFFFF,#FFFFFF,#FFFFFF,#FFFFFF,#CBDEF0,#FFFFFF,#F0F6FA,#FFD6A2,#FFD29B,#E7F0F8,#FFDAAB,#FFE2BF,"1908254,,Donald Hand Jr.","1908654,,Aidan Shaw","2100343,,Chase Forte","2128760,,Fred Payne","2128761,,Jayden Hastings",2025
C. Forte / D. Hand Jr. / B. Kapke / F. Payne / A. Shaw,Boston College,90.6137286218231,96.6438920804297,-6.03016345860656,5.20167015442713,199,198,-36.9574133292726,2.51763615757568,86.4321608040201,105.050505050505,-18.618344246485,#FFFFFF,#FFEBD2,#FFEBD2,#FFEBD2,#FFD7A5,#FFEBD2,#FFFFFF,#DCE9F5,#DCE9F5,#FFFFFF,#FFEBD2,#FFFFFF,#FFEBD2,#FFFFFF,#FFFFFF,#FFEBD2,#FFEBD2,#FFFFFF,#FFFFFF,#CBDEF0,#FFFFFF,#9BC1E2,#E9F1F8,#FFF4E7,#C7DCEF,#FFF6EB,#FFF1E0,"1908254,,Donald Hand Jr.","1908654,,Aidan Shaw","2092580,,Boden Kapke","2100343,,Chase Forte","2128760,,Fred Payne",2025
D. Hand Jr. / J. Hastings / B. Kapke / F. Payne / L. Toews,Boston College,95.1685372477495,91.4739796718058,3.69455757594368,10.1803109985584,181,182,-29.0415427114322,3.93908151093884,87.8453038674033,103.846153846154,-16.0008499787505,#FFFFFF,#FFEBD2,#FFFFFF,#FFEBD2,#FFFFFF,#FFFFFF,#FFFFFF,#FFFFFF,#DCE9F5,#FFFFFF,#FFFFFF,#FFFFFF,#FFFFFF,#DCE9F5,#FFFFFF,#FFFFFF,#FFEBD2,#FFFFFF,#FFFFFF,#CBDEF0,#FFFFFF,#AECDE7,#FFFAF3,#FFE9CE,#D0E2F1,#FFEDD7,#FFECD5,"1908254,,Donald Hand Jr.","2092580,,Boden Kapke","2128760,,Fred Payne","2128761,,Jayden Hastings","2303669,,Luka Toews",2025
D. Hand Jr. / B. Kapke / F. Payne / A. Shaw / L. Toews,Boston College,101.133626327174,111.47825977102,-10.3446334438465,7.12726513937181,134,131,-32.2531901560898,2.79947937252726,96.2686567164179,120.610687022901,-24.3420303064829,#FFFFFF,#FFFFFF,#FFFFFF,#FFEBD2,#FFEBD2,#FFFFFF,#FFFFFF,#FFFFFF,#FFFFFF,#FFFFFF,#FFEBD2,#FFFFFF,#FFEBD2,#DCE9F5,#FFFFFF,#FFEBD2,#FFFFFF,#FFFFFF,#FFFFFF,#CBDEF0,#FFFFFF,#C6DCEE,#DAE8F4,#DAE8F4,#D9E7F4,#FFF2E3,#FFF7EE,"1908254,,Donald Hand Jr.","1908654,,Aidan Shaw","2092580,,Boden Kapke","2128760,,Fred Payne","2303669,,Luka Toews",2025
A. Abdullah / B. Defty / C. Gladden / S. Hughes / M. McNair,Boston University,114.664365725805,98.374170578264,16.2901951475413,7.66565714243721,552,530,104.294503691551,-0.597580330622991,117.391304347826,98.1132075471698,19.2780968006563,#FFEBD2,#DCE9F5,#FFFFFF,#FFFFFF,#FFFFFF,#FFD7A5,#FFEBD2,#FFD7A5,#FFEBD2,#FFFFFF,#FFFFFF,#FFFFFF,#DCE9F5,#CBDEF0,#FFFFFF,#FFFFFF,#FFEBD2,#FFFFFF,#FFFFFF,#CBDEF0,#FFFFFF,#FEFEFE,#FFE9CE,#FFF8EF,#F7FAFC,#FFF1E1,#EEF4FA,"2109106,,Michael McNair","2304747,,Azmar Abdullah","2304748,,Ben Defty","2482546,,Chance Gladden","2482547,,Sam Hughes",2025
A. Abdullah / B. Defty / C. Gladden / M. McNair / D. Tisinger Jr.,Boston University,111.231533617451,114.843604521564,-3.61207090411253,0.983889786586434,194,188,-1.8643342838342,-0.527195931206359,113.917525773196,114.893617021277,-0.976091248080735,#FFEBD2,#DCE9F5,#FFFFFF,#FFFFFF,#FFFFFF,#FFD7A5,#FFEBD2,#FFD7A5,#FFFFFF,#DCE9F5,#FFFFFF,#FFEBD2,#DCE9F5,#DCE9F5,#FFFFFF,#FFFFFF,#FFEBD2,#FFFFFF,#FFFFFF,#CBDEF0,#FFFFFF,#F0F5FA,#F2F7FB,#CEE0F0,#F2F7FB,#FFFDFB,#DCE9F5,"2109106,,Michael McNair","2304747,,Azmar Abdullah","2304748,,Ben Defty","2482546,,Chance Gladden","2482548,,Donte Tisinger Jr.",2025
J. Campbell / T. Glover II / J. Shackelford / J. Thomas / S. Towns,Bowling Green,109.359089815885,89.5914928406234,19.7675969752619,17.6173328260568,246,248,40.0330448465775,0.711977302212098,109.756097560976,93.5483870967742,16.2077104642014,#FFFFFF,#FFEBD2,#FFEBD2,#FFFFFF,#FFFFFF,#FFEBD2,#FFFFFF,#FFFFFF,#FFFFFF,#FFFFFF,#FFEBD2,#FFFFFF,#FFFFFF,#FFD7A5,#FFEBD2,#FFFFFF,#FFFFFF,#FFFFFF,#FFFFFF,#CBDEF0,#FFFFFF,#E8F1F8,#FFE4C3,#FFE5C5,#DFEBF5,#FFE1BB,#FFE6C7,"1609716,,Sam Towns","1905981,,Justin Thomas","2101746,,Troy Glover II","2282706,,Javontae Campbell","2293424,,Josiah Shackelford",2025
J. Campbell / T. Glover II / J. Ruffin / J. Thomas / S. Towns,Bowling Green,101.221972771351,88.2364763967036,12.9854963746473,13.5494617712348,187,194,19.7494487016925,0.523666340368565,101.604278074866,91.2371134020619,10.3671646728045,#FFFFFF,#FFEBD2,#FFEBD2,#FFFFFF,#FFEBD2,#FFEBD2,#FFFFFF,#FFFFFF,#FFFFFF,#FFFFFF,#FFEBD2,#FFFFFF,#FFFFFF,#FFD7A5,#FFEBD2,#FFFFFF,#FFFFFF,#FFFFFF,#FFFFFF,#CBDEF0,#FFFFFF,#C7DCEE,#FFEDD7,#FFE2BF,#D1E2F1,#FFE7CA,#FFE6C6,"1609716,,Sam Towns","1720266,,Javon Ruffin","1905981,,Justin Thomas","2101746,,Troy Glover II","2282706,,Javontae Campbell",2025
J. Campbell / T. Glover II / J. Ruffin / S. Towns / M. Wol,Bowling Green,119.373977993759,99.5617820731029,19.8121959206557,19.7762306635018,135,145,20.2758620689655,1.06588745999321,120,105.51724137931,14.4827586206896,#FFFFFF,#FFEBD2,#FFEBD2,#FFFFFF,#FFEBD2,#FFEBD2,#FFEBD2,#FFFFFF,#FFFFFF,#FFFFFF,#FFEBD2,#FFFFFF,#FFFFFF,#FFEBD2,#FFEBD2,#FFFFFF,#FFFFFF,#FFFFFF,#FFFFFF,#CBDEF0,#FFFFFF,#FFF4E6,#FFE4C3,#FFFAF5,#F4F8FB,#FFDDB3,#FFEED8,"1609716,,Sam Towns","1720266,,Javon Ruffin","2101746,,Troy Glover II","2106723,,Mayar Wol","2282706,,Javontae Campbell",2025
D. Burch / A. Huibregtse / J. Johnson / A. Jonovic / A. Smith,Bradley,106.191628657632,91.5929065625931,14.5987220950393,17.4651533882436,204,192,20.0183823529412,0.897685595478456,104.901960784314,94.7916666666667,10.1102941176471,#FFEBD2,#FFEBD2,#FFFFFF,#FFFFFF,#FFD7A5,#FFEBD2,#FFFFFF,#FFD7A5,#FFEBD2,#FFFFFF,#FFEBD2,#FFFFFF,#FFEBD2,#FFEBD2,#FFFFFF,#FFFFFF,#FFEBD2,#FFFFFF,#FFFFFF,#CBDEF0,#FFFFFF,#DBE9F4,#FFEBD3,#FFE9CF,#E8F1F8,#FFE1BB,#FFEBD4,"1608264,,Alex Huibregtse","1926193,,AJ Smith","1981623,,Ahmet Jonovic","2091388,,Demarion Burch","2269289,,Jaquan Johnson",2025
A. Huibregtse / J. Johnson / A. Jonovic / A. Smith / T. van der Knaap,Bradley,117.312211984481,99.4059504038681,17.9062615806126,20.9746782839572,183,173,19.1162070817145,1.43336387997483,114.207650273224,103.468208092486,10.7394421807385,#FFEBD2,#FFEBD2,#FFFFFF,#FFFFFF,#FFEBD2,#FFEBD2,#FFFFFF,#FFEBD2,#FFEBD2,#FFEBD2,#FFD7A5,#FFFFFF,#FFEBD2,#FFEBD2,#FFFFFF,#FFFFFF,#FFEBD2,#FFFFFF,#FFFFFF,#CBDEF0,#FFFFFF,#FFF9F1,#FFE7C9,#FFFAF4,#F8FBFD,#FFDBAE,#FFEED9,"1608264,,Alex Huibregtse","1926193,,AJ Smith","1981623,,Ahmet Jonovic","2269289,,Jaquan Johnson","2354190,,Timoty van der Knaap",2025
"A. Davis / K. Harvey / T. Rudovskii / A. Sims, II / T. Tabales",Bryant,96.3479021350275,102.764253225429,-6.41635109040153,-9.47772202668382,314,289,-10.9774094725938,-0.555083851739089,98.0891719745223,101.730103806228,-3.64093183170608,#FFFFFF,#DCE9F5,#FFD7A5,#FFFFFF,#DCE9F5,#FFD7A5,#FFFFFF,#DCE9F5,#FFEBD2,#FFFFFF,#FFFFFF,#FFFFFF,#CBDEF0,#FFFFFF,#FFFFFF,#FFFFFF,#FFFFFF,#FFFFFF,#FFFFFF,#CBDEF0,#FFFFFF,#B3D0E9,#E8F0F8,#FAFCFD,#C6DBEE,#CBDFF0,#E4EEF7,"1606062,,Keegan Harvey","2125074,,Aaron Davis","2481545,,Timofei Rudovskii","2481549,,Ashley Sims, II","2481550,,Ty Tabales",2025
"Q. Allen / K. Harvey / T. Rudovskii / A. Sims, II / T. Tabales",Bryant,83.7681125241279,107.871952493987,-24.1038399698586,-13.9262702448369,144,139,-38.7824240607514,0.660846714261691,81.9444444444444,109.352517985612,-27.4080735411671,#FFFFFF,#DCE9F5,#FFD7A5,#FFFFFF,#DCE9F5,#FFD7A5,#FFFFFF,#CBDEF0,#FFEBD2,#FFFFFF,#FFEBD2,#FFFFFF,#CBDEF0,#FFFFFF,#FFEBD2,#FFEBD2,#FFFFFF,#FFFFFF,#FFFFFF,#CBDEF0,#FFFFFF,#7FB0DA,#A9C9E6,#E8F0F8,#B6D1EA,#B3D0E9,#E5EEF7,"1606062,,Keegan Harvey","1933859,,Quincy Allen","2481545,,Timofei Rudovskii","2481549,,Ashley Sims, II","2481550,,Ty Tabales",2025
P. Curtin / A. Dörries / A. Pachucki / A. Spadone / J. Williams,Bucknell,102.88030200238,116.657274416534,-13.7769724141536,-7.69375184795682,363,354,-42.0735747303544,-0.408193661053628,106.060606060606,117.796610169492,-11.7360041088855,#FFFFFF,#DCE9F5,#DCE9F5,#FFFFFF,#FFFFFF,#FFD7A5,#FFFFFF,#DCE9F5,#FFEBD2,#FFFFFF,#FFFFFF,#FFFFFF,#DCE9F5,#FFEBD2,#CBDEF0,#FFFFFF,#FFFFFF,#FFFFFF,#FFFFFF,#CBDEF0,#FFFFFF,#CDE0F0,#CDE0F0,#C7DCEF,#D4E4F2,#D5E5F2,#DCE9F5,"1925904,,Achile Spadone","2313648,,Jayden Williams","2321297,,Aleksander Pachucki","2531873,,Pat Curtin","2531874,,Amon Dörries",2025
Q. Berger / P. Curtin / A. Dörries / A. Spadone / J. Williams,Bucknell,96.9442499074012,88.4614638335179,8.4827860738833,-1.72690419117492,170,162,17.4197530864198,-0.402208217322106,100,89.5061728395062,10.4938271604938,#FFFFFF,#FFFFFF,#DCE9F5,#FFFFFF,#FFFFFF,#FFEBD2,#FFFFFF,#DCE9F5,#FFD7A5,#DCE9F5,#DCE9F5,#FFFFFF,#DCE9F5,#FFEBD2,#CBDEF0,#FFFFFF,#FFFFFF,#FFFFFF,#FFFFFF,#CBDEF0,#FFFFFF,#B5D1E9,#FFF3E5,#FFE3C0,#C8DCEF,#F5F9FC,#FDFEFE,"1910904,,Quin Berger","1925904,,Achile Spadone","2313648,,Jayden Williams","2531873,,Pat Curtin","2531874,,Amon Dörries",2025
N. Batchelor / A. Brizzi / D. Freitag / T. Oboh / R. Sabol,Buffalo,106.196061174433,101.692787384232,4.50327379020075,5.90851875294345,366,360,5.66980874316936,0.5882686013917,106.284153005464,104.722222222222,1.56193078324225,#FFEBD2,#FFFFFF,#FFFFFF,#FFEBD2,#FFEBD2,#FFEBD2,#FFFFFF,#FFEBD2,#FFFFFF,#DCE9F5,#FFFFFF,#FFFFFF,#FFFFFF,#FFEBD2,#FFFFFF,#FFEBD2,#FFEBD2,#FFFFFF,#FFFFFF,#CBDEF0,#FFFFFF,#DBE9F4,#FFF9F1,#FEFEFE,#E7F0F8,#FFF4E8,#F8FAFD,"1706626,,Angelo Brizzi","1908702,,Noah Batchelor","2134479,,Ryan Sabol","2292664,,Daniel Freitag","2319448,,Tim Oboh",2025
N. Batchelor / A. Brizzi / T. Oboh / R. Sabol / D. Talton Jr,Buffalo,108.080030736625,120.0330428581,-11.9530121214752,-1.0493610539428,315,309,-54.9666204345816,1.13289888561405,107.301587301587,124.919093851133,-17.6175065495454,#FFFFFF,#FFFFFF,#DCE9F5,#FFFFFF,#FFEBD2,#FFEBD2,#FFFFFF,#FFEBD2,#FFFFFF,#DCE9F5,#FFFFFF,#FFFFFF,#FFFFFF,#FFEBD2,#FFFFFF,#FFEBD2,#FFFFFF,#FFFFFF,#FFFFFF,#CBDEF0,#FFFFFF,#E3EDF6,#D4E4F2,#BBD5EB,#E1ECF6,#F9FBFD,#E6EFF8,"1706626,,Angelo Brizzi","1908702,,Noah Batchelor","2134479,,Ryan Sabol","2319448,,Tim Oboh","2472149,,Derrick Talton Jr",2025
N. Batchelor / A. Brizzi / E. McKenna / R. Sabol / D. Talton Jr,Buffalo,124.078132544507,108.246205622797,15.8319269217098,6.30025570336255,169,144,21.6653722879684,0.397647711758131,124.260355029586,110.416666666667,13.8436883629191,#FFEBD2,#DCE9F5,#CBDEF0,#FFFFFF,#FFFFFF,#FFFFFF,#FFFFFF,#FFEBD2,#FFEBD2,#CBDEF0,#FFFFFF,#FFEBD2,#FFFFFF,#FFFFFF,#CBDEF0,#FFD7A5,#DCE9F5,#FFFFFF,#FFFFFF,#CBDEF0,#FFFFFF,#FFE9CD,#FFE9CF,#E6EFF7,#FFFCF9,#FFF4E6,#DDEAF5,"1688643,,Ezra McKenna","1706626,,Angelo Brizzi","1908702,,Noah Batchelor","2134479,,Ryan Sabol","2472149,,Derrick Talton Jr",2025
N. Batchelor / A. Brizzi / D. Freitag / E. McKenna / R. Sabol,Buffalo,134.062961241471,133.484663821727,0.578297419743886,12.2807765227313,137,121,-1.71201061712009,0.381087486603055,135.036496350365,136.363636363636,-1.32714001327139,#FFD7A5,#DCE9F5,#DCE9F5,#FFEBD2,#FFFFFF,#FFEBD2,#FFFFFF,#FFEBD2,#FFD7A5,#CBDEF0,#FFFFFF,#FFEBD2,#FFFFFF,#FFFFFF,#CBDEF0,#FFD7A5,#FFEBD2,#FFFFFF,#FFFFFF,#CBDEF0,#FFFFFF,#FFD198,#FFFEFD,#89B6DD,#FFEBD2,#FFEACF,#D4E4F2,"1688643,,Ezra McKenna","1706626,,Angelo Brizzi","1908702,,Noah Batchelor","2134479,,Ryan Sabol","2292664,,Daniel Freitag",2025
K. Davis Jr. / A. Dybantsa / K. Keita / R. Saunders / R. Wright III,BYU,120.704779873756,89.6841414387049,31.0206384350513,36.0060102313455,449,443,57.5586580663325,3.6230219441254,113.80846325167,100.902934537246,12.9055287144243,#FFD7A5,#FFD7A5,#FFFFFF,#FFD7A5,#FFD7A5,#FFD7A5,#FFD7A5,#FFD7A5,#FFEBD2,#FFD7A5,#FFEBD2,#FFEBD2,#FFEBD2,#FFEBD2,#FFEBD2,#FFD7A5,#FFD7A5,#FFFFFF,#FFFFFF,#CBDEF0,#FFFFFF,#FFF1DF,#FFD5A1,#FFE5C6,#FFEED9,#FFC174,#FFE4C3,"1890577,,Keba Keita","1906894,,Richie Saunders","2113939,,Kennard Davis Jr.","2292830,,Robert Wright III","2478373,,AJ Dybantsa",2025
P. Bandelj / A. Goode / H. Mousa / G. Vasilic / C. Ward,Cal Poly,130.793141546796,94.8354128472847,35.9577286995117,16.1560675827998,174,176,58.2533307210032,0.534022228930551,129.310344827586,96.0227272727273,33.2876175548589,#FFEBD2,#DCE9F5,#FFFFFF,#FFFFFF,#FFFFFF,#FFEBD2,#FFFFFF,#FFFFFF,#FFD7A5,#FFFFFF,#FFFFFF,#FFFFFF,#DCE9F5,#DCE9F5,#CBDEF0,#FFEBD2,#FFFFFF,#FFFFFF,#FFFFFF,#CBDEF0,#FFFFFF,#FFD9AA,#FFCF92,#FFF0DE,#FFF2E2,#FFE3C0,#EEF4FA,"2161093,,Guzman Vasilic","2305451,,Hamad Mousa","2318756,,Peter Bandelj","2318757,,Cayden Ward","2545362,,Austin Goode",2025
P. Bandelj / J. Davis / H. Mousa / G. Vasilic / C. Ward,Cal Poly,92.5,89.5833333333333,2.91666666666667,0.611272841257882,160,144,4.43333333333333,0,92.5,89.5833333333333,2.91666666666667,#FFEBD2,#FFFFFF,#FFFFFF,#FFFFFF,#FFFFFF,#FFEBD2,#FFFFFF,#FFFFFF,#FFD7A5,#FFFFFF,#FFFFFF,#FFFFFF,#DCE9F5,#FFFFFF,#CBDEF0,#FFEBD2,#FFFFFF,#FFFFFF,#FFFFFF,#CBDEF0,#FFFFFF,#A3C6E4,#FFFBF6,#FFE5C5,#D8E7F3,#FFFDFC,#F5F9FC,"2161093,,Guzman Vasilic","2305451,,Hamad Mousa","2318756,,Peter Bandelj","2318757,,Cayden Ward","2544044,,Jake Davis",2025
A. George / C. Hardy / R. Jessamy / T. Mark / D. Smith,Cal State Bakersfield,100.664300142756,116.902999322316,-16.2386991795603,-3.84682439176334,139,130,-26.8330105146652,0.742298902328124,99.2805755395683,119.230769230769,-19.9501936912009,#FFFFFF,#FFFFFF,#FFEBD2,#FFFFFF,#FFEBD2,#FFEBD2,#FFFFFF,#DCE9F5,#FFEBD2,#FFFFFF,#FFFFFF,#DCE9F5,#DCE9F5,#FFFFFF,#FFD7A5,#FFFFFF,#FFD7A5,#FFFFFF,#FFFFFF,#CBDEF0,#FFFFFF,#C4DAEE,#C5DBEE,#C6DCEE,#D2E3F2,#EAF2F8,#ECF3F9,"1597141,,Dailin Smith","1691418,,AJ George","2113979,,Tom Mark","2118548,,Ronald Jessamy","2303080,,CJ Hardy",2025
C. Bell / J. Camden / D. Dai Ames / L. Dort / J. Pippen,California,109.297052154195,103.953488372093,5.34356378210199,17.7733563089556,441,430,23.2712202710542,0,109.297052154195,103.953488372093,5.34356378210199,#FFD7A5,#FFEBD2,#FFFFFF,#FFD7A5,#FFEBD2,#FFEBD2,#FFFFFF,#FFD7A5,#FFD7A5,#FFFFFF,#FFFFFF,#FFFFFF,#FFFFFF,#FFFFFF,#FFFFFF,#FFFFFF,#FFD7A5,#FFFFFF,#FFFFFF,#CBDEF0,#FFFFFF,#E8F0F8,#FFF7EE,#F6F9FC,#F4F8FB,#FFE0BA,#FFF2E2,"1701166,,John Camden","1897592,,Lee Dort","1909608,,Chris Bell","2115343,,Dai Dai Ames","2293072,,Justin Pippen",2025
C. Bell / J. Camden / D. Dai Ames / M. Ilic / J. Pippen,California,121.296296296296,102.23642172524,19.0598745710567,25.2280761762029,324,313,60.7057005088156,0,121.296296296296,102.23642172524,19.0598745710567,#FFD7A5,#FFEBD2,#FFFFFF,#FFEBD2,#FFD7A5,#FFD7A5,#FFFFFF,#FFD7A5,#FFD7A5,#DCE9F5,#FFFFFF,#FFEBD2,#FFFFFF,#FFFFFF,#FFFFFF,#FFFFFF,#FFEBD2,#FFFFFF,#FFFFFF,#CBDEF0,#FFFFFF,#FFEFDC,#FFE5C5,#FCFDFE,#FFF4E7,#FFD49E,#FFF3E6,"1688706,,Milos Ilic","1701166,,John Camden","1909608,,Chris Bell","2115343,,Dai Dai Ames","2293072,,Justin Pippen",2025
D. Daniels Jr. / J. Griman / B. Henige / J. Jackson / M. Williams,California Baptist,106.224772519612,92.6309874557822,13.5937850638296,10.2449388263208,300,298,37.0372035794183,0.241352091065705,104.333333333333,91.9463087248322,12.3870246085011,#FFFFFF,#FFFFFF,#FFFFFF,#FFFFFF,#FFEBD2,#FFD7A5,#FFFFFF,#FFFFFF,#FFFFFF,#FFD7A5,#FFFFFF,#DCE9F5,#FFFFFF,#CBDEF0,#FFFFFF,#FFFFFF,#FFEBD2,#FFFFFF,#FFFFFF,#CBDEF0,#FFFFFF,#DBE9F4,#FFECD6,#FFECD4,#DCE9F5,#FFEDD7,#FFF3E4,"1602965,,Martel Williams","1688535,,Jayden Jackson","2090931,,Dominique Daniels Jr.","2120080,,Jonathan Griman","2282119,,Bradey Henige",2025
D. Daniels Jr. / J. Jackson / D. Malcolm / T. Ndong / M. Williams,California Baptist,99.2300969356096,87.2122062479282,12.0178906876814,10.7674075167842,173,175,21.8512964492155,-0.108065132488489,98.8439306358381,86.2857142857143,12.5582163501239,#FFFFFF,#FFEBD2,#DCE9F5,#FFFFFF,#FFFFFF,#FFD7A5,#DCE9F5,#FFFFFF,#FFFFFF,#FFEBD2,#FFEBD2,#FFFFFF,#FFFFFF,#FFFFFF,#DCE9F5,#FFFFFF,#FFD7A5,#FFFFFF,#FFFFFF,#CBDEF0,#FFFFFF,#BED7EC,#FFEFDA,#FFE0BA,#D6E5F3,#FFECD5,#FFEEDA,"1602965,,Martel Williams","1688535,,Jayden Jackson","2090931,,Dominique Daniels Jr.","2126493,,Thomas Ndong","2282117,,Devon Malcolm",2025
D. Daniels Jr. / J. Griman / J. Jackson / T. Ndong / M. Williams,California Baptist,108.696523122405,93.1595044150065,15.5370187073987,11.1283357742645,153,153,21,0.362305702264052,107.843137254902,94.1176470588235,13.7254901960784,#FFFFFF,#FFFFFF,#FFFFFF,#FFFFFF,#FFEBD2,#FFD7A5,#FFFFFF,#FFFFFF,#FFFFFF,#FFD7A5,#FFEBD2,#DCE9F5,#FFFFFF,#CBDEF0,#FFFFFF,#FFFFFF,#FFEBD2,#FFFFFF,#FFFFFF,#CBDEF0,#FFFFFF,#E5EFF7,#FFEAD0,#FFEDD6,#DFEBF5,#FFECD4,#FFF3E4,"1602965,,Martel Williams","1688535,,Jayden Jackson","2090931,,Dominique Daniels Jr.","2120080,,Jonathan Griman","2126493,,Thomas Ndong",2025
Dov. Butka / Cam. Gregory / Jer. Johnson / Mun. Newton / D.J. Smith,Campbell,107.925943613328,97.3999731556545,10.5259704576739,8.53200300994259,383,384,22.0417584584422,0.955689087183166,107.049608355091,101.302083333333,5.74752502175806,#FFEBD2,#FFFFFF,#FFFFFF,#FFFFFF,#FFEBD2,#FFD7A5,#FFEBD2,#FFFFFF,#FFFFFF,#FFEBD2,#FFFFFF,#FFFFFF,#FFFFFF,#DCE9F5,#DCE9F5,#FFFFFF,#FFEBD2,#FFFFFF,#FFFFFF,#CBDEF0,#FFFFFF,#E2EDF6,#FFF1DF,#FFF6EA,#E8F0F8,#FFF0DE,#FFFDFB,"1725962,,D.J. Smith","1946940,,Cam Gregory","2143579,,Muneer Newton","2292699,,Dovydas Butka","2302975,,Jeremiah Johnson",2025
Dov. Butka / Tas. Cook / Cam. Gregory / Jer. Johnson / D.J. Smith,Campbell,126.275955565415,111.435136532754,14.8408190326609,11.8769733167501,256,245,24.7504544005102,0.99207962285872,125.390625,115.510204081633,9.88042091836734,#FFEBD2,#DCE9F5,#DCE9F5,#FFFFFF,#FFD7A5,#FFD7A5,#FFFFFF,#FFFFFF,#FFEBD2,#DCE9F5,#CBDEF0,#FFFFFF,#FFEBD2,#FFFFFF,#CBDEF0,#FFEBD2,#FFFFFF,#FFFFFF,#FFFFFF,#CBDEF0,#FFFFFF,#FFE4C2,#FFEBD2,#DAE8F4,#FFF6EA,#FFEAD1,#E5EFF7,"1725198,,Tasos Cook","1725962,,D.J. Smith","1946940,,Cam Gregory","2292699,,Dovydas Butka","2302975,,Jeremiah Johnson",2025
Dov. Butka / Chr. Fields Jr. / Cam. Gregory / Jer. Johnson / D.J. Smith,Campbell,112.190297045852,102.609947164069,9.58034988178373,11.7058353991909,172,165,9.42246300211418,0.79767674168444,111.046511627907,105.454545454545,5.59196617336153,#FFEBD2,#FFFFFF,#FFFFFF,#FFFFFF,#FFEBD2,#FFD7A5,#FFFFFF,#FFFFFF,#FFFFFF,#FFEBD2,#FFEBD2,#FFFFFF,#DCE9F5,#FFFFFF,#DCE9F5,#FFFFFF,#FFD7A5,#FFFFFF,#FFFFFF,#CBDEF0,#FFFFFF,#F4F8FB,#FFF2E2,#FBFCFD,#F0F5FA,#FFEBD2,#FFFBF7,"1725962,,D.J. Smith","1946940,,Cam Gregory","2125285,,Chris Fields Jr.","2292699,,Dovydas Butka","2302975,,Jeremiah Johnson",2025
Dov. Butka / Tas. Cook / Chr. Fields Jr. / Cam. Gregory / D.J. Smith,Campbell,107.727818949782,89.4817962168949,18.246022732887,8.46916975751766,158,165,13.9632144227081,1.92001390599435,103.79746835443,95.1515151515152,8.64595320291522,#FFFFFF,#FFFFFF,#FFFFFF,#FFFFFF,#FFD7A5,#FFEBD2,#FFFFFF,#FFFFFF,#DCE9F5,#FFEBD2,#FFFFFF,#FFFFFF,#FFFFFF,#FFFFFF,#DCE9F5,#FFFFFF,#FFEBD2,#FFFFFF,#FFFFFF,#CBDEF0,#FFFFFF,#E1ECF6,#FFE6C8,#FFE5C5,#E0EBF6,#FFF0DE,#FFF8F1,"1725198,,Tasos Cook","1725962,,D.J. Smith","1946940,,Cam Gregory","2125285,,Chris Fields Jr.","2292699,,Dovydas Butka",2025
Tas. Cook / Cam. Gregory / Jer. Johnson / Mun. Newton / D.J. Smith,Campbell,123.86241962618,111.153380479817,12.7090391463635,10.043654519684,154,151,14.4604154124022,0.645359906334704,122.727272727273,113.245033112583,9.48223961468995,#FFEBD2,#DCE9F5,#CBDEF0,#FFFFFF,#FFD7A5,#FFEBD2,#FFFFFF,#FFFFFF,#FFEBD2,#FFFFFF,#CBDEF0,#FFFFFF,#FFEBD2,#DCE9F5,#DCE9F5,#FFFFFF,#FFFFFF,#FFFFFF,#FFFFFF,#CBDEF0,#FFFFFF,#FFE9CF,#FFEED8,#DBE9F4,#FFFBF8,#FFEDD8,#E9F1F8,"1725198,,Tasos Cook","1725962,,D.J. Smith","1946940,,Cam Gregory","2143579,,Muneer Newton","2302975,,Jeremiah Johnson",2025
J. Edwards / M. Evbagharu / B. Ndjonga / K. Singleton / M. Wilmoth,Canisius,95.4138119128387,105.341977991658,-9.92816607881879,-9.29139047305662,357,354,-36.0428357783791,0.0420931290114371,96.3585434173669,106.497175141243,-10.138631723876,#FFFFFF,#FFFFFF,#FFFFFF,#FFFFFF,#FFFFFF,#FFFFFF,#DCE9F5,#FFFFFF,#FFFFFF,#FFFFFF,#FFFFFF,#FFFFFF,#DCE9F5,#CBDEF0,#FFFFFF,#FFEBD2,#FFFFFF,#FFFFFF,#FFFFFF,#CBDEF0,#FFFFFF,#AFCDE7,#DBE9F4,#F1F6FB,#BDD5EC,#CCDFF0,#EEF4FA,"1602589,,Myles Wilmoth","2110185,,Mike Evbagharu","2118981,,Bryan Ndjonga","2119927,,Kahlil Singleton","2487835,,Javante Edwards",2025
M. Evbagharu / B. Ndjonga / M. Niblack / K. Singleton / M. Wilmoth,Canisius,92.3674663130771,89.866353459434,2.50111285364316,-3.52101534564324,159,160,12.9217570754717,-1.12006044813929,96.2264150943396,88.125,8.10141509433963,#FFFFFF,#FFFFFF,#FFFFFF,#FFFFFF,#FFFFFF,#FFFFFF,#DCE9F5,#FFFFFF,#FFFFFF,#FFFFFF,#FFEBD2,#FFEBD2,#DCE9F5,#DCE9F5,#FFFFFF,#FFFFFF,#FFFFFF,#FFFFFF,#FFFFFF,#CBDEF0,#FFFFFF,#A2C5E4,#FFFBF7,#FFE6C6,#BDD6EC,#EBF3F9,#FFFCFA,"1602589,,Myles Wilmoth","1609728,,Marcus Niblack","2110185,,Mike Evbagharu","2118981,,Bryan Ndjonga","2119927,,Kahlil Singleton",2025
J. Guy-King / C. Hunter / M. Marable / L. Moore / T. Robinson,Central Arkansas,103.626201431058,90.4420862682529,13.1841151628049,16.4160700190677,333,330,35.9735872235872,0.466470862208813,106.306306306306,95.4545454545455,10.8517608517609,#FFFFFF,#FFEBD2,#FFFFFF,#FFFFFF,#FFFFFF,#FFD7A5,#FFFFFF,#FFFFFF,#FFFFFF,#FFFFFF,#FFEBD2,#FFEBD2,#FFFFFF,#FFD7A5,#FFFFFF,#FFFFFF,#FFFFFF,#FFFFFF,#FFFFFF,#CBDEF0,#FFFFFF,#D0E2F1,#FFEDD7,#FFE7C9,#DBE8F4,#FFE3BF,#FFE6C7,"1723747,,Camren Hunter","2153817,,Javion Guy-King","2292837,,Ty Robinson","2559456,,Malchiah Marable","2559457,,Luke Moore",2025
C. Hunter / M. Marable / C. McCormick / L. Moore / T. Robinson,Central Arkansas,110.903766417163,89.744369082747,21.1593973344161,21.0209857649808,310,314,56.1048695294843,0.635413471403467,111.612903225806,93.6305732484076,17.9823299773988,#FFFFFF,#FFEBD2,#FFFFFF,#FFFFFF,#FFFFFF,#FFD7A5,#FFFFFF,#FFFFFF,#FFFFFF,#FFFFFF,#FFFFFF,#FFEBD2,#FFFFFF,#FFD7A5,#FFFFFF,#FFFFFF,#FFFFFF,#FFFFFF,#FFFFFF,#CBDEF0,#FFFFFF,#EEF4FA,#FFE2BF,#FFE5C6,#EDF3F9,#FFDBAE,#FFE7C9,"1723747,,Camren Hunter","2292837,,Ty Robinson","2292841,,Cole McCormick","2559456,,Malchiah Marable","2559457,,Luke Moore",2025
J. Guy-King / C. Hunter / C. McCormick / L. Moore / T. Robinson,Central Arkansas,113.322579360183,112.525448264495,0.797131095688792,20.1612317901041,144,143,-2.160304972805,0.460514020225563,115.277777777778,116.783216783217,-1.50543900543902,#FFEBD2,#FFEBD2,#DCE9F5,#FFFFFF,#FFFFFF,#FFD7A5,#FFFFFF,#FFFFFF,#FFFFFF,#FFFFFF,#FFFFFF,#FFEBD2,#FFFFFF,#FFD7A5,#DCE9F5,#FFEBD2,#FFEBD2,#FFFFFF,#FFFFFF,#CBDEF0,#FFFFFF,#F8FBFD,#FFFDFC,#D6E6F3,#FDFEFE,#FFDCB1,#FFF3E4,"1723747,,Camren Hunter","2153817,,Javion Guy-King","2292837,,Ty Robinson","2292841,,Cole McCormick","2559457,,Luke Moore",2025
T. Adley / N. Claerbaut / K. Garner / L. McIntire / P. Phat Brooks,Central Michigan,121.099850940121,103.613650544181,17.4862003959403,13.9877842905992,420,425,61.6707983193277,0.57791234809563,120.714285714286,106.117647058824,14.5966386554622,#FFFFFF,#FFFFFF,#FFFFFF,#FFFFFF,#DCE9F5,#FFEBD2,#FFFFFF,#FFEBD2,#FFFFFF,#FFFFFF,#FFFFFF,#FFEBD2,#DCE9F5,#FFEBD2,#FFEBD2,#FFFFFF,#FFEBD2,#FFFFFF,#FFFFFF,#CBDEF0,#FFFFFF,#FFF0DD,#FFE7CA,#F7FAFC,#FFFDFC,#FFE7C9,#FAFCFD,"1734667,,Nathan Claerbaut","1909579,,Logan McIntire","2138717,,Tamario Adley","2275923,,Keenan Garner","2293071,,Phat Phat Brooks",2025
A. Bonke / B. Bradford / A. Conyers / S. Elliott / M. Freeman,Charlotte,117.057195974091,100.943021246205,16.1141747278856,10.8238867031646,155,158,17.3178848509596,1.00968672181232,116.129032258065,105.063291139241,11.065741118824,#FFFFFF,#FFFFFF,#FFD7A5,#FFFFFF,#FFFFFF,#FFFFFF,#FFEBD2,#DCE9F5,#DCE9F5,#FFEBD2,#FFFFFF,#DCE9F5,#FFFFFF,#CBDEF0,#FFEBD2,#FFEBD2,#FFFFFF,#FFFFFF,#FFFFFF,#CBDEF0,#FFFFFF,#FFF9F3,#FFE9CE,#FFFDFB,#F0F5FA,#FFECD5,#FFFDFC,"2092466,,Arden Conyers","2096206,,Spencer Elliott","2298431,,Anton Bonke","2311533,,Major Freeman","2331204,,Ben Bradford",2025
A. Bonke / B. Bradford / A. Conyers / J. Elouna Eyenga / D. Mingo,Charlotte,105.058464641086,86.4852223801101,18.5732422609759,10.1731306901321,131,132,10.9735426786954,2.04566857710843,101.526717557252,93.1818181818182,8.34489937543373,#FFEBD2,#FFFFFF,#FFD7A5,#FFFFFF,#FFFFFF,#FFEBD2,#FFEBD2,#FFFFFF,#FFFFFF,#FFEBD2,#FFFFFF,#FFFFFF,#DCE9F5,#CBDEF0,#FFFFFF,#FFFFFF,#FFEBD2,#FFFFFF,#FFFFFF,#CBDEF0,#FFFFFF,#D6E6F3,#FFE6C7,#FFDFB6,#E7F0F8,#FFEDD7,#FFFAF4,"2092466,,Arden Conyers","2298431,,Anton Bonke","2322313,,Dezayne Mingo","2331204,,Ben Bradford","2540444,,Jarne Elouna Eyenga",2025
B. Bush / S. Byard / D. Cockrill III / C. Ray / M. Tankersley,Chicago State,115.976308725882,105.142823822794,10.8334849030885,-2.95403358570536,168,130,15.9233516483517,0.0293343432550549,116.071428571429,105.384615384615,10.6868131868132,#FFEBD2,#CBDEF0,#DCE9F5,#FFFFFF,#FFFFFF,#FFD7A5,#DCE9F5,#FFFFFF,#FFD7A5,#DCE9F5,#DCE9F5,#FFEBD2,#FFFFFF,#FFFFFF,#CBDEF0,#FFD7A5,#FFD7A5,#FFFFFF,#FFFFFF,#CBDEF0,#CBDEF0,#FFFCF9,#FFF0DE,#F2F7FB,#F9FBFD,#EEF5FA,#C7DCEE,"1611648,,Braelon Bush","1924949,,Marcus Tankersley","1956903,,CJ Ray","2118838,,Stephen Byard","2569040,,Doyel Cockrill III",2025
D. Cox / C. Ray / M. Robinson / C. Sands / M. Tankersley,Chicago State,86.475323368672,106.952300411224,-20.476977042552,-20.816672656112,125,125,-25,-0.0953954085104,87.2,107.2,-20,#DCE9F5,#DCE9F5,#DCE9F5,#FFFFFF,#FFFFFF,#FFFFFF,#CBDEF0,#FFFFFF,#FFEBD2,#FFFFFF,#DCE9F5,#DCE9F5,#FFEBD2,#FFFFFF,#CBDEF0,#FFFFFF,#DCE9F5,#FFFFFF,#FFFFFF,#CBDEF0,#FFFFFF,#8AB6DD,#B6D1E9,#EBF2F9,#A6C7E5,#8DB9DE,#DDEAF5,"1924949,,Marcus Tankersley","1956903,,CJ Ray","2150136,,Dailliss Cox","2569044,,Malek Robinson","2569045,,Corey Sands",2025
J. Celestine / D. Day Thomas / J. James / B. Miller / M. Thiam,Cincinnati,116.363814633742,93.1459946592183,23.2178199745238,31.6105876981916,352,338,6.9477877891339,4.2407936882883,108.522727272727,106.508875739645,2.01385153308229,#FFEBD2,#FFD7A5,#FFD7A5,#FFEBD2,#FFD7A5,#FFD7A5,#FFEBD2,#FFEBD2,#FFFFFF,#FFFFFF,#FFEBD2,#FFEBD2,#FFFFFF,#FFFFFF,#FFD7A5,#FFEBD2,#FFEBD2,#FFFFFF,#FFFFFF,#CBDEF0,#FFFFFF,#FFFBF6,#FFE0B9,#FFEDD6,#FFFCF9,#FFC985,#FFDFB7,"1605348,,Jalen Celestine","1909085,,Baba Miller","2117907,,Day Day Thomas","2117908,,Jizzle James","2266075,,Moustapha Thiam",2025
S. Abaev / D. Day Thomas / K. Kriisa / B. Miller / M. Thiam,Cincinnati,108.517493699082,78.978372032174,29.539121666908,29.3481670780281,157,149,32.4404736459625,1.6672395430597,105.095541401274,83.8926174496644,21.2029239516095,#FFEBD2,#FFD7A5,#FFD7A5,#FFD7A5,#FFEBD2,#FFD7A5,#FFD7A5,#FFFFFF,#DCE9F5,#FFFFFF,#FFD7A5,#FFD7A5,#FFFFFF,#FFFFFF,#FFD7A5,#FFD7A5,#FFEBD2,#FFFFFF,#FFFFFF,#CBDEF0,#FFFFFF,#E5EEF7,#FFD7A6,#FFCF93,#F4F8FB,#FFCD8E,#FFDAAD,"1589695,,Kerr Kriisa","1909085,,Baba Miller","2117907,,Day Day Thomas","2266075,,Moustapha Thiam","2492962,,Shon Abaev",2025
D. Day Thomas / S. Harris / J. James / B. Miller / M. Thiam,Cincinnati,106.954513115664,76.7466094129359,30.2079037027277,32.2249574857526,132,146,14.0788709007887,4.01584392028817,98.4848484848485,88.3561643835616,10.1286841012868,#FFEBD2,#FFD7A5,#FFEBD2,#FFD7A5,#FFD7A5,#FFD7A5,#FFEBD2,#FFFFFF,#DCE9F5,#FFFFFF,#FFD7A5,#FFD7A5,#FFFFFF,#FFEBD2,#FFD7A5,#FFEBD2,#FFEBD2,#FFFFFF,#FFFFFF,#CBDEF0,#FFFFFF,#DEEAF5,#FFD6A4,#FFCA88,#EFF5FA,#FFC883,#FFD199,"1909085,,Baba Miller","1909620,,Sencire Harris","2117907,,Day Day Thomas","2117908,,Jizzle James","2266075,,Moustapha Thiam",2025
R. Godfrey / D. Hunter / J. Porter / J. Wahlin / C. Welling,Clemson,122.247187565413,87.0404807965124,35.2067067689005,35.4105539081124,201,201,32,3.85726175179005,114.427860696517,98.5074626865672,15.9203980099502,#FFEBD2,#FFD7A5,#FFEBD2,#FFEBD2,#FFD7A5,#FFFFFF,#FFEBD2,#FFFFFF,#FFFFFF,#FFFFFF,#FFD7A5,#FFFFFF,#FFEBD2,#FFFFFF,#FFEBD2,#FFFFFF,#FFEBD2,#FFFFFF,#FFFFFF,#CBDEF0,#FFFFFF,#FFEDD7,#FFD095,#FFE0B9,#FFFAF5,#FFC276,#FFD9AA,"1908595,,Jestin Porter","1925543,,Dillon Hunter","1925548,,RJ Godfrey","2102043,,Jake Wahlin","2111157,,Carter Welling",2025
N. Davidson / R. Godfrey / D. Hunter / J. Porter / J. Wahlin,Clemson,136.460995522439,81.3205189958462,55.1404765265932,40.0482897703872,130,128,62.7944711538462,1.29251838224171,134.615384615385,85.9375,48.6778846153846,#FFEBD2,#FFD7A5,#FFEBD2,#FFEBD2,#FFD7A5,#FFFFFF,#FFD7A5,#FFFFFF,#FFFFFF,#FFFFFF,#FFEBD2,#FFFFFF,#FFEBD2,#FFFFFF,#FFEBD2,#FFFFFF,#FFFFFF,#FFFFFF,#FFFFFF,#CBDEF0,#FFFFFF,#FFCC8C,#FFB559,#FFD49E,#FFEFDB,#FFBA65,#FFDBAF,"1725335,,Nick Davidson","1908595,,Jestin Porter","1925543,,Dillon Hunter","1925548,,RJ Godfrey","2102043,,Jake Wahlin",2025
J. Beadle / A. Dancler / R. Hill / R. Jones / N. Peat,Coastal Carolina,92.0628826371888,93.361046232592,-1.29816359540323,-1.55372731170534,587,583,-17.7608913538327,0.347577241734149,92.5042589437819,95.5403087478559,-3.03604980407397,#FFFFFF,#FFFFFF,#FFFFFF,#FFFFFF,#FFFFFF,#FFEBD2,#DCE9F5,#FFFFFF,#FFEBD2,#DCE9F5,#FFEBD2,#FFFFFF,#FFFFFF,#CBDEF0,#FFFFFF,#FFEBD2,#FFFFFF,#FFFFFF,#FFFFFF,#CBDEF0,#FFFFFF,#A1C5E3,#FAFCFD,#FFEDD7,#B7D2EA,#F6F9FC,#FFF5E8,"1683871,,Joshua Beadle","1926207,,Reggie Hill","1946868,,RaSheed Jones","1949755,,Nadjrick Peat","2110381,,AJ Dancler",2025
J. Beadle / A. Dancler / R. Jones / N. Peat / T. Thompson,Coastal Carolina,96.7728933989644,107.72495265199,-10.9520592530253,-0.927321427204841,198,207,-22.6333992094862,0.0449856021836934,98.4848484848485,109.661835748792,-11.1769872639438,#FFFFFF,#FFFFFF,#FFFFFF,#FFFFFF,#FFFFFF,#FFEBD2,#DCE9F5,#FFFFFF,#FFEBD2,#DCE9F5,#FFFFFF,#FFFFFF,#FFFFFF,#CBDEF0,#FFFFFF,#FFEBD2,#FFFFFF,#FFFFFF,#FFFFFF,#CBDEF0,#FFFFFF,#B4D1E9,#D7E6F3,#E8F1F8,#C9DDEF,#F9FBFD,#FFFEFE,"1683871,,Joshua Beadle","1946868,,RaSheed Jones","1949755,,Nadjrick Peat","2110381,,AJ Dancler","2533923,,Tristan Thompson",2025
J. Ahayere / A. Alekseyenko / J. Cox / B. Tweedy / S. Wright,Colgate,111.188148581421,103.298050445935,7.89009813548574,7.40603862032627,511,498,40.8214442898797,-0.0402735062974895,113.111545988258,105.020080321285,8.09146566697319,#FFEBD2,#FFFFFF,#FFFFFF,#FFFFFF,#FFFFFF,#FFD7A5,#FFEBD2,#FFFFFF,#FFEBD2,#FFFFFF,#FFEBD2,#FFEBD2,#FFFFFF,#FFFFFF,#CBDEF0,#FFFFFF,#FFEBD2,#FFFFFF,#FFFFFF,#CBDEF0,#FFFFFF,#EFF5FA,#FFF4E7,#F8FBFD,#EEF4FA,#FFF2E2,#F7FAFC,"2122310,,Jalen Cox","2122313,,Sam Wright","2303000,,Ben Tweedy","2334045,,Josh Ahayere","2474939,,Andrew Alekseyenko",2025
A. Alekseyenko / K. Carlesimo / J. Cox / B. Tweedy / S. Wright,Colgate,110.753490415763,111.268624466839,-0.515134051075139,3.77439198097231,183,145,-0.877633314490316,0.00400164277159602,112.568306010929,113.103448275862,-0.535142264933119,#FFEBD2,#DCE9F5,#FFFFFF,#FFFFFF,#FFFFFF,#FFD7A5,#FFEBD2,#FFFFFF,#FFEBD2,#FFFFFF,#FFFFFF,#FFEBD2,#FFFFFF,#FFFFFF,#CBDEF0,#FFEBD2,#FFEBD2,#FFFFFF,#FFFFFF,#CBDEF0,#FFFFFF,#EEF4FA,#FDFDFE,#DBE9F4,#F0F6FA,#FFF8F0,#E7F0F8,"1936959,,Kyle Carlesimo","2122310,,Jalen Cox","2122313,,Sam Wright","2303000,,Ben Tweedy","2474939,,Andrew Alekseyenko",2025
J. Ahayere / A. Alekseyenko / K. Carlesimo / J. Cox / S. Wright,Colgate,105.540979653625,110.868454197155,-5.3274745435303,4.31503496837298,143,123,-6.91881289442266,-0.0250719170635557,106.993006993007,112.19512195122,-5.20211495821252,#FFFFFF,#FFFFFF,#FFFFFF,#FFFFFF,#FFFFFF,#FFEBD2,#FFEBD2,#FFFFFF,#FFEBD2,#DCE9F5,#FFEBD2,#FFFFFF,#FFFFFF,#FFFFFF,#CBDEF0,#FFFFFF,#FFEBD2,#FFFFFF,#FFFFFF,#CBDEF0,#FFFFFF,#D8E7F3,#ECF3F9,#DDE9F5,#E5EFF7,#FFF7EE,#F5F8FC,"1936959,,Kyle Carlesimo","2122310,,Jalen Cox","2122313,,Sam Wright","2334045,,Josh Ahayere","2474939,,Andrew Alekseyenko",2025
A. Alekseyenko / J. Cox / B. Cummins / B. Tweedy / S. Wright,Colgate,100.115729703735,113.779519589405,-13.6637898856698,-2.93057791127613,136,137,-35.9052436668098,2.52808358576857,96.3235294117647,122.627737226277,-26.3042078145127,#FFFFFF,#DCE9F5,#FFEBD2,#FFFFFF,#FFFFFF,#FFD7A5,#FFEBD2,#FFFFFF,#FFFFFF,#FFFFFF,#FFFFFF,#FFEBD2,#FFFFFF,#DCE9F5,#CBDEF0,#FFFFFF,#FFEBD2,#FFFFFF,#FFFFFF,#CBDEF0,#FFFFFF,#C2D9ED,#CEE0F0,#D2E3F2,#DEEAF5,#EFF5FA,#E2EDF6,"1916996,,Brady Cummins","2122310,,Jalen Cox","2122313,,Sam Wright","2303000,,Ben Tweedy","2474939,,Andrew Alekseyenko",2025
B. Dak / B. Hargress / F. Kossaras / E. Malone / S. Rancik,Colorado,120.4894337138,88.6640861267486,31.8253475870512,21.2176100596214,184,190,40.3954233409611,2.04470338468713,117.391304347826,95.7894736842105,21.6018306636156,#FFFFFF,#FFEBD2,#FFD7A5,#FFEBD2,#FFEBD2,#FFFFFF,#FFEBD2,#FFFFFF,#FFEBD2,#FFFFFF,#FFEBD2,#FFFFFF,#FFFFFF,#FFFFFF,#FFEBD2,#FFFFFF,#FFEBD2,#FFFFFF,#FFFFFF,#CBDEF0,#FFFFFF,#FFF1E1,#FFD49F,#FFE3C1,#FAFCFD,#FFDAAD,#FFEEDA,"1945363,,Barrington Hargress","2139331,,Bangot Dak","2317067,,Sebastian Rancik","2317068,,Felix Kossaras","2317075,,Elijah Malone",2025
C. Booth / K. Jorgensen / J. Muniz / J. Pascarelli / B. Rechsteiner,Colorado State,124.657235075311,99.1444746972424,25.5127603780688,23.0275974958267,257,259,51.2914682331025,1.12646926684612,124.513618677043,104.633204633205,19.8804140438382,#FFD7A5,#FFFFFF,#FFFFFF,#FFEBD2,#FFEBD2,#FFEBD2,#FFEBD2,#FFEBD2,#FFD7A5,#DCE9F5,#FFFFFF,#FFD7A5,#FFFFFF,#CBDEF0,#FFFFFF,#FFD7A5,#FFFFFF,#FFFFFF,#FFFFFF,#CBDEF0,#FFFFFF,#FFE7CA,#FFDDB2,#FFF9F3,#FFEFDB,#FFD7A6,#FFFDFC,"1945196,,Jevin Muniz","2092614,,Carey Booth","2099468,,Brandon Rechsteiner","2119119,,Josh Pascarelli","2321363,,Kyle Jorgensen",2025
C. Booth / J. Butler / K. Jorgensen / J. Muniz / B. Rechsteiner,Colorado State,116.010892237887,103.251687882516,12.7592043553712,19.0001768315684,243,227,6.30517938398505,2.01522985967126,111.934156378601,109.251101321586,2.68305505701492,#FFD7A5,#FFFFFF,#FFEBD2,#FFEBD2,#FFEBD2,#FFEBD2,#FFEBD2,#FFEBD2,#FFD7A5,#FFFFFF,#FFFFFF,#FFD7A5,#FFFFFF,#DCE9F5,#FFFFFF,#FFD7A5,#FFFFFF,#FFFFFF,#FFFFFF,#CBDEF0,#FFFFFF,#FFFCF8,#FFEED8,#F9FBFD,#FFF7EE,#FFDEB5,#FFFDFB,"1945196,,Jevin Muniz","2092614,,Carey Booth","2099468,,Brandon Rechsteiner","2319829,,Jase Butler","2321363,,Kyle Jorgensen",2025
Sol. Ball / Sil. Demary Jr. / Ale. Karaban / Bra. Mullins / Tar. Reed Jr.,Connecticut,124.660838804763,90.6453229696398,34.0155158351231,42.4473312350926,493,476,75.3916256157635,3.69096175873716,117.241379310345,101.680672268908,15.5607070414373,#FFD7A5,#FFD7A5,#FFEBD2,#FFD7A5,#FFD7A5,#FFD7A5,#FFD7A5,#FFD7A5,#FFEBD2,#FFEBD2,#FFD7A5,#FFD7A5,#FFFFFF,#FFEBD2,#FFD7A5,#FFFFFF,#FFD7A5,#FFFFFF,#FFFFFF,#CBDEF0,#FFFFFF,#FFE7CA,#FFD198,#FFE7CA,#FFEAD0,#FFB65B,#FFDBAF,"1909391,,Tarris Reed Jr.","1912263,,Alex Karaban","2098959,,Silas Demary Jr.","2106195,,Solo Ball","2488800,,Braylon Mullins",2025
Sol. Ball / Sil. Demary Jr. / Ale. Karaban / Tar. Reed Jr. / Jay. Stewart,Connecticut,130.542402786127,78.4566923967612,52.0857103893657,47.6283895568397,134,134,44,3.84997789876866,123.880597014925,91.044776119403,32.8358208955224,#FFD7A5,#FFD7A5,#FFEBD2,#FFD7A5,#FFD7A5,#FFD7A5,#FFD7A5,#FFD7A5,#FFFFFF,#FFD7A5,#FFD7A5,#FFD7A5,#FFFFFF,#FFFFFF,#FFD7A5,#FFFFFF,#FFD7A5,#FFFFFF,#FFFFFF,#CBDEF0,#FFFFFF,#FFDAAB,#FFB962,#FFCE90,#FFE5C4,#FFAE47,#FFD6A4,"1909391,,Tarris Reed Jr.","1912263,,Alex Karaban","2098959,,Silas Demary Jr.","2106195,,Solo Ball","2106198,,Jaylin Stewart",2025
J. Bennett / J. Derkack / K. Jones / A. L'Etang / D. Montgomery,Dayton,110.297330377558,81.4925086859031,28.8048216916552,31.6381158905264,328,325,61.0518245778611,2.02118947904399,107.621951219512,88.9230769230769,18.6988742964353,#FFEBD2,#FFD7A5,#FFFFFF,#FFFFFF,#FFD7A5,#FFD7A5,#FFEBD2,#FFFFFF,#FFFFFF,#FFFFFF,#FFEBD2,#FFD7A5,#DCE9F5,#FFD7A5,#FFD7A5,#FFEBD2,#FFD7A5,#FFFFFF,#FFFFFF,#CBDEF0,#FFFFFF,#ECF3F9,#FFD8A8,#FFD49F,#F2F7FB,#FFC985,#FFD5A0,"1949309,,Javon Bennett","1949311,,Jordan Derkack","2118540,,De'Shayne Montgomery","2118980,,Keonte Jones","2305453,,Amael L'Etang",2025
J. Bennett / K. Jones / A. L'Etang / D. Montgomery / J. Simon,Dayton,105.363108883275,82.4003803998051,22.9627284834701,29.5490550321099,183,187,16.8614301160106,2.76968838685503,101.092896174863,91.9786096256685,9.11428654919494,#FFEBD2,#FFD7A5,#FFFFFF,#FFFFFF,#FFEBD2,#FFD7A5,#FFEBD2,#FFFFFF,#FFEBD2,#FFEBD2,#FFEBD2,#FFEBD2,#FFFFFF,#FFD7A5,#FFD7A5,#FFFFFF,#FFEBD2,#FFFFFF,#FFFFFF,#CBDEF0,#FFFFFF,#D8E6F3,#FFE0B9,#FFD6A3,#ECF3F9,#FFCC8D,#FFD5A1,"1949309,,Javon Bennett","2118540,,De'Shayne Montgomery","2118980,,Keonte Jones","2119734,,Jaiun Simon","2305453,,Amael L'Etang",2025
C. Bliss / M. Emory / J. Fernandez / T. Houser / A. Kazanecki,Delaware,114.893508361189,114.067421195396,0.826087165792907,3.412881837044,644,631,-8.98916980834903,0.44723060361659,114.596273291925,116.006339144216,-1.41006585229004,#FFFFFF,#DCE9F5,#FFEBD2,#FFFFFF,#FFFFFF,#FFD7A5,#FFFFFF,#FFEBD2,#FFD7A5,#CBDEF0,#FFFFFF,#FFFFFF,#FFFFFF,#DCE9F5,#FFFFFF,#FFD7A5,#FFFFFF,#FFFFFF,#FFFFFF,#CBDEF0,#FFFFFF,#FFFEFE,#FFFDFC,#D1E2F1,#F6F9FC,#FFF9F1,#E0EBF6,"1793555,,Justyn Fernandez","1909448,,Tyler Houser","2097929,,Christian Bliss","2327275,,Macon Emory","2507044,,Alex Kazanecki",2025
C. Bliss / H. Emory / M. Emory / J. Fernandez / A. Kazanecki,Delaware,97.4071865122244,107.475306256447,-10.0681197442228,-5.99557573990903,258,254,-37.1350790453519,0.887554101573558,96.1240310077519,110.629921259843,-14.5058902520906,#FFFFFF,#FFFFFF,#FFEBD2,#FFFFFF,#FFFFFF,#FFEBD2,#FFFFFF,#FFEBD2,#FFEBD2,#CBDEF0,#FFFFFF,#FFFFFF,#DCE9F5,#FFFFFF,#FFFFFF,#FFFFFF,#DCE9F5,#FFFFFF,#FFFFFF,#CBDEF0,#FFFFFF,#B7D2EA,#DBE8F4,#E9F1F8,#C4DAEE,#DEEAF5,#F2F7FB,"1793555,,Justyn Fernandez","1909590,,Houston Emory","2097929,,Christian Bliss","2327275,,Macon Emory","2507044,,Alex Kazanecki",2025
C. Bliss / M. Emory / J. Fernandez / T. Houser / J. Taylor,Delaware,93.4758127325638,104.356533162988,-10.8807204304239,-4.74027842396381,243,243,-39,1.0337324571251,93.0041152263374,109.053497942387,-16.0493827160494,#FFFFFF,#FFFFFF,#FFEBD2,#FFFFFF,#FFFFFF,#FFD7A5,#FFFFFF,#FFEBD2,#FFD7A5,#FFFFFF,#FFFFFF,#FFFFFF,#FFFFFF,#DCE9F5,#FFFFFF,#FFEBD2,#FFFFFF,#FFFFFF,#FFFFFF,#CBDEF0,#FFFFFF,#A7C8E5,#D8E7F3,#F4F8FC,#C9DDEF,#E5EFF7,#F2F7FB,"1793555,,Justyn Fernandez","1909448,,Tyler Houser","2097929,,Christian Bliss","2327275,,Macon Emory","2507042,,Jayden Taylor",2025
C. Bliss / M. Emory / J. Fernandez / A. Kazanecki / J. Taylor,Delaware,107.066514261462,123.745690709857,-16.679176448395,-5.8833393121978,136,140,-29.3394957983193,0.916265550657143,105.882352941176,127.142857142857,-21.2605042016807,#FFFFFF,#DCE9F5,#FFEBD2,#FFFFFF,#DCE9F5,#FFEBD2,#FFFFFF,#FFEBD2,#FFD7A5,#CBDEF0,#FFFFFF,#FFFFFF,#FFFFFF,#DCE9F5,#FFFFFF,#FFD7A5,#DCE9F5,#FFFFFF,#FFFFFF,#CBDEF0,#FFFFFF,#DFEBF5,#C3DAED,#ADCCE7,#D8E6F3,#DFEBF5,#DFEBF5,"1793555,,Justyn Fernandez","2097929,,Christian Bliss","2327275,,Macon Emory","2507042,,Jayden Taylor","2507044,,Alex Kazanecki",2025
J. Burke / C. Johnson / L. Kinsey / Z. Nelson / G. Oldham,Denver,121.659242232725,109.647678191165,12.0115640415592,8.21083922699337,530,529,48.8215732781682,0.558249606114734,122.452830188679,113.232514177694,9.2203160109855,#FFEBD2,#DCE9F5,#FFFFFF,#FFFFFF,#DCE9F5,#FFD7A5,#FFFFFF,#FFD7A5,#FFEBD2,#FFEBD2,#FFFFFF,#FFFFFF,#FFEBD2,#CBDEF0,#DCE9F5,#FFFFFF,#FFEBD2,#FFFFFF,#FFFFFF,#CBDEF0,#FFFFFF,#FFEEDA,#FFEFDA,#E1ECF6,#FFF7EE,#FFF1DF,#DBE8F4,"1913271,,Logan Kinsey","2119875,,Jeremiah Burke","2161800,,Zane Nelson","2298133,,Carson Johnson","2493724,,Gabe Oldham",2025
J. Burke / C. Johnson / L. Kinsey / J. Rollins / S. Wysocki,Denver,99.7196626943723,140.085251648545,-40.3655889541732,-23.0552805992193,150,154,-70.1042424242424,1.15112463340779,99.3333333333333,145.454545454545,-46.1212121212121,#FFFFFF,#CBDEF0,#FFFFFF,#FFFFFF,#FFFFFF,#FFEBD2,#FFFFFF,#FFEBD2,#FFEBD2,#FFFFFF,#DCE9F5,#DCE9F5,#FFEBD2,#CBDEF0,#DCE9F5,#FFFFFF,#FFEBD2,#FFFFFF,#FFFFFF,#CBDEF0,#FFFFFF,#C0D8ED,#6FA6D5,#71A7D6,#DBE8F4,#81B1DA,#A0C3E3,"1710146,,Julius Rollins","1913271,,Logan Kinsey","2119875,,Jeremiah Burke","2298131,,Shaun Wysocki","2298133,,Carson Johnson",2025
N. Benson / L. Blocker / C. Gunn / B. Maclin / R. Smith,DePaul,124.044335390527,89.4273190315968,34.6170163589303,30.7095137929311,219,221,43.169073741193,2.99894202258671,118.264840182648,98.6425339366516,19.6223062459968,#FFEBD2,#FFD7A5,#FFFFFF,#FFEBD2,#FFD7A5,#FFEBD2,#FFFFFF,#FFFFFF,#FFFFFF,#FFFFFF,#FFFFFF,#FFD7A5,#DCE9F5,#FFEBD2,#FFEBD2,#FFFFFF,#FFEBD2,#FFFFFF,#FFFFFF,#CBDEF0,#FFFFFF,#FFE9CE,#FFD096,#FFE5C4,#FFF9F2,#FFCA88,#FFE3C2,"1909613,,N.J. Benson","1916394,,CJ Gunn","1933860,,RJ Smith","2106196,,Layden Blocker","2327059,,Brandon Maclin",2025
N. Benson / L. Blocker / C. Gunn / T. Pierre-Justin / R. Smith,DePaul,118.967628673632,90.5182708540625,28.4493578195695,23.0312092811066,128,125,15.78878125,3.1936215639139,113.28125,100.8,12.48125,#FFFFFF,#FFEBD2,#FFEBD2,#FFEBD2,#FFEBD2,#FFFFFF,#FFEBD2,#FFFFFF,#DCE9F5,#FFFFFF,#FFFFFF,#FFEBD2,#FFFFFF,#FFFFFF,#FFEBD2,#FFFFFF,#FFFFFF,#FFFFFF,#FFFFFF,#CBDEF0,#FFFFFF,#FFF5E9,#FFD9A9,#FFE7CA,#F6F9FC,#FFD7A6,#FFE9CD,"1909613,,N.J. Benson","1916394,,CJ Gunn","1933860,,RJ Smith","2106196,,Layden Blocker","2305475,,Théo Pierre-Justin",2025
L. Geeter / R. Kalambay / O. Lovejoy / T. Nadeau / T. Spratt,Detroit,110.877388390685,95.6937022551537,15.1836861355315,13.1184939216069,290,295,27.3353302162478,1.16765481915773,111.379310344828,102.033898305085,9.34541203974284,#FFEBD2,#FFFFFF,#FFEBD2,#FFFFFF,#FFEBD2,#FFEBD2,#DCE9F5,#FFD7A5,#FFD7A5,#FFEBD2,#FFFFFF,#FFFFFF,#FFEBD2,#FFFFFF,#FFFFFF,#FFFFFF,#FFFFFF,#FFFFFF,#FFFFFF,#CBDEF0,#FFFFFF,#EEF4FA,#FFEAD1,#FFF2E2,#EDF3F9,#FFE8CC,#FFF7ED,"1687604,,Legend Geeter","1930434,,Orlando Lovejoy","2301672,,Tyler Spratt","2319571,,Ryan Kalambay","2319572,,TJ Nadeau",2025
A. Alia / O. Federiko / O. Larson / J. Quinn / E. Shetlar,Drake,113.964933140415,112.457663800676,1.50726933973895,7.04614593469455,380,380,-24,1.56461176268463,110.526315789474,116.842105263158,-6.31578947368421,#FFEBD2,#FFFFFF,#DCE9F5,#FFFFFF,#FFFFFF,#FFEBD2,#FFFFFF,#FFEBD2,#FFFFFF,#DCE9F5,#FFFFFF,#FFFFFF,#FFFFFF,#FFFFFF,#FFFFFF,#FFFFFF,#FFFFFF,#FFFFFF,#FFFFFF,#CBDEF0,#FFFFFF,#FBFCFD,#FFFCFA,#D7E6F3,#F4F8FC,#FFF3E3,#EFF5FA,"1890379,,Jalen Quinn","1925553,,Andrew Alia","2133593,,Eli Shetlar","2307458,,Owen Larson","2399970,,Okku Federiko",2025
Cam. Boozer / Isa. Evans / Cal. Foster / Pat. Ngongba / Dam. Sarr,Duke,132.604800529464,74.4758667103118,58.1289338191518,55.5051096136232,332,340,136.447909284196,3.50388740167587,125.903614457831,85.2941176470588,40.6094968107725,#FFD7A5,#FFD7A5,#FFD7A5,#FFD7A5,#FFFFFF,#FFD7A5,#FFD7A5,#FFEBD2,#FFFFFF,#FFD7A5,#FFD7A5,#FFEBD2,#FFFFFF,#FFFFFF,#FFEBD2,#FFEBD2,#FFD7A5,#FFFFFF,#FFFFFF,#CBDEF0,#FFFFFF,#FFD5A0,#FFB150,#FFC57D,#FFDFB7,#FFA029,#FFCC8E,"2138832,,Caleb Foster","2319985,,Isaiah Evans","2319989,,Patrick Ngongba","2561473,,Cameron Boozer","2561477,,Dame Sarr",2025
Cam. Boozer / Mal. Brown / Isa. Evans / Cal. Foster / Dam. Sarr,Duke,129.350819393326,86.9529037427866,42.3979156505395,49.6782316225324,180,185,37.5686936936937,4.36246601299078,121.666666666667,101.081081081081,20.5855855855856,#FFD7A5,#FFD7A5,#FFD7A5,#FFD7A5,#FFFFFF,#FFD7A5,#FFD7A5,#FFEBD2,#FFFFFF,#FFEBD2,#FFD7A5,#FFEBD2,#FFFFFF,#FFD7A5,#FFFFFF,#FFEBD2,#FFEBD2,#CBDEF0,#FFFFFF,#CBDEF0,#FFFFFF,#FFDCB1,#FFC67F,#FFE0B9,#FFE5C6,#FFAA40,#FFD299,"1909609,,Maliq Brown","2138832,,Caleb Foster","2319985,,Isaiah Evans","2561473,,Cameron Boozer","2561477,,Dame Sarr",2025
Cam. Boozer / Cay. Boozer / Mal. Brown / Isa. Evans / Dam. Sarr,Duke,119.382867512937,83.9893717751581,35.3934957377792,47.4271279667348,132,131,20.9584779088596,3.89109794468746,112.121212121212,96.1832061068702,15.9380060143419,#FFD7A5,#FFD7A5,#FFD7A5,#FFD7A5,#FFFFFF,#FFD7A5,#FFD7A5,#FFEBD2,#FFEBD2,#FFEBD2,#FFEBD2,#FFEBD2,#FFFFFF,#FFD7A5,#FFFFFF,#FFEBD2,#FFD7A5,#FFFFFF,#FFFFFF,#CBDEF0,#FFFFFF,#FFF4E6,#FFCF94,#FFD9AA,#FFECD4,#FFAE48,#FFCF95,"1909609,,Maliq Brown","2319985,,Isaiah Evans","2561473,,Cameron Boozer","2561474,,Cayden Boozer","2561477,,Dame Sarr",2025
D. Dixon / T. Guinyard / B. Hall / J. Necas / J. Williams,Duquesne,111.702616117615,88.5985253446847,23.1040907729306,22.0762108850582,237,232,29.9181125418303,2.06916676509099,108.016877637131,95.2586206896552,12.7582569474756,#FFFFFF,#FFEBD2,#FFFFFF,#FFFFFF,#FFFFFF,#FFEBD2,#FFEBD2,#FFFFFF,#FFFFFF,#FFFFFF,#FFFFFF,#FFEBD2,#FFFFFF,#FFD7A5,#FFEBD2,#DCE9F5,#FFFFFF,#FFFFFF,#FFFFFF,#CBDEF0,#FFFFFF,#F2F7FB,#FFE0B9,#FFE3C0,#ECF3F9,#FFD9AA,#FFE4C4,"1707266,,Brandon Hall","1894262,,David Dixon","2112624,,Jakub Necas","2281730,,Jimmie Williams","2311786,,Tarence Guinyard",2025
C. Crawford / D. Dixon / T. Guinyard / J. Necas / J. Williams,Duquesne,123.506708986872,90.1279124059019,33.3787965809704,29.2331490483829,214,223,56.6418737689116,1.49114844489783,120.093457943925,94.170403587444,25.9230543564813,#FFEBD2,#FFEBD2,#FFFFFF,#FFFFFF,#FFEBD2,#FFEBD2,#FFEBD2,#FFFFFF,#FFFFFF,#FFEBD2,#FFFFFF,#FFEBD2,#FFFFFF,#FFD7A5,#FFEBD2,#DCE9F5,#FFFFFF,#FFFFFF,#FFFFFF,#CBDEF0,#FFFFFF,#FFEAD0,#FFD29A,#FFE6C8,#FFFBF7,#FFCD8E,#FFE4C4,"1730406,,Cameron Crawford","1894262,,David Dixon","2112624,,Jakub Necas","2281730,,Jimmie Williams","2311786,,Tarence Guinyard",2025
C. Crawford / T. Guinyard / J. Hugley IV / J. Necas / J. Williams,Duquesne,115.098218809183,101.473134168663,13.62508464052,16.9871271715494,211,212,24.1041536260395,0.445664339353219,116.113744075829,104.716981132075,11.3967629437539,#FFEBD2,#FFFFFF,#FFEBD2,#FFFFFF,#FFEBD2,#FFEBD2,#FFEBD2,#FFFFFF,#FFFFFF,#FFFFFF,#FFFFFF,#FFEBD2,#DCE9F5,#FFEBD2,#DCE9F5,#FFFFFF,#FFEBD2,#FFFFFF,#FFFFFF,#CBDEF0,#FFFFFF,#FFFEFD,#FFECD6,#FFFEFE,#F9FBFD,#FFE2BD,#FFF6EC,"1599748,,John Hugley IV","1730406,,Cameron Crawford","2112624,,Jakub Necas","2281730,,Jimmie Williams","2311786,,Tarence Guinyard",2025
R. Cason / C. Caulker / G. Emejuru / D. Gardner / J. Riley,East Carolina,109.999079278964,117.557932260242,-7.55885298127883,5.12980017740701,185,178,-26.0317187974491,1.35673836214083,107.567567567568,121.910112359551,-14.342544791983,#FFFFFF,#FFFFFF,#FFFFFF,#FFFFFF,#FFFFFF,#FFEBD2,#FFFFFF,#FFFFFF,#DCE9F5,#FFEBD2,#FFFFFF,#FFFFFF,#FFFFFF,#FFFFFF,#FFEBD2,#FFEBD2,#FFEBD2,#FFFFFF,#FFFFFF,#CBDEF0,#FFFFFF,#EBF2F9,#E4EEF7,#C4DAEE,#E4EEF7,#FFF6EB,#F9FBFD,"1688553,,Giovanni Emejuru","1714700,,Jordan Riley","1733391,,Demitri Gardner","2283650,,Reid Cason","2480400,,Corey Caulker",2025
N. Fisher / Z. Fruster / K. Jacobi / T. McMorris / M. White,Eastern Illinois,92.7821765197561,105.176910570428,-12.3947340506719,-5.16391841674479,226,230,-20.0366294728742,-0.72134773356648,94.6902654867257,103.478260869565,-8.78799538283955,#DCE9F5,#FFFFFF,#FFFFFF,#FFFFFF,#FFFFFF,#FFEBD2,#DCE9F5,#FFFFFF,#FFFFFF,#FFEBD2,#FFEBD2,#FFFFFF,#FFFFFF,#FFEBD2,#FFFFFF,#FFFFFF,#FFFFFF,#FFFFFF,#FFFFFF,#CBDEF0,#FFFFFF,#A4C6E4,#D2E3F2,#F1F6FB,#B9D3EA,#E2EDF6,#FFFDFB,"1722238,,Kooper Jacobi","1892494,,Zion Fruster","2324280,,Nazareth Fisher","2328280,,Terry McMorris","2493093,,Meechie White",2025
B. Green / M. Habhab / G. Lawson / G. Nwabude / A. Patterson,Eastern Michigan,118.106090142346,100.428221677224,17.6778684651214,11.5478110371089,169,163,20.2656550622572,1.09392850480052,118.343195266272,106.134969325153,12.2082259411188,#DCE9F5,#FFFFFF,#FFEBD2,#FFFFFF,#FFFFFF,#FFEBD2,#FFFFFF,#FFFFFF,#FFFFFF,#FFFFFF,#FFEBD2,#FFFFFF,#FFFFFF,#DCE9F5,#FFEBD2,#FFFFFF,#FFFFFF,#FFFFFF,#FFFFFF,#CBDEF0,#FFFFFF,#FFF7ED,#FFE7C9,#FFFCF9,#E2EDF6,#FFEBD2,#FFF4E6,"1309526,,Addison Patterson","2110071,,Braelon Green","2283306,,Godslove Nwabude","2311739,,Mohammad Habhab","2494529,,Gregory Lawson",2025
M. Habhab / C. Hart / G. Nwabude / A. Patterson / J. Sanders,Eastern Michigan,102.515603610803,95.6264213584416,6.88918225236164,9.80310320898721,154,157,2.0194805194805,1.11809619073207,101.298701298701,100,1.29870129870129,#FFFFFF,#FFEBD2,#FFEBD2,#FFFFFF,#FFFFFF,#FFD7A5,#FFFFFF,#DCE9F5,#FFFFFF,#FFEBD2,#FFD7A5,#FFFFFF,#DCE9F5,#FFFFFF,#FFEBD2,#DCE9F5,#FFEBD2,#FFFFFF,#FFFFFF,#CBDEF0,#FFFFFF,#CCDFF0,#FFF5EA,#FFF2E2,#D1E2F1,#FFEED9,#FFEDD8,"1309526,,Addison Patterson","2119900,,Jon Sanders","2167935,,Carlos Hart","2283306,,Godslove Nwabude","2311739,,Mohammad Habhab",2025
J. Anderson / A. Hamilton IV / K. Huie / I. Moses / S. Rogers,Eastern Washington,119.647373022151,110.284625162835,9.36274785931596,9.66429675846834,169,170,7.16820396797775,1.02674379393071,118.934911242604,114.705882352941,4.22902888966239,#FFEBD2,#FFFFFF,#FFFFFF,#FFFFFF,#FFFFFF,#FFEBD2,#FFEBD2,#FFEBD2,#FFFFFF,#FFEBD2,#FFFFFF,#FFEBD2,#DCE9F5,#DCE9F5,#FFFFFF,#FFFFFF,#FFD7A5,#FFFFFF,#FFFFFF,#CBDEF0,#FFFFFF,#FFF3E5,#FFF2E2,#DFEBF5,#FBFCFD,#FFEED9,#F1F6FB,"1723785,,Jojo Anderson","2092807,,Kiree Huie","2122806,,Isaiah Moses","2550531,,Alton Hamilton IV","2550536,,Straton Rogers",2025
A. Hamilton IV / K. Huie / I. Moses / T. Powell / C. Scherer,Eastern Washington,122.063066715766,93.3612910570368,28.7017756587292,12.8562483281938,150,151,38.1000883002207,0.677220473909201,122.666666666667,97.3509933774834,25.3156732891832,#FFFFFF,#FFFFFF,#FFFFFF,#FFFFFF,#FFFFFF,#FFEBD2,#FFFFFF,#FFEBD2,#FFFFFF,#FFFFFF,#FFFFFF,#FFFFFF,#DCE9F5,#FFFFFF,#FFFFFF,#FFFFFF,#FFEBD2,#FFFFFF,#FFFFFF,#CBDEF0,#FFFFFF,#FFEED8,#FFD8A8,#FFEDD7,#F7FAFC,#FFE9CD,#FFFEFD,"1720215,,Tyler Powell","2092807,,Kiree Huie","2122806,,Isaiah Moses","2550531,,Alton Hamilton IV","2550537,,Cole Scherer",2025
A. Hamilton IV / K. Huie / I. Moses / T. Powell / J. Radford,Eastern Washington,111.383702598333,91.3935027693081,19.9901998290245,11.5399173779397,127,113,18.5380809699672,0.908359804143683,111.023622047244,95.5752212389381,15.448400808306,#FFEBD2,#FFFFFF,#FFFFFF,#FFFFFF,#FFFFFF,#FFEBD2,#FFFFFF,#FFD7A5,#FFEBD2,#FFFFFF,#FFFFFF,#FFFFFF,#DCE9F5,#DCE9F5,#FFFFFF,#FFFFFF,#FFEBD2,#FFFFFF,#FFFFFF,#CBDEF0,#FFFFFF,#F0F6FA,#FFE4C2,#FFE9CE,#EFF5FA,#FFEBD2,#FFFCF8,"1720215,,Tyler Powell","2092807,,Kiree Huie","2122806,,Isaiah Moses","2550531,,Alton Hamilton IV","2550534,,Johnny Radford",2025
A. Casey / A. Hemenway / J. Hughes / L. Moeller / B. Quinet,Evansville,105.348103523385,113.658401101666,-8.31029757828124,-4.08728281141433,451,434,-69.7545520962122,1.49068860168667,102.439024390244,118.202764976959,-15.7637405867146,#FFFFFF,#DCE9F5,#FFEBD2,#FFFFFF,#FFFFFF,#FFEBD2,#FFFFFF,#FFFFFF,#FFFFFF,#DCE9F5,#FFFFFF,#FFEBD2,#FFFFFF,#DCE9F5,#FFFFFF,#FFD7A5,#FFFFFF,#FFFFFF,#FFFFFF,#CBDEF0,#FFFFFF,#D7E6F3,#E1ECF6,#D2E3F2,#DCE9F4,#E8F1F8,#E1ECF6,"1296004,,Alex Hemenway","1945154,,AJ Casey","2143529,,Joshua Hughes","2548119,,Leif Moeller","2548121,,Bryce Quinet",2025
B. Benjamin / H. Rawlins / B. Sparks / T. Williams / D. Wucherpfennig,Fairfield,105.323072825794,100.918806104361,4.40426672143346,5.22886346667693,466,466,24.9999999999999,-0.192108029103863,106.652360515021,101.287553648069,5.36480686695278,#FFFFFF,#FFFFFF,#DCE9F5,#FFFFFF,#DCE9F5,#FFD7A5,#FFFFFF,#FFFFFF,#FFFFFF,#FFD7A5,#FFFFFF,#FFFFFF,#FFFFFF,#FFFFFF,#FFFFFF,#FFEBD2,#FFFFFF,#FFFFFF,#FFFFFF,#CBDEF0,#FFFFFF,#D7E6F3,#FFF9F1,#FFFDFB,#DCE9F5,#FFF6EA,#FFFDFB,"1926311,,Braden Sparks","2471917,,Brandon Benjamin","2471919,,Halon Rawlins","2471925,,Tony Williams","2501054,,Declan Wucherpfennig",2025
B. Benjamin / E. Mejia / B. Sparks / D. Turner / D. Wucherpfennig,Fairfield,106.2336785033,115.091289798798,-8.85761129549834,-2.88353452742438,309,299,-12.1052483467004,-0.975124341553589,109.061488673139,113.04347826087,-3.98198958773039,#FFFFFF,#DCE9F5,#DCE9F5,#FFFFFF,#FFFFFF,#FFD7A5,#FFFFFF,#FFFFFF,#FFFFFF,#FFFFFF,#FFEBD2,#FFFFFF,#FFFFFF,#FFFFFF,#FFFFFF,#FFD7A5,#FFEBD2,#FFFFFF,#FFFFFF,#CBDEF0,#FFFFFF,#DBE9F4,#DFEBF5,#CDE0F0,#DDEAF5,#EFF5FA,#E4EEF7,"1609279,,Deuce Turner","1926311,,Braden Sparks","2471917,,Brandon Benjamin","2471918,,Eric Mejia","2501054,,Declan Wucherpfennig",2025
T. Jackson / D. Jevtic / C. Martynov / J. Niesman / E. Parnell,Fairleigh Dickinson,84.0159874561315,104.052065014532,-20.0360775584008,-13.6074138454348,201,192,-36.4465951492537,-0.297638397252301,84.5771144278607,103.125,-18.5478855721393,#FFFFFF,#DCE9F5,#FFEBD2,#FFFFFF,#FFFFFF,#FFEBD2,#FFFFFF,#FFFFFF,#DCE9F5,#FFFFFF,#FFD7A5,#FFFFFF,#FFFFFF,#DCE9F5,#CBDEF0,#FFFFFF,#FFFFFF,#FFFFFF,#FFFFFF,#CBDEF0,#FFFFFF,#80B0DA,#B7D2EA,#F6F9FC,#B4D0E9,#B5D1E9,#E9F1F8,"1891859,,Cyril Martynov","1909428,,Taeshaud Jackson","2092557,,Eric Parnell","2122669,,Joey Niesman","2563844,,David Jevtic",2025
T. Jackson / R. Johnson / C. Martynov / J. Niesman / E. Parnell,Fairleigh Dickinson,97.7887340782628,90.9262935365354,6.86244054172743,-5.61490829924414,150,156,13.6915384615385,-0.417255481398103,99.3333333333333,90.3846153846154,8.94871794871794,#FFFFFF,#DCE9F5,#FFFFFF,#FFFFFF,#FFFFFF,#FFFFFF,#FFFFFF,#FFFFFF,#DCE9F5,#FFFFFF,#FFEBD2,#FFFFFF,#FFFFFF,#FFFFFF,#CBDEF0,#FFFFFF,#FFFFFF,#FFFFFF,#FFFFFF,#CBDEF0,#FFFFFF,#B8D3EA,#FFF5EA,#FFE8CC,#CADEEF,#E0ECF6,#EDF4FA,"1891859,,Cyril Martynov","1909428,,Taeshaud Jackson","2092557,,Eric Parnell","2122669,,Joey Niesman","2339770,,Raysean Johnson",2025
R. Chinyelu / A. Condon / B. Fland / T. Haugh / X. Lee,Florida,117.336818960963,78.2718183243275,39.0650006366355,42.5801751792855,633,635,114.025520269682,4.21598056046016,110.268562401264,92.2834645669291,17.9850978343347,#FFD7A5,#FFD7A5,#FFD7A5,#FFEBD2,#FFD7A5,#FFD7A5,#FFD7A5,#DCE9F5,#FFFFFF,#FFD7A5,#FFD7A5,#FFD7A5,#FFFFFF,#FFEBD2,#FFD7A5,#FFEBD2,#FFD7A5,#FFFFFF,#FFFFFF,#CBDEF0,#FFFFFF,#FFF9F1,#FFCB89,#FFCD8F,#FFF7ED,#FFB65B,#FFCE91,"1924956,,Xaivian Lee","2093257,,Rueben Chinyelu","2106886,,Alex Condon","2106887,,Thomas Haugh","2302253,,Boogie Fland",2025
A. Condon / B. Fland / M. Handlogten / T. Haugh / X. Lee,Florida,124.240525125075,87.1306692197273,37.1098559053481,45.408782459799,187,185,32.8235294117647,3.89255941636373,117.647058823529,100,17.6470588235294,#FFD7A5,#FFD7A5,#FFD7A5,#FFEBD2,#FFD7A5,#FFD7A5,#FFD7A5,#DCE9F5,#FFFFFF,#FFD7A5,#FFEBD2,#FFD7A5,#FFFFFF,#FFEBD2,#FFD7A5,#FFFFFF,#FFD7A5,#FFFFFF,#FFFFFF,#CBDEF0,#FFFFFF,#FFE8CD,#FFCD8F,#FFE0B9,#FFEBD2,#FFB150,#FFD5A0,"1924956,,Xaivian Lee","1925052,,Micah Handlogten","2106886,,Alex Condon","2106887,,Thomas Haugh","2302253,,Boogie Fland",2025
A. Condon / B. Fland / M. Handlogten / T. Haugh / U. Klavzar,Florida,135.447757944759,81.4519723083371,53.9957856364219,49.6399644596519,177,180,56.3569209039548,4.4846561856648,127.683615819209,96.1111111111111,31.5725047080979,#FFD7A5,#FFD7A5,#FFD7A5,#FFEBD2,#FFEBD2,#FFEBD2,#FFD7A5,#FFEBD2,#FFFFFF,#FFD7A5,#FFFFFF,#FFEBD2,#FFEBD2,#FFFFFF,#FFD7A5,#FFFFFF,#FFEBD2,#FFFFFF,#FFFFFF,#CBDEF0,#FFFFFF,#FFCE91,#FFB75C,#FFD49E,#FFE0BB,#FFAA40,#FFD6A4,"1925052,,Micah Handlogten","2106886,,Alex Condon","2106887,,Thomas Haugh","2298478,,Urban Klavzar","2302253,,Boogie Fland",2025
R. Chinyelu / A. Condon / B. Fland / T. Haugh / U. Klavzar,Florida,142.797804036646,88.1629207832843,54.6348832533613,54.3086766087234,165,157,48.4398378691372,4.90960548680428,134.545454545455,104.458598726115,30.0868558193399,#FFD7A5,#FFD7A5,#FFD7A5,#FFD7A5,#FFEBD2,#FFEBD2,#FFD7A5,#FFEBD2,#FFFFFF,#FFD7A5,#FFEBD2,#FFFFFF,#FFFFFF,#FFFFFF,#FFD7A5,#FFEBD2,#FFD7A5,#FFFFFF,#FFFFFF,#CBDEF0,#FFFFFF,#FFBD6A,#FFB65A,#FFE2BE,#FFD9AA,#FFA22E,#FFD5A1,"2093257,,Rueben Chinyelu","2106886,,Alex Condon","2106887,,Thomas Haugh","2298478,,Urban Klavzar","2302253,,Boogie Fland",2025
A. Baker / J. Chatman / M. Octave / J. Sanders / T. Shirley,Florida A&M,118.184541660096,95.9071079490575,22.2774337110384,7.07133292598177,150,146,43.7106849315068,-1.45136257286082,122,92.4657534246575,29.5342465753425,#FFFFFF,#FFFFFF,#FFFFFF,#FFFFFF,#FFEBD2,#FFEBD2,#DCE9F5,#FFFFFF,#FFEBD2,#FFFFFF,#FFFFFF,#FFFFFF,#DCE9F5,#FFEBD2,#DCE9F5,#FFFFFF,#FFFFFF,#FFFFFF,#FFFFFF,#CBDEF0,#FFFFFF,#FFF7ED,#FFE1BC,#FFF2E3,#EBF2F9,#FFF2E3,#F8FBFD,"1687739,,Tyler Shirley","1940396,,Jaquan Sanders","1953452,,Jordan Chatman","2134399,,Micah Octave","2589945,,Antonio Baker",2025
J. Chatman / M. Ndalama / M. Octave / J. Sanders / T. Shirley,Florida A&M,94.1724938990454,107.230152748519,-13.0576588494733,-2.7444925324201,125,132,-6.92342424242424,-1.53395601231891,98.4,103.787878787879,-5.38787878787879,#FFFFFF,#FFFFFF,#FFEBD2,#FFFFFF,#FFEBD2,#FFFFFF,#FFFFFF,#FFFFFF,#DCE9F5,#FFEBD2,#FFFFFF,#FFFFFF,#DCE9F5,#FFFFFF,#FFFFFF,#DCE9F5,#FFFFFF,#FFFFFF,#FFFFFF,#CBDEF0,#FFFFFF,#AACAE6,#D0E2F1,#EAF2F9,#C3DAED,#F0F5FA,#FFFEFE,"1687739,,Tyler Shirley","1940396,,Jaquan Sanders","1953452,,Jordan Chatman","2134399,,Micah Octave","2567129,,Miles Ndalama",2025
K. Carlyle / I. Elohim / X. Pintelon / D. Vanterpool / D. Williams,Florida Atlantic,109.255683533245,85.0732908128228,24.1823927204227,20.1074089288283,266,260,42.1195488721804,1.63347102528754,106.015037593985,90,16.015037593985,#FFFFFF,#FFEBD2,#FFEBD2,#FFEBD2,#FFFFFF,#FFFFFF,#FFFFFF,#FFFFFF,#FFFFFF,#FFFFFF,#FFEBD2,#FFFFFF,#FFFFFF,#DCE9F5,#FFD7A5,#FFFFFF,#FFFFFF,#FFFFFF,#FFFFFF,#CBDEF0,#FFFFFF,#E8F0F8,#FFDEB6,#FFDCB0,#E9F1F8,#FFDCB1,#FFE6C8,"2092657,,Kanaan Carlyle","2106224,,Devin Williams","2128714,,Devin Vanterpool","2328170,,Isaiah Elohim","2550737,,Xander Pintelon",2025
K. Carlyle / I. Elohim / N. Moretti / J. Parker / D. Williams,Florida Atlantic,95.0059447243875,95.4148959494799,-0.4089512250924,5.19285765066375,179,176,-10.8740159979685,1.14345099418924,92.7374301675978,98.8636363636364,-6.1262061960386,#FFFFFF,#FFFFFF,#FFFFFF,#FFD7A5,#FFFFFF,#FFFFFF,#FFFFFF,#FFFFFF,#FFFFFF,#FFFFFF,#FFFFFF,#FFFFFF,#FFFFFF,#CBDEF0,#FFEBD2,#FFEBD2,#FFFFFF,#FFFFFF,#FFFFFF,#CBDEF0,#FFFFFF,#ADCCE7,#FDFEFE,#FFF1E1,#CDE0F0,#FFF6EB,#FFF4E7,"1990479,,Niccolo Moretti","2092657,,Kanaan Carlyle","2106224,,Devin Williams","2328170,,Isaiah Elohim","2550731,,Josiah Parker",2025
L. Jones / R. McCray V / M. Somerville / A. Steen / C. Wiggins,Florida State,131.287885334961,88.4630212278764,42.8248641070848,38.2967501334249,144,146,29.2565639269406,4.52958469356307,122.916666666667,102.739726027397,20.1769406392694,#FFD7A5,#FFEBD2,#FFEBD2,#FFEBD2,#FFEBD2,#FFD7A5,#FFEBD2,#FFEBD2,#FFEBD2,#FFEBD2,#FFFFFF,#FFEBD2,#FFFFFF,#FFEBD2,#FFEBD2,#FFEBD2,#FFEBD2,#FFFFFF,#FFFFFF,#CBDEF0,#FFFFFF,#FFD8A7,#FFC67E,#FFE3C0,#FFE8CB,#FFBD6B,#FFE6C7,"1705240,,Robert McCray V","1924039,,Alex Steen","1925546,,Chauncey Wiggins","1946205,,Lajae Jones","2334355,,Martin Somerville",2025
T. Bassong / L. Jones / R. McCray V / A. Steen / C. Wiggins,Florida State,114.607461201576,94.6383730975953,19.9690881039805,26.272556067087,133,132,-1.06416609706083,4.15444646563548,106.015037593985,106.818181818182,-0.80314422419685,#FFEBD2,#FFEBD2,#FFD7A5,#FFEBD2,#FFFFFF,#FFEBD2,#FFEBD2,#FFEBD2,#FFFFFF,#FFD7A5,#FFEBD2,#FFFFFF,#FFFFFF,#FFFFFF,#FFEBD2,#FFFFFF,#FFEBD2,#FFFFFF,#FFFFFF,#CBDEF0,#FFFFFF,#FEFEFE,#FFE4C2,#FFF0DD,#FFFDFA,#FFD29A,#FFE9CE,"1705240,,Robert McCray V","1924039,,Alex Steen","1925546,,Chauncey Wiggins","1946205,,Lajae Jones","2550798,,Thomas Bassong",2025
L. Jones / K. MaGee / R. McCray V / M. Somerville / C. Wiggins,Florida State,128.561187508328,112.128639201213,16.432548307115,31.2475585896574,126,111,-3.43146718146719,3.86566024057357,121.428571428571,124.324324324324,-2.8957528957529,#FFD7A5,#FFEBD2,#FFEBD2,#FFFFFF,#FFD7A5,#FFD7A5,#FFEBD2,#FFEBD2,#FFEBD2,#DCE9F5,#FFFFFF,#FFEBD2,#FFFFFF,#FFEBD2,#FFFFFF,#FFD7A5,#FFEBD2,#FFFFFF,#FFFFFF,#CBDEF0,#FFFFFF,#FFDEB6,#FFE9CD,#D8E7F3,#FFE9CF,#FFC986,#FFF3E4,"1705240,,Robert McCray V","1910950,,Kobe MaGee","1925546,,Chauncey Wiggins","1946205,,Lajae Jones","2334355,,Martin Somerville",2025
C. Henry / A. Jacobs / L. Lesmond / D. Reaves / R. Schulte,Fordham,114.024969108641,88.0544335036334,25.9705356050075,15.4871574918313,147,139,33.8026721479959,0.466460666736344,114.285714285714,90.6474820143885,23.6382322713258,#FFFFFF,#FFFFFF,#FFFFFF,#FFFFFF,#FFEBD2,#FFD7A5,#FFFFFF,#DCE9F5,#FFFFFF,#FFFFFF,#FFFFFF,#FFEBD2,#FFFFFF,#FFFFFF,#DCE9F5,#FFD7A5,#FFFFFF,#FFFFFF,#FFFFFF,#CBDEF0,#FFFFFF,#FBFCFE,#FFDCB0,#FFE2BE,#EEF4FA,#FFE4C3,#FFF3E4,"1689213,,Louis Lesmond","2114817,,Akira Jacobs","2116919,,Rikus Schulte","2118990,,DeJour Reaves","2283307,,Christian Henry",2025
C. Henry / A. Jacobs / D. Reaves / R. Schulte / J. Whitbourn,Fordham,105.144203332125,99.2152625299014,5.9289408022239,14.9826836970117,140,138,-7.09389233954454,2.20649209419219,102.142857142857,107.246376811594,-5.10351966873708,#FFFFFF,#FFEBD2,#FFEBD2,#FFFFFF,#FFFFFF,#FFD7A5,#FFFFFF,#DCE9F5,#FFFFFF,#FFD7A5,#FFD7A5,#FFEBD2,#FFFFFF,#FFFFFF,#DCE9F5,#FFEBD2,#FFEBD2,#FFFFFF,#FFFFFF,#CBDEF0,#FFFFFF,#D7E6F3,#FFF7ED,#FFF9F3,#E5EEF7,#FFE5C5,#FFEEDA,"2114817,,Akira Jacobs","2116919,,Rikus Schulte","2118990,,DeJour Reaves","2283307,,Christian Henry","2348719,,Jack Whitbourn",2025
R. Akhuar / C. Henry / A. Jacobs / D. Reaves / R. Schulte,Fordham,106.329211873178,81.7330994088462,24.5961124643315,19.6828792150192,132,130,24.093006993007,1.24090081454462,104.545454545455,86.1538461538462,18.3916083916084,#FFEBD2,#FFEBD2,#FFFFFF,#FFFFFF,#FFFFFF,#FFD7A5,#FFFFFF,#DCE9F5,#FFFFFF,#FFEBD2,#FFEBD2,#FFEBD2,#FFFFFF,#FFEBD2,#FFFFFF,#FFFFFF,#FFFFFF,#FFFFFF,#FFFFFF,#CBDEF0,#FFFFFF,#DCE9F4,#FFDEB5,#FFD5A0,#E7F0F8,#FFDDB3,#FFE6C8,"2114817,,Akira Jacobs","2116919,,Rikus Schulte","2118990,,DeJour Reaves","2283307,,Christian Henry","2503088,,Roor Akhuar",2025
D. Craig / D. Duffy / C. Hadnot II / M. Nelson / M. Stevenson,Fort Wayne,110.657546726106,103.98113083471,6.67641589139676,8.10001613401137,433,435,6.21201454699909,1.04901522680474,111.316397228637,109.885057471264,1.43133975737306,#FFEBD2,#FFFFFF,#DCE9F5,#FFFFFF,#FFD7A5,#FFEBD2,#FFFFFF,#FFFFFF,#FFFFFF,#DCE9F5,#DCE9F5,#FFEBD2,#FFEBD2,#FFEBD2,#FFFFFF,#FFD7A5,#FFFFFF,#FFFFFF,#FFFFFF,#CBDEF0,#FFFFFF,#EDF4FA,#FFF6EA,#F6F9FC,#ECF3F9,#FFF1DF,#FAFCFD,"1909107,,Maximus Nelson","2111027,,DeAndre Craig","2118907,,Darius Duffy","2143876,,Corey Hadnot II","2144726,,Mikale Stevenson",2025
D. Craig / D. Elisee / C. Hadnot II / M. Nelson / M. Stevenson,Fort Wayne,105.942225780867,109.134913769635,-3.19268798876826,6.68191010951842,286,262,-19.7093364650617,0.800100100426034,107.692307692308,114.885496183206,-7.19318849089843,#FFEBD2,#FFFFFF,#DCE9F5,#FFFFFF,#FFD7A5,#FFEBD2,#FFFFFF,#FFFFFF,#FFFFFF,#CBDEF0,#FFFFFF,#FFFFFF,#FFFFFF,#FFEBD2,#FFFFFF,#FFFFFF,#FFFFFF,#FFFFFF,#FFFFFF,#CBDEF0,#FFFFFF,#DAE8F4,#F3F7FB,#E3EDF7,#E3EEF7,#FFF3E5,#FFFEFE,"1909107,,Maximus Nelson","1924183,,Deangelo Elisee","2111027,,DeAndre Craig","2143876,,Corey Hadnot II","2144726,,Mikale Stevenson",2025
Coo. Bowser / Cha. Johnston / Asa. Thomas / Ben. Vander Wal / Ale. Wilkins,Furman,114.854949566366,97.9840458402904,16.8709037260754,16.1733308173932,197,195,26.8119224261357,0.63827029356859,116.243654822335,102.564102564103,13.6795522582325,#FFEBD2,#FFFFFF,#FFD7A5,#FFFFFF,#FFFFFF,#FFD7A5,#FFD7A5,#FFFFFF,#DCE9F5,#FFFFFF,#FFEBD2,#FFEBD2,#FFFFFF,#CBDEF0,#FFEBD2,#FFEBD2,#FFEBD2,#FFFFFF,#FFFFFF,#CBDEF0,#FFFFFF,#FFFEFE,#FFE8CC,#FFF7ED,#FBFCFD,#FFE3C0,#FFF9F2,"1908364,,Ben Vander Wal","1943605,,Charles Johnston","2118358,,Asa Thomas","2146838,,Cooper Bowser","2495558,,Alex Wilkins",2025
Tom. House / Cha. Johnston / Asa. Thomas / Ben. Vander Wal / Ale. Wilkins,Furman,117.286893826823,104.150096249383,13.1367975774406,12.6813988456302,159,158,18.8645410397261,0.246975788077876,119.496855345912,107.594936708861,11.9019186370512,#FFEBD2,#FFFFFF,#FFD7A5,#FFFFFF,#FFFFFF,#FFEBD2,#FFEBD2,#FFFFFF,#FFFFFF,#FFFFFF,#FFFFFF,#FFEBD2,#FFFFFF,#CBDEF0,#FFFFFF,#FFEBD2,#FFFFFF,#FFFFFF,#FFFFFF,#CBDEF0,#FFFFFF,#FFF9F2,#FFEDD7,#F5F9FC,#FDFEFE,#FFE9CE,#F9FBFD,"1908364,,Ben Vander Wal","1909086,,Tom House","1943605,,Charles Johnston","2118358,,Asa Thomas","2495558,,Alex Wilkins",2025
C. Hawkins / J. Hogarth / S. Sims / A. Talbert / C. Williams,Gardner-Webb,93.864410235641,108.043117207236,-14.1787069715954,-23.8693219064135,135,130,-28.1987179487179,1.42066886209117,93.3333333333333,114.615384615385,-21.2820512820513,#DCE9F5,#CBDEF0,#DCE9F5,#FFFFFF,#DCE9F5,#FFFFFF,#DCE9F5,#FFFFFF,#DCE9F5,#CBDEF0,#DCE9F5,#DCE9F5,#DCE9F5,#FFFFFF,#DCE9F5,#FFFFFF,#DCE9F5,#FFFFFF,#FFFFFF,#CBDEF0,#FFFFFF,#A8C9E6,#CCDFF0,#E7F0F8,#B4D0E9,#7DAED9,#C5DAEE,"2098981,,Curtis Williams","2120004,,Ace Talbert","2297031,,Jacob Hogarth","2302897,,Colin Hawkins","2553894,,Spence Sims",2025
R. Allenspach / J. Long / K. Mincy / M. Presley / M. Troutman,George Mason,110.67332571347,99.9318550876437,10.7414706258266,11.3901719024093,211,218,15.4773142310535,0.705187903155668,110.42654028436,103.211009174312,7.21553111004827,#FFEBD2,#FFFFFF,#FFFFFF,#FFFFFF,#FFEBD2,#FFEBD2,#FFEBD2,#FFEBD2,#FFFFFF,#FFFFFF,#DCE9F5,#FFFFFF,#FFFFFF,#DCE9F5,#DCE9F5,#FFEBD2,#FFEBD2,#FFFFFF,#FFFFFF,#CBDEF0,#FFFFFF,#EDF4FA,#FFF0DE,#FFFBF6,#F2F7FB,#FFEBD3,#FFFDFC,"1599913,,Jahari Long","1889830,,Masai Troutman","2106230,,Riley Allenspach","2115434,,Malik Presley","2150477,,Kory Mincy",2025
R. Allenspach / F. Hill / J. Long / K. Mincy / M. Troutman,George Mason,119.649981085502,107.478301581872,12.1716795036305,17.021555014554,151,145,5.06965060516099,1.74924798110976,117.218543046358,113.793103448276,3.42543959808175,#FFEBD2,#FFFFFF,#FFFFFF,#FFFFFF,#FFEBD2,#FFD7A5,#FFFFFF,#FFFFFF,#FFFFFF,#DCE9F5,#FFFFFF,#FFEBD2,#DCE9F5,#DCE9F5,#DCE9F5,#FFEBD2,#FFD7A5,#FFFFFF,#FFFFFF,#CBDEF0,#FFFFFF,#FFF3E5,#FFEEDA,#E9F1F8,#FFFAF4,#FFE2BD,#FFFEFE,"1599913,,Jahari Long","1889830,,Masai Troutman","2106230,,Riley Allenspach","2150477,,Kory Mincy","2292687,,Fatt Hill",2025
D. Adebayo / R. Allenspach / J. Long / K. Mincy / M. Presley,George Mason,118.420780440807,92.8199037352862,25.6008767055204,17.7481722212688,145,147,36.1386816795684,0.169671001437185,119.310344827586,94.5578231292517,24.7525216983345,#FFEBD2,#FFFFFF,#FFEBD2,#FFFFFF,#FFD7A5,#FFFFFF,#FFEBD2,#FFFFFF,#FFFFFF,#FFFFFF,#FFFFFF,#FFFFFF,#FFFFFF,#FFFFFF,#FFFFFF,#FFFFFF,#FFEBD2,#FFFFFF,#FFFFFF,#CBDEF0,#FFFFFF,#FFF6EC,#FFDCB2,#FFECD5,#FCFDFE,#FFE0BA,#FFF7ED,"1599913,,Jahari Long","1701853,,Dola Adebayo","2106230,,Riley Allenspach","2115434,,Malik Presley","2150477,,Kory Mincy",2025
J. Aranguren / T. Autry / L. Hunger / G. Johnson / C. Jones,George Washington,128.021207167337,100.901927211505,27.1192799558318,22.507305039123,132,127,21.2357134335481,2.14420912884234,123.484848484848,107.086614173228,16.3982343116201,#FFEBD2,#FFFFFF,#FFFFFF,#FFFFFF,#FFEBD2,#FFEBD2,#FFFFFF,#FFEBD2,#FFEBD2,#FFFFFF,#FFFFFF,#FFEBD2,#FFFFFF,#FFFFFF,#DCE9F5,#FFFFFF,#FFFFFF,#FFFFFF,#FFFFFF,#CBDEF0,#FFFFFF,#FFE0B8,#FFDAAD,#FFFDFB,#FFF2E3,#FFD8A8,#FFFBF7,"1698630,,Garrett Johnson","1924060,,Luke Hunger","2099644,,Trey Autry","2099647,,Christian Jones","2114130,,Jean Aranguren",2025
I. Abraham / J. Halaifonua / K. Lewis / M. Mack / C. Williams,Georgetown,110.627982913502,93.7005083333414,16.9274745801606,20.8266926814328,290,289,18.9672413793104,2.07515008844591,106.551724137931,100,6.55172413793104,#FFEBD2,#FFEBD2,#FFEBD2,#FFD7A5,#FFFFFF,#FFEBD2,#FFEBD2,#FFFFFF,#FFEBD2,#FFEBD2,#FFFFFF,#FFEBD2,#FFEBD2,#FFFFFF,#FFFFFF,#FFFFFF,#FFEBD2,#FFFFFF,#FFFFFF,#CBDEF0,#FFFFFF,#EDF4F9,#FFE8CC,#FFEED9,#F8FAFD,#FFDBAE,#FFEED9,"2098972,,KJ Lewis","2111757,,Malik Mack","2313596,,Isaiah Abraham","2313798,,Caleb Williams","2313804,,Julius Halaifonua",2025
I. Abraham / V. Iwuchukwu / K. Lewis / M. Mack / C. Williams,Georgetown,124.88610717987,94.8617166335746,30.0243905462955,28.9264498062847,145,139,15.2885140163731,3.85156627596711,117.241379310345,106.474820143885,10.7665591664599,#FFEBD2,#FFEBD2,#FFEBD2,#FFD7A5,#FFEBD2,#FFEBD2,#FFFFFF,#FFFFFF,#FFEBD2,#FFEBD2,#FFEBD2,#FFFFFF,#FFFFFF,#FFEBD2,#FFEBD2,#FFFFFF,#FFEBD2,#FFFFFF,#FFFFFF,#CBDEF0,#FFFFFF,#FFE7C9,#FFD7A4,#FFF0DE,#FFF7ED,#FFCD8F,#FFE9CF,"1920559,,Vincent Iwuchukwu","2098972,,KJ Lewis","2111757,,Malik Mack","2313596,,Isaiah Abraham","2313798,,Caleb Williams",2025
B. Cain / K. Catchings / S. Cyril / J. Ross / J. Wilkinson,Georgia,129.048345772871,95.8280671493189,33.220278623552,36.9818096252173,299,286,57.0948616600791,2.74013355991867,124.414715719064,104.895104895105,19.5196108239587,#FFD7A5,#FFEBD2,#FFFFFF,#FFD7A5,#FFEBD2,#FFEBD2,#FFEBD2,#FFEBD2,#FFFFFF,#FFFFFF,#FFFFFF,#FFFFFF,#FFEBD2,#FFEBD2,#FFD7A5,#FFEBD2,#FFD7A5,#FFFFFF,#FFFFFF,#CBDEF0,#FFFFFF,#FFDDB3,#FFD29B,#FFF2E3,#FFE8CC,#FFC070,#FFE8CC,"2098955,,Blue Cain","2125384,,Jordan Ross","2291238,,Jeremiah Wilkinson","2293409,,Kanon Catchings","2311235,,Somto Cyril",2025
A. Applewhite / A. Burney / J. Koulibaly / T. Moore / T. Webb,Georgia Southern,113.081529891505,109.758335297836,3.32319459366877,7.78895444384238,201,197,3.49784074551101,0.31309713526531,113.432835820896,111.675126903553,1.75770891734222,#FFEBD2,#FFFFFF,#DCE9F5,#FFFFFF,#FFEBD2,#FFEBD2,#FFEBD2,#FFEBD2,#FFEBD2,#FFFFFF,#FFFFFF,#DCE9F5,#FFEBD2,#FFD7A5,#FFFFFF,#FFFFFF,#FFFFFF,#FFFFFF,#FFFFFF,#CBDEF0,#FFFFFF,#F7FAFC,#FFFAF5,#E1ECF6,#F5F8FC,#FFF1E1,#F1F6FB,"1584397,,Jefferson Koulibaly","1698687,,Alden Applewhite","1740096,,Tavarus Webb","1895948,,Tyren Moore","2091307,,Andres Burney",2025
A. Applewhite / S. Carter / J. Koulibaly / T. Moore / T. Webb,Georgia Southern,96.0111511668454,109.816638932838,-13.8054877659926,-0.277416175288425,166,164,-25.0797090802233,0.278867183798243,96.3855421686747,111.585365853659,-15.1998236849838,#FFFFFF,#FFFFFF,#DCE9F5,#FFFFFF,#FFEBD2,#FFEBD2,#FFFFFF,#FFEBD2,#FFEBD2,#FFFFFF,#FFFFFF,#DCE9F5,#FFEBD2,#FFEBD2,#FFFFFF,#FFFFFF,#FFFFFF,#FFFFFF,#FFFFFF,#CBDEF0,#FFFFFF,#B1CFE8,#CDE0F0,#E0ECF6,#D5E4F2,#FDFEFE,#F5F9FC,"1584397,,Jefferson Koulibaly","1698687,,Alden Applewhite","1740096,,Tavarus Webb","1895948,,Tyren Moore","2351943,,Shainen Carter",2025
A. Applewhite / A. Burney / T. Moore / T. Webb / N. White,Georgia Southern,115.595660533018,107.824401901692,7.77125863132582,13.1450632067061,153,149,9.47186033249991,0.299700688847957,116.339869281046,110.06711409396,6.27275518708603,#FFEBD2,#FFFFFF,#FFFFFF,#FFFFFF,#FFEBD2,#FFEBD2,#FFFFFF,#FFEBD2,#FFFFFF,#FFFFFF,#FFFFFF,#FFFFFF,#FFFFFF,#FFEBD2,#FFFFFF,#FFFFFF,#FFEBD2,#FFFFFF,#FFFFFF,#CBDEF0,#FFFFFF,#FFFDFB,#FFF4E7,#E8F0F8,#FFFCF9,#FFE8CC,#F5F9FC,"1698687,,Alden Applewhite","1740096,,Tavarus Webb","1895948,,Tyren Moore","2091307,,Andres Burney","2281060,,Nakavieon White",2025
A. Applewhite / S. Carter / T. Moore / T. Webb / N. White,Georgia Southern,122.744720049954,100.218535905072,22.5261841448826,16.5861039673686,134,136,28.2385864793679,0.321742535736831,122.388059701493,101.470588235294,20.9174714661984,#FFEBD2,#FFFFFF,#FFFFFF,#FFFFFF,#FFEBD2,#FFEBD2,#FFFFFF,#FFEBD2,#FFEBD2,#FFFFFF,#FFFFFF,#FFFFFF,#FFFFFF,#FFEBD2,#FFEBD2,#FFFFFF,#FFEBD2,#FFFFFF,#FFFFFF,#CBDEF0,#FFFFFF,#FFECD5,#FFE1BB,#FFFCF8,#FFFAF4,#FFE2BF,#FDFEFE,"1698687,,Alden Applewhite","1740096,,Tavarus Webb","1895948,,Tyren Moore","2281060,,Nakavieon White","2351943,,Shainen Carter",2025
M. Brown / A. Enoh / J. Hamilton / T. Scott III / M. Tucker,Georgia State,107.904579786425,113.725152224792,-5.8205724383667,1.52493331209873,183,180,-12.3479508196721,0.196541250031574,108.196721311475,115,-6.80327868852457,#FFFFFF,#FFFFFF,#FFFFFF,#FFEBD2,#DCE9F5,#FFEBD2,#CBDEF0,#FFFFFF,#FFD7A5,#DCE9F5,#DCE9F5,#FFEBD2,#FFEBD2,#FFFFFF,#FFFFFF,#FFFFFF,#FFFFFF,#FFFFFF,#FFFFFF,#CBDEF0,#FFFFFF,#E2EDF6,#EAF2F9,#D2E3F2,#E6EFF8,#FFFCF9,#EAF1F8,"2099044,,Jelani Hamilton","2101705,,Malachi Brown","2305851,,Trey Scott III","2511342,,Anthony Enoh","2511343,,Micah Tucker",2025
M. Brown / J. Chappelle / A. Enoh / J. Hamilton / M. Tucker,Georgia State,108.772535439293,106.747649810657,2.0248856286357,3.29710903963929,140,140,5.99999999999998,-0.452165731415714,109.285714285714,105,4.28571428571427,#FFFFFF,#FFFFFF,#FFFFFF,#FFFFFF,#DCE9F5,#FFD7A5,#CBDEF0,#FFFFFF,#FFD7A5,#FFFFFF,#FFFFFF,#FFEBD2,#FFEBD2,#FFFFFF,#FFFFFF,#FFEBD2,#FFEBD2,#FFFFFF,#FFFFFF,#CBDEF0,#FFFFFF,#E6EFF7,#FFFCF8,#ECF3F9,#E7F0F8,#FFF9F2,#EFF5FA,"2099044,,Jelani Hamilton","2101705,,Malachi Brown","2511328,,Joah Chappelle","2511342,,Anthony Enoh","2511343,,Micah Tucker",2025
A. Fleming / J. Mustaf / B. Ndongo / K. Reeves Jr. / L. Washington,Georgia Tech,102.114966062682,104.773113618133,-2.6581475554502,10.2374557644785,229,223,-51.340905085476,4.01181341682819,94.3231441048035,117.040358744395,-22.7172146395911,#FFEBD2,#FFEBD2,#FFFFFF,#FFD7A5,#FFEBD2,#FFD7A5,#FFFFFF,#FFFFFF,#FFEBD2,#FFFFFF,#FFEBD2,#FFD7A5,#CBDEF0,#FFFFFF,#FFFFFF,#FFEBD2,#FFD7A5,#FFFFFF,#FFFFFF,#CBDEF0,#FFFFFF,#CADEEF,#F5F9FC,#F3F7FB,#DFEBF5,#FFEDD7,#FFF5E8,"1689174,,Kowacie Reeves Jr.","1924192,,Lamar Washington","2099449,,Baye Ndongo","2304014,,Jaeden Mustaf","2474268,,Akai Fleming",2025
G. Ike / E. Innocenti / A. Miller / B. Smith / J. Warley,Gonzaga,120.818214609378,85.4034743844094,35.4147402249685,35.8093561566867,127,127,32,2.04357796625354,118.897637795276,93.7007874015748,25.1968503937008,#FFEBD2,#FFD7A5,#FFFFFF,#FFFFFF,#FFD7A5,#FFD7A5,#FFEBD2,#FFFFFF,#FFEBD2,#FFFFFF,#FFEBD2,#FFD7A5,#FFD7A5,#FFD7A5,#DCE9F5,#FFEBD2,#FFFFFF,#FFFFFF,#FFFFFF,#CBDEF0,#FFFFFF,#FFF0DF,#FFCF94,#FFDCB1,#FFF8EF,#FFC275,#FFDBAE,"1604012,,Adam Miller","1608381,,Graham Ike","1689828,,Jalen Warley","1916997,,Braeden Smith","2128752,,Emmanuel Innocenti",2025
E. Demirel / J. Henley / B. Moore Jr. / N. Owusu-Anane / M. Williams,Grand Canyon,119.223013981474,83.5613479219529,35.6616660595209,31.4160181238395,296,295,75.9663765460375,1.99078488391517,116.216216216216,90.5084745762712,25.707741639945,#FFEBD2,#FFD7A5,#FFEBD2,#FFEBD2,#FFD7A5,#FFD7A5,#FFEBD2,#FFFFFF,#FFEBD2,#FFEBD2,#FFEBD2,#FFFFFF,#DCE9F5,#FFEBD2,#FFEBD2,#FFFFFF,#FFD7A5,#FFFFFF,#FFFFFF,#CBDEF0,#FFFFFF,#FFF4E7,#FFCF93,#FFD8A8,#FFFAF5,#FFC986,#FFE1BB,"1714656,,Nana Owusu-Anane","1906866,,Jaden Henley","1909074,,Brian Moore Jr.","2143492,,Makaih Williams","2478447,,Efe Demirel",2025
E. Demirel / J. Henley / N. Owusu-Anane / D. Stromer / M. Williams,Grand Canyon,118.694673292265,92.5622394912919,26.132433800973,28.7301911312998,185,185,33,1.65891919262703,116.756756756757,98.9189189189189,17.8378378378378,#FFEBD2,#FFD7A5,#FFD7A5,#FFEBD2,#FFD7A5,#FFEBD2,#FFEBD2,#FFFFFF,#FFEBD2,#FFEBD2,#FFEBD2,#FFFFFF,#DCE9F5,#FFEBD2,#FFEBD2,#FFFFFF,#FFEBD2,#FFFFFF,#FFFFFF,#CBDEF0,#FFFFFF,#FFF5EA,#FFDCB0,#FFEBD3,#FFFEFE,#FFCE90,#FFE2BF,"1714656,,Nana Owusu-Anane","1906866,,Jaden Henley","2105893,,Dusty Stromer","2143492,,Makaih Williams","2478447,,Efe Demirel",2025
E. Demirel / J. Henley / B. Moore Jr. / N. Owusu-Anane / C. Shaw,Grand Canyon,115.293807538637,96.0318476594776,19.2619598791593,24.132444514053,176,175,22.923262987013,1.2400543134942,114.204545454545,101.142857142857,13.0616883116883,#FFEBD2,#FFEBD2,#FFD7A5,#FFEBD2,#FFD7A5,#FFEBD2,#FFEBD2,#FFFFFF,#FFFFFF,#FFEBD2,#FFD7A5,#FFFFFF,#FFFFFF,#FFFFFF,#FFFFFF,#FFFFFF,#FFEBD2,#FFFFFF,#FFFFFF,#CBDEF0,#FFFFFF,#FFFDFC,#FFE5C5,#FFF3E4,#F7FAFC,#FFD6A2,#FFE7C9,"1714656,,Nana Owusu-Anane","1906866,,Jaden Henley","1909074,,Brian Moore Jr.","1913195,,Caleb Shaw","2478447,,Efe Demirel",2025
E. Demirel / J. Henley / B. Moore Jr. / N. Owusu-Anane / D. Stromer,Grand Canyon,110.619940813321,103.040211583594,7.57972922972714,20.2581912593374,140,140,1.99999999999999,1.23023156023114,109.285714285714,107.857142857143,1.42857142857142,#FFEBD2,#FFEBD2,#FFD7A5,#FFEBD2,#FFD7A5,#FFEBD2,#FFEBD2,#FFFFFF,#FFEBD2,#FFEBD2,#FFEBD2,#FFFFFF,#FFFFFF,#FFFFFF,#FFEBD2,#FFFFFF,#FFEBD2,#FFFFFF,#FFFFFF,#CBDEF0,#FFFFFF,#EDF4F9,#FFF4E8,#F9FBFD,#EEF4FA,#FFDCB1,#FFE9CF,"1714656,,Nana Owusu-Anane","1906866,,Jaden Henley","1909074,,Brian Moore Jr.","2105893,,Dusty Stromer","2478447,,Efe Demirel",2025
J. Allen / M. Hall / C. O'Hara / P. Ruedinger / C. Wilkins,Green Bay,107.732343025246,100.198549102779,7.53379392246758,5.78673057247452,500,467,13.6953704496788,0.940249148519211,108.4,105.567451820128,2.83254817987153,#FFEBD2,#FFFFFF,#DCE9F5,#FFFFFF,#FFFFFF,#FFD7A5,#FFFFFF,#FFEBD2,#FFD7A5,#DCE9F5,#FFFFFF,#FFFFFF,#FFEBD2,#CBDEF0,#DCE9F5,#FFEBD2,#FFEBD2,#FFFFFF,#FFFFFF,#CBDEF0,#FFFFFF,#E1ECF6,#FFF4E8,#FFFBF8,#E9F1F8,#FFF5E8,#F6F9FC,"1722681,,Preston Ruedinger","1943480,,Justin Allen","2093339,,Marcus Hall","2302985,,C.J. O'Hara","2303001,,Caden Wilkins",2025
J. Allen / R. Bethea / M. Hall / C. O'Hara / P. Ruedinger,Green Bay,134.165513546475,112.358713855396,21.8067996910795,15.3710536034611,138,145,25.8462018990505,0.708186524922545,135.507246376812,117.241379310345,18.2658670664668,#FFEBD2,#FFFFFF,#FFFFFF,#FFFFFF,#FFFFFF,#FFEBD2,#FFEBD2,#FFFFFF,#FFD7A5,#FFFFFF,#FFFFFF,#FFEBD2,#FFFFFF,#DCE9F5,#FFEBD2,#FFFFFF,#FFEBD2,#FFFFFF,#FFFFFF,#CBDEF0,#FFFFFF,#FFD198,#FFE2BD,#D7E6F3,#FFF3E4,#FFE4C3,#EDF3F9,"1722681,,Preston Ruedinger","1943480,,Justin Allen","2093339,,Marcus Hall","2302985,,C.J. O'Hara","2505129,,Ramel Bethea",2025
D. Bullock / H. Erickson / I. Finlinson / I. Johnson / H. Rouhliadeff,Hawaii,106.778029601685,99.5164038173955,7.26162578428987,15.6516844197555,253,232,17.3397250238517,0.0222447425196872,106.719367588933,99.5689655172414,7.15040207169143,#FFEBD2,#FFEBD2,#FFD7A5,#FFFFFF,#FFD7A5,#FFFFFF,#FFEBD2,#FFFFFF,#FFEBD2,#FFFFFF,#FFD7A5,#FFFFFF,#DCE9F5,#FFFFFF,#FFFFFF,#FFFFFF,#FFD7A5,#FFFFFF,#FFFFFF,#CBDEF0,#FFFFFF,#DDEAF5,#FFF5E9,#FFFAF4,#E9F1F8,#FFE4C2,#FFEFDC,"1589544,,Hunter Erickson","1725328,,Isaac Johnson","1899398,,Harry Rouhliadeff","1912475,,Isaac Finlinson","1917690,,Dre Bullock",2025
D. Bullock / H. Erickson / A. Hunkin-Claytor / I. Johnson / H. Rouhliadeff,Hawaii,116.755511841363,81.9137683456263,34.8417434957362,25.2126100376265,180,181,64.9921884591774,-0.233001822645267,117.222222222222,81.2154696132597,36.0067526089626,#FFEBD2,#FFEBD2,#FFEBD2,#FFFFFF,#FFD7A5,#FFFFFF,#FFEBD2,#FFFFFF,#FFD7A5,#FFFFFF,#FFEBD2,#FFEBD2,#CBDEF0,#FFFFFF,#FFFFFF,#FFFFFF,#FFEBD2,#FFFFFF,#FFFFFF,#CBDEF0,#FFFFFF,#FFFAF4,#FFD096,#FFD5A1,#FCFDFE,#FFD49E,#FFE7CA,"1589544,,Hunter Erickson","1725328,,Isaac Johnson","1899398,,Harry Rouhliadeff","1917690,,Dre Bullock","2306124,,Aaron Hunkin-Claytor",2025
T. Anderson / O. Aquino / B. Hausen / R. Martin / S. Washington,High Point,115.393350580846,92.7176349329113,22.6757156479342,23.5139448488888,328,324,82.8129328515508,-0.545404898115652,117.378048780488,91.9753086419753,25.4027401385125,#FFEBD2,#FFEBD2,#FFFFFF,#FFFFFF,#FFEBD2,#FFEBD2,#FFEBD2,#FFEBD2,#FFEBD2,#FFFFFF,#FFFFFF,#FFFFFF,#FFEBD2,#FFEBD2,#FFFFFF,#FFFFFF,#FFD7A5,#FFFFFF,#FFFFFF,#CBDEF0,#FFFFFF,#FFFDFC,#FFE0BA,#FFECD4,#FFFDFC,#FFD7A4,#FFEDD8,"1720865,,Scotty Washington","1948698,,Terry Anderson","2143405,,Rob Martin","2301115,,Owen Aquino","2321245,,Braden Hausen",2025
C. Davis / J. DeCady / P. Edmead / G. Plotnikov / S. Sunday,Hofstra,115.690608105026,98.1582478865614,17.5323602184645,19.4802097425759,365,377,47.9667235928927,0.920664841919701,114.520547945205,101.59151193634,12.9290360088659,#FFEBD2,#FFEBD2,#FFFFFF,#FFFFFF,#FFEBD2,#FFD7A5,#FFFFFF,#FFD7A5,#FFEBD2,#FFFFFF,#FFFFFF,#FFFFFF,#FFFFFF,#DCE9F5,#FFEBD2,#FFFFFF,#FFFFFF,#FFFFFF,#FFFFFF,#CBDEF0,#FFFFFF,#FFFDFA,#FFE7CA,#FFF7EE,#FBFDFE,#FFDDB4,#FFF3E4,"1890525,,German Plotnikov","1890622,,Cruz Davis","1890624,,Silas Sunday","2291373,,Joshua DeCady","2485194,,Preston Edmead",2025
C. Davis / J. DeCady / P. Edmead / V. Onuetu / G. Plotnikov,Hofstra,110.202319189648,90.465363218044,19.7369559716041,17.7394415433845,337,322,48.7748907975008,0.986851540451271,108.902077151335,94.0993788819876,14.8026982693477,#FFEBD2,#FFEBD2,#FFFFFF,#FFFFFF,#FFFFFF,#FFD7A5,#FFFFFF,#FFD7A5,#FFFFFF,#FFEBD2,#FFFFFF,#FFFFFF,#FFEBD2,#DCE9F5,#FFEBD2,#DCE9F5,#FFFFFF,#FFFFFF,#FFFFFF,#CBDEF0,#FFFFFF,#EBF3F9,#FFE4C3,#FFE7C9,#EEF4FA,#FFE0BA,#FFEEDA,"1890525,,German Plotnikov","1890622,,Cruz Davis","2291373,,Joshua DeCady","2485194,,Preston Edmead","2485508,,Victory Onuetu",2025
C. Davis / P. Edmead / V. Onuetu / B. Patterson / G. Plotnikov,Hofstra,113.915171009062,103.660867747259,10.2543032618028,18.076869829042,264,270,19.575505050505,0.584530686030593,113.257575757576,105.925925925926,7.33164983164982,#FFEBD2,#FFEBD2,#FFFFFF,#FFFFFF,#FFFFFF,#FFD7A5,#DCE9F5,#FFEBD2,#FFEBD2,#FFEBD2,#FFEBD2,#FFFFFF,#FFFFFF,#FFFFFF,#FFFFFF,#DCE9F5,#FFEBD2,#FFFFFF,#FFFFFF,#CBDEF0,#FFFFFF,#FBFCFD,#FFF1E0,#F7FAFC,#F8FBFD,#FFE0B9,#FFF4E6,"1890525,,German Plotnikov","1890622,,Cruz Davis","1910129,,Biggie Patterson","2485194,,Preston Edmead","2485508,,Victory Onuetu",2025
C. Davis / P. Edmead / B. Patterson / G. Plotnikov / S. Sunday,Hofstra,115.187968760817,99.4083818859314,15.7795868748856,20.5601881892987,209,194,26.7715804271692,0.498688548459084,114.832535885167,101.546391752577,13.2861441325901,#FFEBD2,#FFEBD2,#FFFFFF,#FFFFFF,#FFEBD2,#FFD7A5,#FFFFFF,#FFEBD2,#FFD7A5,#FFEBD2,#FFEBD2,#FFFFFF,#FFFFFF,#DCE9F5,#FFEBD2,#FFFFFF,#FFEBD2,#FFFFFF,#FFFFFF,#CBDEF0,#FFFFFF,#FFFEFD,#FFEACF,#FFFAF4,#FDFEFE,#FFDCAF,#FFF1E1,"1890525,,German Plotnikov","1890622,,Cruz Davis","1890624,,Silas Sunday","1910129,,Biggie Patterson","2485194,,Preston Edmead",2025
T. Boston / A. Disu / J. Nugent / A. Richard / G. Warren,Holy Cross,94.0830694112404,105.556733137766,-11.4736637265256,-7.13873416463597,223,226,-32.9547005833565,0.641098041630862,94.170403587444,108.849557522124,-14.6791539346799,#FFFFFF,#DCE9F5,#FFFFFF,#FFFFFF,#FFFFFF,#FFEBD2,#FFFFFF,#FFEBD2,#FFEBD2,#DCE9F5,#FFFFFF,#DCE9F5,#FFEBD2,#DCE9F5,#DCE9F5,#FFEBD2,#FFFFFF,#FFFFFF,#FFFFFF,#CBDEF0,#FFFFFF,#A9CAE6,#D6E5F3,#F0F6FA,#C9DDEF,#D8E7F3,#E9F1F8,"2119931,,Joe Nugent","2127737,,Gabe Warren","2299337,,Tyler Boston","2299340,,Aidan Richard","2534872,,Aiden Disu",2025
T. Boston / A. Disu / A. Richard / G. Warren / D. Williams,Holy Cross,98.7647301444191,118.871354322386,-20.1066241779666,-9.94091311083756,202,201,-34.1093911629969,-0.635777325618449,102.475247524752,119.402985074627,-16.9277375498744,#FFFFFF,#DCE9F5,#DCE9F5,#FFFFFF,#FFFFFF,#FFEBD2,#DCE9F5,#DCE9F5,#FFEBD2,#CBDEF0,#FFEBD2,#FFFFFF,#FFFFFF,#DCE9F5,#DCE9F5,#FFEBD2,#FFFFFF,#FFFFFF,#FFFFFF,#CBDEF0,#FFFFFF,#BCD6EB,#B7D2EA,#BFD7EC,#CBDEF0,#C9DDEF,#DEEAF5,"2119926,,DeAndre Williams","2127737,,Gabe Warren","2299337,,Tyler Boston","2299340,,Aidan Richard","2534872,,Aiden Disu",2025
T. Boston / A. Disu / J. Nugent / G. Warren / D. Williams,Holy Cross,109.089432806864,97.0021410362839,12.0872917705803,1.81091803593085,155,142,16.2870967741935,0.223909967019282,110.967741935484,100,10.9677419354839,#FFFFFF,#DCE9F5,#DCE9F5,#FFFFFF,#FFFFFF,#FFD7A5,#FFFFFF,#FFEBD2,#FFD7A5,#CBDEF0,#FFFFFF,#FFFFFF,#FFFFFF,#DCE9F5,#DCE9F5,#FFEBD2,#FFEBD2,#FFFFFF,#FFFFFF,#CBDEF0,#FFFFFF,#E7F0F8,#FFEEDA,#FFF5E8,#E9F1F8,#FFFBF8,#E8F1F8,"2119926,,DeAndre Williams","2119931,,Joe Nugent","2127737,,Gabe Warren","2299337,,Tyler Boston","2534872,,Aiden Disu",2025
C. Cenac Jr / K. Flemings / E. Sharp / J. Tugler / M. Uzan,Houston,128.180556674254,75.2102220048411,52.9703346694134,52.5835736607593,560,560,186,3.95120979102554,120.714285714286,87.5,33.2142857142857,#FFD7A5,#FFD7A5,#FFEBD2,#FFD7A5,#FFEBD2,#FFD7A5,#FFEBD2,#FFD7A5,#FFEBD2,#FFEBD2,#FFEBD2,#FFD7A5,#FFEBD2,#FFD7A5,#FFD7A5,#FFFFFF,#FFD7A5,#FFFFFF,#FFFFFF,#CBDEF0,#FFFFFF,#FFDFB8,#FFB85F,#FFC781,#FFE6C8,#FFA534,#FFCA89,"1890526,,Emanuel Sharp","1897590,,Milos Uzan","2111602,,Joseph Tugler","2505093,,Chris Cenac Jr","2505096,,Kingston Flemings",2025
C. Cenac Jr / K. Flemings / K. Sakho / E. Sharp / M. Uzan,Houston,121.88300731407,91.3576494132609,30.5253579008093,40.2517965650012,157,158,15.0922155930017,4.18859975882832,114.012738853503,104.430379746835,9.58235910666774,#FFD7A5,#FFD7A5,#FFEBD2,#FFEBD2,#FFEBD2,#FFD7A5,#FFEBD2,#FFD7A5,#FFEBD2,#FFEBD2,#FFEBD2,#FFEBD2,#FFD7A5,#FFEBD2,#FFEBD2,#FFFFFF,#FFEBD2,#FFFFFF,#FFFFFF,#CBDEF0,#FFFFFF,#FFEED9,#FFD6A3,#FFE9CE,#FFF0DE,#FFBA64,#FFD9AB,"1890526,,Emanuel Sharp","1897590,,Milos Uzan","2120109,,Kalifa Sakho","2505093,,Chris Cenac Jr","2505096,,Kingston Flemings",2025
Ale. Cotton / Cam. Gillus / Bry. Harris / Ose. Okojie / Ced. Taylor III,Howard,118.469520487889,99.8818738971027,18.5876465907865,22.1319001034385,371,363,108.239015986872,-2.18105465932891,124.258760107817,94.7658402203857,29.492919887431,#FFEBD2,#FFEBD2,#DCE9F5,#FFFFFF,#FFFFFF,#FFD7A5,#FFFFFF,#FFFFFF,#FFFFFF,#FFEBD2,#FFFFFF,#FFEBD2,#FFFFFF,#FFD7A5,#FFFFFF,#FFFFFF,#FFEBD2,#FFFFFF,#FFFFFF,#CBDEF0,#FFFFFF,#FFF6EB,#FFE6C7,#FFFBF6,#FEFEFE,#FFD9A9,#FFEFDC,"1737797,,Bryce Harris","1936261,,Ose Okojie","2099012,,Cam Gillus","2128711,,Alex Cotton","2160905,,Cedric Taylor III",2025
Tra. Bryson / Cam. Gillus / Bry. Harris / Ose. Okojie / Ced. Taylor III,Howard,116.857895641801,88.1370968183749,28.7207988234264,23.3956160125851,161,166,65.1222592232283,-2.22186582837016,122.360248447205,82.5301204819277,39.8301279652772,#FFEBD2,#FFEBD2,#DCE9F5,#FFFFFF,#FFFFFF,#FFD7A5,#FFFFFF,#FFFFFF,#FFFFFF,#FFEBD2,#FFEBD2,#FFEBD2,#DCE9F5,#FFEBD2,#FFFFFF,#FFFFFF,#FFD7A5,#FFFFFF,#FFFFFF,#CBDEF0,#FFFFFF,#FFFAF4,#FFD8A8,#FFE2BE,#F8FAFD,#FFD7A5,#FFE9CD,"1737797,,Bryce Harris","1936261,,Ose Okojie","2099012,,Cam Gillus","2160905,,Cedric Taylor III","2567182,,Travelle Bryson",2025
Ale. Cotton / Cam. Gillus / Bry. Harris / Dan. Kazakevicius / Ose. Okojie,Howard,86.7136179418882,89.1262790115402,-2.41266106965203,3.99004780896195,136,142,-4.69283347141674,0.192695623683513,86.7647058823529,90.1408450704225,-3.37613918806959,#FFFFFF,#FFEBD2,#FFFFFF,#FFFFFF,#FFFFFF,#FFFFFF,#FFFFFF,#FFFFFF,#FFFFFF,#FFEBD2,#DCE9F5,#FFEBD2,#FFFFFF,#FFEBD2,#FFFFFF,#FFFFFF,#FFFFFF,#FFFFFF,#FFFFFF,#CBDEF0,#FFFFFF,#8BB7DD,#F6F9FC,#FFE4C3,#C2D8ED,#FFF8EF,#FFF0DD,"1737797,,Bryce Harris","1936261,,Ose Okojie","2099012,,Cam Gillus","2128711,,Alex Cotton","2567181,,Danas Kazakevicius",2025
B. Johnson / K. Mitchell / J. Payne / J. Rasmussen / B. Rowbury,Idaho,102.847238048072,103.287557004824,-0.440318956752048,5.8331959060046,293,282,-11.5207380243507,0.713378853821812,102.730375426621,106.737588652482,-4.00721322586111,#FFEBD2,#FFFFFF,#FFFFFF,#FFFFFF,#FFFFFF,#FFD7A5,#FFFFFF,#FFFFFF,#FFFFFF,#FFFFFF,#FFFFFF,#FFFFFF,#FFFFFF,#FFFFFF,#DCE9F5,#FFFFFF,#FFFFFF,#FFFFFF,#FFFFFF,#CBDEF0,#FFFFFF,#CDE0F0,#FDFEFE,#F8FBFD,#DEEAF5,#FFF5E8,#FFFDFB,"1921971,,Jack Payne","1923942,,Brody Rowbury","2092791,,Kolton Mitchell","2110364,,Biko Johnson","2481333,,Jackson Rasmussen",2025
I. Brickner / B. Johnson / K. Mitchell / J. Rasmussen / B. Rowbury,Idaho,114.615449404303,89.8159123489814,24.7995370553214,15.6069736636025,171,158,36.5433784884151,0.516943461104997,114.619883040936,92.4050632911392,22.2148197497964,#FFEBD2,#FFFFFF,#FFFFFF,#FFFFFF,#FFEBD2,#FFD7A5,#DCE9F5,#FFFFFF,#FFFFFF,#FFFFFF,#FFEBD2,#FFFFFF,#FFFFFF,#FFFFFF,#DCE9F5,#FFFFFF,#FFEBD2,#FFFFFF,#FFFFFF,#CBDEF0,#FFFFFF,#FEFEFE,#FFDEB4,#FFE6C6,#F5F8FC,#FFE4C3,#FFF6EC,"1917752,,Isaiah Brickner","1923942,,Brody Rowbury","2092791,,Kolton Mitchell","2110364,,Biko Johnson","2481333,,Jackson Rasmussen",2025
K. Boswell / T. Ivisic / D. Mirkovic / A. Stojakovic / K. Wagler,Illinois,130.160793576654,98.6098738673556,31.5509197092985,41.6348398682596,210,215,29.8394241417497,3.50176755204795,123.809523809524,109.767441860465,14.0420819490587,#FFD7A5,#FFEBD2,#FFD7A5,#FFD7A5,#FFFFFF,#FFD7A5,#FFD7A5,#FFEBD2,#FFD7A5,#FFD7A5,#FFEBD2,#FFEBD2,#FFFFFF,#DCE9F5,#FFFFFF,#FFD7A5,#FFD7A5,#FFFFFF,#FFFFFF,#CBDEF0,#FFFFFF,#FFDBAD,#FFD5A0,#FFF8F0,#FFDAAD,#FFB85F,#FFEDD7,"1896870,,Kylan Boswell","2092655,,Andrej Stojakovic","2321442,,Tomislav Ivisic","2548104,,David Mirkovic","2548114,,Keaton Wagler",2025
K. Boswell / J. Davis / T. Ivisic / D. Mirkovic / K. Wagler,Illinois,131.557191154057,88.650363285195,42.9068278688624,43.9237212818877,159,160,36.1257468553459,4.05149135993601,123.899371069182,101.25,22.6493710691824,#FFD7A5,#FFEBD2,#FFD7A5,#FFD7A5,#FFFFFF,#FFD7A5,#FFD7A5,#FFEBD2,#FFD7A5,#FFD7A5,#FFFFFF,#FFEBD2,#FFEBD2,#DCE9F5,#FFFFFF,#FFD7A5,#FFEBD2,#FFFFFF,#FFFFFF,#CBDEF0,#FFFFFF,#FFD7A6,#FFC57D,#FFE3C1,#FFD6A4,#FFB456,#FFEDD6,"1896870,,Kylan Boswell","2161320,,Jake Davis","2321442,,Tomislav Ivisic","2548104,,David Mirkovic","2548114,,Keaton Wagler",2025
J. Davis / T. Ivisic / D. Mirkovic / A. Stojakovic / K. Wagler,Illinois,131.1088510457,91.0130743881386,40.0957766575615,41.3521901246388,143,139,24.4233536247925,4.55484985281833,123.076923076923,105.755395683453,17.3215273934698,#FFD7A5,#FFEBD2,#FFD7A5,#FFD7A5,#FFFFFF,#FFD7A5,#FFD7A5,#FFEBD2,#FFD7A5,#FFD7A5,#FFEBD2,#FFFFFF,#FFEBD2,#CBDEF0,#FFFFFF,#FFD7A5,#FFD7A5,#FFFFFF,#FFFFFF,#CBDEF0,#FFFFFF,#FFD8A8,#FFC986,#FFE8CC,#FFDBAF,#FFB860,#FFECD6,"2092655,,Andrej Stojakovic","2161320,,Jake Davis","2321442,,Tomislav Ivisic","2548104,,David Mirkovic","2548114,,Keaton Wagler",2025
E. Crawford / A. Johnson / M. Lowery / A. Momoh / R. Washington Jr,Illinois-Chicago,104.049116083562,80.0944551464061,23.9546609371561,19.3064425191142,205,211,38.6186105652526,1.07760424846462,102.926829268293,84.3601895734597,18.566639694833,#FFFFFF,#FFEBD2,#FFFFFF,#FFFFFF,#FFFFFF,#FFEBD2,#FFFFFF,#FFFFFF,#DCE9F5,#FFEBD2,#FFEBD2,#FFEBD2,#FFFFFF,#FFEBD2,#FFD7A5,#FFEBD2,#FFEBD2,#FFFFFF,#FFFFFF,#CBDEF0,#FFFFFF,#D2E3F2,#FFDFB6,#FFD198,#DCE9F5,#FFDEB4,#FFE1BB,"1687640,,Abdul Momoh","2118547,,Mekhi Lowery","2293406,,Elijah Crawford","2531850,,Andy Johnson","2531853,,Rashund Washington Jr",2025
D. Bailey / M. Glover / J. Pyke / T. Staveskie / H. Woods,Incarnate Word,87.0002802609194,109.3858049905,-22.3855247295809,-8.34255028435111,252,251,-71.9923322582685,1.24793141657038,84.9206349206349,113.545816733068,-28.6251818124328,#FFFFFF,#FFFFFF,#FFFFFF,#FFFFFF,#FFEBD2,#FFD7A5,#FFFFFF,#FFEBD2,#FFFFFF,#FFEBD2,#FFEBD2,#FFFFFF,#FFFFFF,#FFFFFF,#DCE9F5,#FFFFFF,#FFEBD2,#FFFFFF,#FFFFFF,#CBDEF0,#FFFFFF,#8CB8DD,#AFCDE7,#E2EDF6,#BFD7EC,#D1E2F1,#EFF5FA,"1697774,,Tahj Staveskie","1889833,,Harold Woods","2125367,,Davion Bailey","2138760,,Jordan Pyke","2161675,,Marcus Glover",2025
D. Bailey / J. Pyke / L. Rowe / T. Staveskie / H. Woods,Incarnate Word,120.748854694158,112.5762323912,8.17262230295823,6.82094630973804,131,118,7.72386466554534,0.393742988214884,120.610687022901,114.406779661017,6.20390736188381,#FFFFFF,#FFFFFF,#FFFFFF,#FFFFFF,#FFEBD2,#FFD7A5,#FFFFFF,#FFEBD2,#FFFFFF,#FFFFFF,#FFEBD2,#FFFFFF,#FFFFFF,#FFFFFF,#DCE9F5,#FFEBD2,#FFEBD2,#FFFFFF,#FFFFFF,#CBDEF0,#FFFFFF,#FFF1DF,#FFF4E6,#D6E6F3,#F8FAFD,#FFF3E4,#EBF2F9,"1697774,,Tahj Staveskie","1730249,,Lewis Rowe","1889833,,Harold Woods","2125367,,Davion Bailey","2138760,,Jordan Pyke",2025
X. Hall / M. Harding / I. Scott / C. Wagner / S. Young,Indiana State,100.6437845991,102.906445213681,-2.26266061458073,4.08741784551245,182,185,-6.97594297594296,0.307788637404612,98.9010989010989,102.702702702703,-3.80160380160379,#FFFFFF,#FFFFFF,#FFFFFF,#FFFFFF,#FFFFFF,#FFD7A5,#FFEBD2,#FFFFFF,#FFEBD2,#DCE9F5,#DCE9F5,#FFEBD2,#CBDEF0,#DCE9F5,#FFFFFF,#FFEBD2,#FFFFFF,#FFFFFF,#FFFFFF,#CBDEF0,#FFFFFF,#C4DAEE,#F6FAFC,#FAFCFD,#D5E5F3,#FFF8EF,#FFFBF7,"1910773,,Markus Harding","1933322,,Xavier Hall","2127736,,Camp Wagner","2160273,,Sterling Young","2503128,,Ian Scott",2025
X. Hall / I. Scott / D. Vorst / C. Wagner / S. Young,Indiana State,112.445627339841,88.1564399978402,24.2891873420007,12.9153038821715,129,124,17.9279507376844,2.02337885374647,108.527131782946,94.3548387096774,14.1722930732683,#FFFFFF,#FFFFFF,#FFFFFF,#FFFFFF,#FFFFFF,#FFEBD2,#FFEBD2,#FFFFFF,#FFFFFF,#DCE9F5,#FFFFFF,#FFD7A5,#DCE9F5,#DCE9F5,#FFFFFF,#FFFFFF,#FFFFFF,#FFFFFF,#FFFFFF,#CBDEF0,#FFFFFF,#F5F8FC,#FFDEB5,#FFE2BE,#EEF4FA,#FFE9CD,#FFF8F0,"1933322,,Xavier Hall","2127736,,Camp Wagner","2133599,,Derek Vorst","2160273,,Sterling Young","2503128,,Ian Scott",2025
T. Banks / K. Combs / C. Koch / C. Manyawu / B. Stirtz,Iowa,112.229080855252,80.4020959865012,31.8269848687509,33.4717781402154,339,331,47.066411785151,3.55546194180086,106.194690265487,92.1450151057402,14.0496751597466,#FFD7A5,#FFD7A5,#FFEBD2,#FFFFFF,#FFFFFF,#FFD7A5,#FFD7A5,#FFD7A5,#FFFFFF,#FFEBD2,#FFD7A5,#FFEBD2,#FFEBD2,#FFD7A5,#FFFFFF,#FFFFFF,#FFEBD2,#FFFFFF,#FFFFFF,#CBDEF0,#FFFFFF,#F4F8FB,#FFD49F,#FFD299,#FCFDFE,#FFC67E,#FFD7A5,"1891715,,Bennett Stirtz","2118746,,Cam Manyawu","2118750,,Kael Combs","2307600,,Cooper Koch","2317317,,Tavion Banks",2025
T. Banks / K. Combs / A. Folgueiras / C. Koch / B. Stirtz,Iowa,129.359522326963,95.7468737772518,33.6126485497112,38.481778915861,150,146,20.3956164383561,3.9663653263806,122,108.219178082192,13.7808219178082,#FFD7A5,#FFD7A5,#FFEBD2,#FFFFFF,#FFFFFF,#FFD7A5,#FFD7A5,#FFD7A5,#FFD7A5,#FFFFFF,#FFD7A5,#FFD7A5,#FFFFFF,#FFEBD2,#FFFFFF,#FFFFFF,#FFEBD2,#FFFFFF,#FFFFFF,#CBDEF0,#FFFFFF,#FFDCB1,#FFD299,#FFF2E2,#FFE9CD,#FFBD6B,#FFE5C4,"1891715,,Bennett Stirtz","2118750,,Kael Combs","2137301,,Alvaro Folgueiras","2307600,,Cooper Koch","2317317,,Tavion Banks",2025
T. Banks / A. Folgueiras / I. Howard / C. Koch / B. Stirtz,Iowa,148.992863939908,83.3813901696021,65.6114737703061,52.2513805848054,141,145,71.755294693079,3.08658920258165,143.971631205674,93.7931034482759,50.1785277573979,#FFD7A5,#FFD7A5,#FFEBD2,#FFFFFF,#FFFFFF,#FFD7A5,#FFD7A5,#FFEBD2,#FFEBD2,#FFEBD2,#FFD7A5,#FFEBD2,#FFEBD2,#FFD7A5,#FFFFFF,#FFFFFF,#FFEBD2,#FFFFFF,#FFFFFF,#CBDEF0,#FFFFFF,#FFAE49,#FFA739,#FFD8A8,#FFD8A7,#FFA636,#FFDAAD,"1891715,,Bennett Stirtz","2137301,,Alvaro Folgueiras","2307600,,Cooper Koch","2317317,,Tavion Banks","2317319,,Isaia Howard",2025
B. Buchanan / J. Jefferson / T. Lipsey / M. Momcilovic / K. Toure,Iowa State,123.40982384291,82.2951685662869,41.114655276623,45.6285121973438,386,394,93.3482812130138,3.43583971106749,116.321243523316,92.3857868020305,23.9354567212856,#FFD7A5,#FFD7A5,#FFEBD2,#FFEBD2,#FFD7A5,#FFD7A5,#FFEBD2,#FFD7A5,#FFFFFF,#FFEBD2,#FFEBD2,#FFD7A5,#FFFFFF,#FFD7A5,#FFEBD2,#FFEBD2,#FFD7A5,#FFFFFF,#FFFFFF,#CBDEF0,#FFFFFF,#FFEAD1,#FFC883,#FFD6A2,#FFEFDB,#FFB14F,#FFD096,"1908247,,Tamin Lipsey","1908432,,Joshua Jefferson","2097924,,Blake Buchanan","2099047,,Milan Momcilovic","2535039,,Killyan Toure",2025
B. Buchanan / N. Heise / J. Jefferson / T. Lipsey / M. Momcilovic,Iowa State,123.99684829492,94.3902134677238,29.6066348271957,45.1569304072753,142,144,17.2176251956181,3.51326749752052,116.901408450704,104.861111111111,12.0402973395931,#FFD7A5,#FFD7A5,#FFEBD2,#FFEBD2,#FFD7A5,#FFD7A5,#FFD7A5,#FFD7A5,#DCE9F5,#FFEBD2,#FFD7A5,#FFD7A5,#FFEBD2,#FFD7A5,#FFEBD2,#FFD7A5,#FFEBD2,#FFFFFF,#FFFFFF,#CBDEF0,#FFFFFF,#FFE9CE,#FFD7A5,#FFEFDC,#FFECD5,#FFB251,#FFD49E,"1596201,,Nate Heise","1908247,,Tamin Lipsey","1908432,,Joshua Jefferson","2097924,,Blake Buchanan","2099047,,Milan Momcilovic",2025
B. Buchanan / N. Heise / J. Jefferson / M. Momcilovic / K. Toure,Iowa State,136.213197768501,71.7345100505662,64.4786877179345,48.7264818246979,132,138,71.3241106719368,2.32920262922589,131.818181818182,78.9855072463768,52.832674571805,#FFD7A5,#FFD7A5,#FFD7A5,#FFEBD2,#FFD7A5,#FFEBD2,#FFEBD2,#FFD7A5,#FFFFFF,#FFEBD2,#FFD7A5,#FFFFFF,#FFEBD2,#FFD7A5,#FFEBD2,#FFEBD2,#FFFFFF,#FFFFFF,#FFFFFF,#CBDEF0,#FFFFFF,#FFCC8D,#FFA93D,#FFC070,#FFEAD0,#FFAC43,#FFCF93,"1596201,,Nate Heise","1908432,,Joshua Jefferson","2097924,,Blake Buchanan","2099047,,Milan Momcilovic","2535039,,Killyan Toure",2025
K. D'Augustino / M. Davis / J. Edwards / M. Mitchell / F. Woodward,IU Indy,111.158798283262,132.173913043478,-21.0151147602164,-4.97524409235981,233,230,-48.6499906699011,0,111.158798283262,132.173913043478,-21.0151147602164,#FFFFFF,#DCE9F5,#DCE9F5,#FFFFFF,#DCE9F5,#FFD7A5,#FFFFFF,#FFFFFF,#FFFFFF,#FFFFFF,#DCE9F5,#FFD7A5,#FFFFFF,#FFEBD2,#FFFFFF,#FFFFFF,#FFFFFF,#FFFFFF,#FFFFFF,#CBDEF0,#FFFFFF,#EFF5FA,#B4D0E9,#8EB9DE,#EBF2F9,#E3EEF7,#CEE0F1,"1908371,,Finley Woodward","1909055,,Jaxon Edwards","2173111,,Kyler D'Augustino","2334508,,Micah Davis","2471964,,Maguire Mitchell",2025
"J. Jones / D. Rivers / E. Sterck / J. Thirdkill, Jr. / H. Wood",Jacksonville,103.736560517133,104.551530991308,-0.81497047417434,0.242700716616939,193,183,-7.72354823182992,0.658659972381081,105.181347150259,109.289617486339,-4.10827033607974,#FFFFFF,#FFFFFF,#DCE9F5,#FFFFFF,#FFFFFF,#FFEBD2,#FFFFFF,#FFFFFF,#FFFFFF,#FFFFFF,#FFFFFF,#FFFFFF,#DCE9F5,#FFFFFF,#FFFFFF,#FFFFFF,#FFFFFF,#FFFFFF,#FFFFFF,#CBDEF0,#FFFFFF,#D1E2F1,#FCFDFE,#F4F8FB,#D4E4F2,#FFFEFE,#F8FAFD,"1948699,,Jason Thirdkill, Jr.","2127715,,Jaylen Jones","2143489,,Donovan Rivers","2474833,,Hayden Wood","2474834,,Evan Sterck",2025
C. Davis / B. Douglas / J. McBride / G. Newhof / E. Ricks III,James Madison,115.588814596376,111.62429389086,3.96452070551532,7.29123393223838,258,243,3.84776055124895,0.485697709865623,115.116279069767,113.58024691358,1.53603215618721,#FFEBD2,#FFFFFF,#FFFFFF,#FFFFFF,#FFEBD2,#FFEBD2,#FFEBD2,#FFEBD2,#FFFFFF,#FFFFFF,#FFFFFF,#FFFFFF,#FFFFFF,#DCE9F5,#FFFFFF,#FFD7A5,#FFD7A5,#FFFFFF,#FFFFFF,#CBDEF0,#FFFFFF,#FFFDFB,#FFF9F3,#DAE8F4,#FAFCFD,#FFF2E2,#E9F1F8,"2100338,,Cliff Davis","2105469,,Justin McBride","2132546,,Eddie Ricks III","2146972,,Bradley Douglas","2550017,,Gabe Newhof",2025
C. Davis / K. Egbule / P. Fowler / J. McBride / G. Newhof,James Madison,100.958559605162,92.574575610071,8.38398399509134,5.0639951704702,164,152,13.4370988446727,-0.0241017889149807,100.609756097561,92.1052631578947,8.50449293966624,#FFFFFF,#FFFFFF,#FFFFFF,#FFFFFF,#FFFFFF,#FFFFFF,#FFEBD2,#FFFFFF,#DCE9F5,#FFFFFF,#FFFFFF,#DCE9F5,#FFFFFF,#DCE9F5,#FFFFFF,#FFFFFF,#FFEBD2,#FFFFFF,#FFFFFF,#CBDEF0,#FFFFFF,#C5DBEE,#FFF3E5,#FFEBD3,#DAE8F4,#FFF6EB,#FFFCF9,"2100338,,Cliff Davis","2105469,,Justin McBride","2549987,,Kose Egbule","2549994,,Preston Fowler","2550017,,Gabe Newhof",2025
C. Brown / C. Davis / B. Douglas / J. McBride / E. Ricks III,James Madison,89.6367146158943,124.568966650666,-34.9322520347722,-3.90306157033888,156,149,-61.6521467905696,1.09907704098912,89.1025641025641,129.530201342282,-40.4276372397178,#FFEBD2,#FFFFFF,#FFFFFF,#FFEBD2,#FFEBD2,#FFEBD2,#FFFFFF,#FFFFFF,#FFFFFF,#FFFFFF,#FFEBD2,#FFFFFF,#FFFFFF,#FFFFFF,#FFEBD2,#FFFFFF,#FFEBD2,#FFFFFF,#FFFFFF,#CBDEF0,#FFFFFF,#97BEE1,#82B1DB,#AACAE6,#D1E2F1,#E9F1F8,#ECF3F9,"2100338,,Cliff Davis","2105469,,Justin McBride","2132546,,Eddie Ricks III","2146972,,Bradley Douglas","2549971,,Christian Brown",2025
F. Bidunga / M. Council Jr. / D. Peterson / B. Tiller / T. White,Kansas,122.776074401369,79.4085170716983,43.3675573296704,44.1466444800634,366,374,71.2786008591216,4.82061412219778,113.114754098361,93.8502673796791,19.2644867186815,#FFD7A5,#FFD7A5,#FFD7A5,#FFD7A5,#FFFFFF,#FFD7A5,#FFEBD2,#FFEBD2,#FFEBD2,#FFD7A5,#FFD7A5,#FFEBD2,#FFFFFF,#FFFFFF,#FFD7A5,#FFD7A5,#FFD7A5,#FFFFFF,#FFFFFF,#CBDEF0,#FFFFFF,#FFECD4,#FFC57C,#FFD095,#FFF1DF,#FFB455,#FFD198,"1920562,,Tre White","2110317,,Melvin Council Jr.","2321327,,Flory Bidunga","2483807,,Bryson Tiller","2483811,,Darryn Peterson",2025
F. Bidunga / M. Council Jr. / J. McDowell / B. Tiller / T. White,Kansas,113.667817375363,77.7787494205342,35.8890679548289,34.2503915769536,209,203,28.1224691823603,4.44747677714439,104.784688995215,91.1330049261084,13.6516840691069,#FFEBD2,#FFD7A5,#FFEBD2,#FFD7A5,#FFEBD2,#FFEBD2,#FFD7A5,#FFFFFF,#FFFFFF,#FFEBD2,#FFD7A5,#FFFFFF,#FFEBD2,#DCE9F5,#FFD7A5,#FFD7A5,#FFFFFF,#FFFFFF,#FFFFFF,#CBDEF0,#FFFFFF,#FAFCFD,#FFCF93,#FFCC8D,#FBFDFE,#FFC47B,#FFD5A1,"1920562,,Tre White","2110317,,Melvin Council Jr.","2119860,,Jamari McDowell","2321327,,Flory Bidunga","2483807,,Bryson Tiller",2025
F. Bidunga / M. Council Jr. / E. Jackson / J. McDowell / T. White,Kansas,136.700640484389,92.2091069038986,44.49153358049,39.1270630433737,136,137,33.1652801631602,4.03892500721007,128.676470588235,104.379562043796,24.2969085444397,#FFEBD2,#FFD7A5,#FFFFFF,#FFD7A5,#FFEBD2,#FFEBD2,#FFEBD2,#FFFFFF,#FFEBD2,#FFFFFF,#FFFFFF,#FFEBD2,#FFEBD2,#FFFFFF,#FFD7A5,#FFD7A5,#FFFFFF,#FFFFFF,#FFFFFF,#CBDEF0,#FFFFFF,#FFCB8A,#FFC379,#FFEBD2,#FFEBD3,#FFBC68,#FFE1BB,"1920562,,Tre White","2110317,,Melvin Council Jr.","2119860,,Jamari McDowell","2119864,,Elmarko Jackson","2321327,,Flory Bidunga",2025
D. Castillo / P. Haggerty / N. Johnson / T. Manning / K. McGriff,Kansas State,104.015175795028,93.7948226256981,10.22035316933,19.3942642018432,178,174,-21.0595376469069,4.43719991192359,95.5056179775281,107.471264367816,-11.965646390288,#FFEBD2,#FFEBD2,#FFFFFF,#FFEBD2,#FFEBD2,#FFEBD2,#FFD7A5,#FFEBD2,#FFFFFF,#FFEBD2,#FFFFFF,#FFEBD2,#FFFFFF,#FFEBD2,#FFFFFF,#FFFFFF,#FFEBD2,#FFFFFF,#FFFFFF,#CBDEF0,#FFFFFF,#D2E3F2,#FFF1E0,#FFEED9,#EBF3F9,#FFDEB4,#FFE9CF,"1694425,,Khamari McGriff","1701910,,Nate Johnson","1910323,,Taj Manning","1917531,,PJ Haggerty","2313647,,David Castillo",2025
A. Bashir Jr. / P. Haggerty / N. Johnson / K. McGriff / E. Rapieque,Kansas State,110.803853829968,100.877306229137,9.92654760083126,21.8788939391075,168,174,0.526477832512289,1.92373316548645,108.928571428571,108.620689655172,0.307881773398999,#FFD7A5,#FFEBD2,#FFEBD2,#FFEBD2,#FFEBD2,#FFD7A5,#FFEBD2,#FFD7A5,#FFFFFF,#FFFFFF,#FFFFFF,#FFD7A5,#DCE9F5,#FFEBD2,#FFFFFF,#FFFFFF,#FFD7A5,#FFFFFF,#FFFFFF,#CBDEF0,#FFFFFF,#EEF4FA,#FFF1E1,#FFFDFB,#FFFDFB,#FFD9AA,#FFF1E0,"1694425,,Khamari McGriff","1701910,,Nate Johnson","1917531,,PJ Haggerty","2143422,,Abdi Bashir Jr.","2510655,,Elias Rapieque",2025
D. Castillo / P. Haggerty / N. Johnson / C. Jones / T. Manning,Kansas State,116.776965587032,108.203803667974,8.5731619190579,15.4571612356063,139,150,-14.422278177458,3.71079545335594,109.352517985612,119.333333333333,-9.98081534772182,#FFFFFF,#FFFFFF,#DCE9F5,#FFEBD2,#FFD7A5,#FFD7A5,#FFFFFF,#FFFFFF,#FFEBD2,#FFFFFF,#FFFFFF,#FFEBD2,#FFFFFF,#FFEBD2,#DCE9F5,#FFD7A5,#FFFFFF,#FFFFFF,#FFFFFF,#CBDEF0,#FFFFFF,#FFFAF4,#FFF3E5,#E6F0F8,#F3F7FB,#FFE4C3,#FFF6EB,"1701910,,Nate Johnson","1910323,,Taj Manning","1917531,,PJ Haggerty","1933807,,CJ Jones","2313647,,David Castillo",2025
D. Buca / D. Castillo / P. Haggerty / N. Johnson / T. Manning,Kansas State,110.303323687024,77.8595850179754,32.4437386690484,21.7029179348932,130,129,20.0466308884913,3.39274296338631,103.076923076923,87.5968992248062,15.4800238521169,#FFFFFF,#FFEBD2,#FFFFFF,#FFEBD2,#FFEBD2,#FFEBD2,#FFEBD2,#FFFFFF,#FFFFFF,#FFEBD2,#FFEBD2,#FFEBD2,#DCE9F5,#FFFFFF,#FFEBD2,#FFFFFF,#FFFFFF,#FFFFFF,#FFFFFF,#CBDEF0,#FFFFFF,#ECF3F9,#FFD39D,#FFCC8D,#E6EFF8,#FFDAAB,#FFE2BE,"1701910,,Nate Johnson","1910323,,Taj Manning","1917531,,PJ Haggerty","2313647,,David Castillo","2510652,,Dorin Buca",2025
D. Gillespie / C. Medley / M. Safford / R. Whaley Jr. / J. Williamson,Kent State,119.447350907642,104.49984929206,14.9475016155816,17.7199999491535,514,500,55.9948949416342,0.780628727785578,119.844357976654,108.8,11.0443579766537,#FFEBD2,#FFFFFF,#DCE9F5,#FFFFFF,#FFEBD2,#FFD7A5,#FFFFFF,#FFFFFF,#FFFFFF,#FFEBD2,#FFFFFF,#FFFFFF,#DCE9F5,#FFFFFF,#FFFFFF,#FFFFFF,#FFD7A5,#FFFFFF,#FFFFFF,#CBDEF0,#FFFFFF,#FFF4E6,#FFEBD2,#F4F8FB,#FFFBF7,#FFE0BA,#FFFBF8,"1321429,,Morgan Safford","1908235,,Delrecco Gillespie","2117914,,Jahari Williamson","2126134,,Rob Whaley Jr.","2134408,,Cian Medley",2025
M. Entenmann / D. Gillespie / C. Medley / M. Safford / J. Williamson,Kent State,117.966192167469,103.237573337107,14.728618830362,15.3029575930333,157,146,17.5346610243434,0.63091703018549,119.108280254777,107.534246575342,11.5740336794346,#FFEBD2,#FFFFFF,#DCE9F5,#FFFFFF,#FFEBD2,#FFEBD2,#FFFFFF,#FFFFFF,#FFD7A5,#FFEBD2,#FFFFFF,#FFFFFF,#FFFFFF,#FFFFFF,#FFFFFF,#FFFFFF,#FFFFFF,#FFFFFF,#FFFFFF,#CBDEF0,#FFFFFF,#FFF7EE,#FFEBD2,#F9FBFD,#FDFEFE,#FFE5C4,#FFFCF9,"1321429,,Morgan Safford","1908234,,Magnus Entenmann","1908235,,Delrecco Gillespie","2117914,,Jahari Williamson","2134408,,Cian Medley",2025
D. Gillespie / C. Medley / M. Safford / R. Whaley Jr. / Q. Woidke,Kent State,99.5625887475115,91.0682559650716,8.49433278243988,13.0313419283889,129,126,4.07115171650055,1.06025452252711,99.2248062015504,96.031746031746,3.19306016980435,#FFEBD2,#FFFFFF,#DCE9F5,#FFFFFF,#FFEBD2,#FFD7A5,#FFFFFF,#FFFFFF,#FFFFFF,#FFEBD2,#FFEBD2,#FFEBD2,#CBDEF0,#FFFFFF,#FFFFFF,#FFFFFF,#FFD7A5,#FFFFFF,#FFFFFF,#CBDEF0,#FFFFFF,#C0D8EC,#FFF3E5,#FFE8CC,#E6EFF7,#FFE8CC,#FFF3E5,"1321429,,Morgan Safford","1908235,,Delrecco Gillespie","2126134,,Rob Whaley Jr.","2134408,,Cian Medley","2550195,,Quinn Woidke",2025
D. Aberdeen / C. Chandler / A. Jelavic / M. Moreno / O. Oweh,Kentucky,116.661604974489,94.0966238246742,22.5649811498146,30.1742982956274,305,292,-9.13666067819447,5.1251677996912,107.213114754098,110.27397260274,-3.06085784864136,#FFD7A5,#FFD7A5,#FFD7A5,#FFD7A5,#FFEBD2,#FFFFFF,#FFEBD2,#FFEBD2,#FFFFFF,#FFEBD2,#FFFFFF,#FFEBD2,#FFFFFF,#FFEBD2,#FFEBD2,#FFEBD2,#FFEBD2,#FFFFFF,#FFFFFF,#CBDEF0,#FFFFFF,#FFFAF5,#FFE1BB,#FFEFDB,#FFF9F3,#FFCB8B,#FFE4C3,"1890518,,Denzel Aberdeen","1897589,,Otega Oweh","2319782,,Collin Chandler","2506861,,Andrija Jelavic","2506866,,Malachi Moreno",2025
D. Aberdeen / C. Chandler / M. Dioubate / B. Garrison / O. Oweh,Kentucky,129.779173349165,91.6453864934715,38.1337868556934,41.3855520730439,243,262,45.5099660729432,4.02200758318279,122.222222222222,104.198473282443,18.0237489397795,#FFD7A5,#FFD7A5,#FFEBD2,#FFD7A5,#FFD7A5,#FFFFFF,#FFEBD2,#FFEBD2,#FFFFFF,#FFEBD2,#FFFFFF,#FFEBD2,#FFEBD2,#FFD7A5,#FFEBD2,#DCE9F5,#FFD7A5,#FFFFFF,#FFFFFF,#CBDEF0,#FFFFFF,#FFDBAF,#FFCC8C,#FFE9CF,#FFEBD2,#FFB85F,#FFDCB2,"1890518,,Denzel Aberdeen","1897589,,Otega Oweh","2099732,,Mouhamed Dioubate","2105470,,Brandon Garrison","2319782,,Collin Chandler",2025
D. Aberdeen / C. Chandler / M. Dioubate / M. Moreno / O. Oweh,Kentucky,135.119908464384,99.8628874368016,35.257021027582,44.8309144197106,192,183,23.1173155737705,4.58555721098089,127.083333333333,114.754098360656,12.3292349726776,#FFD7A5,#FFD7A5,#FFEBD2,#FFD7A5,#FFEBD2,#FFFFFF,#FFEBD2,#FFD7A5,#FFFFFF,#FFD7A5,#FFEBD2,#FFEBD2,#FFEBD2,#FFD7A5,#FFD7A5,#FFFFFF,#FFD7A5,#FFFFFF,#FFFFFF,#CBDEF0,#FFFFFF,#FFCF93,#FFD094,#FFFBF6,#FFE3C2,#FFB252,#FFDDB3,"1890518,,Denzel Aberdeen","1897589,,Otega Oweh","2099732,,Mouhamed Dioubate","2319782,,Collin Chandler","2506866,,Malachi Moreno",2025
M. Butler / C. Humphrey-Rembert / S. Jackson / A. Phillips / C. Williams,Lafayette,96.2157084424828,108.206061494264,-11.990353051781,-10.5534299322297,556,533,-68.8755348441696,0.131792928456278,97.4820143884892,110.131332082552,-12.6493176940624,#FFFFFF,#DCE9F5,#DCE9F5,#FFFFFF,#FFFFFF,#FFD7A5,#FFFFFF,#FFFFFF,#FFFFFF,#DCE9F5,#FFFFFF,#FFEBD2,#FFEBD2,#DCE9F5,#FFFFFF,#FFEBD2,#FFFFFF,#FFFFFF,#FFFFFF,#CBDEF0,#FFFFFF,#B2CFE8,#D4E4F2,#E6F0F8,#C2D9ED,#C5DBEE,#E5EEF7,"2119962,,Mark Butler","2119964,,Andrew Phillips","2313874,,Caleb Williams","2536824,,Christian Humphrey-Rembert","2536828,,Shareef Jackson",2025
M. Butler / C. Humphrey-Rembert / R. Pettit / A. Phillips / C. Williams,Lafayette,117.445753764843,124.018911139221,-6.57315737437752,-3.37682618507731,137,132,-3.11631829241317,-0.851238420241574,121.167883211679,123.484848484848,-2.31696527316965,#FFFFFF,#DCE9F5,#CBDEF0,#FFFFFF,#FFEBD2,#FFD7A5,#DCE9F5,#FFFFFF,#FFFFFF,#CBDEF0,#FFFFFF,#FFEBD2,#FFD7A5,#FFFFFF,#CBDEF0,#FFD7A5,#FFFFFF,#FFFFFF,#FFFFFF,#CBDEF0,#FFFFFF,#FFF8F1,#E7F0F8,#ACCCE7,#ECF3F9,#ECF3F9,#D3E3F2,"1933146,,Ryan Pettit","2119962,,Mark Butler","2119964,,Andrew Phillips","2313874,,Caleb Williams","2536824,,Christian Humphrey-Rembert",2025
H. Alvey / E. Benoit / J. Ingram / J. Vazquez / N. Whitlock,Lehigh,103.742605298951,109.21913089695,-5.47652559799821,1.82562190579132,358,369,-9.00343673827795,-0.599930333449549,107.821229050279,110.29810298103,-2.47687393075047,#FFFFFF,#FFFFFF,#FFFFFF,#FFFFFF,#FFFFFF,#FFEBD2,#FFFFFF,#FFEBD2,#FFFFFF,#DCE9F5,#FFEBD2,#FFEBD2,#DCE9F5,#FFFFFF,#FFFFFF,#FFEBD2,#FFFFFF,#FFFFFF,#FFFFFF,#CBDEF0,#FFFFFF,#D1E2F1,#EBF2F9,#E3EDF6,#D6E5F3,#FFFBF7,#FCFDFE,"2099013,,Joshua Ingram","2099015,,Nasir Whitlock","2313903,,Edouard Benoit","2313906,,Hank Alvey","2547924,,Jalen Vazquez",2025
H. Alvey / J. Ingram / P. Kramer / C. Thomas / N. Whitlock,Lehigh,96.3994540235038,103.83501679901,-7.4355627755058,-4.12612907667842,171,176,-11.9736675970229,-0.106862688009187,97.0760233918129,103.977272727273,-6.90124933545987,#FFFFFF,#FFFFFF,#DCE9F5,#FFFFFF,#FFFFFF,#FFEBD2,#FFFFFF,#FFEBD2,#FFFFFF,#DCE9F5,#CBDEF0,#FFEBD2,#FFFFFF,#FFFFFF,#FFFFFF,#FFD7A5,#FFFFFF,#FFFFFF,#FFFFFF,#CBDEF0,#FFFFFF,#B3D0E9,#E4EEF7,#F6F9FC,#C8DDEF,#E8F1F8,#F5F8FC,"2099013,,Joshua Ingram","2099015,,Nasir Whitlock","2313905,,Peter Kramer","2313906,,Hank Alvey","2547921,,Caleb Thomas",2025
H. Alvey / E. Benoit / J. Ingram / A. Urosevic / N. Whitlock,Lehigh,117.44809937735,92.0500934787494,25.398005898601,11.4311911942195,167,146,37.49144860963,0.288361740789845,119.161676646707,95.2054794520548,23.9561971946518,#FFFFFF,#FFFFFF,#FFFFFF,#FFFFFF,#FFFFFF,#FFEBD2,#FFFFFF,#FFEBD2,#FFFFFF,#DCE9F5,#FFFFFF,#FFFFFF,#FFFFFF,#DCE9F5,#FFFFFF,#FFEBD2,#FFEBD2,#FFFFFF,#FFFFFF,#CBDEF0,#FFFFFF,#FFF8F1,#FFDDB2,#FFEAD1,#F1F6FB,#FFEBD3,#FFFDFB,"2099013,,Joshua Ingram","2099015,,Nasir Whitlock","2313903,,Edouard Benoit","2313906,,Hank Alvey","2547922,,Andrew Urosevic",2025
H. Alvey / J. Ingram / P. Kramer / J. Vazquez / N. Whitlock,Lehigh,121.292374369164,97.2622492610731,24.030125108091,11.9838726964686,146,150,40.4398173515982,-0.658815161030212,124.657534246575,97.3333333333333,27.324200913242,#FFFFFF,#FFFFFF,#FFFFFF,#FFFFFF,#FFFFFF,#FFFFFF,#FFFFFF,#FFEBD2,#FFFFFF,#DCE9F5,#DCE9F5,#FFEBD2,#FFFFFF,#FFFFFF,#FFFFFF,#FFEBD2,#FFFFFF,#FFFFFF,#FFFFFF,#CBDEF0,#FFFFFF,#FFEFDC,#FFDFB6,#FFF5EA,#F2F6FB,#FFEAD0,#FFFCF9,"2099013,,Joshua Ingram","2099015,,Nasir Whitlock","2313905,,Peter Kramer","2313906,,Hank Alvey","2547924,,Jalen Vazquez",2025
M. Cooper / A. Futrell / J. Jones / M. Nenadic / D. Williams,Lindenwood,108.108108108108,99.8015873015873,8.30652080652081,10.0859474666345,518,504,42.4463213213213,0,108.108108108108,99.8015873015873,8.30652080652081,#FFFFFF,#FFEBD2,#FFFFFF,#FFFFFF,#FFFFFF,#FFD7A5,#FFFFFF,#CBDEF0,#DCE9F5,#FFEBD2,#FFFFFF,#FFFFFF,#DCE9F5,#FFD7A5,#FFFFFF,#FFEBD2,#FFEBD2,#FFFFFF,#FFFFFF,#CBDEF0,#FFFFFF,#E3EDF7,#FFF3E6,#FFFBF6,#DEEAF5,#FFEDD8,#FFF4E7,"1700055,,Milos Nenadic","2137341,,Mekhi Cooper","2150135,,Anias Futrell","2313766,,Dontrez Williams","2319958,,Jadis Jones",2025
A. Futrell / C. Jackson / J. Jones / M. Nenadic / D. Williams,Lindenwood,112.371134020619,97.2375690607735,15.1335649598451,11.9642012805014,194,181,28.3754342997095,0,112.371134020619,97.2375690607735,15.1335649598451,#FFFFFF,#FFEBD2,#FFFFFF,#FFFFFF,#FFFFFF,#FFD7A5,#FFFFFF,#CBDEF0,#DCE9F5,#FFEBD2,#FFFFFF,#FFFFFF,#DCE9F5,#FFEBD2,#FFFFFF,#FFEBD2,#FFEBD2,#FFFFFF,#FFFFFF,#CBDEF0,#FFFFFF,#F4F8FC,#FFEAD1,#FFF5EA,#E1ECF6,#FFEAD1,#FFF2E3,"1700055,,Milos Nenadic","2150135,,Anias Futrell","2313766,,Dontrez Williams","2319958,,Jadis Jones","2319963,,Clayton Jackson",2025
M. Cooper / A. Futrell / C. Jackson / J. Jones / M. Nenadic,Lindenwood,102.380952380952,105.882352941176,-3.5014005602241,0.774906305222656,168,170,-5.91736694677873,0,102.380952380952,105.882352941176,-3.5014005602241,#FFFFFF,#FFFFFF,#FFFFFF,#FFFFFF,#FFFFFF,#FFD7A5,#FFFFFF,#CBDEF0,#FFFFFF,#FFFFFF,#FFFFFF,#FFFFFF,#FFFFFF,#FFFFFF,#FFFFFF,#FFEBD2,#FFFFFF,#FFFFFF,#FFFFFF,#CBDEF0,#FFFFFF,#CBDFF0,#F2F7FB,#EFF5FA,#D0E2F1,#FFFDFC,#FEFEFE,"1700055,,Milos Nenadic","2137341,,Mekhi Cooper","2150135,,Anias Futrell","2319958,,Jadis Jones","2319963,,Clayton Jackson",2025
M. Cooper / C. Jackson / J. Jones / M. Nenadic / D. Williams,Lindenwood,98.7261146496815,97.4842767295598,1.24183792012178,-1.26498226227096,157,159,1.96210391379241,0,98.7261146496815,97.4842767295598,1.24183792012178,#DCE9F5,#FFFFFF,#FFFFFF,#FFFFFF,#FFFFFF,#FFEBD2,#FFFFFF,#CBDEF0,#DCE9F5,#FFFFFF,#FFFFFF,#FFFFFF,#DCE9F5,#FFEBD2,#FFFFFF,#FFEBD2,#FFFFFF,#FFFFFF,#FFFFFF,#CBDEF0,#FFFFFF,#BCD6EB,#FFFDFB,#FFF6EB,#C3D9ED,#F8FAFD,#FFFBF7,"1700055,,Milos Nenadic","2137341,,Mekhi Cooper","2313766,,Dontrez Williams","2319958,,Jadis Jones","2319963,,Clayton Jackson",2025
M. Cooper / A. Futrell / C. Jackson / M. Nenadic / D. Williams,Lindenwood,98.1404501859304,89.4330041122195,8.70744607371099,-0.124778982065388,127,115,16.8347826086957,-1.04111948090998,100,86.0869565217391,13.9130434782609,#DCE9F5,#FFFFFF,#FFFFFF,#FFFFFF,#FFFFFF,#FFEBD2,#DCE9F5,#CBDEF0,#FFFFFF,#FFFFFF,#FFFFFF,#FFFFFF,#DCE9F5,#FFEBD2,#FFFFFF,#FFEBD2,#FFFFFF,#FFFFFF,#FFFFFF,#CBDEF0,#FFFFFF,#BAD4EB,#FFF3E4,#FFE5C4,#C2D9ED,#FEFEFE,#FFF8F1,"1700055,,Milos Nenadic","2137341,,Mekhi Cooper","2150135,,Anias Futrell","2313766,,Dontrez Williams","2319963,,Clayton Jackson",2025
O. Ashkenazi / G. Asman / M. Esmeraldo / T. Sargiunas / C. Williams,Lipscomb,109.004012068441,98.9105555034093,10.0934565650318,9.63204292597578,256,263,20.4622965185361,0.441635704641338,110.546875,102.661596958175,7.88527804182511,#FFFFFF,#FFFFFF,#FFFFFF,#FFFFFF,#FFFFFF,#FFFFFF,#FFFFFF,#DCE9F5,#FFEBD2,#CBDEF0,#DCE9F5,#FFD7A5,#FFFFFF,#FFFFFF,#FFFFFF,#FFFFFF,#DCE9F5,#FFFFFF,#FFFFFF,#CBDEF0,#FFFFFF,#E7F0F8,#FFF1E0,#FFF9F2,#E6EFF8,#FFEED9,#FFFAF5,"1726242,,Grant Asman","1890309,,Charlie Williams","1932452,,Mateo Esmeraldo","2110390,,Titas Sargiunas","2561041,,Or Ashkenazi",2025
G. Asman / R. Candelino / E. Duncan / M. Esmeraldo / C. Williams,Lipscomb,109.42523483409,115.259297274375,-5.83406244028497,11.1961799342213,193,168,-19.9739082161362,1.04636293755366,110.362694300518,121.428571428571,-11.0658771280533,#FFEBD2,#FFFFFF,#FFFFFF,#FFFFFF,#FFFFFF,#FFFFFF,#FFFFFF,#FFFFFF,#FFEBD2,#DCE9F5,#FFFFFF,#FFD7A5,#FFFFFF,#FFFFFF,#FFFFFF,#FFD7A5,#FFFFFF,#FFFFFF,#FFFFFF,#CBDEF0,#FFFFFF,#E8F1F8,#EAF2F8,#CCDFF0,#F6F9FC,#FFEBD3,#FBFDFE,"1701843,,Ethan Duncan","1726242,,Grant Asman","1890309,,Charlie Williams","1930478,,Ross Candelino","1932452,,Mateo Esmeraldo",2025
Rob. Diaz / Col. Farrell / Leo. Levillain / Pet. Majstorovic / Gav. Sykes,Long Beach State,107.244338238224,100.780482387842,6.46385585038206,5.60050561757894,175,171,9.81634085213032,0.157934077344583,107.428571428571,101.754385964912,5.67418546365914,#FFFFFF,#FFFFFF,#FFFFFF,#FFFFFF,#DCE9F5,#FFEBD2,#FFFFFF,#FFFFFF,#FFFFFF,#FFFFFF,#FFD7A5,#FFFFFF,#FFFFFF,#FFFFFF,#DCE9F5,#FFFFFF,#FFFFFF,#FFFFFF,#FFFFFF,#CBDEF0,#FFFFFF,#DFEBF5,#FFF6EB,#FFFDFA,#DCE9F5,#FFF5E9,#FFFCFA,"1895759,,Cole Farrell","2172905,,Rob Diaz","2324482,,Petar Majstorovic","2505228,,Leopold Levillain","2505240,,Gavin Sykes",2025
M. Davis / J. Fuller / J. Goings / G. Gordon / S. Lasu,Long Island,103.843965815108,94.9657253607725,8.87824045433561,9.34172852973627,533,546,52.0075493612079,-0.152342617611394,104.878048780488,95.2380952380952,9.63995354239258,#FFFFFF,#FFEBD2,#FFFFFF,#FFFFFF,#FFFFFF,#FFD7A5,#FFFFFF,#FFFFFF,#DCE9F5,#FFEBD2,#FFFFFF,#FFFFFF,#DCE9F5,#FFEBD2,#FFEBD2,#FFFFFF,#FFFFFF,#FFFFFF,#FFFFFF,#CBDEF0,#FFFFFF,#D1E3F1,#FFF3E4,#FFF0DF,#D5E4F2,#FFEFDB,#FFF0DE,"1716970,,Jomo Goings","1914115,,Jamal Fuller","2110073,,Malachi Davis","2114126,,Greg Gordon","2303405,,Shadrak Lasu",2025
M. Davis / J. Goings / G. Gordon / S. Lasu / M. Porter-Brown,Long Island,109.140724296564,99.4487086714206,9.69201562514381,7.86718256545985,142,138,19.7754643804858,-0.886663215040641,112.676056338028,98.5507246376812,14.125331700347,#FFFFFF,#FFFFFF,#FFFFFF,#FFFFFF,#FFFFFF,#FFD7A5,#FFFFFF,#FFFFFF,#DCE9F5,#FFD7A5,#FFFFFF,#FFFFFF,#DCE9F5,#FFEBD2,#FFEBD2,#FFFFFF,#FFFFFF,#FFFFFF,#FFFFFF,#CBDEF0,#FFFFFF,#E7F0F8,#FFF2E1,#FFFAF4,#D6E5F3,#FFF1E0,#FFF4E6,"1716970,,Jomo Goings","2110073,,Malachi Davis","2114126,,Greg Gordon","2303405,,Shadrak Lasu","2559442,,Mason Porter-Brown",2025
A. Bates / D. Dudley / J. Fenner / M. Martinez / A. Thomas II,Louisiana Tech,106.727442508809,93.9033199975051,12.8241225113034,7.9533998387692,241,249,21.152577113433,0.838083513409015,106.224066390042,97.5903614457831,8.63370494425836,#FFFFFF,#FFFFFF,#FFEBD2,#FFFFFF,#DCE9F5,#FFFFFF,#DCE9F5,#DCE9F5,#FFFFFF,#FFFFFF,#DCE9F5,#FFFFFF,#FFFFFF,#FFFFFF,#DCE9F5,#FFFFFF,#FFFFFF,#FFFFFF,#FFFFFF,#CBDEF0,#FFFFFF,#DDEAF5,#FFEDD8,#FFEEDA,#D5E4F2,#FFF1E0,#FFF3E5,"1927930,,Melian Martinez","2118743,,DJ Dudley","2307384,,AJ Bates","2532389,,Jaylen Fenner","2532390,,Avery Thomas II",2025
L. Brodnex / K. Lewis / A. Molofeev / M. Russell / R. Sondors,Louisiana-Monroe,105.380327635831,118.69213437971,-13.3118067438793,-11.2285062003295,294,292,-48.2531217966639,0.631367101508365,104.421768707483,120.890410958904,-16.4686422514211,#FFFFFF,#CBDEF0,#FFFFFF,#FFFFFF,#CBDEF0,#FFD7A5,#FFFFFF,#DCE9F5,#FFFFFF,#DCE9F5,#FFFFFF,#FFFFFF,#FFFFFF,#FFFFFF,#FFFFFF,#FFD7A5,#FFEBD2,#FFFFFF,#FFFFFF,#CBDEF0,#FFFFFF,#D8E6F3,#CFE1F1,#C0D8EC,#DCE9F4,#C2D9ED,#C8DCEF,"1910654,,Lavell Brodnex","1915448,,MJ Russell","2331293,,Renars Sondors","2492287,,Krystian Lewis","2492288,,Alex Molofeev",2025
L. Brodnex / D. Diaz / K. Lewis / M. Russell / R. Sondors,Louisiana-Monroe,100.154094154053,117.157284822505,-17.0031906684522,-12.0086268767078,243,234,-46.8091168091168,0.524654680491263,99.1769547325103,118.803418803419,-19.6264640709085,#FFFFFF,#CBDEF0,#DCE9F5,#FFFFFF,#CBDEF0,#FFD7A5,#FFFFFF,#FFFFFF,#FFFFFF,#DCE9F5,#FFFFFF,#FFFFFF,#FFFFFF,#DCE9F5,#DCE9F5,#FFD7A5,#FFEBD2,#FFFFFF,#FFFFFF,#CBDEF0,#FFFFFF,#C2D9ED,#C2D9ED,#C5DBEE,#D7E6F3,#BDD6EC,#CBDEF0,"1910654,,Lavell Brodnex","1915448,,MJ Russell","2331293,,Renars Sondors","2492284,,Dylan Diaz","2492287,,Krystian Lewis",2025
D. Diaz / K. Lewis / A. Molofeev / M. Russell / R. Sondors,Louisiana-Monroe,99.0293034157468,100.269625727407,-1.24032231166043,-14.8172116131143,183,177,-1.9672131147541,-0.0294852273594087,98.9071038251366,100,-1.09289617486339,#FFFFFF,#CBDEF0,#DCE9F5,#FFFFFF,#CBDEF0,#FFD7A5,#DCE9F5,#FFFFFF,#FFFFFF,#CBDEF0,#CBDEF0,#FFFFFF,#FFFFFF,#FFFFFF,#DCE9F5,#FFD7A5,#FFFFFF,#FFFFFF,#FFFFFF,#CBDEF0,#FFFFFF,#BED6EC,#FAFCFD,#FFFCF8,#CBDEF0,#AECDE7,#CDDFF0,"1915448,,MJ Russell","2331293,,Renars Sondors","2492284,,Dylan Diaz","2492287,,Krystian Lewis","2492288,,Alex Molofeev",2025
L. Brodnex / M. Caster / K. Lewis / M. Russell / R. Sondors,Louisiana-Monroe,113.461868816634,122.773639278617,-9.31177046198263,-9.66664362427738,161,153,-21.5936345552714,0.888427379612568,113.04347826087,126.797385620915,-13.7539073600455,#FFFFFF,#CBDEF0,#DCE9F5,#FFFFFF,#DCE9F5,#FFD7A5,#DCE9F5,#FFFFFF,#FFFFFF,#DCE9F5,#FFFFFF,#FFFFFF,#FFFFFF,#FFFFFF,#DCE9F5,#FFD7A5,#FFEBD2,#FFFFFF,#FFFFFF,#CBDEF0,#FFFFFF,#F9FBFD,#DDEAF5,#B1CEE8,#E8F1F8,#CADEEF,#C1D8ED,"1910654,,Lavell Brodnex","1915448,,MJ Russell","2331285,,Micah Caster","2331293,,Renars Sondors","2492287,,Krystian Lewis",2025
A. Bamisile / L. Brodnex / D. Diaz / K. Lewis / M. Russell,Louisiana-Monroe,113.534159488748,113.143652736672,0.390506752076478,-6.64431463056308,134,137,-2.59072339034753,0.460495946776555,112.686567164179,114.598540145985,-1.9119729818063,#FFFFFF,#CBDEF0,#DCE9F5,#FFFFFF,#CBDEF0,#FFEBD2,#FFFFFF,#FFFFFF,#FFFFFF,#FFFFFF,#FFFFFF,#FFFFFF,#FFFFFF,#FFFFFF,#FFFFFF,#FFEBD2,#FFFFFF,#FFFFFF,#FFFFFF,#CBDEF0,#FFFFFF,#F9FBFD,#FFFEFD,#D4E4F2,#E3EDF7,#DAE8F4,#D1E2F1,"1910654,,Lavell Brodnex","1915448,,MJ Russell","2102044,,Ayomide Bamisile","2492284,,Dylan Diaz","2492287,,Krystian Lewis",2025
M. Brown Jr. / R. Conwell / S. Fru / J. Hadley / I. McKneely,Louisville,127.253830463018,81.3124872022609,45.9413432607573,44.0501680408671,322,320,86.8606560559006,3.77638977016389,120.496894409938,93.4375,27.0593944099379,#FFD7A5,#FFD7A5,#FFEBD2,#FFEBD2,#FFEBD2,#FFD7A5,#FFD7A5,#FFD7A5,#FFD7A5,#FFFFFF,#FFFFFF,#FFEBD2,#FFFFFF,#FFFFFF,#FFFFFF,#FFD7A5,#FFD7A5,#FFFFFF,#FFFFFF,#CBDEF0,#FFFFFF,#FFE1BD,#FFC174,#FFD49E,#FFE3C0,#FFB455,#FFDFB8,"1600029,,J'Vonne Hadley","1895639,,Isaac McKneely","1912970,,Ryan Conwell","2483438,,Mikel Brown Jr.","2483441,,Sananda Fru",2025
R. Conwell / S. Fru / J. Hadley / I. McKneely / A. Wooley,Louisville,122.533295756643,95.4892264254764,27.0440693311667,39.2424976348226,199,193,8.3131720780066,4.56053100113063,113.56783919598,109.326424870466,4.24141432551357,#FFD7A5,#FFD7A5,#FFFFFF,#FFEBD2,#FFD7A5,#FFD7A5,#FFD7A5,#FFD7A5,#FFEBD2,#FFEBD2,#FFFFFF,#FFFFFF,#FFEBD2,#FFFFFF,#FFFFFF,#FFEBD2,#FFEBD2,#FFFFFF,#FFFFFF,#CBDEF0,#FFFFFF,#FFECD6,#FFDBAD,#FFF2E1,#FFE9CF,#FFBC68,#FFE2BF,"1600029,,J'Vonne Hadley","1895639,,Isaac McKneely","1912970,,Ryan Conwell","2334145,,Adrian Wooley","2483441,,Sananda Fru",2025
E. Adair / T. Commander / B. Speed / S. Springer / J. Stiemke,Loyola Maryland,108.426694045418,108.759709126224,-0.333015080805455,-7.7612893733561,143,140,1.68216783216782,-0.304365253923327,111.188811188811,110,1.18881118881118,#FFFFFF,#CBDEF0,#FFFFFF,#FFFFFF,#FFFFFF,#FFEBD2,#FFFFFF,#FFFFFF,#FFEBD2,#FFFFFF,#DCE9F5,#DCE9F5,#FFEBD2,#CBDEF0,#DCE9F5,#FFFFFF,#FFFFFF,#FFFFFF,#FFFFFF,#CBDEF0,#FFFFFF,#E4EEF7,#FDFEFE,#E4EEF7,#E5EFF7,#D4E4F2,#CBDEF0,"1892352,,Tyson Commander","2106677,,Jordan Stiemke","2281623,,Braeden Speed","2303174,,Sam Springer","2492977,,Emmett Adair",2025
T. Biel / L. Carey / A. Flagg / M. Gray / R. Mabrey,Maine,106.184364982052,103.578664182802,2.60570079925014,1.19262951191732,185,180,14.7150900900901,-1.09147245276258,109.72972972973,101.666666666667,8.06306306306306,#DCE9F5,#FFFFFF,#FFFFFF,#FFFFFF,#FFEBD2,#FFEBD2,#FFFFFF,#DCE9F5,#DCE9F5,#CBDEF0,#FFFFFF,#FFFFFF,#FFFFFF,#FFEBD2,#FFFFFF,#FFFFFF,#FFFFFF,#FFFFFF,#FFFFFF,#CBDEF0,#FFFFFF,#DBE8F4,#FFFBF7,#F7FAFC,#D0E1F1,#FFFCFA,#FFFEFD,"1589607,,Mekhi Gray","1916176,,Ryan Mabrey","2116957,,Logan Carey","2549981,,TJ Biel","2549984,,Ace Flagg",2025
R. Blackwell / J. Collins-Roberts / P. Kabamba / J. Menard / M. Parker,Marist,111.006687093791,90.3740044450025,20.6326826487884,11.9139658311773,156,151,30.8616063847852,0.105480323271014,112.820512820513,92.7152317880795,20.1052810324334,#FFFFFF,#FFFFFF,#DCE9F5,#FFFFFF,#FFFFFF,#FFFFFF,#DCE9F5,#FFFFFF,#FFD7A5,#DCE9F5,#FFFFFF,#FFEBD2,#FFFFFF,#FFFFFF,#CBDEF0,#FFFFFF,#FFFFFF,#FFFFFF,#FFFFFF,#CBDEF0,#FFFFFF,#EFF5FA,#FFE3C0,#FFE7C9,#E5EFF7,#FFEAD1,#FFF5E9,"1925445,,Rhyjon Blackwell","2119112,,Jadin Collins-Roberts","2297036,,Justin Menard","2304233,,Parby Kabamba","2536892,,Myles Parker",2025
J. Collins-Roberts / J. Daughtry / E. Lewis / J. Menard / J. Schofield,Marist,81.9564725911407,104.151316830583,-22.1948442394426,3.79458902234514,144,135,-30.41875,-0.0778577367774074,82.6388888888889,104.444444444444,-21.8055555555556,#FFFFFF,#FFEBD2,#FFFFFF,#FFFFFF,#FFEBD2,#FFEBD2,#FFFFFF,#DCE9F5,#FFEBD2,#FFEBD2,#FFEBD2,#FFD7A5,#DCE9F5,#FFEBD2,#FFFFFF,#FFFFFF,#FFFFFF,#FFFFFF,#FFFFFF,#CBDEF0,#FFFFFF,#77ABD7,#AFCEE8,#F5F9FC,#B6D1EA,#FFF8F0,#FFE9CF,"1916929,,Elijah Lewis","1917761,,Jaden Daughtry","2119112,,Jadin Collins-Roberts","2119117,,Jason Schofield","2297036,,Justin Menard",2025
R. Blackwell / J. Collins-Roberts / J. Daughtry / P. Kabamba / J. Menard,Marist,106.897822903247,109.746034076657,-2.84821117340991,9.38010272158745,139,134,-4.51433480081606,0.0917987617745839,108.63309352518,111.940298507463,-3.30720498228283,#FFFFFF,#FFEBD2,#CBDEF0,#FFFFFF,#FFEBD2,#FFEBD2,#DCE9F5,#FFFFFF,#FFEBD2,#DCE9F5,#FFEBD2,#FFEBD2,#FFFFFF,#FFEBD2,#FFFFFF,#FFFFFF,#DCE9F5,#FFFFFF,#FFFFFF,#CBDEF0,#FFFFFF,#DEEAF5,#F4F8FC,#E1ECF6,#D4E4F2,#FFEFDA,#FFF0DD,"1917761,,Jaden Daughtry","1925445,,Rhyjon Blackwell","2119112,,Jadin Collins-Roberts","2297036,,Justin Menard","2304233,,Parby Kabamba",2025
B. Gold / N. James Jr. / R. Parham / C. Ross / A. Stevens,Marquette,116.546190064222,103.933207679002,12.6129823852195,24.0182527212225,435,411,-19.022401208155,3.42200078948621,110.344827586207,114.841849148418,-4.49702156221159,#FFEBD2,#FFEBD2,#FFFFFF,#FFEBD2,#FFEBD2,#FFEBD2,#FFEBD2,#FFFFFF,#FFFFFF,#FFFFFF,#FFFFFF,#FFD7A5,#FFFFFF,#FFD7A5,#FFFFFF,#FFD7A5,#FFEBD2,#FFFFFF,#FFFFFF,#CBDEF0,#FFFFFF,#FFFBF5,#FFEED9,#F6F9FC,#FFFCF9,#FFD6A2,#FFEED9,"1908376,,Chase Ross","1908383,,Ben Gold","2302587,,Royce Parham","2505069,,Nigel James Jr.","2505085,,Adrien Stevens",2025
W. Fricks / C. Hollenbeck / N. Otshudi / J. Speer / M. Van Komen,Marshall,109.192314572451,102.656919625872,6.53539494657871,10.5520984788923,275,270,7.61531986531986,0.748156430393184,109.090909090909,106.296296296296,2.79461279461279,#FFEBD2,#FFFFFF,#FFEBD2,#FFFFFF,#FFFFFF,#FFEBD2,#FFEBD2,#FFFFFF,#FFFFFF,#FFFFFF,#FFFFFF,#FFFFFF,#FFFFFF,#CBDEF0,#FFD7A5,#FFFFFF,#FFFFFF,#FFFFFF,#FFFFFF,#CBDEF0,#FFFFFF,#E7F0F8,#FFF6EB,#FBFCFD,#EBF2F9,#FFEDD6,#FFFBF7,"1606360,,Jalen Speer","1726469,,Wyatt Fricks","2175370,,Matt Van Komen","2560959,,Caleb Hollenbeck","2560964,,Noah Otshudi",2025
L. Beckwith / J. Cooper / J. Locandro / D. Staples / M. Teal,Maryland-Eastern Shore,101.760809774031,95.1077974379652,6.65301233606591,-4.63866256606036,213,206,14.0373307808013,-0.00947684360317121,102.816901408451,96.1165048543689,6.70039655408177,#DCE9F5,#FFFFFF,#FFFFFF,#FFFFFF,#FFFFFF,#FFFFFF,#FFFFFF,#DCE9F5,#FFFFFF,#DCE9F5,#FFFFFF,#FFFFFF,#DCE9F5,#FFFFFF,#FFFFFF,#FFFFFF,#DCE9F5,#FFFFFF,#FFFFFF,#CBDEF0,#FFFFFF,#C9DDEF,#FFF6EA,#FFF1DF,#C4DAEE,#E5EFF7,#F7FAFC,"1687546,,Jaden Cooper","1933124,,Dorion Staples","2124973,,Joseph Locandro","2153819,,Michael Teal","2555558,,Levi Beckwith",2025
M. Banks / L. Bettiol / D. Carbuccia / D. Hankins-Sanford / J. Ndjigue,Massachusetts,108.529481896543,95.3911017351511,13.1383801613917,13.3805074200421,528,514,45.497656526353,0.88112491802294,107.954545454545,99.2217898832685,8.73275557127697,#FFFFFF,#FFEBD2,#FFFFFF,#FFFFFF,#FFD7A5,#FFD7A5,#FFFFFF,#FFFFFF,#DCE9F5,#FFEBD2,#FFEBD2,#FFEBD2,#FFFFFF,#FFFFFF,#FFFFFF,#DCE9F5,#FFEBD2,#FFFFFF,#FFFFFF,#CBDEF0,#FFFFFF,#E5EEF7,#FFEDD7,#FFF1E1,#E4EEF7,#FFE8CB,#FFF1E1,"1694298,,Leonardo Bettiol","1725592,,Marcus Banks","1917754,,Daniel Hankins-Sanford","2152574,,Jayden Ndjigue","2472222,,Danny Carbuccia",2025
M. Banks / L. Bettiol / D. Hankins-Sanford / J. Ndjigue / K. Parker,Massachusetts,106.412526240672,99.7384980537626,6.67402818690957,12.569651391603,207,214,13.3195968215269,0.0692857493508519,107.729468599034,101.401869158878,6.32759944015531,#FFFFFF,#FFEBD2,#FFFFFF,#FFFFFF,#FFD7A5,#FFD7A5,#FFFFFF,#FFEBD2,#FFFFFF,#FFEBD2,#FFD7A5,#FFFFFF,#FFFFFF,#FFFFFF,#FFFFFF,#DCE9F5,#FFEBD2,#FFFFFF,#FFFFFF,#CBDEF0,#FFFFFF,#DCE9F4,#FFF6EA,#FFFBF5,#E5EEF7,#FFE9CE,#FFF3E5,"1694298,,Leonardo Bettiol","1725592,,Marcus Banks","1917754,,Daniel Hankins-Sanford","2152574,,Jayden Ndjigue","2161143,,K'Jei Parker",2025
A. Mighty / B. Okojie / Q. Perkins II / B. Shoulders / Z. Williams,Mercer,120.237370438831,105.235822963992,15.0015474748393,14.8474635264119,351,348,31.5456454465075,1.19512234495312,119.65811965812,110.632183908046,9.02593575007369,#FFEBD2,#FFFFFF,#FFFFFF,#FFFFFF,#FFFFFF,#FFEBD2,#FFFFFF,#FFFFFF,#FFFFFF,#FFFFFF,#FFFFFF,#FFFFFF,#FFFFFF,#FFEBD2,#FFFFFF,#FFEBD2,#FFEBD2,#FFFFFF,#FFFFFF,#CBDEF0,#FFFFFF,#FFF2E2,#FFEBD1,#F1F6FB,#FFFDFB,#FFE5C5,#FDFDFE,"1687536,,Zaire Williams","1908246,,Armani Mighty","2118623,,Baraka Okojie","2128757,,Quinton Perkins II","2313611,,Brady Shoulders",2025
K. Cuffe Jr. / A. Mighty / B. Okojie / B. Shoulders / Z. Williams,Mercer,112.802394282223,108.033858168936,4.76853611328678,7.97808816198931,274,270,16.4641254393079,-0.256890236115287,116.423357664234,110.37037037037,6.05298729386321,#FFFFFF,#FFFFFF,#FFFFFF,#FFFFFF,#FFEBD2,#FFFFFF,#FFFFFF,#FFFFFF,#FFFFFF,#FFFFFF,#FFFFFF,#FFFFFF,#FFFFFF,#FFD7A5,#FFFFFF,#FFFFFF,#FFEBD2,#FFFFFF,#FFFFFF,#CBDEF0,#FFFFFF,#F6F9FC,#FFF8F0,#E7F0F8,#EDF4F9,#FFF1E0,#F9FBFD,"1687536,,Zaire Williams","1702368,,Kyle Cuffe Jr.","1908246,,Armani Mighty","2118623,,Baraka Okojie","2313611,,Brady Shoulders",2025
A. Mighty / B. Okojie / C. Serven / B. Shoulders / Z. Williams,Mercer,111.72047319258,101.400598859804,10.3198743327764,12.909330931703,177,190,10.1107790663099,0.961982597747672,111.299435028249,105.789473684211,5.50996134403807,#FFFFFF,#FFFFFF,#FFEBD2,#FFFFFF,#FFD7A5,#FFFFFF,#FFFFFF,#DCE9F5,#DCE9F5,#FFEBD2,#FFEBD2,#FFFFFF,#FFFFFF,#FFEBD2,#FFFFFF,#FFEBD2,#FFEBD2,#FFFFFF,#FFFFFF,#CBDEF0,#FFFFFF,#F2F7FB,#FFF1DF,#FFFEFD,#EBF2F9,#FFE9CD,#FFF6EC,"1604003,,Connor Serven","1687536,,Zaire Williams","1908246,,Armani Mighty","2118623,,Baraka Okojie","2313611,,Brady Shoulders",2025
B. Blunt / C. Gamble / M. Ivanauskas / J. Lemelman / Q. Martin,Mercyhurst,99.0685236052584,100.829162000062,-1.76063839480354,-1.70469484688047,391,383,12.9703778889237,-1.02243144583015,102.046035805627,98.6945169712794,3.35151883434721,#FFFFFF,#FFFFFF,#CBDEF0,#FFFFFF,#FFFFFF,#FFEBD2,#FFFFFF,#FFFFFF,#FFEBD2,#DCE9F5,#FFFFFF,#FFFFFF,#FFEBD2,#FFFFFF,#FFFFFF,#FFFFFF,#FFEBD2,#FFFFFF,#FFFFFF,#CBDEF0,#FFFFFF,#BED6EC,#F8FBFD,#FFFDFB,#CBDFF0,#F5F9FC,#FAFCFD,"1683618,,Bernie Blunt","1933837,,Christian Gamble","2287899,,Qadir Martin","2287902,,Mykolaus Ivanauskas","2287903,,Jake Lemelman",2025
T. Brogna / T. Dorset / K. Kennedy / A. Marrero / E. Shelton,Merrimack,105.063310156464,105.543821779618,-0.480511623154068,3.66087960337551,771,752,-10.16179164252,0.170786490668464,105.447470817121,106.781914893617,-1.33444407649639,#FFEBD2,#FFFFFF,#DCE9F5,#FFFFFF,#FFFFFF,#FFD7A5,#DCE9F5,#FFFFFF,#FFD7A5,#CBDEF0,#CBDEF0,#FFEBD2,#FFD7A5,#FFD7A5,#FFFFFF,#FFD7A5,#FFFFFF,#FFFFFF,#FFFFFF,#CBDEF0,#FFFFFF,#D6E6F3,#FDFDFE,#F0F6FA,#E1ECF6,#FFF8F0,#F7FAFC,"1713485,,Andres Marrero","2138384,,Ernest Shelton","2140414,,Todd Brogna","2289539,,Tye Dorset","2566998,,Kevair Kennedy",2025
T. Brogna / T. Dorset / K. Kennedy / E. Shelton / K. Ugwuakazi,Merrimack,99.2307883242362,96.6049900488488,2.62579827538731,11.1564588934101,335,352,6.78144504748981,0.130315693069322,99.7014925373134,97.7272727272727,1.9742198100407,#FFEBD2,#FFEBD2,#FFFFFF,#FFFFFF,#FFFFFF,#FFD7A5,#FFFFFF,#FFFFFF,#FFD7A5,#FFFFFF,#FFFFFF,#FFEBD2,#FFEBD2,#FFEBD2,#FFEBD2,#FFFFFF,#FFEBD2,#FFFFFF,#FFFFFF,#CBDEF0,#FFFFFF,#BED7EC,#FFFBF7,#FFF4E7,#D5E5F3,#FFECD4,#FFEDD7,"2138384,,Ernest Shelton","2140414,,Todd Brogna","2152581,,KC Ugwuakazi","2289539,,Tye Dorset","2566998,,Kevair Kennedy",2025
T. Dorset / K. Kennedy / A. Marrero / E. Shelton / K. Ugwuakazi,Merrimack,116.695739775899,104.929809379946,11.7659303959529,16.3189918797863,286,281,28.4113804345122,0.348855889806999,116.783216783217,106.761565836299,10.0216509469179,#FFEBD2,#FFFFFF,#FFFFFF,#FFFFFF,#FFFFFF,#FFD7A5,#FFFFFF,#FFFFFF,#FFD7A5,#FFFFFF,#CBDEF0,#FFFFFF,#FFD7A5,#FFD7A5,#FFEBD2,#FFEBD2,#FFEBD2,#FFFFFF,#FFFFFF,#CBDEF0,#FFFFFF,#FFFAF5,#FFEFDB,#F2F7FB,#FCFDFE,#FFE3C0,#FFF9F3,"1713485,,Andres Marrero","2138384,,Ernest Shelton","2152581,,KC Ugwuakazi","2289539,,Tye Dorset","2566998,,Kevair Kennedy",2025
T. Donaldson / S. Henderson / M. Reneau / E. Udeh Jr. / T. Washington,Miami (Fla.),125.53393305254,85.3428631226248,40.1910699299154,39.8441014968968,364,369,92.3862905387296,2.99667016395146,120.32967032967,95.1219512195122,25.2077191101581,#FFD7A5,#FFD7A5,#FFEBD2,#FFD7A5,#FFD7A5,#FFD7A5,#FFD7A5,#FFFFFF,#DCE9F5,#FFD7A5,#FFD7A5,#FFEBD2,#FFFFFF,#FFD7A5,#FFEBD2,#FFD7A5,#FFD7A5,#FFFFFF,#FFFFFF,#CBDEF0,#FFFFFF,#FFE5C6,#FFC986,#FFDCB1,#FFEED9,#FFBB65,#FFDDB2,"1905711,,Tre Donaldson","1916393,,Malik Reneau","1933766,,Ernest Udeh Jr.","2126447,,Tru Washington","2507067,,Shelton Henderson",2025
D. Allen / T. Donaldson / S. Henderson / M. Reneau / E. Udeh Jr.,Miami (Fla.),124.964707096205,89.9701606145184,34.9945464816861,36.0015027775206,300,304,45.4059649122807,3.99189175247757,117.666666666667,102.631578947368,15.0350877192982,#FFD7A5,#FFD7A5,#FFEBD2,#FFD7A5,#FFEBD2,#FFD7A5,#FFD7A5,#FFFFFF,#DCE9F5,#FFD7A5,#FFD7A5,#FFEBD2,#FFFFFF,#FFD7A5,#FFEBD2,#FFD7A5,#FFD7A5,#FFFFFF,#FFFFFF,#CBDEF0,#FFFFFF,#FFE7C9,#FFD095,#FFE6C7,#FFF0DE,#FFC174,#FFE2BE,"1905711,,Tre Donaldson","1916393,,Malik Reneau","1933766,,Ernest Udeh Jr.","2507062,,Dante Allen","2507067,,Shelton Henderson",2025
B. Byers / E. Elmer / L. Skaljac / P. Suder / A. Woolfolk,Miami (OH),121.494130620366,97.324921859563,24.1692087608031,26.2867372722505,426,437,80.3514089878708,1.10955860092675,121.596244131455,102.974828375286,18.6214157561694,#FFEBD2,#FFEBD2,#FFEBD2,#FFFFFF,#FFEBD2,#FFEBD2,#FFD7A5,#FFEBD2,#FFFFFF,#FFFFFF,#FFEBD2,#FFFFFF,#FFFFFF,#FFEBD2,#FFFFFF,#FFEBD2,#FFEBD2,#FFFFFF,#FFFFFF,#CBDEF0,#FFFFFF,#FFEFDB,#FFDEB6,#FFF5EA,#FFF7EE,#FFD299,#FFEEDA,"1890511,,Antwone Woolfolk","1913866,,Peter Suder","2137339,,Eian Elmer","2320431,,Luke Skaljac","2320433,,Brant Byers",2025
A. Atlason / B. Byers / E. Elmer / L. Skaljac / P. Suder,Miami (OH),130.747666492362,110.137743605111,20.6099228872503,24.2895447591327,147,136,23.4700880352141,0.804657646677751,131.292517006803,114.705882352941,16.5866346538615,#FFEBD2,#FFFFFF,#FFFFFF,#FFFFFF,#FFEBD2,#FFEBD2,#FFEBD2,#FFEBD2,#FFEBD2,#CBDEF0,#FFFFFF,#FFFFFF,#FFEBD2,#FFFFFF,#FFFFFF,#FFFFFF,#FFFFFF,#FFFFFF,#FFFFFF,#CBDEF0,#FFFFFF,#FFD9AA,#FFE3C1,#DFEBF5,#FFEEDA,#FFD5A1,#FFFBF7,"1913866,,Peter Suder","2091389,,Almar Atlason","2137339,,Eian Elmer","2320431,,Luke Skaljac","2320433,,Brant Byers",2025
B. Byers / E. Elmer / E. Ipsaro / P. Suder / A. Woolfolk,Miami (OH),105.6759472224,96.7056153117422,8.97033191065782,20.6716162586473,128,125,13.9308125,-0.408433617868438,107.8125,96.8,11.0125,#FFEBD2,#FFEBD2,#FFFFFF,#FFFFFF,#FFD7A5,#FFEBD2,#FFD7A5,#FFEBD2,#FFFFFF,#FFFFFF,#FFFFFF,#FFFFFF,#FFFFFF,#FFEBD2,#FFFFFF,#FFFFFF,#FFEBD2,#FFFFFF,#FFFFFF,#CBDEF0,#FFFFFF,#D9E7F4,#FFF3E4,#FFF4E7,#F5F8FC,#FFDBAF,#FFECD6,"1890511,,Antwone Woolfolk","1913866,,Peter Suder","2137339,,Eian Elmer","2137340,,Evan Ipsaro","2320433,,Brant Byers",2025
N. Burnett / E. Cadeau / M. Johnson Jr. / Y. Lendeborg / A. Mara,Michigan,120.470895320708,71.384928529782,49.0859667909258,52.2146956539809,380,389,103.920606142606,4.41170019081945,112.631578947368,85.6041131105398,27.0274658368286,#FFD7A5,#FFD7A5,#FFD7A5,#FFEBD2,#FFD7A5,#FFD7A5,#FFD7A5,#FFEBD2,#FFFFFF,#FFD7A5,#FFD7A5,#FFD7A5,#FFFFFF,#FFFFFF,#FFD7A5,#FFEBD2,#FFD7A5,#FFFFFF,#FFFFFF,#CBDEF0,#FFFFFF,#FFF1E1,#FFBD6B,#FFBF6E,#FFEDD8,#FFA636,#FFC47B,"1607867,,Nimari Burnett","2098119,,Yaxel Lendeborg","2106184,,Elliot Cadeau","2106223,,Aday Mara","2321443,,Morez Johnson Jr.",2025
N. Burnett / E. Cadeau / R. Gayle Jr. / M. Johnson Jr. / Y. Lendeborg,Michigan,123.690824229133,94.3067686886571,29.384055540476,45.2480638058429,185,186,17.121418192386,4.03083610082986,116.756756756757,107.52688172043,9.22987503632666,#FFD7A5,#FFD7A5,#FFFFFF,#FFEBD2,#FFD7A5,#FFD7A5,#FFD7A5,#FFEBD2,#FFEBD2,#FFD7A5,#FFEBD2,#FFD7A5,#FFFFFF,#FFFFFF,#FFEBD2,#FFEBD2,#FFD7A5,#FFFFFF,#FFFFFF,#CBDEF0,#FFFFFF,#FFEACF,#FFD7A6,#FFEFDC,#FFE9CD,#FFB251,#FFD7A6,"1607867,,Nimari Burnett","1917724,,Roddy Gayle Jr.","2098119,,Yaxel Lendeborg","2106184,,Elliot Cadeau","2321443,,Morez Johnson Jr.",2025
C. Carr / C. Cooper / J. Fears Jr. / J. Kohler / J. Scott,Michigan State,119.335152004761,86.7525660413796,32.5825859633811,41.4232068883808,239,232,9.49678978502379,5.70999576719649,109.205020920502,105.172413793103,4.03260712739864,#FFD7A5,#FFD7A5,#FFD7A5,#FFD7A5,#FFD7A5,#FFFFFF,#FFD7A5,#FFEBD2,#FFEBD2,#FFD7A5,#FFD7A5,#FFD7A5,#FFFFFF,#FFFFFF,#FFD7A5,#FFEBD2,#FFD7A5,#FFFFFF,#FFFFFF,#CBDEF0,#FFFFFF,#FFF4E7,#FFD39D,#FFDFB8,#FFF1DF,#FFB85F,#FFD6A4,"1930360,,Jaxon Kohler","1930365,,Carson Cooper","2119925,,Jeremy Fears Jr.","2119938,,Coen Carr","2539344,,Jordan Scott",2025
C. Carr / C. Cooper / J. Fears Jr. / J. Kohler / K. Teng,Michigan State,127.574866581686,74.259886268167,53.3149803135185,46.772686572907,201,202,72.0351829959115,3.5131019688167,121.393034825871,85.6435643564356,35.749470469435,#FFD7A5,#FFD7A5,#FFEBD2,#FFD7A5,#FFD7A5,#FFFFFF,#FFEBD2,#FFEBD2,#FFD7A5,#FFD7A5,#FFD7A5,#FFD7A5,#FFFFFF,#DCE9F5,#FFEBD2,#FFD7A5,#FFD7A5,#FFFFFF,#FFFFFF,#CBDEF0,#FFFFFF,#FFE1BB,#FFB85E,#FFC57C,#FFE8CD,#FFAF4B,#FFD49F,"1930360,,Jaxon Kohler","1930365,,Carson Cooper","2119925,,Jeremy Fears Jr.","2119938,,Coen Carr","2313668,,Kur Teng",2025
C. Carr / C. Cooper / J. Fears Jr. / J. Kohler / D. Ugochukwu,Michigan State,113.928438771161,85.0349556988283,28.8934830723326,36.8848272950486,192,183,27.7759989754098,2.8159233904228,109.895833333333,95.0819672131148,14.8138661202186,#FFD7A5,#FFD7A5,#FFEBD2,#FFD7A5,#FFD7A5,#FFFFFF,#FFD7A5,#FFFFFF,#FFEBD2,#FFD7A5,#FFD7A5,#FFD7A5,#FFFFFF,#FFFFFF,#FFEBD2,#FFEBD2,#FFD7A5,#FFFFFF,#FFFFFF,#CBDEF0,#FFFFFF,#FBFCFD,#FFD8A8,#FFDCAF,#FFF7EE,#FFC071,#FFD9AA,"1930360,,Jaxon Kohler","1930365,,Carson Cooper","2119925,,Jeremy Fears Jr.","2119938,,Coen Carr","2319605,,Divine Ugochukwu",2025
C. Carr / C. Cooper / J. Fears Jr. / T. Fort / J. Kohler,Michigan State,121.662257202745,88.3084291932465,33.3538280094989,38.7328854040874,149,145,30.7199722286508,2.49117754357995,117.44966442953,96.551724137931,20.8979402915992,#FFD7A5,#FFD7A5,#FFEBD2,#FFD7A5,#FFD7A5,#FFFFFF,#FFEBD2,#FFEBD2,#FFEBD2,#FFD7A5,#FFD7A5,#FFD7A5,#FFFFFF,#FFFFFF,#FFD7A5,#FFD7A5,#FFD7A5,#FFFFFF,#FFFFFF,#CBDEF0,#FFFFFF,#FFEEDA,#FFD29A,#FFE2BF,#FFEFDC,#FFBD6A,#FFDDB4,"1603155,,Trey Fort","1930360,,Jaxon Kohler","1930365,,Carson Cooper","2119925,,Jeremy Fears Jr.","2119938,,Coen Carr",2025
I. Asuma / B. Durkin / G. Grove / L. Reynolds / C. Tyson,Minnesota,124.194272670077,101.778483331327,22.4157893387501,28.2136579459454,451,447,14.3633139382034,3.8433666010149,117.516629711752,114.317673378076,3.1989563336756,#FFEBD2,#FFEBD2,#FFEBD2,#FFFFFF,#FFEBD2,#FFD7A5,#FFD7A5,#FFEBD2,#FFFFFF,#DCE9F5,#FFFFFF,#FFD7A5,#FFEBD2,#FFFFFF,#FFFFFF,#FFEBD2,#FFFFFF,#CBDEF0,#FFFFFF,#CBDEF0,#FFFFFF,#FFE9CD,#FFE1BB,#FEFEFE,#FFF2E2,#FFCF92,#FFF0DE,"1913192,,Langston Reynolds","1917665,,Cade Tyson","2116902,,Bobby Durkin","2302970,,Isaac Asuma","2302973,,Grayson Grove",2025
I. Asuma / J. Crocker-Johnson / B. Durkin / L. Reynolds / C. Tyson,Minnesota,118.135521486187,100.22138622852,17.9141352576677,25.207034921484,450,443,-6.89404063205412,3.89163066327169,112,113.544018058691,-1.54401805869073,#FFD7A5,#FFEBD2,#FFFFFF,#FFFFFF,#FFD7A5,#FFD7A5,#FFD7A5,#FFEBD2,#FFFFFF,#FFFFFF,#FFEBD2,#FFD7A5,#FFFFFF,#FFFFFF,#FFFFFF,#FFEBD2,#FFEBD2,#FFFFFF,#FFFFFF,#CBDEF0,#FFFFFF,#FFF7ED,#FFE7C9,#FFFCF8,#FFF8F0,#FFD49E,#FFEFDD,"1913192,,Langston Reynolds","1917665,,Cade Tyson","2116902,,Bobby Durkin","2146970,,Jaylen Crocker-Johnson","2302970,,Isaac Asuma",2025
T. Barrett / M. Mitchell / S. Phillips Jr. / T. Pierce / J. Stone,Missouri,126.258287688367,86.3623264947466,39.8959611936203,31.4614623847915,180,182,30.2108669108669,4.64097490050672,118.888888888889,102.197802197802,16.6910866910867,#FFEBD2,#FFEBD2,#FFD7A5,#FFD7A5,#FFEBD2,#FFEBD2,#FFD7A5,#FFFFFF,#DCE9F5,#FFEBD2,#FFEBD2,#FFEBD2,#DCE9F5,#FFFFFF,#FFEBD2,#FFFFFF,#FFD7A5,#FFFFFF,#FFFFFF,#CBDEF0,#FFFFFF,#FFE4C2,#FFC987,#FFDEB6,#FFF1E0,#FFC986,#FFEAD1,"1605509,,Jayden Stone","1912208,,Shawn Phillips Jr.","1917805,,Mark Mitchell","2113364,,Trent Pierce","2300862,,T.O. Barrett",2025
D. Brown / J. Davis / C. Hodges / P. McMahon / J. Miller,Montana State,106.001959824424,114.262936816098,-8.2609769916737,8.9418189648639,211,208,-29.3809811337951,1.15267153567911,105.687203791469,119.711538461538,-14.0243346700693,#FFEBD2,#FFFFFF,#FFFFFF,#FFFFFF,#FFFFFF,#FFFFFF,#FFFFFF,#FFEBD2,#FFFFFF,#FFFFFF,#FFFFFF,#FFFFFF,#FFEBD2,#FFFFFF,#FFFFFF,#FFEBD2,#FFEBD2,#FFFFFF,#FFFFFF,#CBDEF0,#FFFFFF,#DAE8F4,#E1ECF6,#D0E2F1,#E7F0F8,#FFEFDC,#FFFCF8,"1687103,,Patrick McMahon","1687616,,Chris Hodges","1924313,,Jed Miller","2302205,,Jeremiah Davis","2353459,,Davian Brown",2025
J. Davis / C. Hodges / C. King / P. McMahon / J. Miller,Montana State,105.671315580711,106.569715743,-0.898400162288473,7.59060411272694,209,213,-8.70694341487523,0.645622660895408,105.263157894737,109.389671361502,-4.12651346676551,#FFFFFF,#FFFFFF,#FFEBD2,#FFFFFF,#FFFFFF,#FFFFFF,#FFFFFF,#FFFFFF,#FFFFFF,#FFFFFF,#FFFFFF,#DCE9F5,#FFFFFF,#FFFFFF,#FFFFFF,#FFEBD2,#FFEBD2,#FFFFFF,#FFFFFF,#CBDEF0,#FFFFFF,#D9E7F4,#FBFDFE,#ECF3F9,#DEEAF5,#FFF2E1,#FFFAF3,"1687103,,Patrick McMahon","1687616,,Chris Hodges","1924313,,Jed Miller","2125365,,Christian King","2302205,,Jeremiah Davis",2025
E. Alvin / E. Davis / R. Lawson / C. Meeks / A. Worrell Jr.,Morgan State,104.480522202057,125.897281964388,-21.416759762331,-18.9779990563627,187,182,-18.708041958042,-2.25537992449418,109.090909090909,119.230769230769,-10.1398601398601,#FFFFFF,#CBDEF0,#CBDEF0,#FFFFFF,#FFFFFF,#FFEBD2,#CBDEF0,#DCE9F5,#FFFFFF,#FFFFFF,#DCE9F5,#FFEBD2,#FFFFFF,#DCE9F5,#CBDEF0,#FFFFFF,#FFFFFF,#FFFFFF,#FFFFFF,#CBDEF0,#FFFFFF,#D4E4F2,#B2CFE8,#A5C7E5,#D4E4F2,#97BFE1,#B5D0E9,"1725584,,Elijah Davis","1890602,,Christian Meeks","1913780,,Rob Lawson","2302594,,Alfred Worrell Jr.","2477338,,Eugene Alvin",2025
E. Davis / R. Lawson / C. Meeks / C. Oliver / A. Worrell Jr.,Morgan State,103.315651237991,109.614863009732,-6.29921177174164,-14.5760753424103,179,175,3.77449321628089,-1.68633876296764,106.703910614525,104.571428571429,2.13248204309655,#FFFFFF,#CBDEF0,#DCE9F5,#FFFFFF,#FFFFFF,#FFFFFF,#CBDEF0,#DCE9F5,#FFEBD2,#DCE9F5,#FFFFFF,#FFEBD2,#FFFFFF,#CBDEF0,#DCE9F5,#CBDEF0,#FFFFFF,#FFFFFF,#FFFFFF,#CBDEF0,#FFFFFF,#CFE1F1,#E8F1F8,#E1ECF6,#CFE1F1,#AFCEE8,#CADEEF,"1725584,,Elijah Davis","1890602,,Christian Meeks","1913780,,Rob Lawson","2113974,,Christian Oliver","2302594,,Alfred Worrell Jr.",2025
E. Davis / M. Harris / R. Lawson / C. Meeks / A. Worrell Jr.,Morgan State,99.5098133204242,96.8721010995395,2.63771222088471,-12.6086121457304,132,129,11.058932346723,-1.16731308788789,102.272727272727,93.7984496124031,8.47427766032417,#DCE9F5,#DCE9F5,#DCE9F5,#FFFFFF,#FFFFFF,#FFFFFF,#CBDEF0,#DCE9F5,#FFFFFF,#FFFFFF,#FFFFFF,#FFEBD2,#DCE9F5,#CBDEF0,#FFFFFF,#DCE9F5,#FFFFFF,#FFFFFF,#FFFFFF,#CBDEF0,#FFFFFF,#C0D8EC,#FFFBF7,#FFF4E8,#C3DAED,#BAD4EB,#DCE9F5,"1725584,,Elijah Davis","1890602,,Christian Meeks","1913780,,Rob Lawson","2302594,,Alfred Worrell Jr.","2320981,,Marland Harris",2025
T. Deveaux / A. Keyes / A. Khadre Kébé / X. Lipscomb / L. McEldon,Mount St. Mary's,95.87648248338,100.207808961215,-4.33132647783461,1.21251032182167,247,244,-5.96356275303644,-0.380435336052751,97.5708502024291,100,-2.42914979757085,#FFFFFF,#FFFFFF,#FFFFFF,#FFFFFF,#FFFFFF,#FFEBD2,#FFFFFF,#FFFFFF,#FFFFFF,#FFFFFF,#FFEBD2,#FFEBD2,#CBDEF0,#FFFFFF,#FFFFFF,#FFFFFF,#FFFFFF,#FFFFFF,#FFFFFF,#CBDEF0,#FFFFFF,#B1CEE8,#EFF5FA,#FFFCF8,#C5DAEE,#FFFCFA,#FFF7EE,"1594831,,Xavier Lipscomb","2110378,,Luke McEldon","2117627,,Trey Deveaux","2306704,,Arlandus Keyes","2306724,,Abdou Khadre Kébé",2025
J. Jackson / F. King / M. Miller / L. Taylor / J. Traynor,Murray State,120.968675017546,99.0916309696188,21.8770440479276,19.5103849440966,405,411,64.6799675587997,1.20482216454631,119.259259259259,103.406326034063,15.852933225196,#FFEBD2,#FFFFFF,#FFFFFF,#FFEBD2,#FFD7A5,#FFFFFF,#FFEBD2,#FFEBD2,#FFFFFF,#FFEBD2,#FFFFFF,#FFFFFF,#FFFFFF,#DCE9F5,#FFFFFF,#FFFFFF,#FFFFFF,#FFFFFF,#FFFFFF,#CBDEF0,#FFFFFF,#FFF0DE,#FFE1BD,#FFF9F2,#FFF8F1,#FFDDB4,#FFFBF6,"1591061,,JJ Traynor","1702065,,Mason Miller","1894497,,Javon Jackson","1908634,,Fredrick King","2292842,,Layne Taylor",2025
A. Benigni / A. Kehoe / J. Kim / J. Pennick / M. Woods,Navy,105.216450649001,103.320799284652,1.89565136434909,4.38639615444436,373,376,29.1646868404541,-1.17839639417713,109.383378016086,101.595744680851,7.78763333523473,#FFFFFF,#FFFFFF,#CBDEF0,#FFFFFF,#FFD7A5,#FFD7A5,#FFFFFF,#FFFFFF,#FFFFFF,#FFFFFF,#FFFFFF,#FFEBD2,#FFFFFF,#FFFFFF,#FFFFFF,#FFD7A5,#FFFFFF,#FFFFFF,#FFFFFF,#CBDEF0,#FFFFFF,#D7E6F3,#FFFCF9,#F8FBFD,#DAE8F4,#FFF7EE,#FFFDFC,"1913805,,Austin Benigni","1913809,,Aidan Kehoe","1913814,,Mike Woods","2119581,,Jinwoo Kim","2119586,,Jordan Pennick",2025
A. Benigni / C. Cole / D. Draper / A. Kehoe / J. Kim,Navy,120.380740148263,101.188837723495,19.1919024247676,21.374054619455,258,249,61.8656486410759,-1.04253853998343,124.806201550388,100.401606425703,24.4045951246848,#FFFFFF,#FFEBD2,#CBDEF0,#FFFFFF,#FFEBD2,#FFD7A5,#FFFFFF,#FFFFFF,#FFFFFF,#FFFFFF,#FFEBD2,#FFD7A5,#FFFFFF,#FFEBD2,#FFFFFF,#FFEBD2,#FFEBD2,#FFFFFF,#FFFFFF,#CBDEF0,#FFFFFF,#FFF2E1,#FFE5C5,#FFFEFC,#FCFDFE,#FFDAAC,#FFEFDC,"1913805,,Austin Benigni","1913809,,Aidan Kehoe","2119569,,Cam Cole","2119572,,Donovan Draper","2119581,,Jinwoo Kim",2025
A. Benigni / D. Draper / A. Kehoe / J. Kim / J. Pennick,Navy,110.565891857706,115.481749234257,-4.91585737655096,7.2315396942499,238,247,-3.68374272786036,-0.679357642084595,113.865546218487,115.384615384615,-1.51906916612798,#FFFFFF,#FFFFFF,#CBDEF0,#FFFFFF,#FFD7A5,#FFD7A5,#FFFFFF,#FFFFFF,#FFFFFF,#FFFFFF,#FFEBD2,#FFEBD2,#FFFFFF,#FFFFFF,#FFFFFF,#FFD7A5,#FFEBD2,#FFFFFF,#FFFFFF,#CBDEF0,#FFFFFF,#EDF4F9,#EDF4F9,#CCDFF0,#E6EFF7,#FFF2E3,#FEFEFE,"1913805,,Austin Benigni","1913809,,Aidan Kehoe","2119572,,Donovan Draper","2119581,,Jinwoo Kim","2119586,,Jordan Pennick",2025
A. Benigni / D. Draper / A. Kehoe / J. Kim / M. Woods,Navy,94.8083424486984,84.2952187495803,10.513123699118,10.8289056261349,201,199,26.2106552663816,-0.518440786814556,96.0199004975124,82.9145728643216,13.1053276331908,#FFFFFF,#FFEBD2,#DCE9F5,#FFFFFF,#FFD7A5,#FFD7A5,#FFFFFF,#FFFFFF,#FFFFFF,#FFD7A5,#FFEBD2,#FFD7A5,#FFFFFF,#FFEBD2,#FFFFFF,#FFEBD2,#FFEBD2,#FFFFFF,#FFFFFF,#CBDEF0,#FFFFFF,#ACCCE7,#FFF1DF,#FFDAAC,#CFE1F1,#FFECD5,#FFEAD0,"1913805,,Austin Benigni","1913809,,Aidan Kehoe","1913814,,Mike Woods","2119572,,Donovan Draper","2119581,,Jinwoo Kim",2025
A. Benigni / C. Cole / D. Draper / A. Kehoe / J. Pennick,Navy,104.299761841567,85.4924756356666,18.8072862059008,14.9629746507474,186,185,40.0272449869224,-0.554148687328995,108.064516129032,86.4864864864865,21.5780296425458,#FFFFFF,#FFEBD2,#CBDEF0,#FFFFFF,#FFD7A5,#FFD7A5,#FFFFFF,#FFFFFF,#FFFFFF,#FFFFFF,#FFEBD2,#FFD7A5,#DCE9F5,#FFEBD2,#FFFFFF,#FFFFFF,#FFEBD2,#FFFFFF,#FFFFFF,#CBDEF0,#FFFFFF,#D3E4F2,#FFE6C6,#FFDDB2,#DBE8F4,#FFE5C5,#FFE8CD,"1913805,,Austin Benigni","1913809,,Aidan Kehoe","2119569,,Cam Cole","2119572,,Donovan Draper","2119586,,Jordan Pennick",2025
"Q. Copeland / T. Holloman / V. Lubin / P. McNeil, Jr. / D. Williams",NC State,127.063704928919,95.9141562882287,31.1495486406901,34.66099187211,562,546,71.7622567231108,3.63921453957807,120.462633451957,107.509157509158,12.9534759427998,#FFD7A5,#FFEBD2,#FFFFFF,#FFEBD2,#FFD7A5,#FFD7A5,#FFEBD2,#FFD7A5,#FFD7A5,#FFFFFF,#FFFFFF,#FFD7A5,#FFEBD2,#FFEBD2,#FFFFFF,#FFEBD2,#FFD7A5,#FFFFFF,#FFFFFF,#CBDEF0,#FFFFFF,#FFE2BE,#FFD5A1,#FFF2E3,#FFE8CB,#FFC479,#FFEDD8,"1890500,,Ven-Allen Lubin","1896934,,Darrion Williams","1909612,,Quadir Copeland","1930361,,Tre Holloman","2291869,,Paul McNeil, Jr.",2025
"M. Able / Q. Copeland / V. Lubin / P. McNeil, Jr. / D. Williams",NC State,125.010897338302,95.8692068364634,29.141690501839,37.6846595321287,149,143,16.246585629136,3.60277842514369,118.120805369128,106.993006993007,11.1277983761205,#FFD7A5,#FFEBD2,#FFEBD2,#FFD7A5,#FFD7A5,#FFD7A5,#FFEBD2,#FFD7A5,#FFEBD2,#FFEBD2,#FFEBD2,#FFEBD2,#FFEBD2,#FFEBD2,#FFFFFF,#FFFFFF,#FFD7A5,#FFFFFF,#FFFFFF,#CBDEF0,#FFFFFF,#FFE7C8,#FFD8A7,#FFF2E3,#FFE7CA,#FFBF6E,#FFE8CB,"1890500,,Ven-Allen Lubin","1896934,,Darrion Williams","1909612,,Quadir Copeland","2291869,,Paul McNeil, Jr.","2474419,,Matt Able",2025
"A. Breed / Q. Copeland / V. Lubin / P. McNeil, Jr. / D. Williams",NC State,114.839429920222,89.5112418318466,25.3281880883755,31.9180761074922,132,131,13.9621790423317,2.9421122880429,109.090909090909,98.4732824427481,10.617626648161,#FFD7A5,#FFEBD2,#FFFFFF,#FFEBD2,#FFD7A5,#FFEBD2,#FFEBD2,#FFD7A5,#FFD7A5,#FFFFFF,#FFEBD2,#FFD7A5,#FFEBD2,#FFEBD2,#FFFFFF,#FFFFFF,#FFD7A5,#FFFFFF,#FFFFFF,#CBDEF0,#FFFFFF,#FEFEFE,#FFDDB2,#FFE5C5,#FFF2E2,#FFC884,#FFE9CD,"1600753,,Alyn Breed","1890500,,Ven-Allen Lubin","1896934,,Darrion Williams","1909612,,Quadir Copeland","2291869,,Paul McNeil, Jr.",2025
B. Buyuktuncel / S. Hoiberg / J. Lawrence / R. Mast / P. Sandfort,Nebraska,109.249187604214,77.8304974350138,31.4186901692001,33.128596967672,509,500,67.2818644400786,3.61646887863373,103.536345776031,90.2,13.3363457760314,#FFD7A5,#FFD7A5,#FFFFFF,#FFEBD2,#FFD7A5,#FFEBD2,#FFEBD2,#FFD7A5,#FFEBD2,#FFFFFF,#FFEBD2,#FFD7A5,#FFEBD2,#FFEBD2,#FFFFFF,#FFD7A5,#FFFFFF,#FFFFFF,#FFFFFF,#CBDEF0,#FFFFFF,#E8F0F8,#FFD5A0,#FFCC8D,#F5F9FC,#FFC67F,#FFD39E,"1309565,,Rienk Mast","1702080,,Sam Hoiberg","1898631,,Jamarques Lawrence","2106221,,Berke Buyuktuncel","2113322,,Pryce Sandfort",2025
B. Frager / S. Hoiberg / J. Lawrence / R. Mast / P. Sandfort,Nebraska,132.34764458975,86.1545280196561,46.1931165700937,44.8601252046278,264,248,78.0136852394917,3.14380415468345,127.651515151515,97.1774193548387,30.4740957966764,#FFD7A5,#FFD7A5,#FFFFFF,#FFEBD2,#FFD7A5,#FFEBD2,#FFD7A5,#FFD7A5,#FFD7A5,#FFFFFF,#FFFFFF,#FFD7A5,#FFEBD2,#FFFFFF,#DCE9F5,#FFD7A5,#FFEBD2,#FFFFFF,#FFFFFF,#FFFFFF,#FFFFFF,#FFD5A1,#FFC174,#FFDEB5,#FFE0B9,#FFB252,#FFE1BC,"1309565,,Rienk Mast","1702080,,Sam Hoiberg","1898631,,Jamarques Lawrence","2113322,,Pryce Sandfort","2291433,,Braden Frager",2025
B. Frager / S. Hoiberg / C. Jacobsen / R. Mast / P. Sandfort,Nebraska,123.250818824413,87.1420926165225,36.1087262078906,41.2057929085388,179,177,35.8325916106429,3.19561135274183,118.435754189944,98.3050847457627,20.1306694441814,#FFD7A5,#FFD7A5,#FFFFFF,#FFFFFF,#FFEBD2,#FFFFFF,#FFD7A5,#FFD7A5,#FFEBD2,#FFFFFF,#FFEBD2,#FFEBD2,#FFD7A5,#FFEBD2,#DCE9F5,#FFD7A5,#FFFFFF,#FFFFFF,#FFFFFF,#CBDEF0,#FFFFFF,#FFEBD2,#FFCF92,#FFE0BA,#FFECD6,#FFB960,#FFDBAF,"1309565,,Rienk Mast","1702080,,Sam Hoiberg","1898629,,Cale Jacobsen","2113322,,Pryce Sandfort","2291433,,Braden Frager",2025
C. Camper Jr. / T. Comer / K. Lowery / E. Price / V. Weems,Nevada,120.041472032163,95.6798975643376,24.3615744678258,26.7813240324926,278,270,43.2500932587264,1.71537377978952,117.26618705036,101.481481481481,15.7847055688782,#FFEBD2,#FFEBD2,#FFFFFF,#FFFFFF,#FFFFFF,#FFD7A5,#DCE9F5,#FFFFFF,#FFEBD2,#FFEBD2,#FFEBD2,#FFFFFF,#FFFFFF,#FFEBD2,#FFEBD2,#FFFFFF,#FFD7A5,#FFFFFF,#FFFFFF,#CBDEF0,#FFFFFF,#FFF2E3,#FFDEB5,#FFF2E2,#FFFBF6,#FFD198,#FFEAD0,"1930391,,Tayshawn Comer","2122226,,Elijah Price","2144223,,Corey Camper Jr.","2545401,,Kaleb Lowery","2545403,,Vaughn Weems",2025
B. El Shakery / J. Graham / D. Poser / K. Robinson / J. Squire,New Hampshire,92.4127449931857,106.268368909422,-13.8556239162359,-12.162814290091,191,190,-34.0054836042987,0.799004729015153,91.6230366492147,109.473684210526,-17.8506475613117,#DCE9F5,#DCE9F5,#FFFFFF,#FFFFFF,#FFFFFF,#FFFFFF,#FFFFFF,#DCE9F5,#CBDEF0,#DCE9F5,#FFEBD2,#FFFFFF,#FFFFFF,#FFFFFF,#FFFFFF,#FFFFFF,#FFFFFF,#FFFFFF,#FFFFFF,#CBDEF0,#FFFFFF,#A2C6E4,#CDE0F0,#EDF4FA,#B7D2EA,#BCD6EB,#EBF2F9,"2092554,,KiJan Robinson","2098106,,Belal El Shakery","2098971,,John Squire","2106654,,Jack Graham","2117048,,Davide Poser",2025
T. Bike / B. El Shakery / J. Graham / D. Poser / J. Squire,New Hampshire,89.0182581079922,95.4941177841271,-6.4758596761349,-8.5618285112956,178,185,-4.50305192833283,-0.798967865989201,91.5730337078652,94.0540540540541,-2.48102034618889,#DCE9F5,#FFFFFF,#DCE9F5,#FFFFFF,#FFFFFF,#FFFFFF,#FFFFFF,#DCE9F5,#CBDEF0,#DCE9F5,#FFEBD2,#FFFFFF,#FFEBD2,#FFFFFF,#FFFFFF,#FFFFFF,#DCE9F5,#FFFFFF,#FFFFFF,#CBDEF0,#FFFFFF,#94BDE0,#E7F0F8,#FFF2E1,#B2CEE8,#D0E2F1,#FDFDFE,"2098106,,Belal El Shakery","2098971,,John Squire","2106654,,Jack Graham","2117048,,Davide Poser","2493068,,Tyler Bike",2025
T. Bike / B. El Shakery / D. Poser / K. Robinson / J. Squire,New Hampshire,93.9697591553528,120.188349984577,-26.2185908292238,-11.9741604132098,140,132,-23.5792207792208,-1.77618569831229,98.5714285714286,115.909090909091,-17.3376623376623,#FFFFFF,#DCE9F5,#DCE9F5,#FFFFFF,#FFFFFF,#FFFFFF,#DCE9F5,#FFFFFF,#CBDEF0,#DCE9F5,#FFFFFF,#FFFFFF,#FFFFFF,#DCE9F5,#FFFFFF,#FFFFFF,#DCE9F5,#FFFFFF,#FFFFFF,#CBDEF0,#FFFFFF,#A9C9E6,#A1C5E3,#BAD4EB,#C0D8ED,#BDD6EC,#E1ECF6,"2092554,,KiJan Robinson","2098106,,Belal El Shakery","2098971,,John Squire","2117048,,Davide Poser","2493068,,Tyler Bike",2025
K. Briggs / S. Faloppa / J. Fitzpatrick / N. George / A. Pasha,New Haven,100.440528634361,102.941176470588,-2.50064783622699,-2.53041678306867,454,442,-11.2029023062969,0,100.440528634361,102.941176470588,-2.50064783622699,#FFFFFF,#FFFFFF,#FFFFFF,#FFFFFF,#DCE9F5,#FFD7A5,#FFFFFF,#DCE9F5,#FFFFFF,#CBDEF0,#FFFFFF,#FFFFFF,#FFFFFF,#FFFFFF,#DCE9F5,#FFEBD2,#FFFFFF,#FFFFFF,#FFFFFF,#CBDEF0,#FFFFFF,#C3DAED,#F6F9FC,#FAFCFD,#CBDEF0,#F1F6FB,#F7FAFC,"1892537,,Kheni Briggs","2117622,,Jabri Fitzpatrick","2311797,,Stefano Faloppa","2351714,,Najimi George","2531837,,Andre Pasha",2025
M. Adeleye / S. Faloppa / J. Fitzpatrick / N. George / A. Pasha,New Haven,94.8170731707317,99.6894409937888,-4.87236782305712,-5.85214163840722,328,322,-15.8351954249356,0,94.8170731707317,99.6894409937888,-4.87236782305712,#DCE9F5,#FFFFFF,#FFFFFF,#FFFFFF,#CBDEF0,#FFD7A5,#FFFFFF,#DCE9F5,#FFFFFF,#CBDEF0,#FFFFFF,#FFFFFF,#FFFFFF,#FFFFFF,#DCE9F5,#FFEBD2,#FFFFFF,#FFFFFF,#FFFFFF,#CBDEF0,#FFFFFF,#ACCCE7,#EDF4F9,#FFFAF5,#BBD4EB,#DFEBF5,#FCFDFE,"1925380,,Maison Adeleye","2117622,,Jabri Fitzpatrick","2311797,,Stefano Faloppa","2351714,,Najimi George","2531837,,Andre Pasha",2025
M. Adeleye / J. Fitzpatrick / N. George / A. Pasha / T. Steele,New Haven,98.7199748468316,104.186996375784,-5.46702152895244,-5.38163780805379,154,152,-3.03280929596719,-0.696958646186933,100.649350649351,102.631578947368,-1.98222829801777,#DCE9F5,#FFFFFF,#FFFFFF,#FFFFFF,#CBDEF0,#FFD7A5,#FFFFFF,#DCE9F5,#FFFFFF,#DCE9F5,#FFEBD2,#FFFFFF,#FFFFFF,#FFFFFF,#FFFFFF,#FFEBD2,#FFFFFF,#FFFFFF,#FFFFFF,#CBDEF0,#FFFFFF,#BCD6EB,#EBF2F9,#F5F9FC,#C3D9ED,#E1ECF6,#F6F9FC,"1925380,,Maison Adeleye","2117622,,Jabri Fitzpatrick","2351714,,Najimi George","2531837,,Andre Pasha","2531839,,Teshaun Steele",2025
C. Abass / C. Benson / J. Buckley / T. Cope / M. Thomas,New Orleans,102.727532811444,100.251558082529,2.47597472891538,8.18602160477934,273,274,-11.9744458704313,1.37083998201206,100.3663003663,104.744525547445,-4.3782251811449,#FFFFFF,#FFFFFF,#FFFFFF,#FFFFFF,#FFEBD2,#FFEBD2,#FFEBD2,#FFEBD2,#FFFFFF,#FFEBD2,#FFEBD2,#FFFFFF,#CBDEF0,#FFFFFF,#FFEBD2,#DCE9F5,#FFD7A5,#FFFFFF,#FFFFFF,#CBDEF0,#FFFFFF,#CDE0F0,#FFFBF7,#FFFCF8,#DBE8F4,#FFF1DF,#FFF6EC,"1933814,,Coleton Benson","1948695,,Jakevion Buckley","2097918,,Churchill Abass","2329985,,MJ Thomas","2489658,,Tavaj Cope",2025
C. Benson / E. Boudouma / J. Buckley / K. Osby / M. Thomas,New Orleans,120.738222516543,110.255831315579,10.4823912009641,9.64655752292096,145,149,11.6143948160148,0.516288469306444,119.310344827586,111.409395973154,7.90094885443184,#FFFFFF,#FFFFFF,#FFFFFF,#FFFFFF,#FFFFFF,#FFEBD2,#FFFFFF,#FFFFFF,#FFEBD2,#FFEBD2,#FFFFFF,#FFFFFF,#DCE9F5,#FFFFFF,#DCE9F5,#FFFFFF,#FFEBD2,#FFFFFF,#FFFFFF,#CBDEF0,#FFFFFF,#FFF1DF,#FFF1DF,#DFEBF5,#F8FAFD,#FFEED9,#F4F8FC,"1933814,,Coleton Benson","1948695,,Jakevion Buckley","2329985,,MJ Thomas","2489662,,Kedrick Osby","2489663,,Enzo Boudouma",2025
C. Abass / C. Benson / E. Boudouma / J. Buckley / T. Cope,New Orleans,112.798544441277,96.8247283014931,15.9738161397838,10.6821177849431,144,150,20.2941666666667,0.433652116845656,111.805555555556,98,13.8055555555556,#FFFFFF,#FFFFFF,#FFEBD2,#FFFFFF,#FFEBD2,#FFEBD2,#FFEBD2,#FFFFFF,#FFFFFF,#FFFFFF,#FFFFFF,#FFFFFF,#CBDEF0,#FFFFFF,#FFFFFF,#DCE9F5,#FFEBD2,#FFFFFF,#FFFFFF,#CBDEF0,#FFFFFF,#F6F9FC,#FFE9CE,#FFF4E8,#E9F1F8,#FFECD5,#FFF9F3,"1933814,,Coleton Benson","1948695,,Jakevion Buckley","2097918,,Churchill Abass","2489658,,Tavaj Cope","2489663,,Enzo Boudouma",2025
C. Abass / C. Benson / E. Boudouma / J. Buckley / K. Osby,New Orleans,85.5498898532381,112.105341753111,-26.5554518998726,-3.73002484217927,125,126,-40.0086031746032,1.0647826358985,83.2,115.079365079365,-31.8793650793651,#FFFFFF,#FFFFFF,#FFEBD2,#FFFFFF,#FFEBD2,#FFFFFF,#FFFFFF,#FFFFFF,#FFFFFF,#FFFFFF,#FFFFFF,#FFFFFF,#DCE9F5,#FFFFFF,#FFFFFF,#FFFFFF,#FFEBD2,#FFFFFF,#FFFFFF,#CBDEF0,#FFFFFF,#86B4DC,#A0C4E3,#D8E7F3,#C0D7EC,#EAF2F9,#FFFEFE,"1933814,,Coleton Benson","1948695,,Jakevion Buckley","2097918,,Churchill Abass","2489662,,Kedrick Osby","2489663,,Enzo Boudouma",2025
C. Benson / E. Boudouma / J. Buckley / T. Cope / M. Thomas,New Orleans,112.13125091329,109.606588830325,2.52466208296518,8.42259108035939,125,124,-0.112451612903201,0.522996932722064,111.2,111.290322580645,-0.0903225806451413,#FFEBD2,#FFFFFF,#FFFFFF,#FFFFFF,#FFFFFF,#FFEBD2,#FFFFFF,#FFFFFF,#FFEBD2,#FFFFFF,#FFFFFF,#FFEBD2,#DCE9F5,#FFFFFF,#DCE9F5,#FFFFFF,#FFD7A5,#FFFFFF,#FFFFFF,#CBDEF0,#FFFFFF,#F3F8FB,#FFFBF7,#E1ECF6,#F0F6FA,#FFF0DE,#F8FAFC,"1933814,,Coleton Benson","1948695,,Jakevion Buckley","2329985,,MJ Thomas","2489658,,Tavaj Cope","2489663,,Enzo Boudouma",2025
J. Dunkley / T. English / S. Malone / J. Searles / C. Winborne,Nicholls State,99.9108244091595,89.9083421786591,10.0024822305004,5.89652799263041,185,180,14.2218468468469,0.441937887541514,99.4594594594595,91.6666666666667,7.7927927927928,#FFFFFF,#FFFFFF,#FFFFFF,#FFFFFF,#FFEBD2,#FFEBD2,#FFFFFF,#DCE9F5,#DCE9F5,#FFFFFF,#FFFFFF,#FFEBD2,#FFFFFF,#FFD7A5,#FFFFFF,#FFFFFF,#FFFFFF,#FFFFFF,#FFFFFF,#CBDEF0,#FFFFFF,#C1D9ED,#FFF1E0,#FFE6C7,#D6E5F3,#FFF4E8,#FFF8EF,"1701892,,Trae English","1910905,,Christian Winborne","1936951,,Sincere Malone","2116984,,Jaylen Searles","2567141,,Jalik Dunkley",2025
D. Bolden / M. Ebonkoli / A. Fulton / S. Robinson / J. Rogers,NJIT,99.7890804447302,93.3537189896838,6.43536145504645,0.466586353421095,422,409,50.3877825930775,-1.13833240661177,103.080568720379,90.9535452322738,12.1270234881053,#FFFFFF,#FFFFFF,#DCE9F5,#FFFFFF,#FFFFFF,#FFD7A5,#DCE9F5,#DCE9F5,#FFFFFF,#FFFFFF,#FFFFFF,#FFFFFF,#DCE9F5,#FFFFFF,#FFFFFF,#FFFFFF,#FFFFFF,#FFFFFF,#FFFFFF,#CBDEF0,#FFFFFF,#C1D8ED,#FFF6EB,#FFEDD7,#C6DBEE,#FFFEFD,#FFFAF3,"1600342,,Melvyn Ebonkoli","2117659,,Sebastian Robinson","2337442,,Ari Fulton","2337454,,Jordan Rogers","2481917,,David Bolden",2025
M. Arrington / D. Bolden / J. Clayville / A. Fulton / J. Rogers,NJIT,90.6066958724397,101.203510632931,-10.5968147604918,-7.44713429544666,216,210,-27.8083333333334,0.491748159012751,90.2777777777778,103.333333333333,-13.0555555555556,#FFFFFF,#FFFFFF,#FFFFFF,#FFFFFF,#FFFFFF,#FFFFFF,#FFFFFF,#FFFFFF,#FFFFFF,#FFFFFF,#FFFFFF,#FFFFFF,#FFFFFF,#FFFFFF,#FFFFFF,#FFFFFF,#DCE9F5,#FFFFFF,#FFFFFF,#CBDEF0,#FFFFFF,#9BC1E2,#D9E7F4,#FFFEFC,#B7D2EA,#D6E5F3,#FBFCFD,"2319683,,Jeremy Clayville","2337442,,Ari Fulton","2337453,,Malachi Arrington","2337454,,Jordan Rogers","2481917,,David Bolden",2025
L. Bogavac / K. Evans / J. Stevenson / H. Veesaar / C. Wilson,North Carolina,118.141744831072,84.3547720467497,33.7869727843224,34.6533441912007,201,199,47.9411985299632,1.96327470386815,114.925373134328,90.9547738693467,23.9705992649816,#FFD7A5,#FFD7A5,#FFD7A5,#FFEBD2,#FFFFFF,#FFEBD2,#FFD7A5,#FFEBD2,#FFFFFF,#FFEBD2,#FFEBD2,#FFEBD2,#FFFFFF,#DCE9F5,#FFEBD2,#FFEBD2,#FFD7A5,#FFFFFF,#FFFFFF,#CBDEF0,#FFFFFF,#FFF7ED,#FFD299,#FFDAAC,#FFF6EB,#FFC479,#FFDFB7,"1896872,,Henri Veesaar","2099741,,Jarin Stevenson","2122486,,Kyan Evans","2506302,,Luka Bogavac","2506579,,Caleb Wilson",2025
L. Bogavac / D. Dixon / J. Stevenson / S. Trimble / H. Veesaar,North Carolina,122.188773452488,92.6950041967689,29.4937692557193,31.403725083737,191,187,11.6203488534871,4.6690873058013,112.565445026178,106.417112299465,6.14833272671276,#FFD7A5,#FFEBD2,#FFD7A5,#FFEBD2,#FFEBD2,#FFFFFF,#FFD7A5,#FFEBD2,#FFFFFF,#FFFFFF,#FFFFFF,#FFEBD2,#FFEBD2,#DCE9F5,#FFFFFF,#FFD7A5,#FFEBD2,#FFFFFF,#FFFFFF,#CBDEF0,#FFFFFF,#FFEDD7,#FFD7A6,#FFECD4,#FFF1E0,#FFC986,#FFEAD1,"1890629,,Seth Trimble","1896872,,Henri Veesaar","2099741,,Jarin Stevenson","2506302,,Luka Bogavac","2506567,,Derek Dixon",2025
L. Bogavac / K. Evans / S. Trimble / H. Veesaar / C. Wilson,North Carolina,106.076268669685,80.3978418023536,25.6784268673319,33.4423429919271,128,124,11.1774193548387,3.36149182507928,100,91.1290322580645,8.87096774193549,#FFD7A5,#FFD7A5,#FFEBD2,#FFD7A5,#FFEBD2,#FFD7A5,#FFD7A5,#FFEBD2,#FFFFFF,#FFEBD2,#FFEBD2,#FFD7A5,#FFFFFF,#FFFFFF,#FFEBD2,#FFD7A5,#FFD7A5,#FFFFFF,#FFFFFF,#CBDEF0,#FFFFFF,#DAE8F4,#FFDCB1,#FFD299,#FFF8F1,#FFC67E,#FFDFB7,"1890629,,Seth Trimble","1896872,,Henri Veesaar","2122486,,Kyan Evans","2506302,,Luka Bogavac","2506579,,Caleb Wilson",2025
Ama. Doumbia / Tre. Middleton Jr. / Dwa. Pierce / Lew. Walker / Zam. Weluche-Ume,North Carolina A&T,97.2867812444949,103.339403169192,-6.05262192469699,-6.65794495448788,198,198,-15,0.304627130212121,97.4747474747475,105.050505050505,-7.57575757575759,#FFFFFF,#FFFFFF,#FFEBD2,#FFFFFF,#DCE9F5,#FFEBD2,#FFFFFF,#DCE9F5,#FFEBD2,#FFFFFF,#FFEBD2,#FFFFFF,#DCE9F5,#DCE9F5,#FFEBD2,#DCE9F5,#FFEBD2,#FFFFFF,#FFFFFF,#CBDEF0,#FFFFFF,#B6D2EA,#E9F1F8,#F8FBFD,#C5DBEE,#DAE8F4,#EFF5FA,"2099649,,Zamoku Weluche-Ume","2125375,,Trent Middleton Jr.","2326233,,Lewis Walker","2326236,,Amadou Doumbia","2548128,,Dwayne Pierce",2025
Wil. Felton / Tre. Middleton Jr. / Dwa. Pierce / Lew. Walker / Zam. Weluche-Ume,North Carolina A&T,109.994782713899,122.505164515158,-12.5103818012594,-4.8059155157387,169,158,-23.9108493745787,0.422798180980975,110.059171597633,124.683544303797,-14.6243727061643,#FFFFFF,#DCE9F5,#FFEBD2,#FFFFFF,#DCE9F5,#FFEBD2,#FFFFFF,#DCE9F5,#FFFFFF,#FFFFFF,#FFFFFF,#FFFFFF,#DCE9F5,#DCE9F5,#DCE9F5,#FFFFFF,#FFEBD2,#FFFFFF,#FFFFFF,#CBDEF0,#FFFFFF,#EBF2F9,#D2E3F2,#B2CFE8,#E3EEF7,#E4EEF7,#D7E6F3,"1716965,,Will Felton","2099649,,Zamoku Weluche-Ume","2125375,,Trent Middleton Jr.","2326233,,Lewis Walker","2548128,,Dwayne Pierce",2025
K. Davis / D. Johnson / G. Lattimore / K. Okworogwo / J. Slack,North Carolina Central,104.491646185564,121.033510186423,-16.5418640008596,-11.1878833326682,207,208,-13.8747793571163,-1.97104466936552,109.178743961353,115.865384615385,-6.68664065403197,#FFFFFF,#DCE9F5,#DCE9F5,#FFFFFF,#FFFFFF,#FFEBD2,#CBDEF0,#FFFFFF,#FFEBD2,#FFFFFF,#FFFFFF,#FFFFFF,#FFFFFF,#FFEBD2,#FFFFFF,#FFFFFF,#FFFFFF,#FFFFFF,#FFFFFF,#CBDEF0,#FFFFFF,#D4E4F2,#C4DAED,#B7D2EA,#D2E2F2,#C2D9ED,#D2E3F2,"1890564,,Kelechi Okworogwo","1896316,,Dionte Johnson","2100347,,Jae Slack","2352194,,Kyric Davis","2359020,,Gage Lattimore",2025
T. Carpenter / K. Davis / D. Johnson / G. Lattimore / K. Okworogwo,North Carolina Central,97.8626834411579,117.778609306848,-19.9159258656903,-13.8801642335979,193,198,-18.7089417490972,-2.0692269379363,101.036269430052,110.606060606061,-9.56979117600878,#FFFFFF,#DCE9F5,#CBDEF0,#FFFFFF,#FFFFFF,#FFEBD2,#DCE9F5,#FFFFFF,#FFEBD2,#DCE9F5,#DCE9F5,#FFFFFF,#FFFFFF,#FFEBD2,#FFFFFF,#FFFFFF,#FFFFFF,#FFFFFF,#FFFFFF,#CBDEF0,#FFFFFF,#B9D3EA,#B8D3EA,#C3DAED,#C5DBEE,#B3D0E9,#D6E5F3,"1890564,,Kelechi Okworogwo","1896316,,Dionte Johnson","2334130,,Tekao Carpenter","2352194,,Kyric Davis","2359020,,Gage Lattimore",2025
T. Carpenter / D. Johnson / G. Lattimore / K. Okworogwo / J. Slack,North Carolina Central,96.4740591015229,121.416385098132,-24.9423259966088,-17.6565504694144,163,153,-25.8169934640523,-1.7204913431126,100,116.339869281046,-16.3398692810458,#FFFFFF,#CBDEF0,#CBDEF0,#FFFFFF,#FFFFFF,#FFEBD2,#CBDEF0,#FFFFFF,#FFEBD2,#DCE9F5,#CBDEF0,#FFFFFF,#FFFFFF,#FFFFFF,#DCE9F5,#FFFFFF,#FFFFFF,#FFFFFF,#FFFFFF,#CBDEF0,#FFFFFF,#B3D0E9,#A6C8E5,#B6D1E9,#CADEEF,#9FC3E3,#C3DAED,"1890564,,Kelechi Okworogwo","1896316,,Dionte Johnson","2100347,,Jae Slack","2334130,,Tekao Carpenter","2359020,,Gage Lattimore",2025
T. Carpenter / K. Carvey / D. Johnson / G. Lattimore / J. Slack,North Carolina Central,110.168782846215,106.424231617114,3.74455122910149,-6.96860789590688,156,149,17.4124505248666,-1.53468982301467,114.102564102564,102.684563758389,11.4180003441748,#FFFFFF,#CBDEF0,#DCE9F5,#FFFFFF,#FFFFFF,#FFEBD2,#DCE9F5,#FFFFFF,#FFFFFF,#FFFFFF,#DCE9F5,#FFEBD2,#FFFFFF,#FFEBD2,#DCE9F5,#FFFFFF,#FFEBD2,#FFFFFF,#FFFFFF,#CBDEF0,#FFFFFF,#EBF3F9,#FFFAF3,#EDF4F9,#E5EEF7,#D9E7F4,#CEE0F0,"1896316,,Dionte Johnson","2100347,,Jae Slack","2334104,,Khouri Carvey","2334130,,Tekao Carpenter","2359020,,Gage Lattimore",2025
Gar. Anderson / Eli. King / Zac. Kraft / Geo. Natsvlishvili / Gre. Uelmen,North Dakota,117.694972542413,106.795551543381,10.8994209990322,8.49978299152951,234,211,19.6930570745737,0.409721766136897,118.803418803419,109.952606635071,8.85081216834771,#FFFFFF,#FFFFFF,#FFFFFF,#FFFFFF,#FFFFFF,#FFFFFF,#FFFFFF,#FFFFFF,#FFFFFF,#DCE9F5,#FFFFFF,#DCE9F5,#FFEBD2,#FFEBD2,#DCE9F5,#FFFFFF,#FFEBD2,#FFFFFF,#FFFFFF,#CBDEF0,#FFFFFF,#FFF8EF,#FFF0DE,#EBF3F9,#F4F8FC,#FFF0DE,#F4F8FB,"1908243,,Eli King","1947532,,Garrett Anderson","2100312,,Zach Kraft","2286436,,Greyson Uelmen","2286437,,George Natsvlishvili",2025
Gar. Anderson / Jos. Jones / Eli. King / Zac. Kraft / Gre. Uelmen,North Dakota,108.113063508277,102.019723715967,6.0933397923104,4.28132284635561,231,215,10.7941608778818,0.250581781073575,109.95670995671,105.116279069767,4.84043088694253,#FFFFFF,#FFFFFF,#FFFFFF,#FFFFFF,#FFFFFF,#FFFFFF,#FFFFFF,#FFFFFF,#FFFFFF,#DCE9F5,#FFFFFF,#DCE9F5,#FFEBD2,#FFEBD2,#FFFFFF,#DCE9F5,#FFFFFF,#FFFFFF,#FFFFFF,#CBDEF0,#FFFFFF,#E3EDF7,#FFF6EC,#FDFEFE,#DDE9F5,#FFF7EE,#FDFEFE,"1908243,,Eli King","1947532,,Garrett Anderson","2100312,,Zach Kraft","2110049,,Josh Jones","2286436,,Greyson Uelmen",2025
T. Anderson / T. Carson / A. Stefonowicz / M. Strickland / D. Wheeler-Thomas,North Dakota State,113.026720422505,99.6577981672005,13.3689222553045,16.2741927497236,344,341,44.7599826092887,0.0600628388396653,114.53488372093,101.466275659824,13.0686080611062,#FFEBD2,#FFFFFF,#DCE9F5,#FFFFFF,#FFFFFF,#FFD7A5,#FFFFFF,#FFEBD2,#DCE9F5,#FFFFFF,#FFEBD2,#FFEBD2,#FFFFFF,#FFEBD2,#FFFFFF,#FFEBD2,#FFEBD2,#FFFFFF,#FFFFFF,#CBDEF0,#FFFFFF,#F7FAFC,#FFEDD6,#FFFAF5,#F4F8FC,#FFE3C0,#FFF5E9,"1612489,,Markhi Strickland","1932407,,Damari Wheeler-Thomas","2313628,,Andy Stefonowicz","2313631,,Treyson Anderson","2547286,,Trevian Carson",2025
T. Carson / N. Feddersen / A. Stefonowicz / M. Strickland / D. Wheeler-Thomas,North Dakota State,114.215641416421,101.701827033213,12.5138143832082,15.1560184267912,273,263,29.0772851989582,0.332816220002975,114.652014652015,103.802281368821,10.8497332831933,#FFEBD2,#FFFFFF,#DCE9F5,#FFFFFF,#FFFFFF,#FFD7A5,#FFFFFF,#FFEBD2,#FFFFFF,#FFFFFF,#FFFFFF,#FFEBD2,#FFFFFF,#FFFFFF,#DCE9F5,#FFEBD2,#FFFFFF,#FFFFFF,#FFFFFF,#CBDEF0,#FFFFFF,#FCFDFE,#FFEED9,#FEFEFE,#F4F8FC,#FFE5C4,#FFF7EE,"1612489,,Markhi Strickland","1932407,,Damari Wheeler-Thomas","1932417,,Noah Feddersen","2313628,,Andy Stefonowicz","2547286,,Trevian Carson",2025
T. Carson / N. Feddersen / T. Smith / A. Stefonowicz / M. Strickland,North Dakota State,131.121731389553,97.6105110651217,33.5112203244314,21.6930062827456,126,116,42.3367542419266,-0.295566553613985,134.126984126984,99.1379310344828,34.9890530925014,#FFFFFF,#FFFFFF,#FFFFFF,#FFFFFF,#FFFFFF,#FFEBD2,#FFFFFF,#FFEBD2,#DCE9F5,#FFFFFF,#FFFFFF,#FFFFFF,#FFFFFF,#FFEBD2,#DCE9F5,#FFD7A5,#FFFFFF,#FFFFFF,#FFFFFF,#CBDEF0,#FFFFFF,#FFD8A8,#FFD29A,#FFF6EB,#FFFBF7,#FFDAAB,#FFF4E6,"1612489,,Markhi Strickland","1932417,,Noah Feddersen","2130045,,Tay Smith","2313628,,Andy Stefonowicz","2547286,,Trevian Carson",2025
G. Cobb / D. Ducommun / M. Valentine / T. Walters / G. Winther,Northern Illinois,107.696189753929,103.496173190885,4.20001656304343,1.39268547256131,257,254,4.77120162995185,0.466523732964705,108.560311284047,106.692913385827,1.8673978982199,#FFFFFF,#FFFFFF,#DCE9F5,#FFFFFF,#CBDEF0,#FFEBD2,#FFFFFF,#FFFFFF,#DCE9F5,#FFFFFF,#FFFFFF,#FFEBD2,#DCE9F5,#FFFFFF,#FFFFFF,#FFFFFF,#FFFFFF,#FFFFFF,#FFFFFF,#CBDEF0,#FFFFFF,#E1ECF6,#FFF9F2,#F8FAFD,#DBE9F4,#FFFCF9,#F4F8FC,"2289044,,Gianni Cobb","2313690,,Makhai Valentine","2543663,,Taj Walters","2543677,,Dylan Ducommun","2543678,,Gustav Winther",2025
G. Cobb / D. Ducommun / M. Valentine / T. Walters / H. Washington,Northern Illinois,92.7960390788228,97.4668222747766,-4.67078319595373,-4.43523183332166,235,229,-16.8347115116603,0.517111594573074,93.6170212765958,100.873362445415,-7.2563411688191,#DCE9F5,#FFFFFF,#DCE9F5,#FFFFFF,#CBDEF0,#FFEBD2,#DCE9F5,#FFFFFF,#DCE9F5,#FFFFFF,#FFFFFF,#FFFFFF,#CBDEF0,#FFFFFF,#DCE9F5,#FFFFFF,#DCE9F5,#FFFFFF,#FFFFFF,#CBDEF0,#FFFFFF,#A4C7E4,#EEF4FA,#FFF6EB,#B8D3EA,#E6F0F8,#FFFBF7,"2289044,,Gianni Cobb","2313690,,Makhai Valentine","2543663,,Taj Walters","2543665,,Hassan Washington","2543677,,Dylan Ducommun",2025
D. Ducommun / D. Kelly / M. Valentine / T. Walters / G. Winther,Northern Illinois,94.5138951190463,115.368094802117,-20.8541996830704,-10.8259716640275,136,132,-33.2909982174688,0.79796576748574,94.8529411764706,119.69696969697,-24.8440285204991,#FFFFFF,#DCE9F5,#FFFFFF,#FFFFFF,#DCE9F5,#FFEBD2,#FFFFFF,#FFFFFF,#DCE9F5,#FFFFFF,#FFFFFF,#FFFFFF,#DCE9F5,#DCE9F5,#FFFFFF,#FFFFFF,#FFFFFF,#FFFFFF,#FFFFFF,#CBDEF0,#FFFFFF,#ABCBE6,#B4D1E9,#CCDFF0,#C1D8ED,#C4DAEE,#E5EFF7,"2153486,,Daemar Kelly","2313690,,Makhai Valentine","2543663,,Taj Walters","2543677,,Dylan Ducommun","2543678,,Gustav Winther",2025
A. Ciaravino / N. Martinelli / A. Page / J. Reid / T. Singleton,Northwestern,113.361705614569,88.1389004772441,25.2228051373244,25.731618585003,127,124,10.8700787401575,3.31227756289795,108.661417322835,100,8.66141732283465,#FFEBD2,#FFEBD2,#FFEBD2,#FFEBD2,#FFEBD2,#FFEBD2,#FFEBD2,#FFFFFF,#FFFFFF,#FFEBD2,#FFEBD2,#FFD7A5,#FFFFFF,#FFFFFF,#FFEBD2,#FFFFFF,#FFD7A5,#FFFFFF,#FFFFFF,#CBDEF0,#FFFFFF,#F8FBFD,#FFDDB3,#FFE2BE,#FFFEFE,#FFD39C,#FFE8CC,"1924059,,Nick Martinelli","2106210,,Jayden Reid","2110386,,Arrinten Page","2279824,,Angelo Ciaravino","2567231,,Tre Singleton",2025
L. Jumawan / I. Miles / C. Mubiru / M. Thomas / W. Williams,Northwestern State,111.149143447355,105.006788667697,6.1423547796582,4.74833301476569,187,178,3.21291233551643,0.876370973957236,109.625668449198,107.865168539326,1.76049990987202,#FFFFFF,#FFFFFF,#CBDEF0,#FFFFFF,#FFEBD2,#FFFFFF,#FFFFFF,#FFFFFF,#FFEBD2,#DCE9F5,#FFFFFF,#FFFFFF,#FFFFFF,#FFFFFF,#DCE9F5,#FFEBD2,#FFFFFF,#FFFFFF,#FFFFFF,#CBDEF0,#FFFFFF,#EFF5FA,#FFF6EC,#F2F7FB,#E5EFF7,#FFF6EC,#F6F9FC,"1730412,,Micah Thomas","2100345,,Chris Mubiru","2128753,,Izzy Miles","2313585,,Landyn Jumawan","2313592,,Willie Williams",2025
L. Jumawan / C. Larry / C. Mubiru / M. Thomas / W. Williams,Northwestern State,90.0235666483171,100.765504269377,-10.7419376210595,-5.12444950163904,141,146,-17.2317108714661,0.253244652995904,89.3617021276596,101.369863013699,-12.0081608860391,#FFFFFF,#FFFFFF,#DCE9F5,#FFFFFF,#FFFFFF,#FFFFFF,#FFFFFF,#FFFFFF,#FFEBD2,#DCE9F5,#FFFFFF,#FFFFFF,#FFFFFF,#FFFFFF,#DCE9F5,#FFFFFF,#DCE9F5,#FFFFFF,#FFFFFF,#CBDEF0,#FFFFFF,#99BFE1,#D8E7F3,#FFFDFA,#BDD5EC,#E3EDF6,#FDFEFE,"1730412,,Micah Thomas","2100345,,Chris Mubiru","2313585,,Landyn Jumawan","2313592,,Willie Williams","2569007,,CJ Larry",2025
C. Larry / I. Miles / C. Mubiru / M. Thomas / W. Williams,Northwestern State,107.870503472812,91.0671919611834,16.8033115116284,4.40233739547757,132,129,17.9793868921776,0.605200709654792,107.575757575758,93.7984496124031,13.7773079633545,#FFFFFF,#FFFFFF,#CBDEF0,#FFFFFF,#FFFFFF,#FFFFFF,#DCE9F5,#FFFFFF,#FFEBD2,#DCE9F5,#FFFFFF,#FFEBD2,#DCE9F5,#FFFFFF,#DCE9F5,#FFEBD2,#FFFFFF,#FFFFFF,#FFFFFF,#CBDEF0,#FFFFFF,#E2EDF6,#FFE8CC,#FFE8CC,#D7E6F3,#FFF7EE,#FFFCF8,"1730412,,Micah Thomas","2100345,,Chris Mubiru","2128753,,Izzy Miles","2313592,,Willie Williams","2569007,,CJ Larry",2025
C. Certa / J. Haralson / B. Koehler / B. Shrewsberry / C. Towt,Notre Dame,107.751046402516,104.257972809853,3.49307359266315,14.8425970021271,197,200,-24.7822715736041,3.19556903325344,101.015228426396,113.5,-12.4847715736041,#FFEBD2,#FFEBD2,#FFEBD2,#FFEBD2,#FFFFFF,#FFD7A5,#FFEBD2,#FFD7A5,#FFFFFF,#FFEBD2,#FFD7A5,#FFFFFF,#FFFFFF,#CBDEF0,#FFFFFF,#FFFFFF,#FFEBD2,#FFFFFF,#FFFFFF,#CBDEF0,#FFFFFF,#E1ECF6,#FFFAF4,#F5F9FC,#EFF5FA,#FFE5C5,#FFF5E9,"1608576,,Carson Towt","2092613,,Braeden Shrewsberry","2283121,,Cole Certa","2483782,,Brady Koehler","2483783,,Jalen Haralson",2025
M. Houge / T. Naivalurua / B. Robinson / Z. Wells / B. White,Oakland,118.212695908593,120.526535361585,-2.31383945299118,9.54332064095924,259,258,-17.2186330849121,0.869428092760537,118.532818532819,125.193798449612,-6.66097991679386,#FFEBD2,#FFFFFF,#FFFFFF,#FFFFFF,#FFFFFF,#FFD7A5,#FFFFFF,#FFEBD2,#FFFFFF,#FFFFFF,#FFFFFF,#FFFFFF,#FFEBD2,#FFFFFF,#FFFFFF,#FFD7A5,#FFEBD2,#FFFFFF,#FFFFFF,#CBDEF0,#FFFFFF,#FFF7ED,#F6F9FC,#B9D4EA,#FEFEFE,#FFEEDA,#EDF4FA,"1916730,,Brody Robinson","2133117,,Tuburu Naivalurua","2137103,,Michael Houge","2353491,,Ziare Wells","2474149,,Brett White",2025
I. Garrett / M. Houge / T. Naivalurua / B. Robinson / Z. Wells,Oakland,122.438898569706,99.0458055791772,23.3930929905286,18.6083525872799,217,221,32.5323936026024,1.70762374855298,120.73732718894,105.882352941176,14.8549742477636,#FFEBD2,#FFFFFF,#FFFFFF,#FFFFFF,#FFFFFF,#FFD7A5,#FFFFFF,#FFFFFF,#FFFFFF,#FFD7A5,#FFEBD2,#FFEBD2,#FFFFFF,#FFFFFF,#FFFFFF,#FFEBD2,#FFD7A5,#FFFFFF,#FFFFFF,#CBDEF0,#FFFFFF,#FFEDD6,#FFDFB8,#FFF9F2,#FFFAF4,#FFDFB7,#FFFBF7,"1916730,,Brody Robinson","2133117,,Tuburu Naivalurua","2137103,,Michael Houge","2353491,,Ziare Wells","2474144,,Isaac Garrett",2025
I. Garrett / T. Naivalurua / B. Robinson / Z. Wells / B. White,Oakland,114.535949697925,98.9492233293289,15.5867263685965,15.1838398753179,167,157,11.0228460276898,1.75650008511562,113.173652694611,106.369426751592,6.80422594301842,#FFEBD2,#FFFFFF,#FFFFFF,#FFFFFF,#FFFFFF,#FFD7A5,#FFFFFF,#FFEBD2,#FFEBD2,#FFFFFF,#FFFFFF,#FFEBD2,#FFEBD2,#FFFFFF,#FFFFFF,#FFD7A5,#FFEBD2,#FFFFFF,#FFFFFF,#CBDEF0,#FFFFFF,#FDFEFE,#FFEAD0,#FFF9F2,#FEFEFE,#FFE5C4,#FFFDFB,"1916730,,Brody Robinson","2133117,,Tuburu Naivalurua","2353491,,Ziare Wells","2474144,,Isaac Garrett","2474149,,Brett White",2025
I. Garrett / N. Mashhour / T. Naivalurua / B. Robinson / Z. Wells,Oakland,115.698989208785,111.306438249781,4.392550959004,11.7778129668733,160,156,-26.6371794871795,4.25030506359567,107.5,124.358974358974,-16.8589743589744,#FFEBD2,#FFFFFF,#FFFFFF,#FFFFFF,#FFFFFF,#FFD7A5,#FFFFFF,#FFEBD2,#FFEBD2,#FFFFFF,#FFFFFF,#FFEBD2,#FFFFFF,#FFEBD2,#FFFFFF,#FFEBD2,#FFEBD2,#FFFFFF,#FFFFFF,#CBDEF0,#FFFFFF,#FFFDFA,#FFF9F1,#DBE8F4,#FFFEFE,#FFEAD1,#F4F8FB,"1916730,,Brody Robinson","2133117,,Tuburu Naivalurua","2320911,,Nassim Mashhour","2353491,,Ziare Wells","2474144,,Isaac Garrett",2025
A. Hadaway / J. Kelly / J. Paveletzke / A. Sheldon / J. Simmons,Ohio,113.929357907196,103.424570966992,10.5047869402036,11.3913956751168,646,633,30.5598420710264,1.14521565008837,113.467492260062,108.6887835703,4.77870868976176,#FFEBD2,#FFFFFF,#FFFFFF,#FFFFFF,#FFD7A5,#FFEBD2,#FFEBD2,#FFFFFF,#FFFFFF,#FFFFFF,#FFFFFF,#FFFFFF,#FFEBD2,#FFFFFF,#FFFFFF,#FFEBD2,#FFEBD2,#FFFFFF,#FFFFFF,#CBDEF0,#FFFFFF,#FBFCFD,#FFF1DF,#F8FAFD,#F7FAFC,#FFEBD3,#FBFCFE,"1889966,,Jackson Paveletzke","1891869,,Javan Simmons","1916859,,Ajay Sheldon","1916861,,Aidan Hadaway","2532464,,JJ Kelly",2025
J. Breath / A. Hadaway / J. Kelly / J. Paveletzke / A. Sheldon,Ohio,102.182910322036,102.656440404666,-0.473530082630274,4.6755683339724,180,195,-2.5641025641026,0.178798256978222,102.222222222222,103.589743589744,-1.36752136752138,#FFFFFF,#FFFFFF,#FFFFFF,#FFFFFF,#FFD7A5,#FFFFFF,#FFEBD2,#FFFFFF,#DCE9F5,#FFFFFF,#FFEBD2,#FFFFFF,#FFEBD2,#FFFFFF,#FFFFFF,#FFFFFF,#FFFFFF,#FFFFFF,#FFFFFF,#CBDEF0,#FFFFFF,#CADEEF,#FDFDFE,#FBFCFD,#D7E6F3,#FFF7ED,#FFFBF7,"1709901,,Jalen Breath","1889966,,Jackson Paveletzke","1916859,,Ajay Sheldon","1916861,,Aidan Hadaway","2532464,,JJ Kelly",2025
A. Bynum / J. Mobley Jr. / D. Royal / B. Thornton / C. Tilly,Ohio State,123.887184241426,88.3725281545016,35.514656086924,36.7590343817043,485,456,58.6210322843191,4.61107012134574,114.432989690722,101.973684210526,12.4593054801953,#FFD7A5,#FFEBD2,#FFFFFF,#FFD7A5,#FFEBD2,#FFD7A5,#FFD7A5,#FFD7A5,#FFD7A5,#FFEBD2,#FFEBD2,#FFEBD2,#FFEBD2,#FFFFFF,#FFFFFF,#FFFFFF,#FFD7A5,#FFFFFF,#FFFFFF,#CBDEF0,#FFFFFF,#FFE9CE,#FFCF94,#FFE3BF,#FFECD4,#FFC071,#FFE5C5,"1917726,,Bruce Thornton","1920305,,Christoph Tilly","2113935,,Devin Royal","2291187,,John Mobley Jr.","2487483,,Amare Bynum",2025
J. Mobley Jr. / B. Noel / D. Royal / B. Thornton / C. Tilly,Ohio State,131.899145373373,94.5440820708566,37.3550633025162,39.7239684093832,162,155,43.8952210274791,1.93218350877087,129.62962962963,101.935483870968,27.6941457586619,#FFD7A5,#FFEBD2,#FFFFFF,#FFEBD2,#FFD7A5,#FFD7A5,#FFD7A5,#FFD7A5,#FFD7A5,#FFEBD2,#FFEBD2,#FFEBD2,#FFFFFF,#FFFFFF,#FFFFFF,#FFEBD2,#FFD7A5,#FFFFFF,#FFFFFF,#CBDEF0,#FFFFFF,#FFD6A4,#FFCD8E,#FFF0DD,#FFE0BA,#FFBB66,#FFEBD2,"1608265,,Brandon Noel","1917726,,Bruce Thornton","1920305,,Christoph Tilly","2113935,,Devin Royal","2291187,,John Mobley Jr.",2025
X. Brown / T. Davis / N. Pack / D. Reid / M. Wague,Oklahoma,124.605311304525,95.6397913047206,28.9655199998045,32.3915180150931,467,474,64.896258549499,3.03449577256456,119.700214132762,105.907172995781,13.7930411369817,#FFD7A5,#FFEBD2,#FFFFFF,#FFEBD2,#FFD7A5,#FFD7A5,#FFD7A5,#FFD7A5,#FFFFFF,#FFD7A5,#FFFFFF,#FFEBD2,#FFFFFF,#FFFFFF,#FFFFFF,#FFFFFF,#FFD7A5,#FFFFFF,#FFFFFF,#CBDEF0,#FFFFFF,#FFE8CB,#FFD8A7,#FFF2E2,#FFECD4,#FFC782,#FFEED9,"1601895,,Nijel Pack","1912262,,Mohamed Wague","1940399,,Tae Davis","2134482,,Xzayvier Brown","2301243,,Derrion Reid",2025
K. Clary / C. Coleman / P. Fallah / V. Miller / A. Roy,Oklahoma State,114.046277769811,105.374038952937,8.67223881687391,22.1426336978549,212,210,-32.2376909254268,4.7901530643631,104.245283018868,119.52380952381,-15.2785265049416,#FFD7A5,#FFEBD2,#FFFFFF,#FFFFFF,#FFEBD2,#FFD7A5,#FFEBD2,#FFD7A5,#FFEBD2,#FFFFFF,#FFFFFF,#FFFFFF,#FFFFFF,#FFFFFF,#FFFFFF,#FFD7A5,#FFD7A5,#FFFFFF,#FFFFFF,#CBDEF0,#FFFFFF,#FBFCFE,#FFF3E4,#F1F6FB,#FFF9F3,#FFD9A9,#FFF4E8,"1593746,,Anthony Roy","1727525,,Parsa Fallah","1895925,,Kanye Clary","2098118,,Christian Coleman","2281241,,Vyctorius Miller",2025
J. Battle / R. Davis Jr. / K. Shaw / C. Swanton-Rodger / L. Thomas,Old Dominion,104.115728844709,109.80316883862,-5.6874399939109,-1.19064738601067,144,143,-14.0907634032634,0.82638146508728,104.166666666667,113.986013986014,-9.8193473193473,#FFFFFF,#FFFFFF,#FFFFFF,#FFFFFF,#FFEBD2,#FFD7A5,#DCE9F5,#FFEBD2,#FFFFFF,#DCE9F5,#FFFFFF,#FFEBD2,#DCE9F5,#CBDEF0,#FFFFFF,#FFFFFF,#FFD7A5,#FFFFFF,#FFFFFF,#CBDEF0,#FFFFFF,#D2E3F2,#EAF2F9,#E0ECF6,#DAE8F4,#F8FBFD,#EDF3F9,"1702408,,Jordan Battle","1895215,,LJ Thomas","1908706,,Caelum Swanton-Rodger","1938060,,Ketron Shaw","2140328,,Robert Davis Jr.",2025
J. Battle / K. Shaw / C. Swanton-Rodger / L. Thomas / Z. Wiggins,Old Dominion,120.890373383642,111.067362481288,9.82301090235347,7.45826317502949,135,133,14.6500696184907,-0.221975374527914,122.962962962963,112.03007518797,10.932887774993,#FFFFFF,#FFFFFF,#FFFFFF,#FFFFFF,#FFEBD2,#FFD7A5,#FFFFFF,#FFD7A5,#FFFFFF,#FFFFFF,#FFFFFF,#FFEBD2,#FFFFFF,#DCE9F5,#FFFFFF,#FFFFFF,#FFD7A5,#FFFFFF,#FFFFFF,#CBDEF0,#FFFFFF,#FFF0DE,#FFF1E1,#DCE9F4,#F1F6FB,#FFF2E2,#F3F7FB,"1702408,,Jordan Battle","1895215,,LJ Thomas","1908706,,Caelum Swanton-Rodger","1938060,,Ketron Shaw","2567803,,Zacch Wiggins",2025
J. Battle / R. Davis Jr. / K. Shaw / C. Swanton-Rodger / J. Turner,Old Dominion,91.1239364373029,99.7681027453862,-8.64416630808337,-1.70869807879683,127,121,-15.767293551116,0.814278601466556,89.7637795275591,102.479338842975,-12.7155593154161,#FFFFFF,#FFFFFF,#FFEBD2,#FFFFFF,#FFEBD2,#FFD7A5,#FFFFFF,#FFD7A5,#FFFFFF,#DCE9F5,#FFFFFF,#FFFFFF,#FFFFFF,#CBDEF0,#FFFFFF,#FFFFFF,#FFFFFF,#FFFFFF,#FFFFFF,#CBDEF0,#FFFFFF,#9DC2E2,#E0EBF6,#FFFBF6,#CADEEF,#F5F9FC,#FBFCFE,"1702408,,Jordan Battle","1889834,,Jared Turner","1908706,,Caelum Swanton-Rodger","1938060,,Ketron Shaw","2140328,,Robert Davis Jr.",2025
P. Djobet / T. Osburn / C. Richardson / G. Stubblefield / L. Waddles,Omaha,97.7231384681383,86.6501309228809,11.0730075452574,7.60121751613801,138,142,19.7468871198204,-0.606382365208573,100.724637681159,86.6197183098592,14.1049193713003,#FFFFFF,#FFFFFF,#FFFFFF,#FFFFFF,#FFEBD2,#FFFFFF,#FFEBD2,#FFFFFF,#FFFFFF,#DCE9F5,#FFFFFF,#FFFFFF,#FFFFFF,#FFFFFF,#FFFFFF,#FFFFFF,#FFFFFF,#FFFFFF,#FFFFFF,#CBDEF0,#FFFFFF,#B8D3EA,#FFF0DD,#FFDFB7,#D8E7F3,#FFF2E1,#FFF6EB,"1917966,,Tony Osburn","1932410,,Lance Waddles","2110355,,Grant Stubblefield","2118687,,Paul Djobet","2302581,,Christian Richardson",2025
P. Djobet / T. Osburn / V. Simon / G. Stubblefield / L. Waddles,Omaha,91.450457438138,113.089864591033,-21.639407152895,-2.24928968944131,135,132,-34.1616161616162,0.789963687266128,92.5925925925926,118.181818181818,-25.5892255892256,#FFFFFF,#FFFFFF,#DCE9F5,#FFFFFF,#FFEBD2,#FFFFFF,#FFFFFF,#FFFFFF,#FFFFFF,#DCE9F5,#FFEBD2,#FFFFFF,#FFFFFF,#FFFFFF,#DCE9F5,#FFEBD2,#FFFFFF,#FFFFFF,#FFFFFF,#CBDEF0,#FFFFFF,#9EC3E3,#B1CFE8,#D4E4F2,#D1E2F1,#F2F7FB,#F2F7FB,"1917966,,Tony Osburn","1932410,,Lance Waddles","2110355,,Grant Stubblefield","2118687,,Paul Djobet","2319735,,Valentino Simon",2025
C. Dow / L. Gray / T. Harper / C. Martin / O. Naveh,Oral Roberts,101.717781404204,88.5440725865884,13.1737088176154,4.325128759911,174,173,27.0376885256793,-0.48199466595005,104.022988505747,88.4393063583815,15.5836821473656,#FFFFFF,#FFFFFF,#FFFFFF,#FFFFFF,#FFFFFF,#FFFFFF,#FFFFFF,#DCE9F5,#FFFFFF,#FFFFFF,#FFFFFF,#FFFFFF,#DCE9F5,#FFFFFF,#FFFFFF,#FFFFFF,#FFFFFF,#FFFFFF,#FFFFFF,#CBDEF0,#FFFFFF,#C9DDEF,#FFEDD7,#FFE3C0,#D6E5F3,#FFF7EE,#FFFBF7,"1620986,,Ty Harper","1889969,,Chase Martin","2105467,,Connor Dow","2110915,,Ofri Naveh","2277264,,Luke Gray",2025
C. Dow / T. Harper / O. Naveh / J. Turner / Y. Yamanouchi-Williams,Oral Roberts,99.9172529127445,105.940271991314,-6.02301907856972,-4.97794582952653,156,142,-19.7482845792705,1.44617263787941,98.7179487179487,111.971830985916,-13.2538822679668,#FFFFFF,#DCE9F5,#FFFFFF,#FFFFFF,#FFFFFF,#FFFFFF,#DCE9F5,#DCE9F5,#FFEBD2,#FFFFFF,#FFFFFF,#FFFFFF,#CBDEF0,#DCE9F5,#FFFFFF,#FFFFFF,#FFEBD2,#FFFFFF,#FFFFFF,#CBDEF0,#FFFFFF,#C1D9ED,#E9F1F8,#EFF5FA,#CEE0F1,#E3EEF7,#ECF3F9,"1620986,,Ty Harper","1948700,,Yuto Yamanouchi-Williams","2105467,,Connor Dow","2110915,,Ofri Naveh","2313679,,Jack Turner",2025
N. Bittle / D. Carter / K. Evans Jr. / T. Simpkins / S. Stewart,Oregon,103.363336065249,99.9073692626891,3.45596680255946,19.5192306769279,176,177,-30.9407582177709,4.19722828603834,97.1590909090909,114.689265536723,-17.5301746276323,#FFEBD2,#FFEBD2,#FFD7A5,#FFEBD2,#FFEBD2,#FFEBD2,#FFEBD2,#FFFFFF,#FFFFFF,#FFEBD2,#FFD7A5,#FFEBD2,#DCE9F5,#FFEBD2,#FFD7A5,#FFEBD2,#FFEBD2,#FFFFFF,#FFFFFF,#CBDEF0,#FFFFFF,#CFE1F1,#FFFAF4,#FFFBF6,#E9F1F8,#FFDDB3,#FFE8CC,"1725326,,Nate Bittle","1765677,,Drew Carter","2112552,,Kwame Evans Jr.","2138836,,Sean Stewart","2147111,,Takai Simpkins",2025
N. Bittle / K. Evans Jr. / W. Lin / D. Lindsay / T. Simpkins,Oregon,117.629392727274,105.360149180114,12.2692435471597,26.5757440685815,125,119,-0.836571428571433,2.59099156657479,113.6,114.285714285714,-0.685714285714289,#FFD7A5,#FFEBD2,#FFD7A5,#FFEBD2,#FFFFFF,#FFD7A5,#FFEBD2,#FFFFFF,#FFEBD2,#FFFFFF,#FFFFFF,#FFD7A5,#DCE9F5,#FFFFFF,#FFD7A5,#FFD7A5,#FFD7A5,#FFFFFF,#FFFFFF,#CBDEF0,#FFFFFF,#FFF8F0,#FFEEDA,#F1F6FB,#FFF8F0,#FFD198,#FFEDD7,"1725326,,Nate Bittle","2112552,,Kwame Evans Jr.","2147111,,Takai Simpkins","2306694,,Dezdrick Lindsay","2543875,,Wei Lin",2025
J. Lake II / J. Munch / O. Suutela / I. Sy / D. White,Oregon State,91.6455800218226,96.6989549730332,-5.05337495121058,5.2208444639614,181,179,-16.9060773480663,0.867778048431918,90.6077348066298,100,-9.39226519337016,#FFFFFF,#FFFFFF,#FFEBD2,#FFFFFF,#FFFFFF,#FFFFFF,#FFFFFF,#FFEBD2,#FFEBD2,#FFFFFF,#FFFFFF,#FFEBD2,#FFFFFF,#FFFFFF,#FFFFFF,#FFFFFF,#FFFFFF,#FFFFFF,#FFFFFF,#CBDEF0,#FFFFFF,#9FC4E3,#ECF3F9,#FFF4E7,#CDDFF0,#FFF6EA,#FFF4E7,"2125105,,Dez White","2126483,,Josiah Lake II","2315156,,Johan Munch","2315186,,Isaiah Sy","2540509,,Olavi Suutela",2025
F. Dilione V / I. Juric / K. Mingo / J. Reed / D. Stewart,Penn State,109.011940783487,104.13261892062,4.87932186286768,10.7854297004175,211,205,-14.4645474511617,2.36668624287755,104.265402843602,111.219512195122,-6.95410935152005,#FFEBD2,#FFFFFF,#FFEBD2,#FFEBD2,#FFFFFF,#FFEBD2,#FFD7A5,#FFFFFF,#FFEBD2,#FFFFFF,#FFFFFF,#FFEBD2,#FFFFFF,#FFEBD2,#DCE9F5,#FFEBD2,#FFEBD2,#FFFFFF,#FFFFFF,#CBDEF0,#FFFFFF,#E7F0F8,#FFF8F0,#F5F9FC,#F7FAFC,#FFECD5,#F9FBFD,"1908270,,Josh Reed","2092649,,Freddie Dilione V","2303032,,Dominick Stewart","2506621,,Ivan Juric","2506624,,Kayden Mingo",2025
C. Corhen / B. Dunning Jr. / D. Minor / R. Siulepa / O. Witherspoon,Pittsburgh,108.937912738165,99.2695572359277,9.66835550223771,16.7766049891459,368,355,-37.8573293018984,4.02812915311135,101.358695652174,111.830985915493,-10.4722902633191,#FFEBD2,#FFEBD2,#FFFFFF,#FFD7A5,#FFEBD2,#FFD7A5,#FFEBD2,#DCE9F5,#DCE9F5,#FFEBD2,#FFEBD2,#FFFFFF,#FFFFFF,#FFEBD2,#FFFFFF,#FFEBD2,#FFFFFF,#FFFFFF,#FFFFFF,#CBDEF0,#FFFFFF,#E6EFF7,#FFF2E1,#FFFAF3,#ECF3F9,#FFE2BE,#FFEFDC,"1895222,,Barry Dunning Jr.","1909083,,Cameron Corhen","1933123,,Damarco Minor","2538944,,Omari Witherspoon","2538953,,Roman Siulepa",2025
C. Corhen / B. Dunning Jr. / N. Indrusaitis / D. Minor / O. Witherspoon,Pittsburgh,120.230119719005,90.9390671674579,29.291052551547,23.5474655867489,219,210,24.2344422700587,3.59858885342746,114.155251141553,102.857142857143,11.2981082844097,#FFEBD2,#FFEBD2,#FFFFFF,#FFD7A5,#FFEBD2,#FFD7A5,#FFEBD2,#FFFFFF,#FFFFFF,#FFFFFF,#FFEBD2,#FFEBD2,#FFFFFF,#FFEBD2,#FFFFFF,#FFEBD2,#FFFFFF,#FFFFFF,#FFFFFF,#CBDEF0,#FFFFFF,#FFF2E2,#FFD8A6,#FFE8CC,#FFFCFA,#FFD7A4,#FFEEDA,"1895222,,Barry Dunning Jr.","1909083,,Cameron Corhen","1933123,,Damarco Minor","2264328,,Nojus Indrusaitis","2538944,,Omari Witherspoon",2025
C. Corhen / B. Dunning Jr. / N. Indrusaitis / D. Minor / R. Siulepa,Pittsburgh,103.10725589763,92.6962717295141,10.4109841681155,18.0591045038455,198,196,-6.99510410224698,2.79235968664309,97.979797979798,101.530612244898,-3.55081426509999,#FFEBD2,#FFEBD2,#FFFFFF,#FFD7A5,#FFEBD2,#FFD7A5,#FFEBD2,#FFFFFF,#DCE9F5,#FFEBD2,#FFEBD2,#FFFFFF,#FFEBD2,#FFEBD2,#FFFFFF,#FFEBD2,#FFEBD2,#FFFFFF,#FFFFFF,#CBDEF0,#FFFFFF,#CEE1F1,#FFF1DF,#FFECD4,#ECF3F9,#FFE0B9,#FFEDD6,"1895222,,Barry Dunning Jr.","1909083,,Cameron Corhen","1933123,,Damarco Minor","2264328,,Nojus Indrusaitis","2538953,,Roman Siulepa",2025
C. Corhen / B. Cummings / B. Dunning Jr. / D. Minor / R. Siulepa,Pittsburgh,124.767907017006,112.124370123673,12.6435368933329,25.6746415739818,129,130,-6.78774597495527,3.5770079153392,118.604651162791,123.846153846154,-5.24150268336314,#FFD7A5,#FFEBD2,#FFFFFF,#FFEBD2,#FFEBD2,#FFD7A5,#FFEBD2,#FFFFFF,#FFFFFF,#FFEBD2,#FFFFFF,#FFFFFF,#FFEBD2,#FFFFFF,#FFFFFF,#FFEBD2,#FFEBD2,#FFFFFF,#FFFFFF,#CBDEF0,#FFFFFF,#FFE7CA,#FFEED8,#D8E7F3,#FFF1E1,#FFD39C,#FFF6EA,"1895222,,Barry Dunning Jr.","1909083,,Cameron Corhen","1933123,,Damarco Minor","2295729,,Brandin Cummings","2538953,,Roman Siulepa",2025
A. Dupre / J. Henderson / K. Kensie Jr. / T. Miller Jr. / T. Minott,Portland State,100.394923141915,96.0739970506551,4.32092609125983,9.64626512467779,323,315,4.93808049535602,0.554587695032153,101.547987616099,100,1.54798761609907,#FFFFFF,#FFEBD2,#FFEBD2,#FFFFFF,#FFFFFF,#FFEBD2,#FFFFFF,#CBDEF0,#FFFFFF,#FFEBD2,#FFD7A5,#FFFFFF,#FFFFFF,#FFFFFF,#FFEBD2,#FFFFFF,#FFEBD2,#FFFFFF,#FFFFFF,#CBDEF0,#FFFFFF,#C3DAED,#FFF9F2,#FFF3E4,#CEE0F1,#FFEED9,#FFECD4,"1625447,,Tre-Vaughn Minott","2107459,,Jaylin Henderson","2107461,,Terri Miller Jr.","2154001,,Keyon Kensie Jr.","2333321,,Alex Dupre",2025
J. Henderson / K. Kensie Jr. / T. Miller Jr. / T. Minott / K. Phipps,Portland State,105.069201243719,99.9880338101638,5.08116743355486,13.9228599118706,221,212,7.58757363613077,0.315302896768176,106.334841628959,102.830188679245,3.50465294971398,#FFFFFF,#FFEBD2,#FFEBD2,#FFFFFF,#FFFFFF,#FFEBD2,#FFFFFF,#CBDEF0,#DCE9F5,#FFFFFF,#FFD7A5,#FFFFFF,#DCE9F5,#FFEBD2,#FFEBD2,#DCE9F5,#FFEBD2,#FFFFFF,#FFFFFF,#CBDEF0,#FFFFFF,#D6E6F3,#FFF8EF,#FFFBF7,#D8E6F3,#FFE7C9,#FFE9CE,"1625447,,Tre-Vaughn Minott","2107459,,Jaylin Henderson","2107461,,Terri Miller Jr.","2112614,,Kelcy Phipps","2154001,,Keyon Kensie Jr.",2025
C. Parrish / J. Peterson / J. Pickett / J. Pierce / T. Wilson,Presbyterian,102.788205592398,105.43419258676,-2.64598699436248,-0.051488894244911,615,591,-22.3023647393833,0.210516191156802,103.577235772358,107.275803722504,-3.69856795014649,#FFFFFF,#FFFFFF,#FFEBD2,#FFFFFF,#FFFFFF,#FFEBD2,#FFFFFF,#FFEBD2,#FFFFFF,#FFFFFF,#FFFFFF,#FFFFFF,#DCE9F5,#DCE9F5,#FFEBD2,#FFFFFF,#FFEBD2,#FFFFFF,#FFFFFF,#CBDEF0,#FFFFFF,#CDE0F0,#F5F9FC,#F1F6FA,#D2E2F2,#FEFEFE,#FAFBFD,"1687641,,Jonah Pierce","1930111,,Jaylen Peterson","2150478,,Carl Parrish","2306691,,Josh Pickett","2349850,,Triston Wilson",2025
O. Erhunmwunse / J. Jones / R. Mela / J. Sellers / S. Vaaks,Providence,116.447270120915,97.6589562853374,18.7883138355772,22.7521346768584,215,208,2.38836091234347,3.53181303545175,109.302325581395,108.173076923077,1.12924865831843,#FFD7A5,#FFFFFF,#FFD7A5,#FFEBD2,#FFFFFF,#FFD7A5,#FFD7A5,#FFD7A5,#FFFFFF,#FFEBD2,#FFEBD2,#FFFFFF,#FFFFFF,#FFFFFF,#FFEBD2,#FFEBD2,#FFD7A5,#FFFFFF,#FFFFFF,#CBDEF0,#FFFFFF,#FFFBF6,#FFE6C6,#FFF6EC,#FFF9F3,#FFD8A7,#FFF3E5,"1689162,,Jaylin Sellers","2298454,,Ryan Mela","2298456,,Oswin Erhunmwunse","2507004,,Jamier Jones","2507005,,Stefan Vaaks",2025
O. Cluff / C. Cox / T. Kaufman-Renn / F. Loyer / B. Smith,Purdue,144.941543007548,86.7248453454161,58.2166976621322,57.1060237692546,651,641,243.118279569893,4.11645781199634,137.634408602151,100,37.6344086021506,#FFD7A5,#FFD7A5,#FFFFFF,#FFEBD2,#FFD7A5,#FFD7A5,#FFD7A5,#FFD7A5,#FFEBD2,#FFD7A5,#FFD7A5,#FFD7A5,#FFEBD2,#FFFFFF,#FFFFFF,#FFD7A5,#FFD7A5,#FFFFFF,#FFFFFF,#CBDEF0,#FFFFFF,#FFB85F,#FFB14F,#FFDFB8,#FFC987,#FF9E23,#FFDFB8,"1693954,,Trey Kaufman-Renn","1911404,,Fletcher Loyer","1911492,,Braden Smith","2093260,,Oscar Cluff","2334060,,C.J. Cox",2025
G. Harris / D. Jacobsen / T. Kaufman-Renn / F. Loyer / B. Smith,Purdue,124.204183157809,99.2529471947754,24.9512359630335,35.8555299249462,172,165,16.0306553911205,3.08749877823038,118.604651162791,109.090909090909,9.51374207188163,#FFD7A5,#FFEBD2,#FFEBD2,#FFD7A5,#FFD7A5,#FFD7A5,#FFD7A5,#FFD7A5,#FFFFFF,#FFEBD2,#FFEBD2,#FFD7A5,#FFEBD2,#FFFFFF,#FFEBD2,#FFEBD2,#FFD7A5,#FFFFFF,#FFFFFF,#CBDEF0,#FFFFFF,#FFE9CD,#FFDDB3,#FFF9F3,#FFE9CF,#FFC275,#FFE9CE,"1693954,,Trey Kaufman-Renn","1911404,,Fletcher Loyer","1911492,,Braden Smith","2334058,,Gicarri Harris","2334062,,Daniel Jacobsen",2025
C. Cox / D. Jacobsen / T. Kaufman-Renn / F. Loyer / B. Smith,Purdue,129.473946659627,92.1244942408453,37.349452418782,43.2830872759916,133,147,23.9598997493734,4.04704766241734,122.556390977444,105.442176870748,17.1142141066953,#FFD7A5,#FFD7A5,#FFEBD2,#FFD7A5,#FFD7A5,#FFD7A5,#FFD7A5,#FFD7A5,#FFFFFF,#FFEBD2,#FFEBD2,#FFD7A5,#FFEBD2,#FFFFFF,#FFEBD2,#FFEBD2,#FFD7A5,#FFFFFF,#FFFFFF,#CBDEF0,#FFFFFF,#FFDCB1,#FFCD8E,#FFEAD1,#FFE1BD,#FFB558,#FFE2BF,"1693954,,Trey Kaufman-Renn","1911404,,Fletcher Loyer","1911492,,Braden Smith","2334060,,C.J. Cox","2334062,,Daniel Jacobsen",2025
J. Benter / O. Cluff / C. Cox / F. Loyer / B. Smith,Purdue,153.893200598463,80.8792639461583,73.0139366523048,55.4953658406091,128,133,80.0063733552632,2.34127417256623,150.78125,89.4736842105263,61.3075657894737,#FFD7A5,#FFEBD2,#FFFFFF,#FFEBD2,#FFD7A5,#FFD7A5,#FFD7A5,#FFD7A5,#FFD7A5,#FFEBD2,#FFEBD2,#FFD7A5,#FFD7A5,#FFFFFF,#FFFFFF,#FFD7A5,#FFEBD2,#FFFFFF,#FFFFFF,#CBDEF0,#FFFFFF,#FFA32F,#FF9D23,#FFD39C,#FFC987,#FFA029,#FFE2BF,"1911404,,Fletcher Loyer","1911492,,Braden Smith","2093260,,Oscar Cluff","2334059,,Jack Benter","2334060,,C.J. Cox",2025
C. Ashby / Y. Berman / N. Mann / A. Parker / C. Schwieger,Queens,104.651884036433,103.949650658908,0.702233377524842,2.58497100558175,418,409,-3.62074320609256,0.315573311833508,106.459330143541,107.334963325183,-0.875633181642699,#FFEBD2,#FFFFFF,#FFEBD2,#FFFFFF,#FFEBD2,#FFEBD2,#FFEBD2,#FFEBD2,#FFFFFF,#FFFFFF,#FFFFFF,#FFFFFF,#FFEBD2,#FFFFFF,#FFFFFF,#FFFFFF,#FFFFFF,#FFFFFF,#FFFFFF,#CBDEF0,#FFFFFF,#D5E5F2,#FFFEFC,#F6F9FC,#E4EEF7,#FFFAF5,#F0F5FA,"1909537,,Chris Ashby","2106234,,Avantae Parker","2125325,,Carson Schwieger","2126406,,Nasir Mann","2314230,,Yoav Berman",2025
A. Jones / A. Monroe / G. Randall / S. Wewe / J. Zimmerman,Quinnipiac,103.577052731322,102.467758132018,1.10929459930365,5.83793506535544,349,345,0.855936215273419,0.17252542042134,103.724928366762,103.478260869565,0.246667497196951,#FFFFFF,#FFFFFF,#FFD7A5,#FFFFFF,#FFFFFF,#FFEBD2,#FFFFFF,#DCE9F5,#FFFFFF,#FFEBD2,#FFEBD2,#FFFFFF,#FFFFFF,#FFFFFF,#FFEBD2,#FFFFFF,#FFFFFF,#FFFFFF,#FFFFFF,#CBDEF0,#FFFFFF,#D0E2F1,#FFFDFB,#FBFDFE,#D4E4F2,#FFF5E8,#FFF7EE,"1889970,,Amarri Monroe","2333138,,Asim Jones","2350354,,Grant Randall","2350360,,Spence Wewe","2350373,,Jaden Zimmerman",2025
A. Jones / K. McKnight / A. Monroe / G. Randall / J. Zimmerman,Quinnipiac,102.250584736352,91.2344361035424,11.0161486328095,10.2763965951885,269,261,25.1717728496347,0.303473285080033,102.602230483271,93.1034482758621,9.49878220740931,#FFFFFF,#FFFFFF,#FFEBD2,#FFFFFF,#FFFFFF,#FFD7A5,#FFFFFF,#DCE9F5,#FFFFFF,#FFFFFF,#FFFFFF,#FFFFFF,#FFFFFF,#FFEBD2,#FFFFFF,#FFEBD2,#FFD7A5,#FFFFFF,#FFFFFF,#CBDEF0,#FFFFFF,#CBDFF0,#FFF0DD,#FFE9CD,#DBE8F4,#FFEDD7,#FFF2E3,"1889970,,Amarri Monroe","2333138,,Asim Jones","2350354,,Grant Randall","2350373,,Jaden Zimmerman","2559867,,Keith McKnight",2025
"T. Brown / J. Johnson / D. Jones / D. Parker, Jr. / L. Walls",Radford,108.561268103922,106.431657223514,2.12961088040816,4.96582776058139,499,490,9.23635638624186,0.0523587226441454,109.418837675351,107.551020408163,1.86781726718743,#FFFFFF,#FFFFFF,#FFFFFF,#FFFFFF,#FFEBD2,#FFEBD2,#FFFFFF,#FFFFFF,#DCE9F5,#FFFFFF,#FFFFFF,#FFFFFF,#FFFFFF,#FFEBD2,#FFFFFF,#FFEBD2,#FFEBD2,#FFFFFF,#FFFFFF,#CBDEF0,#FFFFFF,#E5EFF7,#FFFCF8,#EDF4F9,#E6EFF7,#FFF6EB,#F6F9FC,"1946932,,Jaylon Johnson","2092553,,Dennis Parker, Jr.","2106225,,Lukas Walls","2125955,,Tyson Brown","2305268,,Del Jones",2025
T. Cochran / M. Corey / A. Crawford / J. Hinton / K. Itejere,Rhode Island,103.127872727123,97.8410631317585,5.28680959536415,14.5950781126668,265,265,-3,1.28377701341245,101.88679245283,103.018867924528,-1.13207547169811,#FFFFFF,#FFD7A5,#FFFFFF,#FFFFFF,#FFEBD2,#FFD7A5,#FFEBD2,#DCE9F5,#FFFFFF,#FFFFFF,#FFFFFF,#DCE9F5,#DCE9F5,#FFD7A5,#FFEBD2,#FFFFFF,#FFFFFF,#FFFFFF,#FFFFFF,#CBDEF0,#FFFFFF,#CEE1F1,#FFF7EF,#FFF7EC,#D3E4F2,#FFE6C6,#FFE5C5,"1382975,,Tyler Cochran","1698663,,Keeyan Itejere","1725208,,Alex Crawford","1891712,,Jonah Hinton","2168987,,Myles Corey",2025
T. Cochran / M. Corey / J. Hinton / K. Itejere / J. Tripp,Rhode Island,113.397030878807,79.1713504331657,34.2256804456409,29.3046577188242,181,181,54,0.878285260398895,112.154696132597,82.3204419889503,29.8342541436464,#FFEBD2,#FFD7A5,#DCE9F5,#FFFFFF,#FFEBD2,#FFD7A5,#FFEBD2,#FFFFFF,#FFFFFF,#FFEBD2,#FFFFFF,#FFFFFF,#DCE9F5,#FFD7A5,#FFFFFF,#FFFFFF,#FFEBD2,#FFFFFF,#FFFFFF,#CBDEF0,#FFFFFF,#F9FBFD,#FFD198,#FFCF94,#F3F7FB,#FFCD8E,#FFDAAC,"1382975,,Tyler Cochran","1698663,,Keeyan Itejere","1891712,,Jonah Hinton","2107313,,Jahmere Tripp","2168987,,Myles Corey",2025
T. Cochran / J. Hinton / K. Itejere / R. Johnson / J. Tripp,Rhode Island,112.402936844553,87.0885935580674,25.3143432864858,23.5650749579644,159,154,26.9269991015274,1.62171861237354,110.062893081761,92.8571428571429,17.2057502246181,#FFEBD2,#FFEBD2,#DCE9F5,#FFFFFF,#FFD7A5,#FFD7A5,#FFFFFF,#FFFFFF,#FFFFFF,#FFFFFF,#FFFFFF,#FFEBD2,#DCE9F5,#FFD7A5,#FFFFFF,#FFFFFF,#FFEBD2,#FFFFFF,#FFFFFF,#CBDEF0,#FFFFFF,#F4F8FC,#FFDDB2,#FFE0B9,#F2F6FB,#FFD6A4,#FFE5C4,"1382975,,Tyler Cochran","1698663,,Keeyan Itejere","1891712,,Jonah Hinton","1892539,,RJ Johnson","2107313,,Jahmere Tripp",2025
F. Burton / D. Bynum / Z. Cruz / S. Fuller / C. Smith,Rider,102.961183635478,106.81994024905,-3.85875661357209,-7.02698295480522,311,314,-11.8178722837774,-0.0154074965526614,104.180064308682,107.96178343949,-3.78171913080878,#FFFFFF,#DCE9F5,#FFEBD2,#FFFFFF,#FFFFFF,#FFEBD2,#CBDEF0,#DCE9F5,#FFFFFF,#FFEBD2,#FFEBD2,#FFFFFF,#FFFFFF,#FFFFFF,#FFEBD2,#FFFFFF,#FFEBD2,#FFFFFF,#FFFFFF,#CBDEF0,#FFFFFF,#CEE0F0,#F1F6FB,#EBF3F9,#CEE0F1,#D8E7F3,#E4EEF7,"1695201,,Shemani Fuller","1928921,,Zion Cruz","2293243,,Flash Burton","2311683,,Davis Bynum","2567147,,Caleb Smith",2025
N. Chitikoudis / D. Goode / D. Livingston / R. Prather Jr. / T. Smith,Robert Morris,120.403232705895,115.75395607093,4.64927663496446,14.5995692273948,160,152,1.33421052631577,0.758802695413947,121.25,120.394736842105,0.855263157894726,#FFEBD2,#FFFFFF,#FFFFFF,#FFFFFF,#FFFFFF,#FFD7A5,#FFFFFF,#FFEBD2,#DCE9F5,#FFEBD2,#FFFFFF,#FFEBD2,#FFFFFF,#FFFFFF,#FFFFFF,#FFEBD2,#FFFFFF,#FFFFFF,#FFFFFF,#CBDEF0,#FFFFFF,#FFF1E1,#FFF8F1,#CBDEEF,#FFFEFE,#FFE6C6,#FEFEFE,"1949209,,Ryan Prather Jr.","2126124,,Nikolaos Chitikoudis","2275920,,DeSean Goode","2331282,,Ta'Zir Smith","2504134,,Darius Livingston",2025
N. Chitikoudis / D. Goode / R. Prather Jr. / T. Smith / A. Vargas,Robert Morris,112.501090172323,106.890799246874,5.61029092544901,13.147625837395,160,166,1.71837349397589,0.911214811595828,112.5,111.44578313253,1.05421686746987,#FFEBD2,#FFFFFF,#DCE9F5,#FFFFFF,#FFFFFF,#FFEBD2,#FFFFFF,#FFEBD2,#FFFFFF,#FFEBD2,#FFFFFF,#FFD7A5,#FFFFFF,#FFFFFF,#FFFFFF,#FFFFFF,#FFEBD2,#FFFFFF,#FFFFFF,#CBDEF0,#FFFFFF,#F5F9FC,#FFF7EE,#EBF3F9,#F8FAFC,#FFE8CC,#FFFDFC,"1949209,,Ryan Prather Jr.","2126124,,Nikolaos Chitikoudis","2275920,,DeSean Goode","2324584,,Albert Vargas","2331282,,Ta'Zir Smith",2025
K. Brown / N. Chitikoudis / D. Goode / D. Livingston / R. Prather Jr.,Robert Morris,105.366430979823,91.2787683453637,14.0876626344596,12.9046279189469,146,141,13.9345428932284,0.875435956407119,106.164383561644,96.4539007092199,9.71048285242398,#FFEBD2,#FFFFFF,#FFFFFF,#FFFFFF,#FFFFFF,#FFD7A5,#FFFFFF,#FFEBD2,#CBDEF0,#FFEBD2,#FFFFFF,#FFEBD2,#DCE9F5,#FFFFFF,#FFFFFF,#FFEBD2,#FFFFFF,#FFFFFF,#FFFFFF,#CBDEF0,#FFFFFF,#D8E6F3,#FFECD4,#FFE9CD,#E6EFF7,#FFE9CD,#FFF3E6,"1688262,,Kaleb Brown","1949209,,Ryan Prather Jr.","2126124,,Nikolaos Chitikoudis","2275920,,DeSean Goode","2504134,,Darius Livingston",2025
K. Brown / N. Chitikoudis / D. Goode / R. Prather Jr. / A. Vargas,Robert Morris,109.032205238322,96.5907213921259,12.4414838461964,14.7466065377283,135,125,12.4414814814815,0.574222695165215,110.37037037037,100.8,9.57037037037036,#FFEBD2,#FFFFFF,#FFFFFF,#FFFFFF,#FFFFFF,#FFEBD2,#FFFFFF,#FFEBD2,#DCE9F5,#FFD7A5,#FFEBD2,#FFD7A5,#DCE9F5,#FFFFFF,#FFFFFF,#FFFFFF,#FFFFFF,#FFFFFF,#FFFFFF,#CBDEF0,#FFFFFF,#E7F0F8,#FFEED9,#FFF4E7,#F1F6FA,#FFE5C6,#FFF6EB,"1688262,,Kaleb Brown","1949209,,Ryan Prather Jr.","2126124,,Nikolaos Chitikoudis","2275920,,DeSean Goode","2324584,,Albert Vargas",2025
D. Bowen / C. Charles / D. Egbuniwe / F. Mitchell / D. Simmons II,Saint Bonaventure,115.274332869824,107.119829324319,8.15450354550531,11.7095410230208,569,563,-1.73679790976663,1.69227165997621,112.126537785589,112.433392539964,-0.306854754375729,#FFEBD2,#FFFFFF,#DCE9F5,#FFFFFF,#FFEBD2,#FFD7A5,#FFFFFF,#FFEBD2,#FFFFFF,#FFEBD2,#FFFFFF,#FFEBD2,#FFFFFF,#FFEBD2,#FFFFFF,#FFEBD2,#FFEBD2,#FFFFFF,#FFFFFF,#CBDEF0,#FFFFFF,#FFFEFC,#FFF4E6,#EAF2F9,#F9FBFD,#FFEBD2,#FAFCFD,"1896057,,Dasonte Bowen","1910792,,Daniel Egbuniwe","1911412,,Frank Mitchell","1954988,,Cayden Charles","2126150,,Darryl Simmons II",2025
D. Bowen / C. Charles / J. Grahovac / F. Mitchell / D. Simmons II,Saint Bonaventure,115.684517261436,105.468046755223,10.2164705062129,14.2189134975182,525,524,19.8799036713923,1.28524248364898,113.904761904762,110.114503816794,3.79025808796802,#FFEBD2,#FFFFFF,#DCE9F5,#FFFFFF,#FFFFFF,#FFD7A5,#FFFFFF,#FFEBD2,#FFEBD2,#FFEBD2,#FFFFFF,#FFEBD2,#FFFFFF,#FFFFFF,#FFEBD2,#FFEBD2,#FFFFFF,#FFFFFF,#FFFFFF,#CBDEF0,#FFFFFF,#FFFDFA,#FFF1E0,#F0F6FA,#F9FBFD,#FFE6C8,#FFFCF8,"1896057,,Dasonte Bowen","1911412,,Frank Mitchell","1954988,,Cayden Charles","2126150,,Darryl Simmons II","2541331,,Joseph Grahovac",2025
D. Bowen / C. Charles / F. Mitchell / A. Osasuyi / D. Simmons II,Saint Bonaventure,118.896619676583,84.6413017187854,34.2553179577973,22.9462109241488,125,127,29.0573858267716,2.23878012699253,114.4,91.3385826771654,23.0614173228346,#FFEBD2,#FFEBD2,#DCE9F5,#FFEBD2,#FFFFFF,#FFD7A5,#FFFFFF,#FFD7A5,#FFFFFF,#FFD7A5,#FFEBD2,#FFEBD2,#FFFFFF,#FFEBD2,#FFD7A5,#FFFFFF,#FFEBD2,#FFFFFF,#FFFFFF,#CBDEF0,#FFFFFF,#FFF5E9,#FFD197,#FFDBAE,#FBFCFD,#FFD8A6,#FFEBD3,"1896057,,Dasonte Bowen","1911412,,Frank Mitchell","1954988,,Cayden Charles","2126150,,Darryl Simmons II","2541349,,Andrew Osasuyi",2025
A. Harrison / G. Liberis / C. Moncrief / V. Payne / S. Wicks,Saint Francis (PA),101.615854087645,114.442406806664,-12.8265527190191,-12.159961855651,204,202,-17.1728305183459,-0.873406059237721,104.411764705882,112.871287128713,-8.4595224228305,#DCE9F5,#DCE9F5,#FFFFFF,#FFFFFF,#FFFFFF,#FFFFFF,#DCE9F5,#FFFFFF,#DCE9F5,#FFFFFF,#FFFFFF,#FFFFFF,#DCE9F5,#FFFFFF,#FFFFFF,#FFFFFF,#FFFFFF,#FFFFFF,#FFFFFF,#CBDEF0,#FFFFFF,#C8DDEF,#D1E2F1,#CFE1F1,#C4DAEE,#BCD6EB,#DDE9F5,"1600348,,Skylar Wicks","1701883,,Ahmad Harrison","1909574,,Chris Moncrief","1946946,,Gestin Liberis","2319684,,Victor Payne",2025
G. Liberis / C. Moncrief / V. Payne / Z. Russell / S. Wicks,Saint Francis (PA),104.550846010691,119.554685359361,-15.0038393486701,-9.40117644067218,129,127,-17.2432399438442,-0.306511628508362,105.426356589147,118.897637795276,-13.4712812061283,#FFFFFF,#DCE9F5,#FFFFFF,#FFFFFF,#FFEBD2,#FFFFFF,#DCE9F5,#FFFFFF,#DCE9F5,#FFFFFF,#FFEBD2,#FFFFFF,#DCE9F5,#FFFFFF,#FFFFFF,#FFFFFF,#FFFFFF,#FFFFFF,#FFFFFF,#CBDEF0,#FFFFFF,#D4E4F2,#C9DDEF,#BDD6EB,#CEE0F1,#CBDFF0,#DCE9F5,"1600348,,Skylar Wicks","1714356,,Zion Russell","1909574,,Chris Moncrief","1946946,,Gestin Liberis","2319684,,Victor Payne",2025
J. Ajogbor / J. Glover-Toscano / D. Haskins / D. Simpson / A. Williford,Saint Joseph's,118.624714893085,93.2454246427054,25.3792902503797,24.9733861985553,495,519,89.754422841128,1.53524965397622,116.161616161616,98.4585741811175,17.7030419804986,#FFEBD2,#FFEBD2,#FFEBD2,#FFEBD2,#FFEBD2,#FFEBD2,#FFFFFF,#FFFFFF,#FFFFFF,#FFEBD2,#FFFFFF,#FFFFFF,#FFEBD2,#FFFFFF,#FFD7A5,#FFD7A5,#FFFFFF,#FFFFFF,#FFFFFF,#CBDEF0,#FFFFFF,#FFF6EA,#FFDDB2,#FFEDD7,#FFFDFC,#FFD49F,#FFEBD2,"1605352,,Justice Ajogbor","1890501,,Derek Simpson","2134484,,Dasear Haskins","2322672,,Jaiden Glover-Toscano","2486700,,Austin Williford",2025
R. Avila / D. Brown / T. Green / Q. Jones / A. McCottry,Saint Louis,113.932992678532,87.220666949267,26.7123257292654,28.448431633353,492,491,90.9848347490603,1.64013209400933,110.772357723577,92.2606924643585,18.5116652592188,#FFEBD2,#FFD7A5,#FFFFFF,#FFFFFF,#FFD7A5,#FFD7A5,#FFEBD2,#FFD7A5,#FFFFFF,#FFFFFF,#FFEBD2,#FFD7A5,#DCE9F5,#FFEBD2,#FFFFFF,#FFFFFF,#FFEBD2,#FFFFFF,#FFFFFF,#CBDEF0,#FFFFFF,#FBFCFD,#FFDBAE,#FFE0BA,#FCFDFE,#FFCE91,#FFE1BC,"1925344,,Dion Brown","1935255,,Robbie Avila","2120119,,Quentin Jones","2149050,,Trey Green","2325457,,Amari McCottry",2025
J. Dent / M. Lewis / P. Murauskas / D. Shaw / H. Wessels,Saint Mary's,121.504651404732,92.6085146470845,28.8961367576472,32.1212084852601,452,443,75.2634765976148,2.41549655387068,116.592920353982,99.7742663656885,16.8186539882938,#FFD7A5,#FFD7A5,#FFEBD2,#FFEBD2,#FFFFFF,#FFEBD2,#FFFFFF,#FFD7A5,#FFD7A5,#FFEBD2,#FFEBD2,#FFEBD2,#FFFFFF,#FFFFFF,#FFEBD2,#FFFFFF,#FFD7A5,#FFFFFF,#FFFFFF,#CBDEF0,#FFFFFF,#FFEFDB,#FFD8A8,#FFECD4,#FFF4E6,#FFC883,#FFE6C8,"1908430,,Harry Wessels","2098979,,Paulius Murauskas","2268743,,Mikey Lewis","2268744,,Joshua Dent","2505024,,Dillan Shaw",2025
J. Dent / M. Lewis / A. McKeever / P. Murauskas / D. Shaw,Saint Mary's,125.090871512219,96.4154615282596,28.6754099839596,34.1158655406623,314,308,57.252915873935,2.05322245505976,121.656050955414,103.246753246753,18.4092977086608,#FFD7A5,#FFEBD2,#FFEBD2,#FFEBD2,#FFFFFF,#FFD7A5,#FFFFFF,#FFD7A5,#FFD7A5,#FFD7A5,#FFD7A5,#FFD7A5,#FFFFFF,#FFFFFF,#FFFFFF,#FFEBD2,#FFD7A5,#FFFFFF,#FFFFFF,#CBDEF0,#FFFFFF,#FFE6C8,#FFD8A8,#FFF4E6,#FFEED9,#FFC57B,#FFE8CC,"2098979,,Paulius Murauskas","2125382,,Andrew McKeever","2268743,,Mikey Lewis","2268744,,Joshua Dent","2505024,,Dillan Shaw",2025
L. Campbell / J. Dent / A. McKeever / P. Murauskas / D. Shaw,Saint Mary's,119.743314568848,85.6657547976609,34.077559771187,31.4400204841294,214,206,52.6953089556301,1.79691110132024,116.355140186916,91.2621359223301,25.0930042645858,#FFEBD2,#FFEBD2,#FFD7A5,#FFEBD2,#FFFFFF,#FFFFFF,#FFFFFF,#FFD7A5,#FFD7A5,#FFD7A5,#FFD7A5,#FFEBD2,#FFFFFF,#FFFFFF,#FFFFFF,#FFEBD2,#FFEBD2,#FFFFFF,#FFFFFF,#CBDEF0,#FFFFFF,#FFF3E4,#FFD198,#FFDDB2,#FFF7EE,#FFC986,#FFE4C3,"2098979,,Paulius Murauskas","2125382,,Andrew McKeever","2268744,,Joshua Dent","2268747,,Liam Campbell","2505024,,Dillan Shaw",2025
J. Dent / R. Hawke / M. Lewis / A. McKeever / P. Murauskas,Saint Mary's,122.36694871174,95.2772242951742,27.0897244165655,28.9199382858466,144,140,15.5242063492064,3.23143694680516,117.361111111111,106.428571428571,10.9325396825397,#FFEBD2,#FFEBD2,#FFEBD2,#FFEBD2,#FFFFFF,#FFEBD2,#FFFFFF,#FFD7A5,#FFD7A5,#FFEBD2,#FFEBD2,#FFEBD2,#FFFFFF,#FFFFFF,#FFFFFF,#FFEBD2,#FFD7A5,#FFFFFF,#FFFFFF,#CBDEF0,#FFFFFF,#FFEDD7,#FFDAAD,#FFF1E0,#FFF5EA,#FFCD8F,#FFEBD2,"1981131,,Rory Hawke","2098979,,Paulius Murauskas","2125382,,Andrew McKeever","2268743,,Mikey Lewis","2268744,,Joshua Dent",2025
B. Bland / B. Eaton / J. Gupton / E. Perkins / Z. Williamson,Saint Peter's,102.057253138369,85.6355780105317,16.421675127837,7.33994047574759,161,159,24.1009414430251,0.271717345189265,102.484472049689,87.4213836477987,15.0630884018907,#FFFFFF,#FFEBD2,#DCE9F5,#FFFFFF,#FFFFFF,#FFEBD2,#CBDEF0,#FFFFFF,#FFFFFF,#FFFFFF,#FFFFFF,#FFFFFF,#DCE9F5,#FFD7A5,#FFFFFF,#DCE9F5,#FFFFFF,#FFFFFF,#FFFFFF,#CBDEF0,#FFFFFF,#CADEEF,#FFE9CD,#FFDDB2,#CADEEF,#FFF2E2,#FFEED9,"1687575,,Zaakir Williamson","1700527,,Brent Bland","1890548,,Elijah Perkins","2110194,,Bryce Eaton","2540688,,Jahki Gupton",2025
B. Bland / B. Eaton / E. Perkins / L. Scroggins / Z. Williamson,Saint Peter's,113.512272461195,84.7592263586466,28.753046102548,16.5692651747036,133,126,38.9473684210526,-0.264428373475355,115.789473684211,85.7142857142857,30.0751879699248,#FFFFFF,#FFEBD2,#FFFFFF,#FFFFFF,#FFFFFF,#FFFFFF,#DCE9F5,#FFFFFF,#FFFFFF,#FFD7A5,#FFFFFF,#FFFFFF,#FFFFFF,#FFEBD2,#FFEBD2,#CBDEF0,#FFFFFF,#FFFFFF,#FFFFFF,#CBDEF0,#FFFFFF,#F9FBFD,#FFD8A8,#FFDBAE,#E6EFF7,#FFE2BF,#FFECD4,"1687575,,Zaakir Williamson","1700527,,Brent Bland","1890548,,Elijah Perkins","2110194,,Bryce Eaton","2117917,,Lucas Scroggins",2025
J. Booth / I. Campbell-Finch / D. Faulkner / K. Norris / C. Norris,Samford,112.105115452395,99.5972008302224,12.5079146221721,12.5079444145028,310,305,32.5712585933368,0.383127080965352,113.870967741935,103.27868852459,10.5922792173453,#FFEBD2,#FFFFFF,#CBDEF0,#FFFFFF,#FFFFFF,#FFEBD2,#FFEBD2,#FFD7A5,#FFFFFF,#DCE9F5,#FFFFFF,#FFEBD2,#FFD7A5,#CBDEF0,#FFFFFF,#FFD7A5,#FFEBD2,#FFFFFF,#FFFFFF,#CBDEF0,#FFFFFF,#F3F8FB,#FFEED9,#FFFAF5,#F9FBFD,#FFE9CE,#FDFEFE,"1604457,,Jadin Booth","1702441,,Keaton Norris","2122528,,Dylan Faulkner","2281150,,Cade Norris","2524202,,Isaiah Campbell-Finch",2025
J. Booth / D. Faulkner / K. Norris / C. Norris / Z. Wilburn,Samford,127.518613315069,104.435153762912,23.0834595521572,19.8900717660398,159,159,36,0.0883900236389939,130.188679245283,107.547169811321,22.6415094339623,#FFEBD2,#FFFFFF,#DCE9F5,#FFFFFF,#FFFFFF,#FFFFFF,#FFEBD2,#FFD7A5,#FFFFFF,#FFFFFF,#FFEBD2,#FFEBD2,#FFEBD2,#CBDEF0,#FFFFFF,#FFEBD2,#FFEBD2,#FFFFFF,#FFFFFF,#CBDEF0,#FFFFFF,#FFE1BB,#FFE0B9,#F4F8FC,#FFF5E9,#FFDDB2,#FFFEFD,"1604457,,Jadin Booth","1702441,,Keaton Norris","2122528,,Dylan Faulkner","2281150,,Cade Norris","2311621,,Zion Wilburn",2025
J. Booth / D. Faulkner / K. Martin / K. Norris / C. Norris,Samford,116.879820575521,98.4321840075903,18.4476365679312,15.5772360302644,145,139,26.3991069213595,-0.0286567598446738,119.310344827586,100.719424460432,18.5909203671546,#FFEBD2,#FFFFFF,#DCE9F5,#FFFFFF,#FFFFFF,#FFEBD2,#FFEBD2,#FFD7A5,#FFFFFF,#DCE9F5,#FFEBD2,#FFEBD2,#FFEBD2,#CBDEF0,#FFFFFF,#FFD7A5,#FFEBD2,#FFFFFF,#FFFFFF,#CBDEF0,#FFFFFF,#FFFAF4,#FFE6C7,#FFF8EF,#FFFAF5,#FFE4C3,#FBFCFD,"1604457,,Jadin Booth","1702441,,Keaton Norris","2122528,,Dylan Faulkner","2281150,,Cade Norris","2302578,,Kam Martin",2025
M. Byrd / R. Dixon-Waters / M. Gwath / E. Harrington / M. Heide,San Diego State,101.5099710759,84.8161658112818,16.693805264618,20.380332154225,148,162,7.2922922922923,2.39782011198266,97.2972972972973,92.5925925925926,4.70470470470471,#FFFFFF,#FFD7A5,#FFD7A5,#FFEBD2,#FFFFFF,#FFFFFF,#FFEBD2,#FFFFFF,#FFFFFF,#FFEBD2,#FFFFFF,#FFFFFF,#DCE9F5,#FFEBD2,#FFD7A5,#FFFFFF,#FFFFFF,#FFFFFF,#FFFFFF,#CBDEF0,#FFFFFF,#C8DDEF,#FFE8CC,#FFDBAE,#D7E6F3,#FFDCB0,#FFDBAF,"1622652,,Reese Dixon-Waters","1890317,,Miles Byrd","2092588,,Miles Heide","2092598,,Magoon Gwath","2487208,,Elzie Harrington",2025
M. Bell Jr. / C. Garland / A. Myers / S. NgaNga / J. Washington,San Jose State,99.1609737602461,115.727725203488,-16.5667514432423,-7.9953871803919,195,193,-50.1869004915637,1.86055697852306,96.4102564102564,122.279792746114,-25.8695363358576,#FFEBD2,#DCE9F5,#DCE9F5,#FFEBD2,#FFFFFF,#FFEBD2,#FFFFFF,#FFFFFF,#FFFFFF,#FFFFFF,#DCE9F5,#FFFFFF,#FFEBD2,#FFFFFF,#DCE9F5,#FFEBD2,#FFEBD2,#FFFFFF,#FFFFFF,#CBDEF0,#FFFFFF,#BED7EC,#C3DAED,#CBDEF0,#DAE7F4,#D3E4F2,#D5E5F3,"1908616,,Sadraque NgaNga","2122220,,Colby Garland","2125124,,Adrian Myers","2284412,,Jermaine Washington","2542053,,Melvin Bell Jr.",2025
M. Bell Jr. / C. Garland / P. Goodarzi / A. Myers / S. NgaNga,San Jose State,118.922032916254,116.958611464418,1.96342145183637,0.465135552629303,137,134,-15.6107691469659,2.69685685818512,114.598540145985,126.119402985075,-11.5208628390892,#FFFFFF,#DCE9F5,#FFFFFF,#FFEBD2,#FFFFFF,#FFEBD2,#FFFFFF,#FFEBD2,#FFEBD2,#FFFFFF,#DCE9F5,#DCE9F5,#FFEBD2,#DCE9F5,#DCE9F5,#FFEBD2,#FFEBD2,#FFFFFF,#FFFFFF,#CBDEF0,#FFFFFF,#FFF5E9,#FFFCF9,#C6DCEE,#F7FAFC,#FFFEFD,#D4E4F2,"1908616,,Sadraque NgaNga","2122220,,Colby Garland","2125124,,Adrian Myers","2152656,,Pasha Goodarzi","2542053,,Melvin Bell Jr.",2025
M. Arington / W. Heimbrodt / B. Maldonado / A. Maurer / J. Seok Yeo,Seattle,103.578792036297,80.8147261689871,22.7640658673102,21.9173956573729,385,388,56.826211674923,1.61225888239228,101.558441558442,86.8556701030928,14.7027714553488,#FFFFFF,#FFD7A5,#FFEBD2,#FFFFFF,#FFFFFF,#FFEBD2,#FFFFFF,#DCE9F5,#FFFFFF,#FFFFFF,#FFFFFF,#FFEBD2,#FFFFFF,#FFD7A5,#FFD7A5,#FFFFFF,#FFFFFF,#FFFFFF,#FFFFFF,#CBDEF0,#FFFFFF,#D0E2F1,#FFE0BA,#FFD39B,#D6E5F3,#FFD9AA,#FFD8A7,"1926233,,Maleek Arington","1940203,,Brayden Maldonado","2105894,,Jun Seok Yeo","2113991,,Will Heimbrodt","2283672,,Austin Maurer",2025
M. Arington / H. Dan / W. Heimbrodt / B. Maldonado / J. Seok Yeo,Seattle,107.304595437374,102.739228013179,4.5653674241942,14.8100609124447,247,245,-12.1546723952739,1.90125823242208,105.263157894737,110.204081632653,-4.94092373791621,#FFFFFF,#FFD7A5,#FFFFFF,#FFFFFF,#FFEBD2,#FFEBD2,#FFFFFF,#DCE9F5,#FFFFFF,#FFFFFF,#FFFFFF,#FFEBD2,#DCE9F5,#FFD7A5,#FFEBD2,#FFFFFF,#FFFFFF,#FFFFFF,#FFFFFF,#CBDEF0,#FFFFFF,#E0EBF6,#FFF8F1,#FAFCFD,#D9E7F4,#FFE5C6,#FFE7CB,"1926233,,Maleek Arington","1940203,,Brayden Maldonado","2105894,,Jun Seok Yeo","2113991,,Will Heimbrodt","2315037,,Houran Dan",2025
A. Clark / E. Fisher / S. Payne III / A. Staton-McCray / M. Williams III,Seton Hall,105.089490499953,92.3719264383796,12.7175640615738,21.1352718995172,428,426,-3.02109385283665,2.68501603727198,100.700934579439,101.408450704225,-0.707516124786101,#FFFFFF,#FFD7A5,#DCE9F5,#FFEBD2,#FFD7A5,#FFD7A5,#FFFFFF,#FFFFFF,#FFFFFF,#FFFFFF,#FFFFFF,#FFEBD2,#FFFFFF,#FFD7A5,#FFEBD2,#FFFFFF,#FFEBD2,#FFFFFF,#FFFFFF,#CBDEF0,#FFFFFF,#D6E6F3,#FFEED8,#FFEBD2,#DCE9F5,#FFDBAD,#FFDDB3,"1609878,,A.J. Staton-McCray","1924201,,Elijah Fisher","1925164,,Stephon Payne III","2098797,,Mike Williams III","2140378,,Adam Clark",2025
A. Clark / E. Fisher / S. Payne III / T. Simpkins / A. Staton-McCray,Seton Hall,113.895322854375,87.1516034931916,26.743719361183,30.1752761244058,183,174,27.7655455059355,2.23775838137547,110.382513661202,94.8275862068966,15.5549274543056,#FFFFFF,#FFD7A5,#DCE9F5,#FFFFFF,#FFD7A5,#FFD7A5,#FFFFFF,#FFFFFF,#FFFFFF,#FFEBD2,#FFFFFF,#FFEBD2,#FFFFFF,#FFD7A5,#FFEBD2,#FFFFFF,#FFD7A5,#FFFFFF,#FFFFFF,#CBDEF0,#FFFFFF,#FBFCFD,#FFDBAE,#FFE0BA,#F1F6FA,#FFCB8B,#FFD7A5,"1609878,,A.J. Staton-McCray","1924201,,Elijah Fisher","1925164,,Stephon Payne III","2140378,,Adam Clark","2302557,,Tajuan Simpkins",2025
A. Chandler / B. Coyle / G. Doty / F. Folefac / J. Shoats,Siena,117.363261491501,98.8109909505223,18.5522705409785,18.8276934732871,387,379,67.3598276438063,0.192969635934267,116.795865633075,99.2084432717678,17.5874223613071,#FFEBD2,#FFFFFF,#FFFFFF,#FFFFFF,#FFFFFF,#FFD7A5,#FFFFFF,#FFFFFF,#FFEBD2,#FFEBD2,#FFEBD2,#FFFFFF,#FFEBD2,#FFFFFF,#FFFFFF,#FFEBD2,#FFEBD2,#FFFFFF,#FFFFFF,#CBDEF0,#FFFFFF,#FFF9F1,#FFE6C7,#FFF9F1,#FBFDFE,#FFDFB6,#FFF4E7,"1395258,,Antonio Chandler","1921731,,Brendan Coyle","1953952,,Justice Shoats","2311541,,Gavin Doty","2506627,,Francis Folefac",2025
B. Coyle / G. Doty / F. Folefac / R. Mulvey / J. Shoats,Siena,113.904192279352,88.0464516213438,25.8577406580078,18.6409009357111,206,205,53.9857210513853,-0.0825366422558883,114.563106796117,88.2926829268293,26.2704238692872,#FFEBD2,#FFFFFF,#FFEBD2,#FFFFFF,#FFFFFF,#FFD7A5,#FFFFFF,#FFFFFF,#FFEBD2,#FFEBD2,#FFFFFF,#FFEBD2,#FFFFFF,#FFFFFF,#FFEBD2,#FFEBD2,#FFEBD2,#FFFFFF,#FFFFFF,#CBDEF0,#FFFFFF,#FBFCFD,#FFDCB1,#FFE2BE,#F4F8FB,#FFDFB7,#FFF0DD,"1687490,,Riley Mulvey","1921731,,Brendan Coyle","1953952,,Justice Shoats","2311541,,Gavin Doty","2506627,,Francis Folefac",2025
A. Chandler / B. Coyle / G. Doty / T. Goodrick / J. Shoats,Siena,119.069282164121,93.3906893310888,25.6785928330319,19.1101816939758,186,188,56.1406428734843,-0.868628264782328,122.043010752688,92.0212765957447,30.0217341569435,#FFEBD2,#FFFFFF,#FFFFFF,#FFFFFF,#FFFFFF,#FFD7A5,#FFEBD2,#FFFFFF,#FFEBD2,#FFD7A5,#FFD7A5,#FFFFFF,#FFEBD2,#FFFFFF,#FFFFFF,#FFEBD2,#FFEBD2,#FFFFFF,#FFFFFF,#CBDEF0,#FFFFFF,#FFF5E8,#FFDCB1,#FFEDD7,#FAFCFD,#FFDEB5,#FFF3E4,"1395258,,Antonio Chandler","1921731,,Brendan Coyle","1953952,,Justice Shoats","2090930,,Tasman Goodrick","2311541,,Gavin Doty",2025
B. Coyle / G. Doty / F. Folefac / C. Jones / J. Shoats,Siena,90.2782509164094,92.7879735086495,-2.5097225922401,-0.351154619942062,164,145,-0.526261564339769,-0.43382004409983,92.0731707317073,92.4137931034483,-0.340622371740951,#FFFFFF,#FFFFFF,#CBDEF0,#FFFFFF,#FFFFFF,#FFD7A5,#FFFFFF,#FFFFFF,#FFEBD2,#DCE9F5,#DCE9F5,#FFEBD2,#FFFFFF,#FFFFFF,#DCE9F5,#FFD7A5,#FFEBD2,#FFFFFF,#FFFFFF,#CBDEF0,#FFFFFF,#9AC0E1,#F6F9FC,#FFECD4,#CCDFF0,#FDFDFE,#FEFEFE,"1921731,,Brendan Coyle","1953952,,Justice Shoats","2311541,,Gavin Doty","2506619,,Christian Jones","2506627,,Francis Folefac",2025
B. Edwards / B. Miller / J. Pierre Jr. / C. Washington / S. Yigitoglu,SMU,123.596752593748,86.9746247859127,36.6221278078357,37.0465137286954,627,598,132.778086711153,2.98881456691726,118.500797448166,96.8227424749164,21.6780549732495,#FFD7A5,#FFD7A5,#FFFFFF,#FFEBD2,#FFD7A5,#FFD7A5,#FFEBD2,#FFEBD2,#FFFFFF,#FFEBD2,#FFEBD2,#FFD7A5,#FFFFFF,#FFEBD2,#FFEBD2,#FFEBD2,#FFD7A5,#FFFFFF,#FFFFFF,#CBDEF0,#FFFFFF,#FFEAD0,#FFCE90,#FFE0B9,#FFF0DD,#FFC070,#FFE0BB,"1606663,,Jaron Pierre Jr.","1720487,,Boopie Miller","1890537,,B.J. Edwards","1921718,,Corey Washington","2315141,,Samet Yigitoglu",2025
B. Edwards / B. Miller / J. Pierre Jr. / J. Toombs / C. Washington,SMU,133.392590849252,106.053705831583,27.3388850176691,36.1727379850885,154,151,10.3223101401909,4.11403141137763,125.974025974026,119.205298013245,6.76872796078094,#FFD7A5,#FFEBD2,#FFFFFF,#FFEBD2,#FFD7A5,#FFD7A5,#FFEBD2,#FFEBD2,#FFEBD2,#FFFFFF,#FFEBD2,#FFD7A5,#FFFFFF,#FFD7A5,#FFFFFF,#FFD7A5,#FFD7A5,#FFFFFF,#FFFFFF,#CBDEF0,#FFFFFF,#FFD39C,#FFDAAC,#EEF4FA,#FFE6C6,#FFC174,#FFECD6,"1606663,,Jaron Pierre Jr.","1720487,,Boopie Miller","1890537,,B.J. Edwards","1921718,,Corey Washington","2503228,,Jaden Toombs",2025
B. Miller / J. O'Neal Jr. / J. Pierre Jr. / C. Washington / S. Yigitoglu,SMU,122.66565727992,100.230179074958,22.4354782049624,29.7002987258017,139,130,6.73616491422247,3.48543543069918,116.546762589928,111.538461538462,5.00830105146652,#FFEBD2,#FFEBD2,#FFEBD2,#FFEBD2,#FFD7A5,#FFD7A5,#FFEBD2,#FFEBD2,#FFFFFF,#FFEBD2,#FFFFFF,#FFFFFF,#FFFFFF,#FFFFFF,#FFEBD2,#FFEBD2,#FFEBD2,#FFFFFF,#FFFFFF,#CBDEF0,#FFFFFF,#FFECD5,#FFE1BB,#FFFCF8,#FFF7ED,#FFCC8C,#FFE8CB,"1606663,,Jaron Pierre Jr.","1720487,,Boopie Miller","1921718,,Corey Washington","2315141,,Samet Yigitoglu","2503225,,Jermaine O'Neal Jr.",2025
R. Brady / J. Cooper / C. Harris / H. Louis Jeune / A. Olsen,South Alabama,105.007625931308,85.7549364445878,19.2526894867205,9.80726245643931,480,479,90.0355514961726,0.0951447171074897,105.833333333333,87.0563674321503,18.776965901183,#FFFFFF,#FFFFFF,#FFFFFF,#FFFFFF,#FFFFFF,#FFD7A5,#FFFFFF,#FFFFFF,#DCE9F5,#CBDEF0,#FFFFFF,#FFFFFF,#FFD7A5,#FFEBD2,#DCE9F5,#FFD7A5,#FFFFFF,#FFFFFF,#FFFFFF,#CBDEF0,#FFFFFF,#D6E6F3,#FFE5C5,#FFDDB3,#D8E6F3,#FFEED9,#FFF1E1,"1682419,,Randy Brady","1953456,,Hantz Louis Jeune","2281196,,Jayden Cooper","2494547,,Chaze Harris","2494549,,Adam Olsen",2025
R. Brady / J. Cooper / C. Harris / P. Law / A. Olsen,South Alabama,120.694534208756,84.6646488103607,36.0298853983955,20.6785573556746,200,201,77.0378855721393,-0.478600034748756,123,84.5771144278607,38.4228855721393,#FFFFFF,#FFFFFF,#FFFFFF,#FFFFFF,#FFFFFF,#FFD7A5,#FFFFFF,#FFFFFF,#DCE9F5,#FFFFFF,#FFFFFF,#FFFFFF,#FFEBD2,#FFEBD2,#FFFFFF,#FFD7A5,#FFEBD2,#FFFFFF,#FFFFFF,#CBDEF0,#FFFFFF,#FFF1DF,#FFCF92,#FFDBAE,#FBFCFD,#FFDBAF,#FFF0DD,"1682419,,Randy Brady","2281196,,Jayden Cooper","2494547,,Chaze Harris","2494548,,Peyton Law","2494549,,Adam Olsen",2025
J. Cooper / C. Harris / H. Louis Jeune / A. Olsen / S. Williams,South Alabama,108.891806168094,118.543919506897,-9.65211333880313,3.4033594930075,158,156,-20.3065563128854,0.656399792479552,108.860759493671,121.794871794872,-12.9341123012009,#FFFFFF,#FFFFFF,#FFEBD2,#FFFFFF,#DCE9F5,#FFD7A5,#FFEBD2,#FFFFFF,#DCE9F5,#DCE9F5,#FFFFFF,#DCE9F5,#FFD7A5,#FFFFFF,#FFEBD2,#FFD7A5,#FFEBD2,#FFFFFF,#FFFFFF,#CBDEF0,#FFFFFF,#E6EFF7,#DCE9F5,#C0D8ED,#DEEAF5,#FFF9F1,#F9FBFD,"1953456,,Hantz Louis Jeune","2281196,,Jayden Cooper","2494547,,Chaze Harris","2494549,,Adam Olsen","2494592,,Stephen Williams",2025
R. Brady / J. Broom / J. Cooper / C. Harris / A. Olsen,South Alabama,120.409253472308,136.154908559308,-15.745655087,7.87190127518893,130,130,-22,0.235484367215385,120.769230769231,137.692307692308,-16.9230769230769,#FFFFFF,#FFFFFF,#FFFFFF,#FFFFFF,#FFFFFF,#FFD7A5,#FFFFFF,#FFFFFF,#DCE9F5,#DCE9F5,#FFFFFF,#FFFFFF,#FFD7A5,#FFEBD2,#FFFFFF,#FFD7A5,#FFFFFF,#FFFFFF,#FFFFFF,#CBDEF0,#FFFFFF,#FFF1E1,#C6DCEE,#80B0DA,#F0F6FA,#FFF1E0,#F6F9FC,"1682419,,Randy Brady","2144554,,John Broom","2281196,,Jayden Cooper","2494547,,Chaze Harris","2494549,,Adam Olsen",2025
M. Johnson / K. Knox / M. Sharavjamts / E. Strong / M. Stute,South Carolina,109.002089125519,106.27036095176,2.73172817375906,15.9498423117429,229,222,-41.8016444391991,4.25380855618854,102.183406113537,120.720720720721,-18.5373146071836,#FFEBD2,#FFFFFF,#FFEBD2,#FFEBD2,#FFD7A5,#FFEBD2,#FFEBD2,#FFFFFF,#FFEBD2,#DCE9F5,#FFFFFF,#FFEBD2,#FFFFFF,#FFFFFF,#FFFFFF,#FFFFFF,#FFD7A5,#FFFFFF,#FFFFFF,#CBDEF0,#FFFFFF,#E6F0F8,#FFFBF6,#EDF4FA,#F6F9FC,#FFE3C1,#FFF7ED,"1600085,,Myles Stute","1620089,,Meechie Johnson","1686903,,Kobe Knox","1908368,,Mike Sharavjamts","2128762,,Elijah Strong",2025
S. Bennion / U. Buntyn / V. Buzelis / J. Crawford / C. Fens,South Dakota,106.096536158065,107.06398471973,-0.967448561664282,-0.585120817884022,190,185,-2.45376955903269,0.0682457072972971,108.421052631579,109.72972972973,-1.30867709815077,#FFFFFF,#FFFFFF,#DCE9F5,#FFFFFF,#FFFFFF,#FFEBD2,#FFFFFF,#FFFFFF,#FFFFFF,#FFFFFF,#FFFFFF,#FFFFFF,#FFFFFF,#FFFFFF,#FFFFFF,#FFEBD2,#FFEBD2,#FFFFFF,#FFFFFF,#CBDEF0,#FFFFFF,#DBE8F4,#FBFCFE,#EBF2F9,#DDE9F5,#FBFDFE,#ECF3F9,"1917792,,Jordan Crawford","1933809,,Cameron Fens","2550066,,Vince Buzelis","2550077,,Uzziah Buntyn","2686613,,Silas Bennion",2025
E. Anderson / I. Bruns / U. Buntyn / J. Crawford / C. Fens,South Dakota,114.169550274907,103.297602191463,10.8719480834441,2.42227621136648,177,181,20.4047819708462,-0.105474290668289,115.819209039548,104.419889502762,11.3993195367856,#FFFFFF,#DCE9F5,#FFFFFF,#FFFFFF,#FFFFFF,#FFEBD2,#FFFFFF,#FFFFFF,#FFEBD2,#FFFFFF,#FFFFFF,#DCE9F5,#FFFFFF,#FFFFFF,#FFFFFF,#FFD7A5,#FFD7A5,#FFFFFF,#FFFFFF,#CBDEF0,#FFFFFF,#FCFDFE,#FFF0DE,#F8FBFD,#EEF4FA,#FFFAF5,#E5EFF7,"1917792,,Jordan Crawford","1933809,,Cameron Fens","2119905,,Isaac Bruns","2316654,,Evan Anderson","2550077,,Uzziah Buntyn",2025
K. Garry / J. Jackson / M. Mors / J. Sayler / D. Wilkinson,South Dakota State,117.038300749082,103.640615150242,13.3976855988404,14.4174960733115,546,554,59.0067573822087,0.533836851324134,117.948717948718,107.220216606498,10.7285013422198,#FFEBD2,#FFFFFF,#FFFFFF,#FFFFFF,#FFEBD2,#FFD7A5,#FFFFFF,#FFFFFF,#FFEBD2,#FFFFFF,#FFFFFF,#FFFFFF,#FFFFFF,#DCE9F5,#FFFFFF,#FFFFFF,#FFEBD2,#FFFFFF,#FFFFFF,#CBDEF0,#FFFFFF,#FFF9F3,#FFEDD6,#F7FAFC,#FDFEFE,#FFE6C7,#FFFEFE,"1687619,,Matthew Mors","1897865,,Kalen Garry","2099292,,Joe Sayler","2099294,,Damon Wilkinson","2307448,,Jaden Jackson",2025
K. Garry / J. Jackson / M. Mors / J. Sayler / A. Squires,South Dakota State,100.366976619061,88.5298818267393,11.8370947923221,6.76599490055088,234,225,14.4369230769231,1.10929930034476,98.2905982905983,92,6.29059829059828,#FFFFFF,#FFFFFF,#FFFFFF,#FFFFFF,#FFFFFF,#FFEBD2,#FFFFFF,#FFFFFF,#FFFFFF,#FFFFFF,#FFFFFF,#FFFFFF,#FFEBD2,#DCE9F5,#DCE9F5,#FFFFFF,#FFFFFF,#FFFFFF,#FFFFFF,#CBDEF0,#FFFFFF,#C3DAED,#FFEFDB,#FFE3C0,#D6E5F3,#FFF3E5,#FFF6EC,"1687619,,Matthew Mors","1897865,,Kalen Garry","2099292,,Joe Sayler","2307441,,Alec Squires","2307448,,Jaden Jackson",2025
C. Brown / W. Enis / I. Nelson / J. Omojafo / J. Pinion,South Florida,119.230878613442,96.1395011449816,23.0913774684608,28.8454687235106,501,487,69.6961805342089,1.79656777975658,116.367265469062,102.258726899384,14.1085385696779,#FFD7A5,#FFEBD2,#FFFFFF,#FFEBD2,#FFEBD2,#FFD7A5,#FFFFFF,#FFEBD2,#FFEBD2,#FFEBD2,#FFFFFF,#FFEBD2,#FFEBD2,#FFEBD2,#FFEBD2,#FFFFFF,#FFD7A5,#FFFFFF,#FFFFFF,#FFFFFF,#FFFFFF,#FFF4E7,#FFE0B9,#FFF3E4,#FFF6EB,#FFCE90,#FFEAD1,"1895221,,Joseph Pinion","1910991,,Izaiyah Nelson","1955594,,Josh Omojafo","2199223,,Wes Enis","2281732,,CJ Brown",2025
C. Brown / D. Collins / W. Enis / J. Omojafo / J. Pinion,South Florida,121.153258786711,101.30981205131,19.8434467354005,25.418481689725,131,136,15.6234564436462,1.62809662144022,118.320610687023,106.617647058824,11.7029636281994,#FFEBD2,#FFEBD2,#FFFFFF,#FFD7A5,#FFEBD2,#FFEBD2,#FFFFFF,#FFEBD2,#FFEBD2,#FFFFFF,#DCE9F5,#FFEBD2,#FFEBD2,#FFFFFF,#FFEBD2,#FFFFFF,#FFEBD2,#FFFFFF,#FFFFFF,#CBDEF0,#FFFFFF,#FFF0DD,#FFE4C3,#FFFEFD,#FFF8EF,#FFD39D,#FFEFDD,"1687391,,Daimion Collins","1895221,,Joseph Pinion","1955594,,Josh Omojafo","2199223,,Wes Enis","2281732,,CJ Brown",2025
L. Almodovar / L. Blocker / B. Stacker / B. Terry / B. Ward,Southeast Missouri State,88.2656788691961,98.7722525789578,-10.5065737097617,-0.255279756919902,305,291,-27.1223480367303,-0.281022927406681,89.1803278688525,98.2817869415807,-9.10145907272829,#FFFFFF,#FFFFFF,#DCE9F5,#FFFFFF,#FFFFFF,#FFEBD2,#FFFFFF,#FFFFFF,#FFFFFF,#FFFFFF,#DCE9F5,#DCE9F5,#FFFFFF,#FFFFFF,#FFFFFF,#DCE9F5,#FFEBD2,#FFFFFF,#FFFFFF,#CBDEF0,#FFFFFF,#91BBDF,#D9E7F4,#FFF8F1,#BAD3EB,#FDFEFE,#FFF4E6,"2143406,,BJ Ward","2143409,,Braxton Stacker","2307386,,Landren Blocker","2321231,,Brendan Terry","2569019,,Luke Almodovar",2025
L. Almodovar / M. Bell / B. Stacker / B. Terry / B. Ward,Southeast Missouri State,108.55481928335,108.469466471887,0.0853528114629774,8.43757962868241,133,118,1.7512743723716,-0.262016987089333,109.022556390977,107.627118644068,1.39543774690964,#FFEBD2,#FFFFFF,#DCE9F5,#FFFFFF,#FFFFFF,#FFEBD2,#FFFFFF,#FFFFFF,#FFFFFF,#DCE9F5,#FFFFFF,#FFFFFF,#FFFFFF,#FFFFFF,#FFFFFF,#FFFFFF,#FFEBD2,#FFFFFF,#FFFFFF,#CBDEF0,#FFFFFF,#E5EFF7,#FFFEFE,#E5EFF7,#EBF2F9,#FFF0DE,#FDFEFE,"2143406,,BJ Ward","2143409,,Braxton Stacker","2143410,,Marqueas Bell","2321231,,Brendan Terry","2569019,,Luke Almodovar",2025
L. Almodovar / T. Cole Jr. / B. Stacker / B. Terry / B. Ward,Southeast Missouri State,97.6148039935811,100.373465522047,-2.75866152846615,4.18933679506364,127,125,-10.9927559055118,1.19314958407055,95.2755905511811,104,-8.7244094488189,#FFFFFF,#FFFFFF,#DCE9F5,#FFFFFF,#FFFFFF,#FFEBD2,#FFFFFF,#DCE9F5,#FFFFFF,#DCE9F5,#FFFFFF,#FFFFFF,#FFFFFF,#FFFFFF,#FFFFFF,#DCE9F5,#FFEBD2,#FFFFFF,#FFFFFF,#CBDEF0,#FFFFFF,#B8D3EA,#F5F8FC,#FFFCF9,#D6E5F3,#FFF7EE,#FFFCF8,"2143406,,BJ Ward","2143409,,Braxton Stacker","2321220,,Troy Cole Jr.","2321231,,Brendan Terry","2569019,,Luke Almodovar",2025
C. Booker / J. Elyzee / I. Gaines / J. Lawrence / M. Myles,Southeastern Louisiana,104.139414106464,96.8586361763681,7.28077793009638,6.5152326300188,150,149,8.99006711409396,0.253471022260886,104,97.9865771812081,6.01342281879195,#FFFFFF,#FFFFFF,#DCE9F5,#FFFFFF,#FFFFFF,#FFFFFF,#FFFFFF,#DCE9F5,#FFFFFF,#FFFFFF,#FFFFFF,#FFFFFF,#FFEBD2,#FFEBD2,#FFFFFF,#FFFFFF,#FFFFFF,#FFFFFF,#FFFFFF,#CBDEF0,#FFFFFF,#D3E3F2,#FFF5E9,#FFF4E8,#D3E3F2,#FFF3E5,#FFF5E9,"1895652,,C.J. Booker","1941973,,Isaiah Gaines","2313655,,Jeremy Elyzee","2313664,,Jaiden Lawrence","2321244,,Makhi Myles",2025
A. Barnes / T. Dixon Jr. / M. Jacobs / D. Jones / F. Oshodi,Southern,106.768193120181,104.721647915761,2.04654520441915,3.81533652663673,216,214,20.8934752509519,-1.53427005222797,110.185185185185,100.467289719626,9.71789546555901,#FFFFFF,#FFFFFF,#FFFFFF,#FFFFFF,#FFFFFF,#FFFFFF,#FFFFFF,#FFEBD2,#DCE9F5,#FFEBD2,#FFFFFF,#FFFFFF,#FFEBD2,#FFEBD2,#FFEBD2,#FFFFFF,#FFEBD2,#FFFFFF,#FFFFFF,#CBDEF0,#FFFFFF,#DDEAF5,#FFFCF8,#F3F7FB,#E3EDF7,#FFF8F0,#F5F9FC,"2128708,,Terrance Dixon Jr.","2168928,,DaMariee Jones","2331466,,Michael Jacobs","2331472,,AJ Barnes","2550795,,Fazl Oshodi",2025
D. Binet / D. Brumfield / C. Lewis / I. Taveras / T. Weeks,Southern Mississippi,124.178891254464,89.2054687565749,34.9734224978893,23.8210191566574,281,279,81.8367581219148,1.14920177658394,122.775800711744,93.5483870967742,29.2274136149696,#FFFFFF,#FFEBD2,#FFFFFF,#FFFFFF,#FFFFFF,#FFD7A5,#FFFFFF,#DCE9F5,#FFFFFF,#FFD7A5,#FFD7A5,#FFFFFF,#DCE9F5,#FFEBD2,#FFFFFF,#FFFFFF,#FFD7A5,#FFFFFF,#FFFFFF,#CBDEF0,#FFFFFF,#FFE9CD,#FFD095,#FFE4C3,#FFFEFD,#FFD6A3,#FFEDD6,"1408733,,Curt Lewis","2118863,,Djahi Binet","2160639,,Isaac Taveras","2496768,,Tylik Weeks","2496771,,Dylan Brumfield",2025
D. Binet / D. Brumfield / I. Hart / I. Taveras / T. Weeks,Southern Mississippi,97.7378342995257,106.19147825248,-8.45364395295426,4.64337888320856,248,246,-32.0734002098085,0.906307663644656,97.1774193548387,110.162601626016,-12.9851822711775,#FFFFFF,#FFFFFF,#FFFFFF,#FFFFFF,#DCE9F5,#FFD7A5,#FFFFFF,#DCE9F5,#FFFFFF,#FFEBD2,#FFEBD2,#FFFFFF,#CBDEF0,#FFEBD2,#FFFFFF,#DCE9F5,#FFD7A5,#FFFFFF,#FFFFFF,#CBDEF0,#FFFFFF,#B8D3EA,#E0ECF6,#EEF4FA,#CFE1F1,#FFF7ED,#FFF7ED,"2118863,,Djahi Binet","2160639,,Isaac Taveras","2161162,,Israel Hart","2496768,,Tylik Weeks","2496771,,Dylan Brumfield",2025
D. Binet / D. Brumfield / B. Carruth / C. Lewis / T. Weeks,Southern Mississippi,87.5950066605845,95.3643522535724,-7.76934559298788,-3.2050414324799,185,187,-16.1402514814279,0.181641793383923,88.6486486486487,97.3262032085562,-8.6775545599075,#FFFFFF,#FFFFFF,#FFFFFF,#FFFFFF,#FFFFFF,#FFEBD2,#FFFFFF,#CBDEF0,#FFEBD2,#FFEBD2,#FFFFFF,#DCE9F5,#FFFFFF,#FFFFFF,#FFFFFF,#FFFFFF,#FFFFFF,#FFFFFF,#FFFFFF,#CBDEF0,#FFFFFF,#8FB9DE,#E3EDF6,#FFF1E1,#B9D3EA,#EDF4F9,#FFF9F2,"1408733,,Curt Lewis","2118863,,Djahi Binet","2329174,,Brewer Carruth","2496768,,Tylik Weeks","2496771,,Dylan Brumfield",2025
D. Binet / D. Brumfield / I. Hart / C. Lewis / T. Weeks,Southern Mississippi,104.940189371857,93.7777426890805,11.1624466827761,6.67538479192159,148,139,16.9853441571067,-0.134806016351649,106.081081081081,94.2446043165468,11.8364767645343,#FFFFFF,#FFFFFF,#FFFFFF,#FFFFFF,#FFFFFF,#FFD7A5,#FFFFFF,#FFFFFF,#FFEBD2,#FFFFFF,#FFFFFF,#DCE9F5,#FFFFFF,#FFFFFF,#FFFFFF,#FFFFFF,#FFEBD2,#FFFFFF,#FFFFFF,#CBDEF0,#FFFFFF,#D6E5F3,#FFF0DD,#FFEED9,#DBE8F4,#FFF3E5,#FFF9F3,"1408733,,Curt Lewis","2118863,,Djahi Binet","2161162,,Israel Hart","2496768,,Tylik Weeks","2496771,,Dylan Brumfield",2025
I. Cottrell / E. Duval / J. Feroah / T. Hayhurst / D. Jones,Southern Utah,107.900310220018,103.68819322052,4.21211699949764,2.56233579828216,347,334,11.3550924088422,0.175457619644477,106.628242074928,103.293413173653,3.33482890127526,#FFFFFF,#DCE9F5,#FFEBD2,#FFFFFF,#FFFFFF,#FFEBD2,#FFFFFF,#FFEBD2,#FFFFFF,#FFFFFF,#FFFFFF,#FFFFFF,#FFFFFF,#CBDEF0,#FFFFFF,#FFEBD2,#FFFFFF,#FFFFFF,#FFFFFF,#CBDEF0,#FFFFFF,#E2EDF6,#FFF9F2,#F7FAFC,#E5EFF7,#FFFAF5,#EFF5FA,"1605199,,Isaiah Cottrell","1906895,,Tanner Hayhurst","2299341,,Jaiden Feroah","2339773,,Dylan Jones","2540191,,Elijah Duval",2025
Z. Ejiofor / B. Hopkins / I. Jackson / D. Mitchell / O. Sellers,St. John's,128.844671323665,83.9856628497045,44.8590084739601,44.6874383216209,266,271,72.4345850789335,3.57630187513216,122.18045112782,95.2029520295203,26.9774990982993,#FFD7A5,#FFD7A5,#FFEBD2,#FFD7A5,#FFD7A5,#FFEBD2,#FFD7A5,#FFEBD2,#FFFFFF,#FFD7A5,#FFEBD2,#FFEBD2,#FFEBD2,#FFEBD2,#FFEBD2,#FFD7A5,#FFD7A5,#FFFFFF,#FFFFFF,#CBDEF0,#FFFFFF,#FFDEB4,#FFC378,#FFD9AA,#FFE7CA,#FFB353,#FFDAAC,"1687393,,Bryce Hopkins","1918659,,Dillon Mitchell","1920561,,Oziyah Sellers","1933767,,Zuby Ejiofor","2296143,,Ian Jackson",2025
D. Darling / Z. Ejiofor / B. Hopkins / D. Mitchell / O. Sellers,St. John's,118.238577003458,74.2203291545709,44.0182478488871,43.7326880227792,257,263,67.8705744847687,3.58283614787214,110.894941634241,84.7908745247148,26.1040671095264,#FFD7A5,#FFD7A5,#FFEBD2,#FFD7A5,#FFD7A5,#FFD7A5,#FFD7A5,#FFFFFF,#FFFFFF,#FFD7A5,#FFEBD2,#FFD7A5,#FFD7A5,#FFEBD2,#FFEBD2,#FFD7A5,#FFD7A5,#FFFFFF,#FFFFFF,#CBDEF0,#FFFFFF,#FFF7EC,#FFC47A,#FFC57C,#FFF2E3,#FFB456,#FFD096,"1687393,,Bryce Hopkins","1907394,,Dylan Darling","1918659,,Dillon Mitchell","1920561,,Oziyah Sellers","1933767,,Zuby Ejiofor",2025
D. Darling / Z. Ejiofor / B. Hopkins / J. Sanon / O. Sellers,St. John's,111.727305719274,82.6583811848606,29.0689245344134,33.5063374478725,208,192,28.125,3.00128490688268,106.25,92.1875,14.0625,#FFD7A5,#FFD7A5,#FFFFFF,#FFD7A5,#FFD7A5,#FFD7A5,#FFEBD2,#FFEBD2,#FFEBD2,#FFEBD2,#FFFFFF,#FFEBD2,#FFEBD2,#FFEBD2,#FFEBD2,#FFD7A5,#FFD7A5,#FFFFFF,#FFFFFF,#CBDEF0,#FFFFFF,#F2F7FB,#FFD8A7,#FFD7A4,#FFFBF7,#FFC67E,#FFDCB0,"1687393,,Bryce Hopkins","1907394,,Dylan Darling","1920561,,Oziyah Sellers","1933767,,Zuby Ejiofor","2322695,,Joson Sanon",2025
Z. Ejiofor / B. Hopkins / I. Jackson / J. Sanon / O. Sellers,St. John's,128.431600697465,106.483132617046,21.9484680804192,35.4945267084275,130,130,11,2.69738592377615,123.846153846154,115.384615384615,8.46153846153848,#FFD7A5,#FFD7A5,#FFEBD2,#FFD7A5,#FFD7A5,#FFEBD2,#FFEBD2,#FFD7A5,#FFEBD2,#FFEBD2,#FFFFFF,#FFFFFF,#FFEBD2,#FFFFFF,#FFEBD2,#FFD7A5,#FFD7A5,#FFFFFF,#FFFFFF,#CBDEF0,#FFFFFF,#FFDFB6,#FFE1BC,#EDF3F9,#FFEBD4,#FFC276,#FFE8CB,"1687393,,Bryce Hopkins","1920561,,Oziyah Sellers","1933767,,Zuby Ejiofor","2296143,,Ian Jackson","2322695,,Joson Sanon",2025
C. Bjerke / A. Herro / N. Janowski / N. Minessale / B. Oosterbaan,St. Thomas (MN),113.984168865435,96.1538461538462,17.8303227115892,23.154600960242,379,364,66.2396488735539,0,113.984168865435,96.1538461538462,17.8303227115892,#FFEBD2,#FFEBD2,#FFFFFF,#FFFFFF,#FFFFFF,#FFEBD2,#FFD7A5,#FFEBD2,#FFFFFF,#DCE9F5,#FFEBD2,#FFEBD2,#FFEBD2,#FFEBD2,#FFFFFF,#FFEBD2,#FFFFFF,#CBDEF0,#FFFFFF,#CBDEF0,#FFFFFF,#FBFCFD,#FFE7C9,#FFF3E4,#FCFDFE,#FFD7A6,#FFECD4,"1950221,,Carter Bjerke","2092473,,Austin Herro","2106781,,Ben Oosterbaan","2283310,,Nolan Minessale","2291439,,Nick Janowski",2025
C. Bjerke / R. Dufault / N. Janowski / N. Minessale / B. Oosterbaan,St. Thomas (MN),111.650485436893,102.61780104712,9.03268438977278,17.5231138525941,206,191,17.929878513699,0,111.650485436893,102.61780104712,9.03268438977278,#FFEBD2,#FFFFFF,#FFFFFF,#FFFFFF,#FFEBD2,#FFEBD2,#FFD7A5,#FFEBD2,#FFFFFF,#DCE9F5,#FFFFFF,#FFFFFF,#FFD7A5,#FFEBD2,#FFFFFF,#FFFFFF,#FFFFFF,#FFFFFF,#FFFFFF,#CBDEF0,#FFFFFF,#F1F6FB,#FFF2E3,#FBFCFD,#FAFCFD,#FFE1BB,#FFF6EB,"1726448,,Ryan Dufault","1950221,,Carter Bjerke","2106781,,Ben Oosterbaan","2283310,,Nolan Minessale","2291439,,Nick Janowski",2025
C. Bjerke / A. Herro / N. Janowski / I. Johnson-Arigu / N. Minessale,St. Thomas (MN),109.027353691226,90.5313434792723,18.4960102119535,23.1788119436136,143,137,24.9042927875045,0.141445929890059,110.48951048951,92.7007299270073,17.7887805625032,#FFEBD2,#FFEBD2,#FFFFFF,#FFFFFF,#FFFFFF,#FFEBD2,#FFD7A5,#FFEBD2,#FFFFFF,#DCE9F5,#FFEBD2,#FFEBD2,#FFFFFF,#FFEBD2,#FFFFFF,#FFFFFF,#FFEBD2,#FFFFFF,#FFFFFF,#CBDEF0,#FFFFFF,#E7F0F8,#FFE6C7,#FFE7CA,#FAFCFD,#FFD7A5,#FFEAD1,"1950221,,Carter Bjerke","2092473,,Austin Herro","2283310,,Nolan Minessale","2291439,,Nick Janowski","2319566,,Isaiah Johnson-Arigu",2025
A. Cammann / B. Gealer / E. Okorie / C. Okpara / A. Rohosy,Stanford,119.700293003293,88.8560811786776,30.844211824615,28.4838269642283,132,135,33.1277777777778,1.20587940196003,116.666666666667,91.8518518518518,24.8148148148148,#FFEBD2,#FFEBD2,#FFEBD2,#FFEBD2,#FFFFFF,#FFD7A5,#FFEBD2,#FFD7A5,#FFFFFF,#FFEBD2,#FFFFFF,#FFEBD2,#FFFFFF,#FFEBD2,#FFFFFF,#FFFFFF,#FFD7A5,#FFFFFF,#FFFFFF,#CBDEF0,#FFFFFF,#FFF3E5,#FFD6A2,#FFE4C2,#FFF7EE,#FFCE91,#FFEAD1,"1897499,,Chisom Okpara","1903957,,Benny Gealer","1907393,,AJ Rohosy","2092659,,Aidan Cammann","2484120,,Ebuka Okorie",2025
E. Copeland / J. Johnson / C. Kuhl / F. Sheridan / C. Sirmans III,Stetson,125.076876419557,110.676695994286,14.4001804252709,11.060900340789,239,236,29.3569604992554,0.407870990380044,127.615062761506,115.254237288136,12.3608254733707,#FFFFFF,#FFFFFF,#DCE9F5,#FFFFFF,#FFFFFF,#FFEBD2,#FFFFFF,#FFEBD2,#FFFFFF,#FFFFFF,#FFFFFF,#FFEBD2,#FFFFFF,#FFFFFF,#DCE9F5,#FFFFFF,#FFFFFF,#FFFFFF,#FFFFFF,#CBDEF0,#FFFFFF,#FFE6C8,#FFEBD3,#DDEAF5,#FFFBF7,#FFECD4,#EDF3F9,"2106232,,Collin Kuhl","2116963,,Finley Sheridan","2536198,,Ethan Copeland","2536199,,Jake Johnson","2536210,,Calvin Sirmans III",2025
D. Freeman / N. George / N. Kingz / W. Kyle III / J. Starling,Syracuse,111.053891013582,98.735463702828,12.3184273107536,19.5813211779152,524,513,-28.7457609779325,3.57249012860906,104.007633587786,109.551656920078,-5.54402333229171,#FFEBD2,#FFEBD2,#FFEBD2,#FFEBD2,#FFEBD2,#FFD7A5,#FFD7A5,#FFFFFF,#DCE9F5,#FFFFFF,#FFEBD2,#FFEBD2,#FFFFFF,#FFFFFF,#FFEBD2,#FFD7A5,#FFEBD2,#FFFFFF,#FFFFFF,#CBDEF0,#FFFFFF,#EFF5FA,#FFEED9,#FFF8F1,#F2F7FB,#FFDDB3,#FFEDD7,"1890469,,JJ Starling","1897861,,William Kyle III","2099451,,Naithan George","2126490,,Nate Kingz","2324480,,Donnie Freeman",2025
N. George / N. Kingz / W. Kyle III / J. Starling / S. White Jr.,Syracuse,110.175317607068,85.1496552103502,25.0256623967177,22.6879928319355,237,240,24.9569620253164,2.91230547512412,103.79746835443,93.3333333333333,10.464135021097,#FFEBD2,#FFEBD2,#FFEBD2,#FFEBD2,#FFEBD2,#FFD7A5,#FFEBD2,#FFFFFF,#CBDEF0,#FFFFFF,#FFFFFF,#FFFFFF,#FFFFFF,#FFFFFF,#FFD7A5,#FFEBD2,#FFFFFF,#FFFFFF,#FFFFFF,#CBDEF0,#FFFFFF,#EBF3F9,#FFDDB3,#FFDCB0,#EEF4FA,#FFD8A7,#FFE4C3,"1890469,,JJ Starling","1897861,,William Kyle III","2099451,,Naithan George","2126490,,Nate Kingz","2531808,,Sadiq White Jr.",2025
X. Edmonds / B. Harding / L. Lelevicius / J. Pierre / D. Punch,TCU,123.719267911269,78.9421522751707,44.777115636098,40.8627360923185,331,311,91.3409817273973,3.26439622831634,117.522658610272,89.0675241157556,28.4551344945163,#FFD7A5,#FFD7A5,#DCE9F5,#FFEBD2,#FFEBD2,#FFD7A5,#FFEBD2,#FFEBD2,#FFFFFF,#FFEBD2,#FFEBD2,#FFD7A5,#FFFFFF,#FFEBD2,#FFEBD2,#FFEBD2,#FFEBD2,#FFFFFF,#FFFFFF,#CBDEF0,#FFFFFF,#FFEACF,#FFC378,#FFCF92,#FFF2E2,#FFB961,#FFD6A4,"1890529,,Jayden Pierre","2113314,,Brock Harding","2305305,,David Punch","2349342,,Liutauras Lelevicius","2490633,,Xavier Edmonds",2025
B. Harding / L. Lelevicius / J. Pierre / D. Punch / M. Robinson,TCU,110.473720157947,80.7581066393645,29.7156135185823,29.3290754266173,192,188,21.0970744680851,3.7223780228654,103.125,92.0212765957447,11.1037234042553,#FFEBD2,#FFD7A5,#DCE9F5,#FFEBD2,#FFEBD2,#FFEBD2,#FFFFFF,#FFEBD2,#FFFFFF,#FFFFFF,#FFFFFF,#FFD7A5,#FFEBD2,#FFEBD2,#FFFFFF,#FFD7A5,#FFEBD2,#FFFFFF,#FFFFFF,#CBDEF0,#FFFFFF,#EDF3F9,#FFD7A5,#FFD39B,#FAFCFD,#FFCD8E,#FFDEB6,"1890529,,Jayden Pierre","2113314,,Brock Harding","2305301,,Micah Robinson","2305305,,David Punch","2349342,,Liutauras Lelevicius",2025
X. Edmonds / B. Harding / J. Pierre / D. Punch / M. Robinson,TCU,112.902884250115,93.6655908284094,19.2372934217051,33.7055847893846,149,150,-1.9465100671141,4.10786136890479,104.697986577181,106,-1.30201342281879,#FFEBD2,#FFD7A5,#DCE9F5,#FFD7A5,#FFEBD2,#FFD7A5,#FFEBD2,#FFFFFF,#FFFFFF,#FFEBD2,#FFEBD2,#FFD7A5,#FFFFFF,#FFD7A5,#FFEBD2,#FFFFFF,#FFD7A5,#FFFFFF,#FFFFFF,#CBDEF0,#FFFFFF,#F7FAFC,#FFE5C5,#FFEED9,#FFFDFB,#FFC57D,#FFD9AB,"1890529,,Jayden Pierre","2113314,,Brock Harding","2305301,,Micah Robinson","2305305,,David Punch","2490633,,Xavier Edmonds",2025
B. Harding / L. Lelevicius / D. Punch / M. Robinson / T. Toolson,TCU,107.529145538867,84.6797051431807,22.8494403956859,26.8397788666179,128,120,3.16458333333333,4.05947141247052,99.21875,96.6666666666667,2.55208333333333,#FFEBD2,#FFD7A5,#FFFFFF,#FFEBD2,#FFEBD2,#FFEBD2,#FFFFFF,#FFFFFF,#FFFFFF,#FFEBD2,#FFFFFF,#FFEBD2,#FFD7A5,#FFEBD2,#FFFFFF,#FFD7A5,#FFEBD2,#FFFFFF,#FFFFFF,#CBDEF0,#FFFFFF,#E0ECF6,#FFE0BA,#FFDBAE,#F8FAFC,#FFD197,#FFE2BD,"1906893,,Tanner Toolson","2113314,,Brock Harding","2305301,,Micah Robinson","2305305,,David Punch","2349342,,Liutauras Lelevicius",2025
N. Ament / B. Boswell / J. Carey / J. Gillespie / F. Okpara,Tennessee,135.338783264364,94.6472180479576,40.6915652164067,45.0904272446641,217,215,40.6258707534026,4.37665834389221,128.110599078341,109.302325581395,18.8082734969457,#FFD7A5,#FFD7A5,#FFEBD2,#FFEBD2,#FFD7A5,#FFD7A5,#FFEBD2,#FFEBD2,#FFFFFF,#FFD7A5,#FFD7A5,#FFD7A5,#FFFFFF,#FFEBD2,#FFD7A5,#FFEBD2,#FFD7A5,#FFFFFF,#FFFFFF,#CBDEF0,#FFFFFF,#FFCE92,#FFC884,#FFF0DD,#FFE5C6,#FFB251,#FFDBAE,"1917663,,Ja'Kobi Gillespie","1917734,,Felix Okpara","2119886,,Jaylen Carey","2302225,,Bishop Boswell","2505205,,Nate Ament",2025
N. Ament / B. Boswell / J. Estrella / J. Gillespie / F. Okpara,Tennessee,130.609809794077,88.2253479816491,42.3844618124277,41.9990542439424,167,159,32.940082099951,4.43516449746087,123.353293413174,103.14465408805,20.2086393251233,#FFD7A5,#FFD7A5,#FFD7A5,#FFD7A5,#FFEBD2,#FFD7A5,#FFD7A5,#FFEBD2,#FFFFFF,#FFD7A5,#FFEBD2,#FFEBD2,#FFFFFF,#FFEBD2,#FFD7A5,#FFFFFF,#FFD7A5,#FFFFFF,#FFFFFF,#CBDEF0,#FFFFFF,#FFD9AB,#FFC67F,#FFE2BF,#FFE8CD,#FFB75D,#FFDEB4,"1917663,,Ja'Kobi Gillespie","1917734,,Felix Okpara","2092650,,J.P. Estrella","2302225,,Bishop Boswell","2505205,,Nate Ament",2025
N. Ament / B. Boswell / D. Brown II / J. Gillespie / F. Okpara,Tennessee,120.565706360315,89.6104533073231,30.9552530529923,37.6027673524602,130,130,21,2.96028137982923,116.153846153846,100,16.1538461538462,#FFD7A5,#FFD7A5,#FFEBD2,#FFD7A5,#FFEBD2,#FFD7A5,#FFEBD2,#FFEBD2,#FFEBD2,#FFD7A5,#FFEBD2,#FFD7A5,#FFFFFF,#FFEBD2,#FFD7A5,#FFFFFF,#FFD7A5,#FFFFFF,#FFFFFF,#CBDEF0,#FFFFFF,#FFF1E0,#FFD5A1,#FFE5C5,#FFF4E7,#FFBF6E,#FFDBAE,"1917663,,Ja'Kobi Gillespie","1917734,,Felix Okpara","2302225,,Bishop Boswell","2505204,,DeWayne Brown II","2505205,,Nate Ament",2025
M. Cameron / B. Muntu / J. Nicholls / T. Owens / G. Slatten,Tennessee Tech,111.860266750098,107.708292939434,4.15197381066429,-0.766825744741739,202,190,6.90442939030747,0.125861150876993,110.891089108911,107.368421052632,3.52266805627932,#FFFFFF,#DCE9F5,#DCE9F5,#FFFFFF,#FFFFFF,#FFFFFF,#FFFFFF,#FFFFFF,#FFEBD2,#FFFFFF,#DCE9F5,#DCE9F5,#FFEBD2,#DCE9F5,#DCE9F5,#FFD7A5,#FFFFFF,#FFFFFF,#FFFFFF,#CBDEF0,#FFFFFF,#F2F7FB,#FFF9F2,#E8F1F8,#E9F1F8,#FAFCFD,#DFEBF5,"1687088,,Grant Slatten","2095954,,Brandon Muntu","2118989,,Mekhi Cameron","2292735,,JaJuan Nicholls","2550001,,Ty Owens",2025
A. Bukumirović / M. Deniusas / D. King / F. Petkovski / F. Radaković,Tennessee-Martin,96.124079653125,84.53575275,11.588326903125,8.92508383926741,160,160,28,-1.182334619375,99.375,81.875,17.5,#FFFFFF,#FFFFFF,#FFEBD2,#FFFFFF,#DCE9F5,#FFEBD2,#FFFFFF,#CBDEF0,#FFFFFF,#FFEBD2,#FFFFFF,#FFEBD2,#DCE9F5,#FFFFFF,#FFFFFF,#FFFFFF,#FFFFFF,#FFFFFF,#FFFFFF,#CBDEF0,#FFFFFF,#B2CFE8,#FFEFDC,#FFDBAD,#D4E4F2,#FFEFDC,#FFF1E0,"2311785,,Andrija Bukumirović","2311798,,Filip Radaković","2505178,,Matas Deniusas","2505182,,Damien King","2505185,,Filip Petkovski",2025
A. Bukumirović / M. Deniusas / F. Petkovski / F. Radaković / P. Santos,Tennessee-Martin,104.731995714649,99.8604497858514,4.87154592879712,8.8703321232684,146,137,8.78627137286271,-0.267566626659334,105.479452054795,99.2700729927007,6.20937906209379,#FFFFFF,#FFFFFF,#FFD7A5,#FFFFFF,#DCE9F5,#FFEBD2,#FFFFFF,#CBDEF0,#FFFFFF,#FFD7A5,#FFFFFF,#FFFFFF,#DCE9F5,#FFFFFF,#FFFFFF,#FFFFFF,#FFFFFF,#FFFFFF,#FFFFFF,#CBDEF0,#FFFFFF,#D5E5F2,#FFF8F0,#FFFBF6,#DCE9F4,#FFEFDC,#FFF5EA,"2311785,,Andrija Bukumirović","2311790,,Pedro Santos","2311798,,Filip Radaković","2505178,,Matas Deniusas","2505185,,Filip Petkovski",2025
C. Heide / T. Mark / J. Pope / D. Swain / M. Vokietaitis,Texas,114.798074600908,96.2961338483615,18.5019407525464,26.5378659994691,362,358,2.66119324670512,3.55254408124788,108.839779005525,108.100558659218,0.739220346306979,#FFD7A5,#FFEBD2,#FFEBD2,#FFEBD2,#FFD7A5,#FFD7A5,#FFD7A5,#FFD7A5,#FFEBD2,#FFEBD2,#FFEBD2,#FFFFFF,#FFEBD2,#FFFFFF,#FFFFFF,#FFFFFF,#FFD7A5,#FFFFFF,#FFFFFF,#CBDEF0,#FFFFFF,#FEFEFE,#FFE6C7,#FFF3E5,#FFF7ED,#FFD199,#FFEEDA,"1587080,,Tramon Mark","1911497,,Camden Heide","1912255,,Jordan Pope","2149051,,Dailyn Swain","2313721,,Matas Vokietaitis",2025
T. Mark / J. Pope / D. Swain / M. Vokietaitis / C. Weaver,Texas,127.701298105182,102.804821046481,24.8964770587005,35.0178587140905,144,134,11.1078980099503,3.38103670527243,122.916666666667,114.925373134328,7.99129353233832,#FFD7A5,#FFEBD2,#FFFFFF,#FFEBD2,#FFD7A5,#FFD7A5,#FFD7A5,#FFEBD2,#FFEBD2,#FFEBD2,#FFD7A5,#FFFFFF,#FFFFFF,#FFFFFF,#FFFFFF,#FFFFFF,#FFD7A5,#FFFFFF,#FFFFFF,#CBDEF0,#FFFFFF,#FFE0BA,#FFDDB4,#FAFCFD,#FFE7CA,#FFC378,#FFEDD8,"1587080,,Tramon Mark","1908684,,Chendall Weaver","1912255,,Jordan Pope","2149051,,Dailyn Swain","2313721,,Matas Vokietaitis",2025
R. Agee / R. Dominguez / R. Griffen / M. Hill / J. Lane,Texas A&M,114.367612748772,73.0304731153792,41.3371396333931,33.1161486533904,255,247,47.1554020798603,4.51002537051445,107.450980392157,88.663967611336,18.7870127808208,#FFD7A5,#FFEBD2,#DCE9F5,#FFEBD2,#FFD7A5,#FFD7A5,#FFEBD2,#FFEBD2,#FFEBD2,#FFFFFF,#DCE9F5,#FFEBD2,#FFD7A5,#FFFFFF,#FFFFFF,#FFD7A5,#FFD7A5,#FFFFFF,#FFFFFF,#CBDEF0,#FFFFFF,#FDFDFE,#FFC882,#FFC276,#FFF6EC,#FFC67F,#FFE1BD,"1587000,,Rashaun Agee","1916167,,Jacari Lane","1920160,,Rylan Griffen","2092562,,Marcus Hill","2550592,,Ruben Dominguez",2025
J. Gorecki / Z. Hayes / T. Hupstead / B. Roberts / J. Wysinger,Texas Southern,103.913257836088,94.768800719207,9.14445711688128,-2.47069449988648,146,144,20.0147450532724,-0.931763066730289,106.164383561644,92.3611111111111,13.8032724505327,#FFFFFF,#FFFFFF,#DCE9F5,#FFFFFF,#FFFFFF,#FFFFFF,#FFFFFF,#FFFFFF,#FFFFFF,#FFFFFF,#DCE9F5,#DCE9F5,#FFFFFF,#FFFFFF,#FFEBD2,#FFFFFF,#FFFFFF,#FFFFFF,#FFFFFF,#CBDEF0,#FFFFFF,#D2E3F2,#FFF2E3,#FFF0DE,#D1E2F1,#F1F6FB,#F2F7FB,"1896315,,Troy Hupstead","2138781,,Bryce Roberts","2152690,,Jaylen Wysinger","2177099,,Zaire Hayes","2567160,,Jordan Gorecki",2025
K. Davis / M. Drone / K. Gumbs / D. Hall / T. Knox,Texas State,92.2612260720598,95.9037964058292,-3.64257033376941,0.642480345055629,221,217,-9.8181704443564,0.168122503506975,93.2126696832579,97.6958525345622,-4.48318285130429,#FFFFFF,#FFEBD2,#FFFFFF,#FFFFFF,#FFFFFF,#FFD7A5,#FFFFFF,#CBDEF0,#FFFFFF,#FFFFFF,#FFEBD2,#FFFFFF,#DCE9F5,#FFD7A5,#FFEBD2,#FFFFFF,#FFFFFF,#FFFFFF,#FFFFFF,#CBDEF0,#FFFFFF,#A2C5E4,#F2F6FB,#FFF2E3,#B9D3EA,#FFFDFC,#FFF2E1,"1620808,,Kyndall Davis","2098961,,Kaden Gumbs","2106684,,Tay Knox","2286447,,Mark Drone","2505169,,DJ Hall",2025
M. Drone / F. Emmou / K. Gumbs / D. Hall / M. Willis,Texas State,110.932155730328,98.2081261833574,12.7240295469705,4.93774255691379,125,122,16.8688852459017,-0.186997369294426,111.2,97.5409836065574,13.6590163934426,#FFFFFF,#FFFFFF,#DCE9F5,#FFFFFF,#FFFFFF,#FFD7A5,#FFFFFF,#FFEBD2,#FFD7A5,#FFFFFF,#FFFFFF,#FFEBD2,#DCE9F5,#FFFFFF,#FFFFFF,#FFFFFF,#FFEBD2,#FFFFFF,#FFFFFF,#CBDEF0,#FFFFFF,#EEF5FA,#FFEED8,#FFF7EE,#E5EEF7,#FFF6EC,#F7FAFC,"2098961,,Kaden Gumbs","2126105,,Franck Emmou","2140119,,Makai Willis","2286447,,Mark Drone","2505169,,DJ Hall",2025
C. Anderson / D. Atwell / J. Petty / J. Toppin / L. Watts,Texas Tech,128.778293144583,92.1362566427308,36.6420365018525,40.5456640567719,517,510,83.0632552053704,4.09322696131031,121.47001934236,105.294117647059,16.1759016953009,#FFD7A5,#FFD7A5,#FFFFFF,#FFEBD2,#FFEBD2,#FFD7A5,#FFD7A5,#FFD7A5,#FFFFFF,#FFEBD2,#FFEBD2,#FFD7A5,#FFFFFF,#FFFFFF,#FFFFFF,#FFD7A5,#FFD7A5,#FFFFFF,#FFFFFF,#CBDEF0,#FFFFFF,#FFDEB4,#FFCE90,#FFEBD1,#FFE4C3,#FFBA63,#FFE5C5,"1896710,,Donovan Atwell","1918024,,LeJuan Watts","2126448,,JT Toppin","2305704,,Christian Anderson","2505051,,Jaylen Petty",2025
C. Anderson / D. Atwell / T. Bryan / J. Toppin / L. Watts,Texas Tech,139.463767989681,93.1372587637031,46.3265092259781,46.1854010328283,243,247,72.804851635261,3.32204865048043,134.979423868313,105.263157894737,29.7162659735759,#FFD7A5,#FFD7A5,#FFFFFF,#FFEBD2,#FFD7A5,#FFD7A5,#FFD7A5,#FFD7A5,#FFFFFF,#FFD7A5,#FFEBD2,#FFEBD2,#FFFFFF,#FFFFFF,#FFFFFF,#FFD7A5,#FFEBD2,#FFFFFF,#FFFFFF,#CBDEF0,#FFFFFF,#FFC57C,#FFC173,#FFEDD6,#FFD9AB,#FFB04D,#FFE5C4,"1892535,,Tyeree Bryan","1896710,,Donovan Atwell","1918024,,LeJuan Watts","2126448,,JT Toppin","2305704,,Christian Anderson",2025
C. Anderson / D. Atwell / L. Bamgboye / J. Petty / L. Watts,Texas Tech,123.671637594643,97.7232517270788,25.9483858675637,35.565421712305,148,150,5.24855855855855,4.48517266900823,114.189189189189,110.666666666667,3.52252252252252,#FFD7A5,#FFD7A5,#FFFFFF,#FFEBD2,#FFEBD2,#FFD7A5,#FFEBD2,#FFD7A5,#FFEBD2,#FFFFFF,#FFFFFF,#FFEBD2,#FFFFFF,#FFFFFF,#FFD7A5,#FFFFFF,#FFFFFF,#FFFFFF,#FFFFFF,#CBDEF0,#FFFFFF,#FFEAD0,#FFDCB0,#FFF6EC,#FFEFDC,#FFC276,#FFE4C3,"1896710,,Donovan Atwell","1918024,,LeJuan Watts","2296822,,Luke Bamgboye","2305704,,Christian Anderson","2505051,,Jaylen Petty",2025
F. Brankovic / K. Cotton / J. Gomez / M. McGhee III / J. Washington,Texas-Rio Grande Valley,115.887128849162,94.7333691725706,21.153759676591,21.0896843822512,432,401,75.1316644730766,0.622988935410568,115.046296296296,97.0074812967581,18.0388149995382,#FFEBD2,#FFFFFF,#CBDEF0,#FFFFFF,#FFFFFF,#FFEBD2,#FFFFFF,#FFEBD2,#FFD7A5,#FFFFFF,#FFFFFF,#FFEBD2,#FFFFFF,#FFFFFF,#DCE9F5,#FFFFFF,#FFEBD2,#FFFFFF,#FFFFFF,#CBDEF0,#FFFFFF,#FFFCF9,#FFE2BF,#FFF0DE,#FFFEFD,#FFDBAD,#FFF2E2,"1890675,,Marvin McGhee III","2112507,,Koree Cotton","2314365,,Jaylen Washington","2534672,,Filip Brankovic","2534677,,Julien Gomez",2025
L. Blyden Jr. / S. Craig / A. Parks / K. VanderJagt / S. Wilson,Toledo,113.835294377291,109.278651710431,4.55664266685958,10.7980336089088,470,456,-11.9681784247853,1.4283124826067,112.765957446808,115.350877192982,-2.58491974617394,#FFEBD2,#FFFFFF,#FFFFFF,#FFFFFF,#FFFFFF,#FFD7A5,#FFEBD2,#FFEBD2,#FFFFFF,#FFFFFF,#FFFFFF,#FFEBD2,#FFEBD2,#FFFFFF,#FFFFFF,#FFD7A5,#FFEBD2,#FFFFFF,#FFFFFF,#CBDEF0,#FFFFFF,#FAFCFD,#FFF8F1,#E2EDF6,#F9FBFD,#FFECD5,#F7FAFC,"1904809,,Sean Craig","1917664,,Kyler VanderJagt","2113938,,Austin Parks","2121782,,Sonny Wilson","2488772,,Leroy Blyden Jr.",2025
L. Blyden Jr. / S. Craig / A. Parks / M. Strong / S. Wilson,Toledo,121.861263505289,95.8982091742445,25.963054331044,23.1907964910457,362,361,78.8964164919423,0.827663895700246,121.270718232044,99.4459833795014,21.8247348525428,#FFEBD2,#FFFFFF,#DCE9F5,#FFFFFF,#FFFFFF,#FFD7A5,#FFFFFF,#FFEBD2,#FFFFFF,#FFFFFF,#FFFFFF,#FFEBD2,#FFEBD2,#FFEBD2,#FFFFFF,#FFEBD2,#FFFFFF,#FFFFFF,#FFFFFF,#CBDEF0,#FFFFFF,#FFEED9,#FFDCB0,#FFF2E3,#FFF8F0,#FFD7A5,#FFF4E6,"1904809,,Sean Craig","2113938,,Austin Parks","2121782,,Sonny Wilson","2488772,,Leroy Blyden Jr.","2488777,,Mynor Strong",2025
L. Blyden Jr. / S. Craig / J. Ouwinga / K. VanderJagt / S. Wilson,Toledo,99.4000735753754,110.136890858678,-10.7368172833022,0.385088622532104,255,263,-41.4539029299933,1.05371012866723,98.8235294117647,114.828897338403,-16.0053679266383,#FFEBD2,#FFFFFF,#DCE9F5,#FFFFFF,#FFFFFF,#FFD7A5,#FFFFFF,#FFEBD2,#FFEBD2,#FFFFFF,#DCE9F5,#FFFFFF,#FFEBD2,#FFFFFF,#FFFFFF,#FFD7A5,#FFFFFF,#FFFFFF,#FFFFFF,#CBDEF0,#FFFFFF,#BFD7EC,#D8E7F3,#DFEBF5,#D9E7F4,#FFFEFD,#F4F8FB,"1904809,,Sean Craig","1917664,,Kyler VanderJagt","2121782,,Sonny Wilson","2294981,,Jaylan Ouwinga","2488772,,Leroy Blyden Jr.",2025
L. Blyden Jr. / S. Craig / J. Ouwinga / M. Strong / S. Wilson,Toledo,130.724532119996,110.659183295013,20.0653488249835,19.4213188682322,163,167,26.9251680687704,0.749413029388153,131.288343558282,114.97005988024,16.3182836780427,#FFEBD2,#FFFFFF,#DCE9F5,#FFFFFF,#FFFFFF,#FFD7A5,#FFFFFF,#FFEBD2,#FFEBD2,#FFFFFF,#FFFFFF,#FFFFFF,#FFD7A5,#FFEBD2,#FFFFFF,#FFD7A5,#FFFFFF,#FFFFFF,#FFFFFF,#CBDEF0,#FFFFFF,#FFD9AA,#FFE4C2,#DDEAF5,#FFF7EE,#FFDEB4,#FFFCF9,"1904809,,Sean Craig","2121782,,Sonny Wilson","2294981,,Jaylan Ouwinga","2488772,,Leroy Blyden Jr.","2488777,,Mynor Strong",2025
J. Doumbia Jr. / C. Embeya / T. Tejada / D. Williamson / J. Womack,Towson,106.0311126515,91.398826543199,14.6322861083011,16.0161948494358,200,198,21.9905050505051,0.7163562115592,106,94.9494949494949,11.0505050505051,#FFFFFF,#FFEBD2,#FFEBD2,#FFFFFF,#FFEBD2,#FFD7A5,#FFFFFF,#FFFFFF,#FFFFFF,#FFEBD2,#FFEBD2,#FFFFFF,#FFFFFF,#FFFFFF,#FFFFFF,#FFFFFF,#FFEBD2,#FFFFFF,#FFFFFF,#CBDEF0,#FFFFFF,#DAE8F4,#FFEBD2,#FFE9CE,#E1ECF6,#FFE3C1,#FFEAD1,"1909402,,Dylan Williamson","1917706,,Jack Doumbia Jr.","2118559,,Tyler Tejada","2311316,,Caleb Embeya","2550059,,Jaquan Womack",2025
Coo. Campbell / Cob. Campbell / Tho. Dowd / The. Seng / Vic. Valdes,Troy,116.106448591587,105.087621573958,11.0188270176295,14.296054429803,551,536,37.2545642928733,0.832852274073343,115.063520871143,108.208955223881,6.85456564726279,#FFEBD2,#FFFFFF,#FFFFFF,#FFFFFF,#FFEBD2,#FFEBD2,#FFFFFF,#FFFFFF,#FFEBD2,#FFFFFF,#FFFFFF,#FFEBD2,#FFFFFF,#FFEBD2,#FFFFFF,#FFD7A5,#FFEBD2,#FFFFFF,#FFFFFF,#CBDEF0,#FFFFFF,#FFFCF8,#FFF0DD,#F2F7FB,#FFFEFD,#FFE6C8,#FDFDFE,"1682539,,Theo Seng","2114139,,Thomas Dowd","2114182,,Victor Valdes","2318962,,Cooper Campbell","2318978,,Cobi Campbell",2025
Jer. Bellamy / Coo. Campbell / Cob. Campbell / Tho. Dowd / Vic. Valdes,Troy,119.22416524582,99.5301046822865,19.6940605635336,20.979075777479,315,309,59.3708737864078,0.132986869988267,120,100.970873786408,19.0291262135922,#FFEBD2,#FFFFFF,#FFFFFF,#FFFFFF,#FFFFFF,#FFEBD2,#FFEBD2,#FFFFFF,#FFFFFF,#FFEBD2,#FFFFFF,#FFEBD2,#FFFFFF,#FFEBD2,#FFEBD2,#FFFFFF,#FFEBD2,#FFFFFF,#FFFFFF,#CBDEF0,#FFFFFF,#FFF4E7,#FFE4C3,#FFFAF5,#FFFBF6,#FFDBAE,#FFF5EA,"2114139,,Thomas Dowd","2114182,,Victor Valdes","2114199,,Jerrell Bellamy","2318962,,Cooper Campbell","2318978,,Cobi Campbell",2025
R. Brumbaugh / S. Middleton / T. Ringgold / C. Williams Jr. / A. Woods,Tulane,103.626788724806,95.4878375944193,8.13895113038621,7.84907297945595,462,447,14.0368255905168,1.01010813188508,101.298701298701,98.2102908277405,3.0884104709608,#FFEBD2,#FFFFFF,#FFFFFF,#FFEBD2,#FFEBD2,#FFEBD2,#FFFFFF,#FFFFFF,#FFEBD2,#DCE9F5,#FFFFFF,#FFFFFF,#FFFFFF,#FFEBD2,#FFFFFF,#FFEBD2,#FFEBD2,#FFFFFF,#FFFFFF,#CBDEF0,#FFFFFF,#D0E2F1,#FFF4E6,#FFF2E1,#DDEAF5,#FFF1E0,#FFF8F0,"1909432,,Asher Woods","1918656,,Rowan Brumbaugh","2113933,,Scotty Middleton","2115895,,Curtis Williams Jr.","2122482,,Tyler Ringgold",2025
R. Brumbaugh / P. Daniels / S. Middleton / C. Williams Jr. / A. Woods,Tulane,117.49754532999,110.294300207046,7.20324512294331,12.7499808952347,210,223,0.952359598547922,1.352671232575,115.238095238095,114.798206278027,0.439888960068324,#FFEBD2,#FFFFFF,#FFFFFF,#FFEBD2,#FFD7A5,#FFEBD2,#FFFFFF,#FFEBD2,#FFD7A5,#DCE9F5,#FFFFFF,#FFFFFF,#FFEBD2,#FFFFFF,#FFEBD2,#FFFFFF,#FFFFFF,#FFFFFF,#FFFFFF,#CBDEF0,#FFFFFF,#FFF8F0,#FFF5E9,#DFEBF5,#FAFBFD,#FFE9CE,#FDFEFE,"1909432,,Asher Woods","1913001,,Percy Daniels","1918656,,Rowan Brumbaugh","2113933,,Scotty Middleton","2115895,,Curtis Williams Jr.",2025
R. Brumbaugh / L. Rasmussen / T. Ringgold / C. Williams Jr. / A. Woods,Tulane,95.0629028757885,89.4218762000341,5.64102667575433,4.0570084624911,165,157,-8.53321752557421,2.18823235696133,91.5151515151515,96.8152866242038,-5.30013510905231,#FFFFFF,#FFFFFF,#FFFFFF,#FFEBD2,#FFEBD2,#FFEBD2,#FFFFFF,#DCE9F5,#FFEBD2,#DCE9F5,#FFFFFF,#FFFFFF,#FFFFFF,#FFEBD2,#FFFFFF,#FFEBD2,#FFEBD2,#FFFFFF,#FFFFFF,#CBDEF0,#FFFFFF,#ADCCE7,#FFF7EE,#FFE5C4,#D1E2F1,#FFF8EF,#FFF9F1,"1909432,,Asher Woods","1918656,,Rowan Brumbaugh","2115895,,Curtis Williams Jr.","2119961,,Luke Rasmussen","2122482,,Tyler Ringgold",2025
K. Lindsay-Martin / J. Meyer / D. Rivera / A. Robinson / C. Westry,UAB,128.168467823447,106.234077801836,21.9343900216114,21.3900617030234,169,167,21.6198136271835,1.81309066775282,125.443786982249,112.574850299401,12.8689366828473,#FFEBD2,#FFFFFF,#DCE9F5,#FFEBD2,#FFEBD2,#FFD7A5,#FFFFFF,#DCE9F5,#DCE9F5,#FFFFFF,#FFFFFF,#FFEBD2,#FFFFFF,#FFEBD2,#FFEBD2,#FFEBD2,#FFD7A5,#FFFFFF,#FFFFFF,#CBDEF0,#FFFFFF,#FFDFB8,#FFE1BD,#EEF4FA,#FFF8F0,#FFDAAC,#FFF7EE,"1895175,,KyeRon Lindsay-Martin","1905712,,Chance Westry","1927161,,Daniel Rivera","2117051,,Ahmad Robinson","2119881,,Jacob Meyer",2025
E. Chatman / J. Meyer / D. Rivera / A. Robinson / C. Westry,UAB,107.353687361208,95.7399200517885,11.6137673094196,13.9601183678445,158,153,11.8744518904608,0.795492768577073,106.329113924051,98.6928104575163,7.63630346653428,#FFFFFF,#FFFFFF,#DCE9F5,#FFFFFF,#FFFFFF,#FFD7A5,#FFFFFF,#DCE9F5,#DCE9F5,#FFFFFF,#FFEBD2,#FFEBD2,#FFEBD2,#FFEBD2,#FFFFFF,#FFD7A5,#FFD7A5,#FFFFFF,#FFFFFF,#CBDEF0,#FFFFFF,#E0EBF6,#FFEFDC,#FFF2E2,#E8F0F8,#FFE7C9,#FFF2E3,"1905712,,Chance Westry","1927161,,Daniel Rivera","2117051,,Ahmad Robinson","2119881,,Jacob Meyer","2491800,,Evan Chatman",2025
D. Anderson / E. Chatman / S. London / D. Rivera / C. Westry,UAB,93.4733573722315,81.5704254897573,11.9029318824742,9.20109304864467,138,140,7.78457556935817,1.26050356075984,92.0289855072464,86.4285714285714,5.60041407867494,#FFFFFF,#FFEBD2,#FFFFFF,#FFFFFF,#DCE9F5,#FFEBD2,#FFFFFF,#CBDEF0,#DCE9F5,#FFFFFF,#FFFFFF,#FFFFFF,#FFD7A5,#FFEBD2,#FFEBD2,#FFD7A5,#FFFFFF,#FFFFFF,#FFFFFF,#CBDEF0,#FFFFFF,#A7C8E5,#FFEFDB,#FFD49F,#CFE1F1,#FFEFDB,#FFEDD8,"1905712,,Chance Westry","1927161,,Daniel Rivera","2125312,,Dayjaun Anderson","2491800,,Evan Chatman","2491802,,Salim London",2025
D. Anderson / E. Chatman / J. Meyer / D. Rivera / C. Westry,UAB,101.402344291815,113.750773889116,-12.3484295973013,6.62024363900642,131,133,-20.8118004936004,0.683617185630718,101.526717557252,117.293233082707,-15.7665155254548,#FFFFFF,#FFFFFF,#FFFFFF,#FFFFFF,#FFFFFF,#FFD7A5,#FFFFFF,#CBDEF0,#DCE9F5,#FFFFFF,#FFFFFF,#FFFFFF,#FFD7A5,#FFFFFF,#FFFFFF,#FFD7A5,#FFEBD2,#FFFFFF,#FFFFFF,#CBDEF0,#FFFFFF,#C7DCEF,#D2E3F2,#D2E3F2,#DAE7F4,#FFF3E5,#FFF9F1,"1905712,,Chance Westry","1927161,,Daniel Rivera","2119881,,Jacob Meyer","2125312,,Dayjaun Anderson","2491800,,Evan Chatman",2025
E. Chatman / S. London / J. Meyer / D. Rivera / C. Westry,UAB,92.2805061952622,102.893124858009,-10.6126186627467,5.98745089640909,131,129,-23.9706491508373,1.56526844450255,89.3129770992366,107.751937984496,-18.4389608852595,#FFFFFF,#FFFFFF,#FFFFFF,#FFFFFF,#FFFFFF,#FFD7A5,#FFFFFF,#DCE9F5,#FFFFFF,#FFFFFF,#FFEBD2,#FFFFFF,#FFD7A5,#FFFFFF,#FFEBD2,#FFD7A5,#FFEBD2,#FFFFFF,#FFFFFF,#CBDEF0,#FFFFFF,#A2C5E4,#D9E7F4,#FAFCFD,#D1E2F1,#FFF4E7,#FFF5E9,"1905712,,Chance Westry","1927161,,Daniel Rivera","2119881,,Jacob Meyer","2491800,,Evan Chatman","2491802,,Salim London",2025
E. Chatman / K. Lindsay-Martin / J. Meyer / A. Robinson / C. Westry,UAB,121.695263089629,111.852080469558,9.84318262007096,18.6779661754758,125,116,5.40172413793103,1.07208479987626,120,115.51724137931,4.48275862068965,#FFEBD2,#FFFFFF,#DCE9F5,#FFEBD2,#FFFFFF,#FFD7A5,#FFFFFF,#DCE9F5,#FFFFFF,#FFEBD2,#FFEBD2,#FFEBD2,#FFEBD2,#FFEBD2,#FFFFFF,#FFEBD2,#FFD7A5,#FFFFFF,#FFFFFF,#CBDEF0,#FFFFFF,#FFEEDA,#FFF1E1,#D9E7F4,#FFFDFB,#FFDFB7,#FFF8EF,"1895175,,KyeRon Lindsay-Martin","1905712,,Chance Westry","2117051,,Ahmad Robinson","2119881,,Jacob Meyer","2491800,,Evan Chatman",2025
J. Bol / J. Burks / T. Fulks / R. Kugel / J. Stillwell,UCF,112.202329863532,88.1310959986,24.071233864932,25.2417762244016,488,485,31.944805222241,3.50099681523753,105.122950819672,98.5567010309278,6.56624978874429,#FFEBD2,#FFEBD2,#FFD7A5,#FFEBD2,#FFEBD2,#FFD7A5,#FFEBD2,#FFEBD2,#FFFFFF,#FFD7A5,#FFD7A5,#FFEBD2,#DCE9F5,#FFFFFF,#FFEBD2,#FFFFFF,#FFD7A5,#FFFFFF,#FFFFFF,#CBDEF0,#FFFFFF,#F4F8FB,#FFDFB6,#FFE2BE,#F8FAFD,#FFD49E,#FFE5C5,"1890521,,Riley Kugel","1912146,,Themus Fulks","2113946,,Jordan Burks","2287024,,John Bol","2321269,,Jamichael Stillwell",2025
T. Bilodeau / X. Booker / E. Dailey Jr. / D. Dent / T. Perry,UCLA,122.718190620952,99.437342354102,23.2808482668495,32.0472423062773,230,226,9.43932281646785,3.82815887999552,116.086956521739,111.946902654867,4.14005386687186,#FFD7A5,#FFEBD2,#FFEBD2,#FFD7A5,#FFD7A5,#FFD7A5,#FFEBD2,#FFD7A5,#FFD7A5,#FFFFFF,#FFEBD2,#FFD7A5,#FFEBD2,#FFFFFF,#FFEBD2,#FFEBD2,#FFD7A5,#FFFFFF,#FFFFFF,#CBDEF0,#FFFFFF,#FFECD5,#FFE0B8,#FFFAF4,#FFEEDA,#FFC883,#FFECD5,"1912250,,Tyler Bilodeau","1924344,,Donovan Dent","2105466,,Eric Dailey Jr.","2119936,,Xavier Booker","2321463,,Trent Perry",2025
T. Bilodeau / X. Booker / S. Clark / E. Dailey Jr. / D. Dent,UCLA,119.291773022565,101.812849190552,17.4789238320134,31.6782303010233,157,148,-4.09536925460492,4.03288237356398,110.828025477707,113.513513513514,-2.6854880358065,#FFD7A5,#FFEBD2,#FFEBD2,#FFD7A5,#FFD7A5,#FFD7A5,#FFEBD2,#FFD7A5,#FFEBD2,#FFFFFF,#FFEBD2,#FFD7A5,#FFEBD2,#FFFFFF,#FFEBD2,#FFFFFF,#FFD7A5,#FFFFFF,#FFFFFF,#CBDEF0,#FFFFFF,#FFF4E7,#FFE7CA,#FEFEFE,#FFF2E1,#FFC985,#FFE9CF,"1909629,,Skyy Clark","1912250,,Tyler Bilodeau","1924344,,Donovan Dent","2105466,,Eric Dailey Jr.","2119936,,Xavier Booker",2025
T. Bilodeau / S. Clark / E. Dailey Jr. / D. Dent / T. Perry,UCLA,138.386635995046,111.610341333051,26.7762946619948,39.563847972003,137,128,9.56575045620439,3.91137207108509,130.656934306569,123.4375,7.21943430656935,#FFD7A5,#FFEBD2,#FFFFFF,#FFD7A5,#FFD7A5,#FFD7A5,#FFEBD2,#FFD7A5,#FFD7A5,#FFFFFF,#FFFFFF,#FFD7A5,#FFEBD2,#FFEBD2,#DCE9F5,#FFEBD2,#FFD7A5,#FFFFFF,#FFFFFF,#CBDEF0,#FFFFFF,#FFC781,#FFDBAE,#DAE8F4,#FFDBAE,#FFBB66,#FFF1DF,"1909629,,Skyy Clark","1912250,,Tyler Bilodeau","1924344,,Donovan Dent","2105466,,Eric Dailey Jr.","2321463,,Trent Perry",2025
M. Mayfield / D. Patrick / T. Solomon / K. Taylor / J. Wright,UNC Asheville,113.4951214606,111.278254804797,2.21686665580243,7.88247971763703,428,404,-9.41167761635973,0.895857831947011,113.084112149533,115.346534653465,-2.26242250393263,#FFFFFF,#FFFFFF,#FFEBD2,#FFFFFF,#FFEBD2,#FFD7A5,#FFEBD2,#FFFFFF,#DCE9F5,#FFFFFF,#FFFFFF,#FFFFFF,#FFFFFF,#DCE9F5,#FFFFFF,#FFFFFF,#FFEBD2,#FFFFFF,#FFFFFF,#CBDEF0,#FFFFFF,#F9FBFD,#FFFCF8,#DBE9F4,#F0F6FA,#FFF1E0,#F6F9FC,"1611880,,Justin Wright","1695245,,DJ Patrick","2126265,,Toyaz Solomon","2337868,,Kameron Taylor","2541682,,Myles Mayfield",2025
D. Patrick / T. Solomon / K. Taylor / D. Thomas / J. Wright,UNC Asheville,110.486208988168,99.9437730321766,10.5424359559914,11.5120460091751,383,372,43.3098556949942,-0.186074699927248,112.01044386423,100.537634408602,11.4728094556276,#FFFFFF,#FFFFFF,#FFEBD2,#FFFFFF,#FFEBD2,#FFD7A5,#FFFFFF,#FFFFFF,#FFFFFF,#FFEBD2,#FFFFFF,#FFFFFF,#FFFFFF,#DCE9F5,#FFFFFF,#FFFFFF,#FFEBD2,#FFFFFF,#FFFFFF,#CBDEF0,#FFFFFF,#EDF3F9,#FFF0DF,#FFFBF6,#E8F1F8,#FFEBD2,#FFF8EF,"1611880,,Justin Wright","1695245,,DJ Patrick","2126265,,Toyaz Solomon","2316887,,Daniel Thomas","2337868,,Kameron Taylor",2025
"J. Neely / N. Norgaard / V. Pinedo / D. Whitehead, Jr. / K. Younger",UNC Greensboro,109.082789478432,115.145362697552,-6.06257321911993,-1.31272782363296,285,279,-16.8742501414828,-0.0157593146408107,111.578947368421,117.562724014337,-5.98377664591587,#FFFFFF,#DCE9F5,#DCE9F5,#FFFFFF,#FFFFFF,#FFD7A5,#FFFFFF,#FFFFFF,#FFFFFF,#FFFFFF,#FFEBD2,#FFFFFF,#FFFFFF,#DCE9F5,#DCE9F5,#FFFFFF,#FFEBD2,#FFFFFF,#FFFFFF,#CBDEF0,#FFFFFF,#E7F0F8,#E9F1F8,#CDE0F0,#E4EEF7,#F7FAFC,#E2EDF6,"1723517,,Justin Neely","1732492,,Donald Whitehead, Jr.","1916202,,Valentino Pinedo","2540608,,Noah Norgaard","2540609,,KJ Younger",2025
L. Marville / J. Neely / N. Norgaard / V. Pinedo / K. Younger,UNC Greensboro,105.535584850785,105.136076870612,0.399507980172829,-1.36007378924548,264,255,-1.74618983957216,0.214482701203904,107.954545454545,108.627450980392,-0.67290552584669,#FFFFFF,#DCE9F5,#DCE9F5,#FFFFFF,#FFFFFF,#FFEBD2,#FFFFFF,#FFEBD2,#FFFFFF,#FFFFFF,#FFEBD2,#FFFFFF,#FFFFFF,#DCE9F5,#DCE9F5,#FFEBD2,#FFEBD2,#FFFFFF,#FFFFFF,#CBDEF0,#FFFFFF,#D8E7F3,#FFFEFD,#F2F7FB,#DFEBF5,#F7FAFC,#E8F0F8,"1723517,,Justin Neely","1916202,,Valentino Pinedo","2540607,,Lilian Marville","2540608,,Noah Norgaard","2540609,,KJ Younger",2025
"L. Marville / J. Neely / V. Pinedo / D. Whitehead, Jr. / K. Younger",UNC Greensboro,111.667144987464,123.817456840839,-12.1503118533744,-1.62580820267677,198,199,-28.7911146642302,0.470805605569979,113.636363636364,128.140703517588,-14.5043398812243,#FFFFFF,#DCE9F5,#CBDEF0,#FFFFFF,#FFFFFF,#FFD7A5,#FFFFFF,#FFFFFF,#FFFFFF,#FFFFFF,#FFFFFF,#FFFFFF,#FFFFFF,#FFFFFF,#DCE9F5,#FFEBD2,#FFEBD2,#FFFFFF,#FFFFFF,#CBDEF0,#FFFFFF,#F1F6FB,#D3E4F2,#ADCCE7,#EDF4FA,#F6F9FC,#D7E6F3,"1723517,,Justin Neely","1732492,,Donald Whitehead, Jr.","1916202,,Valentino Pinedo","2540607,,Lilian Marville","2540609,,KJ Younger",2025
H. Fleming Jr. / D. Gibbs-Lawhorn / K. Hamilton / T. Jones / I. Williamson,UNLV,110.228379494092,92.0423888310936,18.1859906629981,19.5328960131921,170,165,6.80748663101606,2.82436390800068,105.882352941176,101.818181818182,4.06417112299466,#FFEBD2,#FFEBD2,#FFFFFF,#FFEBD2,#FFFFFF,#FFD7A5,#FFEBD2,#FFFFFF,#DCE9F5,#FFFFFF,#FFFFFF,#FFFFFF,#FFFFFF,#FFEBD2,#FFEBD2,#FFFFFF,#FFD7A5,#FFFFFF,#FFFFFF,#CBDEF0,#FFFFFF,#ECF3F9,#FFE6C8,#FFEAD1,#F6F9FC,#FFDDB3,#FFEFDC,"1609135,,Howie Fleming Jr.","1915441,,Kimani Hamilton","2142746,,Dra Gibbs-Lawhorn","2550758,,Tyrin Jones","2550760,,Issac Williamson",2025
J. Bannarbie / W. Brown / H. Fleming Jr. / D. Gibbs-Lawhorn / K. Hamilton,UNLV,117.333601981765,104.476265071836,12.8573369099295,21.0484318748714,126,124,2.75217613927292,2.13111919970223,113.492063492063,111.290322580645,2.20174091141834,#FFEBD2,#FFFFFF,#FFFFFF,#FFEBD2,#FFEBD2,#FFFFFF,#FFEBD2,#FFFFFF,#FFFFFF,#FFD7A5,#FFEBD2,#FFEBD2,#DCE9F5,#FFFFFF,#FFFFFF,#CBDEF0,#FFEBD2,#FFFFFF,#FFFFFF,#CBDEF0,#FFFFFF,#FFF9F1,#FFEDD8,#F4F8FB,#FFFCF8,#FFDBAE,#FFF4E7,"1609135,,Howie Fleming Jr.","1915441,,Kimani Hamilton","2126212,,Jacob Bannarbie","2142746,,Dra Gibbs-Lawhorn","2550762,,Walter Brown",2025
T. Brown / K. Dawes / D. McHenry / J. Okonkwo / S. Traore,Utah,115.917218577441,97.3693395377189,18.5478790397224,19.325292197818,498,493,-16.4444145751363,4.3733261439742,107.228915662651,110.547667342799,-3.31875168014859,#FFEBD2,#FFFFFF,#FFFFFF,#FFFFFF,#FFD7A5,#FFD7A5,#FFEBD2,#FFFFFF,#FFEBD2,#FFEBD2,#FFD7A5,#FFEBD2,#FFFFFF,#FFFFFF,#FFEBD2,#FFD7A5,#FFD7A5,#FFFFFF,#FFFFFF,#CBDEF0,#FFFFFF,#FFFCF9,#FFE6C7,#FFF6EA,#FFFEFE,#FFDEB4,#FFF5E9,"1698336,,James Okonkwo","2092097,,Terrence Brown","2127738,,Keanu Dawes","2144371,,Don McHenry","2147079,,Seydou Traore",2025
T. Brown / K. Dawes / J. Hayes / D. McHenry / S. Traore,Utah,107.148324677561,120.16458835433,-13.0162636767682,8.75242316629454,176,176,-43,2.28311090101,103.409090909091,127.840909090909,-24.4318181818182,#FFEBD2,#FFFFFF,#FFFFFF,#FFFFFF,#FFEBD2,#FFD7A5,#FFEBD2,#FFFFFF,#FFEBD2,#FFFFFF,#FFFFFF,#FFFFFF,#FFFFFF,#FFFFFF,#FFEBD2,#FFD7A5,#FFD7A5,#FFFFFF,#FFFFFF,#CBDEF0,#FFFFFF,#DFEBF5,#D0E2F1,#BAD4EB,#F0F5FA,#FFF0DD,#F9FBFD,"2092097,,Terrence Brown","2127613,,Josh Hayes","2127738,,Keanu Dawes","2144371,,Don McHenry","2147079,,Seydou Traore",2025
N. Bolanga / T. Davis / J. Holt / E. Potter / C. Trujillo,Utah Tech,109.681886715616,113.296938728488,-3.61505201287212,1.91783563112726,449,451,-35.7823989254267,0.867318438555652,106.904231625835,114.855875831486,-7.95164420565038,#FFFFFF,#FFFFFF,#FFEBD2,#FFFFFF,#FFFFFF,#FFEBD2,#FFEBD2,#FFFFFF,#FFFFFF,#FFFFFF,#FFFFFF,#FFEBD2,#FFFFFF,#FFFFFF,#FFFFFF,#FFD7A5,#FFFFFF,#FFFFFF,#FFFFFF,#CBDEF0,#FFFFFF,#E9F1F8,#F2F7FB,#D4E4F2,#E7F0F8,#FFFBF7,#EAF2F9,"1700248,,Jusaun Holt","1720452,,Chance Trujillo","1949299,,Ethan Potter","2331492,,Noah Bolanga","2477849,,Tanner Davis",2025
B. Berrett / N. Bolanga / J. Holt / E. Potter / C. Trujillo,Utah Tech,117.085779127199,106.189094103011,10.8966850241874,8.03146319197974,269,256,25.6042707365242,0.228535424911832,115.613382899628,105.859375,9.75400789962826,#FFEBD2,#FFFFFF,#FFEBD2,#FFFFFF,#FFFFFF,#FFFFFF,#FFEBD2,#FFFFFF,#FFD7A5,#DCE9F5,#FFFFFF,#FFEBD2,#FFFFFF,#DCE9F5,#FFFFFF,#FFD7A5,#FFFFFF,#FFFFFF,#FFFFFF,#CBDEF0,#FFFFFF,#FFF9F3,#FFF0DE,#EEF4FA,#F9FBFD,#FFF1E0,#EDF4FA,"1700248,,Jusaun Holt","1720452,,Chance Trujillo","1949299,,Ethan Potter","2321196,,Britton Berrett","2331492,,Noah Bolanga",2025
B. Berrett / N. Bolanga / T. Davis / J. Holt / E. Potter,Utah Tech,101.502887834308,108.809527845308,-7.30664001099999,-1.03586575349532,166,156,-12.3846153846154,0.0771335362615385,100,107.692307692308,-7.69230769230769,#FFFFFF,#FFFFFF,#FFEBD2,#FFFFFF,#FFFFFF,#FFFFFF,#FFEBD2,#FFFFFF,#FFFFFF,#FFFFFF,#FFFFFF,#FFFFFF,#FFFFFF,#FFFFFF,#FFFFFF,#FFD7A5,#FFFFFF,#FFFFFF,#FFFFFF,#CBDEF0,#FFFFFF,#C8DDEF,#E4EEF7,#E4EEF7,#D7E6F3,#F9FBFD,#F0F5FA,"1700248,,Jusaun Holt","1949299,,Ethan Potter","2321196,,Britton Berrett","2331492,,Noah Bolanga","2477849,,Tanner Davis",2025
R. Chaney / O. Dease / J. Pettigrew / S. Tupuola / B. Whitaker,Valparaiso,118.113963584358,99.8593577159343,18.2546058684235,18.9700011097835,388,377,38.886471464902,1.61764161996434,115.20618556701,105.039787798408,10.1663977686018,#FFEBD2,#FFFFFF,#FFEBD2,#FFFFFF,#DCE9F5,#FFEBD2,#DCE9F5,#FFEBD2,#FFEBD2,#FFEBD2,#FFEBD2,#FFFFFF,#FFEBD2,#DCE9F5,#FFFFFF,#FFFFFF,#FFEBD2,#FFFFFF,#FFFFFF,#CBDEF0,#FFFFFF,#FFF7ED,#FFE6C8,#FFFBF6,#FDFEFE,#FFDEB6,#FFF5E9,"1695183,,Owen Dease","2286445,,Brody Whitaker","2536612,,Rakim Chaney","2536614,,JT Pettigrew","2536622,,Shon Tupuola",2025
D. McGlockton / D. Miles / T. Nickel / A. Okereke / T. Tanner,Vanderbilt,126.200763123398,83.2097147859463,42.9910483374519,45.245179259821,397,375,98.3700419815282,3.50131630057181,120.151133501259,94.6666666666667,25.4844668345928,#FFD7A5,#FFD7A5,#FFFFFF,#FFFFFF,#FFD7A5,#FFD7A5,#FFD7A5,#FFD7A5,#FFD7A5,#FFFFFF,#FFFFFF,#FFD7A5,#FFD7A5,#FFD7A5,#FFFFFF,#FFFFFF,#FFD7A5,#FFFFFF,#FFFFFF,#CBDEF0,#FFFFFF,#FFE4C2,#FFC57D,#FFD8A7,#FFE3C0,#FFB251,#FFDDB3,"1596321,,Duke Miles","1687724,,Devin McGlockton","1890634,,Tyler Nickel","1957212,,AK Okereke","2280666,,Tyler Tanner",2025
D. Miles / T. Nickel / A. Okereke / T. Tanner / J. Washington,Vanderbilt,139.054524247832,93.5492944835186,45.5052297643139,51.0686798160841,160,148,38.7601351351351,4.06726216907899,131.25,106.081081081081,25.1689189189189,#FFD7A5,#FFD7A5,#FFFFFF,#FFEBD2,#FFD7A5,#FFEBD2,#FFD7A5,#FFD7A5,#FFD7A5,#FFFFFF,#FFFFFF,#FFD7A5,#FFEBD2,#FFD7A5,#FFEBD2,#FFFFFF,#FFD7A5,#FFFFFF,#FFFFFF,#CBDEF0,#FFFFFF,#FFC67E,#FFC276,#FFEDD8,#FFD39E,#FFA83A,#FFE1BC,"1596321,,Duke Miles","1890630,,Jalen Washington","1890634,,Tyler Nickel","1957212,,AK Okereke","2280666,,Tyler Tanner",2025
L. Djokovic / B. Evans / B. Jennings / N. Lewis / J. Tracey,VCU,115.753888252359,103.405698625654,12.3481896267049,22.6760282099243,370,374,5.45714698655879,2.17624292606363,112.162162162162,110.695187165775,1.46697499638677,#FFEBD2,#FFD7A5,#FFFFFF,#FFFFFF,#FFEBD2,#FFFFFF,#FFFFFF,#FFFFFF,#FFEBD2,#FFEBD2,#FFFFFF,#FFFFFF,#FFFFFF,#FFEBD2,#FFFFFF,#FFFFFF,#FFFFFF,#FFFFFF,#FFFFFF,#CBDEF0,#FFFFFF,#FFFCFA,#FFEED9,#F8FAFD,#FCFDFE,#FFD8A7,#FFECD6,"1612070,,Jadrian Tracey","1927927,,Barry Evans","2149054,,Lazar Djokovic","2296323,,Brandon Jennings","2493034,,Nyk Lewis",2025
D. Brennan / M. Hodge / A. Lewis / B. Lindsay / T. Perkins,Villanova,122.478921302999,87.9757633436671,34.5031579593319,34.1945293005925,501,505,94.2957253809213,3.15129857473233,116.766467065868,98.019801980198,18.7466650856702,#FFD7A5,#FFEBD2,#FFFFFF,#FFEBD2,#FFFFFF,#FFD7A5,#FFEBD2,#FFEBD2,#DCE9F5,#FFEBD2,#FFEBD2,#FFEBD2,#FFEBD2,#FFEBD2,#FFFFFF,#FFD7A5,#FFEBD2,#FFFFFF,#FFFFFF,#CBDEF0,#FFFFFF,#FFEDD6,#FFD197,#FFE2BD,#FFF2E2,#FFC47B,#FFE4C3,"1911033,,Duke Brennan","2122481,,Bryce Lindsay","2143461,,Tyler Perkins","2302525,,Matt Hodge","2540491,,Acaden Lewis",2025
D. Askew / D. Brennan / A. Lewis / M. Palmer / T. Perkins,Villanova,125.259614929764,86.3649266408698,38.8946882888945,35.4361929209218,162,165,38.260101010101,3.09880297764422,120.37037037037,96.969696969697,23.4006734006734,#FFD7A5,#FFD7A5,#FFFFFF,#FFEBD2,#FFEBD2,#FFD7A5,#FFEBD2,#FFEBD2,#FFFFFF,#FFEBD2,#FFEBD2,#FFD7A5,#FFFFFF,#FFD7A5,#DCE9F5,#FFEBD2,#FFEBD2,#FFFFFF,#FFFFFF,#CBDEF0,#FFFFFF,#FFE6C7,#FFCB8A,#FFDEB6,#FFF1E1,#FFC276,#FFE2BE,"1602300,,Devin Askew","1911033,,Duke Brennan","2143461,,Tyler Perkins","2313626,,Malachi Palmer","2540491,,Acaden Lewis",2025
D. Askew / D. Brennan / M. Hodge / A. Lewis / T. Perkins,Villanova,107.253208431708,98.6195959749008,8.63361245680717,29.1721883927021,132,121,-11.5871212121212,3.55867841422645,100.757575757576,109.917355371901,-9.15977961432506,#FFD7A5,#FFD7A5,#FFFFFF,#FFEBD2,#FFEBD2,#FFD7A5,#FFEBD2,#FFEBD2,#FFFFFF,#FFEBD2,#FFEBD2,#FFEBD2,#FFFFFF,#FFEBD2,#FFFFFF,#FFEBD2,#FFEBD2,#FFFFFF,#FFFFFF,#CBDEF0,#FFFFFF,#DFEBF5,#FFF3E5,#FFF8F0,#FFFDFB,#FFCD8E,#FFE3C0,"1602300,,Devin Askew","1911033,,Duke Brennan","2143461,,Tyler Perkins","2302525,,Matt Hodge","2540491,,Acaden Lewis",2025
T. De Ridder / J. Grünloh / D. Hall / S. Lewis / M. Thomas,Virginia,118.258997050847,85.0263860467513,33.2326110040958,35.6485133930658,460,451,82.6227730646872,3.01873853167812,113.260869565217,95.1219512195122,18.1389183457052,#FFD7A5,#FFD7A5,#FFD7A5,#FFEBD2,#FFEBD2,#FFD7A5,#FFEBD2,#FFD7A5,#FFFFFF,#FFD7A5,#FFFFFF,#FFFFFF,#FFFFFF,#FFFFFF,#FFEBD2,#FFFFFF,#FFEBD2,#FFFFFF,#FFFFFF,#CBDEF0,#FFFFFF,#FFF6EC,#FFD29B,#FFDCAF,#FFF7EE,#FFC276,#FFDBAF,"1714689,,Malik Thomas","1906896,,Dallin Hall","2121784,,Sam Lewis","2505021,,Thijs De Ridder","2505032,,Johann Grünloh",2025
N. Avdalas / J. Bedford / B. Hammond / A. Hansberry / T. Lawal,Virginia Tech,101.88679245283,116.349809885932,-14.4630174331014,11.5286726256097,265,263,-38.1823660233876,0,101.88679245283,116.349809885932,-14.4630174331014,#FFEBD2,#FFEBD2,#FFFFFF,#FFEBD2,#FFEBD2,#FFD7A5,#FFFFFF,#FFEBD2,#FFFFFF,#FFEBD2,#FFEBD2,#FFEBD2,#DCE9F5,#FFEBD2,#FFFFFF,#FFEBD2,#FFD7A5,#FFFFFF,#FFFFFF,#CBDEF0,#FFFFFF,#C9DEEF,#CBDFF0,#C8DDEF,#E9F1F8,#FFEBD2,#FFF8F0,"1920043,,Tobi Lawal","2110057,,Jailen Bedford","2142747,,Amani Hansberry","2296070,,Ben Hammond","2481303,,Neoklis Avdalas",2025
O. Biliew / N. Calmese / M. Colvin / J. Harris / T. Spillers,Wake Forest,120.6421895097,97.0802471295676,23.5619423801323,30.6390246271188,206,205,12.8759886336727,3.45925089610697,115.533980582524,109.268292682927,6.26568789959743,#FFD7A5,#FFEBD2,#FFFFFF,#FFEBD2,#FFEBD2,#FFEBD2,#FFEBD2,#FFEBD2,#FFEBD2,#FFFFFF,#FFFFFF,#FFEBD2,#FFFFFF,#FFEBD2,#FFFFFF,#FFFFFF,#FFEBD2,#FFFFFF,#FFFFFF,#CBDEF0,#FFFFFF,#FFF1E0,#FFDFB8,#FFF5E9,#FFF3E6,#FFCA89,#FFE9CF,"1948694,,Nate Calmese","2099049,,Omaha Biliew","2106197,,Myles Colvin","2127619,,Tre'Von Spillers","2313602,,Juke Harris",2025
N. Calmese / M. Colvin / J. Harris / C. Schwieger / T. Spillers,Wake Forest,124.045635906987,100.568036996467,23.4775989105201,31.2075144453212,171,169,-1.31181009723517,4.84985038177875,115.204678362573,115.976331360947,-0.771652998373629,#FFD7A5,#FFEBD2,#FFEBD2,#FFEBD2,#FFD7A5,#FFD7A5,#FFEBD2,#FFEBD2,#FFEBD2,#FFFFFF,#FFFFFF,#FFEBD2,#FFFFFF,#FFEBD2,#FFEBD2,#FFEBD2,#FFEBD2,#FFFFFF,#FFFFFF,#CBDEF0,#FFFFFF,#FFE9CE,#FFDFB8,#FFFCF9,#FFF0DF,#FFCA87,#FFEBD3,"1948694,,Nate Calmese","2106197,,Myles Colvin","2117918,,Cooper Schwieger","2127619,,Tre'Von Spillers","2313602,,Juke Harris",2025
O. Biliew / N. Calmese / J. Harris / M. Mason / T. Spillers,Wake Forest,114.838709677419,98.7096774193548,16.1290322580645,27.7905298847861,155,155,25,0,114.838709677419,98.7096774193548,16.1290322580645,#FFD7A5,#FFEBD2,#FFFFFF,#FFEBD2,#FFD7A5,#FFEBD2,#FFEBD2,#FFEBD2,#FFFFFF,#FFFFFF,#FFFFFF,#FFEBD2,#FFEBD2,#FFEBD2,#FFFFFF,#FFFFFF,#FFEBD2,#FFFFFF,#FFFFFF,#CBDEF0,#FFFFFF,#FEFEFE,#FFE9CE,#FFF8F1,#FFF9F2,#FFCF94,#FFEACF,"1898739,,Mekhi Mason","1948694,,Nate Calmese","2099049,,Omaha Biliew","2127619,,Tre'Von Spillers","2313602,,Juke Harris",2025
S. Akins / M. Colvin / J. Harris / C. Schwieger / T. Spillers,Wake Forest,117.384365484899,101.779940059121,15.6044254257789,25.1766116936038,129,122,-3.86754987927311,3.7372276953985,110.852713178295,113.934426229508,-3.08171305121363,#FFEBD2,#FFEBD2,#FFEBD2,#FFEBD2,#FFEBD2,#FFEBD2,#FFEBD2,#FFFFFF,#FFD7A5,#FFFFFF,#FFEBD2,#FFFFFF,#FFEBD2,#FFFFFF,#FFEBD2,#FFFFFF,#FFD7A5,#FFFFFF,#FFFFFF,#CBDEF0,#FFFFFF,#FFF9F1,#FFEAD0,#FEFEFE,#FFFCF8,#FFD49E,#FFECD5,"2106197,,Myles Colvin","2117918,,Cooper Schwieger","2127619,,Tre'Von Spillers","2306685,,Sebastian Akins","2313602,,Juke Harris",2025
Z. Diallo / Q. Peterson / L. Sommerville / H. Steinbach / W. Yates III,Washington,101.513052955393,96.4255375438841,5.08751541150895,19.9632679190207,145,145,-9.00000000000002,2.25888239264662,97.9310344827586,104.137931034483,-6.20689655172415,#FFEBD2,#FFEBD2,#FFEBD2,#FFD7A5,#FFFFFF,#FFD7A5,#FFEBD2,#FFEBD2,#FFD7A5,#FFEBD2,#FFEBD2,#FFFFFF,#FFFFFF,#FFFFFF,#FFFFFF,#FFEBD2,#FFD7A5,#FFFFFF,#FFFFFF,#CBDEF0,#FFFFFF,#C8DDEF,#FFF8EF,#FFF4E6,#F2F6FB,#FFDDB2,#FFECD5,"1730404,,Quimari Peterson","2125360,,Wesley Yates III","2292695,,Lathan Sommerville","2319827,,Zoom Diallo","2533777,,Hannes Steinbach",2025
Z. Diallo / F. Kepnang / H. Steinbach / B. Tucker / W. Yates III,Washington,124.303442264024,78.1231507336221,46.1802915304024,31.3634571475897,127,125,33.9068976377953,3.85401106198599,118.110236220472,91.2,26.9102362204724,#FFEBD2,#FFEBD2,#FFD7A5,#FFD7A5,#FFFFFF,#FFD7A5,#FFEBD2,#FFFFFF,#FFEBD2,#FFD7A5,#FFD7A5,#DCE9F5,#FFFFFF,#FFFFFF,#FFD7A5,#FFEBD2,#FFD7A5,#FFFFFF,#FFFFFF,#CBDEF0,#FFFFFF,#FFE8CC,#FFC174,#FFCD8F,#FFF8F1,#FFC986,#FFE3C0,"1622140,,Franck Kepnang","2125360,,Wesley Yates III","2302872,,Bryson Tucker","2319827,,Zoom Diallo","2533777,,Hannes Steinbach",2025
A. Glass lll / J. Morton / N. Okafor / R. Vavers / E. Yalaho,Washington State,110.078400042688,106.230252973237,3.84814706945146,8.57293144825608,271,267,-18.3578921182471,2.13452845613914,105.535055350553,112.359550561798,-6.82449521124426,#FFEBD2,#FFFFFF,#FFEBD2,#FFFFFF,#FFFFFF,#FFEBD2,#FFEBD2,#FFD7A5,#FFEBD2,#FFFFFF,#FFFFFF,#FFFFFF,#DCE9F5,#CBDEF0,#FFFFFF,#FFEBD2,#FFEBD2,#FFFFFF,#FFFFFF,#CBDEF0,#FFFFFF,#EBF2F9,#FFF9F3,#EEF4FA,#F1F6FB,#FFF0DE,#F7FAFC,"1908910,,ND Okafor","2125066,,Eemeli Yalaho","2132537,,Jerone Morton","2153485,,Rihards Vavers","2506887,,Ace Glass lll",2025
J. Daniel / K. Griffin / M. Noel / J. Smith / S. Williams-Dryden,West Georgia,96.4702796848361,110.68589685275,-14.2156171679143,-4.20847804078515,256,244,-34.8360655737705,-0.056238187681224,100,113.934426229508,-13.9344262295082,#FFFFFF,#FFFFFF,#FFFFFF,#FFFFFF,#FFFFFF,#FFD7A5,#DCE9F5,#DCE9F5,#FFFFFF,#FFFFFF,#FFFFFF,#FFFFFF,#FFFFFF,#FFFFFF,#FFEBD2,#FFEBD2,#FFEBD2,#FFFFFF,#FFFFFF,#CBDEF0,#FFFFFF,#B3D0E9,#CCDFF0,#DDEAF5,#CBDEF0,#E8F0F8,#F2F7FB,"1948216,,Kolten Griffin","1952225,,Malcolm Noel","2160430,,Josh Smith","2199187,,JaVar Daniel","2352243,,Shelton Williams-Dryden",2025
K. Chime / K. Griffin / B. Hardewig / M. Noel / S. Williams-Dryden,West Georgia,108.428717604508,106.539316816598,1.88940078790984,-0.246158343687131,244,244,0,0.377880157581967,111.065573770492,111.065573770492,0,#FFFFFF,#FFFFFF,#DCE9F5,#FFFFFF,#FFFFFF,#FFEBD2,#FFFFFF,#DCE9F5,#DCE9F5,#FFFFFF,#FFFFFF,#FFFFFF,#FFFFFF,#FFFFFF,#FFFFFF,#FFEBD2,#DCE9F5,#FFFFFF,#FFFFFF,#CBDEF0,#FFFFFF,#E4EEF7,#FFFCF9,#ECF3F9,#D7E6F3,#FDFEFE,#F3F7FB,"1948216,,Kolten Griffin","1952225,,Malcolm Noel","2125532,,Brady Hardewig","2352243,,Shelton Williams-Dryden","2352279,,Kenneth Chime",2025
T. Eaglestaff / J. Floyd / H. Huff / B. Lorient / H. Obioha,West Virginia,104.966139954853,85.9770114942529,18.9891284606004,25.4408206810835,443,435,83.3622739420357,0,104.966139954853,85.9770114942529,18.9891284606004,#FFEBD2,#FFD7A5,#FFFFFF,#FFFFFF,#FFD7A5,#FFD7A5,#FFEBD2,#FFD7A5,#FFFFFF,#FFFFFF,#FFEBD2,#FFEBD2,#DCE9F5,#FFEBD2,#FFEBD2,#FFFFFF,#FFFFFF,#FFFFFF,#FFFFFF,#CBDEF0,#FFFFFF,#D6E5F3,#FFE5C5,#FFDEB4,#E0EBF6,#FFD39D,#FFD6A4,"1730246,,Honor Huff","1925357,,Harlan Obioha","1925460,,Treysen Eaglestaff","1941988,,Brenen Lorient","2092575,,Jasper Floyd",2025
T. Eaglestaff / J. Floyd / H. Huff / B. Lorient / D. Thomas,West Virginia,106.25,98.6013986013986,7.6486013986014,24.7263623383739,144,143,10.975743006993,0,106.25,98.6013986013986,7.6486013986014,#FFEBD2,#FFD7A5,#FFFFFF,#FFFFFF,#FFD7A5,#FFD7A5,#FFEBD2,#FFEBD2,#FFEBD2,#FFFFFF,#FFFFFF,#FFEBD2,#FFFFFF,#FFEBD2,#FFFFFF,#FFEBD2,#FFFFFF,#FFFFFF,#FFFFFF,#CBDEF0,#FFFFFF,#DBE9F4,#FFF4E7,#FFF8F0,#F1F6FB,#FFD59F,#FFE2BE,"1730246,,Honor Huff","1925460,,Treysen Eaglestaff","1941988,,Brenen Lorient","2092575,,Jasper Floyd","2505107,,DJ Thomas",2025
S. Dada / T. Dioumassi / M. Kell / T. Pettway / C. Stansberry,Western Carolina,124.719580909577,104.258547383411,20.4610335261656,14.6467377807206,197,189,36.60639755056,0.298797632636221,126.903553299492,107.936507936508,18.9670453629845,#FFEBD2,#FFFFFF,#FFFFFF,#FFFFFF,#FFFFFF,#FFEBD2,#FFFFFF,#FFFFFF,#FFEBD2,#FFEBD2,#FFEBD2,#FFFFFF,#FFFFFF,#FFFFFF,#FFFFFF,#FFFFFF,#FFEBD2,#FFFFFF,#FFFFFF,#CBDEF0,#FFFFFF,#FFE7CA,#FFE3C1,#F5F9FC,#FFF7ED,#FFE6C6,#F1F6FB,"1917660,,Cord Stansberry","1946856,,Marcus Kell","2122106,,Tidjiane Dioumassi","2473112,,Samuel Dada","2532787,,Tahlan Pettway",2025
T. Dioumassi / A. Fanta Kabba / M. Kell / J. Soumaoro / C. Stansberry,Western Carolina,100.586466820215,105.198378858106,-4.61191203789051,1.71773032620679,174,177,-10.8383985973115,0.312762731716657,102.298850574713,108.474576271186,-6.1757256964738,#FFFFFF,#FFFFFF,#FFFFFF,#FFFFFF,#FFEBD2,#FFEBD2,#FFFFFF,#FFFFFF,#DCE9F5,#FFFFFF,#FFEBD2,#FFFFFF,#FFFFFF,#FFFFFF,#FFFFFF,#FFFFFF,#FFFFFF,#FFFFFF,#FFFFFF,#CBDEF0,#FFFFFF,#C4DAEE,#EEF4FA,#F1F6FB,#D5E5F3,#FFFCF8,#FCFDFE,"1706701,,Julien Soumaoro","1917660,,Cord Stansberry","1946856,,Marcus Kell","2122106,,Tidjiane Dioumassi","2306698,,Abdulai Fanta Kabba",2025
S. Dada / T. Dioumassi / M. Kell / J. Soumaoro / C. Stansberry,Western Carolina,118.438559848089,109.573078102971,8.8654817451173,9.41640415000027,146,133,9.87807704191985,0.356884586741044,119.86301369863,112.781954887218,7.08105881141208,#FFEBD2,#FFFFFF,#FFFFFF,#FFFFFF,#FFEBD2,#FFEBD2,#FFFFFF,#FFFFFF,#FFEBD2,#FFEBD2,#FFEBD2,#FFFFFF,#FFFFFF,#FFFFFF,#FFFFFF,#FFFFFF,#FFEBD2,#FFFFFF,#FFFFFF,#CBDEF0,#FFFFFF,#FFF6EB,#FFF3E4,#E1ECF6,#FDFDFE,#FFEFDA,#EFF5FA,"1706701,,Julien Soumaoro","1917660,,Cord Stansberry","1946856,,Marcus Kell","2122106,,Tidjiane Dioumassi","2473112,,Samuel Dada",2025
K. Dixon / I. Griffin / M. Kvamme / L. Lorenzen / A. Massey,Western Illinois,99.2092469442037,112.216150632456,-13.0069036882518,-16.8452895270168,204,205,-24.9536944045911,-0.1609216271769,98.5294117647059,110.731707317073,-12.2022955523673,#DCE9F5,#CBDEF0,#FFFFFF,#FFFFFF,#DCE9F5,#FFEBD2,#DCE9F5,#DCE9F5,#DCE9F5,#FFFFFF,#FFFFFF,#DCE9F5,#FFFFFF,#DCE9F5,#DCE9F5,#FFFFFF,#FFFFFF,#FFFFFF,#FFFFFF,#CBDEF0,#FFFFFF,#BED7EC,#D0E2F1,#D8E6F3,#C2D8ED,#A3C6E4,#CFE1F1,"2092808,,Isaiah Griffin","2342587,,Antwaun Massey","2342598,,Karyiek Dixon","2558100,,Lucas Lorenzen","2558106,,Makai Kvamme",2025
J. Brewer / M. Burton / J. Griffith / E. Ryans / B. Swartz,Western Michigan,108.545806487445,109.158511270635,-0.612704783189489,-0.605184547505777,126,128,-6.78782242063493,0.946407456060516,107.936507936508,113.28125,-5.34474206349207,#FFFFFF,#DCE9F5,#FFFFFF,#FFFFFF,#FFFFFF,#FFFFFF,#FFFFFF,#FFFFFF,#FFFFFF,#FFFFFF,#FFFFFF,#FFFFFF,#FFFFFF,#DCE9F5,#FFFFFF,#FFEBD2,#FFFFFF,#FFFFFF,#FFFFFF,#CBDEF0,#FFFFFF,#E5EEF7,#FCFDFE,#E3EDF6,#DEEAF5,#FBFCFE,#EBF2F9,"1903775,,Max Burton","1948104,,Jayden Brewer","2143488,,Jalen Griffith","2302940,,EJ Ryans","2501091,,Brady Swartz",2025
W. Berg / K. Boyd / K. Giles / M. Gray Jr. / T. Williams,Wichita State,123.856167618137,86.9081355667997,36.9480320513373,29.5761274641523,397,374,119.286439741915,1.20094546386462,122.921914357683,91.9786096256685,30.9433047320142,#FFEBD2,#FFEBD2,#FFFFFF,#FFFFFF,#FFEBD2,#FFEBD2,#FFFFFF,#FFFFFF,#FFFFFF,#FFD7A5,#FFEBD2,#DCE9F5,#FFEBD2,#FFFFFF,#FFFFFF,#FFFFFF,#FFEBD2,#FFFFFF,#FFFFFF,#CBDEF0,#FFFFFF,#FFE9CF,#FFCD8F,#FFE0B8,#FFF5EA,#FFCC8D,#FFE9CF,"1695270,,Michael Gray Jr.","1910658,,Kenyon Giles","1911503,,Will Berg","1919982,,Karon Boyd","2281211,,TJ Williams",2025
D. Battie / K. Boyd / K. Giles / M. Gray Jr. / E. Okorafor,Wichita State,104.965001966235,88.9170761184365,16.0479258477987,17.3010336273341,217,229,15.8500392409394,1.78805698651585,102.304147465438,95.1965065502183,7.10764091521945,#FFFFFF,#FFEBD2,#DCE9F5,#FFFFFF,#FFEBD2,#FFFFFF,#FFFFFF,#FFFFFF,#DCE9F5,#FFD7A5,#FFEBD2,#DCE9F5,#FFEBD2,#FFFFFF,#FFFFFF,#FFFFFF,#FFEBD2,#FFFFFF,#FFFFFF,#CBDEF0,#FFFFFF,#D6E5F3,#FFE9CE,#FFE4C2,#E0ECF6,#FFE1BC,#FFE7CA,"1695270,,Michael Gray Jr.","1910658,,Kenyon Giles","1919982,,Karon Boyd","1985761,,Emmanuel Okorafor","2287296,,Dillon Battie",2025
K. Boyd / K. Giles / M. Gray Jr. / E. Okorafor / T. Williams,Wichita State,114.738369285573,104.043978327628,10.6943909579449,16.6772109667669,206,214,8.91752109608927,1.2895904681519,113.592233009709,109.345794392523,4.24643861718537,#FFFFFF,#FFEBD2,#DCE9F5,#FFFFFF,#FFEBD2,#FFEBD2,#FFFFFF,#FFFFFF,#FFFFFF,#FFEBD2,#FFFFFF,#DCE9F5,#FFEBD2,#FFFFFF,#FFFFFF,#FFEBD2,#FFEBD2,#FFFFFF,#FFFFFF,#CBDEF0,#FFFFFF,#FEFEFE,#FFF0DE,#F6F9FC,#F3F7FB,#FFE2BE,#FFF3E6,"1695270,,Michael Gray Jr.","1910658,,Kenyon Giles","1919982,,Karon Boyd","1985761,,Emmanuel Okorafor","2281211,,TJ Williams",2025
W. Berg / K. Boyd / K. Giles / D. Kindell / T. Williams,Wichita State,131.49298617522,113.795929476735,17.6970566984851,26.2960673437528,197,197,20,1.50895448690514,129.94923857868,119.796954314721,10.1522842639594,#FFEBD2,#FFEBD2,#DCE9F5,#FFFFFF,#FFFFFF,#FFEBD2,#FFFFFF,#FFFFFF,#FFFFFF,#FFD7A5,#FFFFFF,#FFFFFF,#FFEBD2,#FFFFFF,#FFFFFF,#FFFFFF,#FFEBD2,#FFFFFF,#FFFFFF,#CBDEF0,#FFFFFF,#FFD7A6,#FFE7C9,#D2E3F2,#FFEFDB,#FFD299,#FFF7EE,"1910658,,Kenyon Giles","1911503,,Will Berg","1919982,,Karon Boyd","2281211,,TJ Williams","2483435,,Dre Kindell",2025
D. Battie / W. Berg / K. Boyd / K. Giles / M. Gray Jr.,Wichita State,114.212147074254,98.8229133566982,15.3892337175558,23.4627474482072,170,159,10.1085645578986,1.84884193404019,111.176470588235,105.03144654088,6.1450240473548,#FFEBD2,#FFEBD2,#FFFFFF,#FFFFFF,#FFEBD2,#FFEBD2,#FFFFFF,#FFFFFF,#DCE9F5,#FFD7A5,#FFEBD2,#DCE9F5,#FFEBD2,#FFFFFF,#FFFFFF,#FFFFFF,#FFEBD2,#FFFFFF,#FFFFFF,#CBDEF0,#FFFFFF,#FCFDFE,#FFEAD0,#FFF9F1,#F8FAFD,#FFD7A4,#FFE8CD,"1695270,,Michael Gray Jr.","1910658,,Kenyon Giles","1911503,,Will Berg","1919982,,Karon Boyd","2287296,,Dillon Battie",2025
D. Berry / K. Clouet / L. Duncomb / K. Rozier / I. Wilson,Winthrop,119.866736903816,104.332405370514,15.534331533302,15.32881304602,150,141,17.8108510638298,0.658639356305787,119.333333333333,107.09219858156,12.241134751773,#FFEBD2,#FFFFFF,#CBDEF0,#FFFFFF,#FFEBD2,#FFEBD2,#FFFFFF,#FFFFFF,#FFEBD2,#FFFFFF,#FFFFFF,#FFEBD2,#FFFFFF,#FFEBD2,#FFFFFF,#FFFFFF,#FFD7A5,#FFFFFF,#FFFFFF,#CBDEF0,#FFFFFF,#FFF3E4,#FFEAD0,#F5F8FC,#FFFAF4,#FFE4C4,#F9FBFD,"1600826,,Isaiah Wilson","1687935,,Logan Duncomb","1689251,,Daylen Berry","1894267,,Kareem Rozier","1956962,,Kody Clouet",2025
K. Clouet / L. Duncomb / T. Kamarad / K. Rozier / I. Wilson,Winthrop,119.9082481042,93.7958056717956,26.1124424324048,19.923038786815,147,138,37.2792812777285,-0.00969134197216805,121.08843537415,94.9275362318841,26.1608991422656,#FFEBD2,#FFFFFF,#DCE9F5,#FFFFFF,#FFEBD2,#FFFFFF,#FFFFFF,#FFFFFF,#FFEBD2,#FFFFFF,#FFFFFF,#FFEBD2,#FFFFFF,#FFEBD2,#FFFFFF,#DCE9F5,#FFEBD2,#FFFFFF,#FFFFFF,#CBDEF0,#FFFFFF,#FFF3E4,#FFDCB0,#FFEED9,#FFF9F2,#FFDDB2,#FFF9F3,"1600826,,Isaiah Wilson","1687935,,Logan Duncomb","1894267,,Kareem Rozier","1933792,,Tommy Kamarad","1956962,,Kody Clouet",2025
A. Bieliauskas / J. Blackwell / N. Boyd / A. Rohde / N. Winter,Wisconsin,122.5,109.717868338558,12.782131661442,29.9496307624167,320,319,40.8389106583072,0,122.5,109.717868338558,12.782131661442,#FFD7A5,#FFEBD2,#FFD7A5,#FFEBD2,#FFD7A5,#FFD7A5,#FFD7A5,#FFEBD2,#FFD7A5,#FFEBD2,#FFEBD2,#FFD7A5,#FFD7A5,#FFFFFF,#FFFFFF,#FFEBD2,#FFEBD2,#FFFFFF,#FFFFFF,#CBDEF0,#FFFFFF,#FFEDD6,#FFEED8,#E1ECF6,#FFEDD6,#FFCC8B,#FFF2E2,"1611694,,Nick Boyd","1950218,,Andrew Rohde","2093083,,John Blackwell","2093085,,Nolan Winter","2491503,,Aleksas Bieliauskas",2025
J. Blackwell / N. Boyd / A. Rapp / A. Rohde / N. Winter,Wisconsin,119.327731092437,93.9655172413793,25.3622138510577,35.5973297079079,238,232,59.6012025499855,0,119.327731092437,93.9655172413793,25.3622138510577,#FFD7A5,#FFEBD2,#FFD7A5,#FFFFFF,#FFD7A5,#FFD7A5,#FFD7A5,#FFEBD2,#FFD7A5,#FFFFFF,#FFEBD2,#FFD7A5,#FFD7A5,#FFFFFF,#FFFFFF,#FFD7A5,#FFD7A5,#FFFFFF,#FFFFFF,#CBDEF0,#FFFFFF,#FFF4E7,#FFDDB2,#FFEEDA,#FFEAD1,#FFC276,#FFE9CD,"1611694,,Nick Boyd","1950218,,Andrew Rohde","2093083,,John Blackwell","2093085,,Nolan Winter","2324517,,Austin Rapp",2025
A. Bieliauskas / J. Blackwell / N. Boyd / A. Rapp / A. Rohde,Wisconsin,143.774794655937,95.6242965093522,48.1504981465847,41.9121507491644,152,156,28.9919028340081,5.86491744308212,134.210526315789,115.384615384615,18.8259109311741,#FFD7A5,#FFEBD2,#FFEBD2,#FFFFFF,#FFEBD2,#FFD7A5,#FFEBD2,#FFEBD2,#FFD7A5,#FFFFFF,#FFFFFF,#FFD7A5,#FFEBD2,#FFFFFF,#FFFFFF,#FFEBD2,#FFEBD2,#FFFFFF,#FFFFFF,#CBDEF0,#FFFFFF,#FFBB65,#FFBE6E,#FFF2E2,#FFDAAC,#FFB75D,#FFEDD7,"1611694,,Nick Boyd","1950218,,Andrew Rohde","2093083,,John Blackwell","2324517,,Austin Rapp","2491503,,Aleksas Bieliauskas",2025
L. Flynn / K. Holmes / N. Machowski / B. Sumpter / C. Vasko,Wofford,120.28891803281,110.465925715914,9.82299231689625,13.518682319269,209,204,20.0465217187353,0.0230467230659012,123.923444976077,114.21568627451,9.70775870156675,#FFEBD2,#FFFFFF,#DCE9F5,#FFFFFF,#FFFFFF,#FFFFFF,#FFFFFF,#FFFFFF,#FFFFFF,#FFFFFF,#FFEBD2,#FFFFFF,#FFD7A5,#FFFFFF,#FFFFFF,#FFEBD2,#FFFFFF,#FFFFFF,#FFFFFF,#CBDEF0,#FFFFFF,#FFF2E2,#FFF1E1,#DEEAF5,#FFFEFE,#FFE8CB,#FAFCFD,"2106183,,Nils Machowski","2110219,,Cayden Vasko","2285476,,Luke Flynn","2285477,,Kahmare Holmes","2475427,,Brian Sumpter",2025
K. Holmes / N. Machowski / R. Stirling / C. Vasko / C. Watley,Wofford,110.527580744307,110.939019584737,-0.41143884043015,6.19449520208957,179,179,-0.999999999999969,0.0294440754893855,113.40782122905,113.966480446927,-0.558659217877078,#FFEBD2,#FFFFFF,#DCE9F5,#FFFFFF,#FFFFFF,#FFEBD2,#FFFFFF,#FFFFFF,#FFFFFF,#FFFFFF,#FFFFFF,#FFEBD2,#FFFFFF,#FFFFFF,#DCE9F5,#FFFFFF,#FFEBD2,#FFFFFF,#FFFFFF,#CBDEF0,#FFFFFF,#EDF4F9,#FDFEFE,#DCE9F5,#EEF4FA,#FFF4E7,#F2F6FB,"2106183,,Nils Machowski","2110219,,Cayden Vasko","2285477,,Kahmare Holmes","2475430,,Chace Watley","2475434,,Rex Stirling",2025
K. Holmes / N. Machowski / B. Sumpter / C. Vasko / C. Watley,Wofford,106.985229005026,92.1193930896014,14.8658359154244,8.27129220611893,173,168,18.8720926231765,0.75943197802019,108.092485549133,97.0238095238095,11.0686760253234,#FFEBD2,#FFFFFF,#DCE9F5,#FFFFFF,#FFFFFF,#FFEBD2,#FFFFFF,#FFFFFF,#FFFFFF,#FFFFFF,#FFEBD2,#FFFFFF,#FFEBD2,#FFFFFF,#FFFFFF,#FFFFFF,#FFEBD2,#FFFFFF,#FFFFFF,#CBDEF0,#FFFFFF,#DEEBF5,#FFEBD2,#FFEAD1,#E8F0F8,#FFF0DF,#FFFEFD,"2106183,,Nils Machowski","2110219,,Cayden Vasko","2285477,,Kahmare Holmes","2475427,,Brian Sumpter","2475430,,Chace Watley",2025
L. Flynn / K. Holmes / N. Machowski / R. Stirling / C. Vasko,Wofford,103.505991955867,93.95717999212,9.54881196374668,8.28105926553049,125,120,12.8625,-0.190237607250667,108,97.5,10.5,#FFEBD2,#FFFFFF,#DCE9F5,#FFFFFF,#FFFFFF,#FFFFFF,#FFFFFF,#FFFFFF,#FFFFFF,#FFFFFF,#FFFFFF,#FFEBD2,#FFEBD2,#FFFFFF,#DCE9F5,#FFFFFF,#FFFFFF,#FFFFFF,#FFFFFF,#CBDEF0,#FFFFFF,#D0E2F1,#FFF2E2,#FFEEDA,#E8F1F8,#FFF0DF,#FFFEFD,"2106183,,Nils Machowski","2110219,,Cayden Vasko","2285476,,Luke Flynn","2285477,,Kahmare Holmes","2475434,,Rex Stirling",2025
F. Borovicanin / T. Carroll / M. Messina-Moore / J. Milicevic / A. Wright,Xavier,117.770618653122,104.604496471339,13.1661221817829,18.1320547920861,553,520,-15.22782375852,3.20089726985219,111.392405063291,114.230769230769,-2.83836416747809,#FFD7A5,#FFFFFF,#FFEBD2,#FFFFFF,#FFD7A5,#FFEBD2,#FFFFFF,#FFD7A5,#FFEBD2,#FFFFFF,#FFFFFF,#FFD7A5,#FFEBD2,#FFFFFF,#FFFFFF,#FFEBD2,#FFEBD2,#FFFFFF,#FFFFFF,#CBDEF0,#FFFFFF,#FFF8EF,#FFEDD7,#F4F8FB,#FFFAF3,#FFE0B9,#FFFCFA,"1694292,,Tre Carroll","1896869,,Filip Borovicanin","1917657,,Malik Messina-Moore","2316938,,Jovan Milicevic","2324122,,All Wright",2025
R. Anderson III / F. Borovicanin / T. Carroll / M. Messina-Moore / J. Milicevic,Xavier,122.728360521405,104.296398729297,18.4319617921085,23.0081813077705,273,250,8.41014652014656,3.04316891519826,117.216117216117,114,3.21611721611723,#FFEBD2,#FFFFFF,#FFEBD2,#FFFFFF,#FFD7A5,#FFEBD2,#FFFFFF,#FFEBD2,#FFFFFF,#FFFFFF,#FFEBD2,#FFD7A5,#FFFFFF,#FFFFFF,#FFFFFF,#FFEBD2,#FFEBD2,#FFFFFF,#FFFFFF,#CBDEF0,#FFFFFF,#FFECD5,#FFE6C7,#F5F8FC,#FFF6EA,#FFD7A6,#FFF7ED,"1694292,,Tre Carroll","1896869,,Filip Borovicanin","1917657,,Malik Messina-Moore","1924051,,Roddie Anderson III","2316938,,Jovan Milicevic",2025
C. Carroll / B. Dawkins / J. Nelson / R. Rolf / I. Zorgvol,Youngstown State,102.019067902821,84.1942897420157,17.8247781608056,15.2403758833759,169,171,26.9244610540157,0.397371978747511,104.14201183432,88.3040935672515,15.8379182670681,#FFFFFF,#FFEBD2,#FFFFFF,#FFFFFF,#FFEBD2,#FFEBD2,#FFEBD2,#DCE9F5,#FFFFFF,#FFFFFF,#FFEBD2,#FFFFFF,#DCE9F5,#FFFFFF,#FFD7A5,#DCE9F5,#FFFFFF,#FFFFFF,#FFFFFF,#CBDEF0,#FFFFFF,#CADEEF,#FFE7C9,#FFDAAB,#D7E6F3,#FFE5C4,#FFE5C6,"1701888,,Jason Nelson","1727644,,Imanuel Zorgvol","1908633,,Rich Rolf","1916165,,Bryson Dawkins","2311388,,Cris Carroll",2025
C. Carroll / B. Dawkins / J. Nelson / C. Polak / R. Rolf,Youngstown State,99.2997314798436,96.5298157880314,2.7699156918122,5.36710888930467,157,155,-1.03209369221285,0.686302842492293,101.273885350318,101.935483870968,-0.661598520649265,#FFFFFF,#FFFFFF,#CBDEF0,#FFFFFF,#FFFFFF,#FFEBD2,#FFFFFF,#FFFFFF,#FFFFFF,#DCE9F5,#FFFFFF,#FFFFFF,#DCE9F5,#FFFFFF,#CBDEF0,#FFD7A5,#FFFFFF,#FFFFFF,#FFFFFF,#CBDEF0,#FFFFFF,#BFD7EC,#FFFBF6,#FFF4E6,#D5E5F3,#FFF5EA,#FFF9F1,"1701888,,Jason Nelson","1711894,,Cam Polak","1908633,,Rich Rolf","1916165,,Bryson Dawkins","2311388,,Cris Carroll",2025
K. Davis / K. Dozier / P. Eason / J. Graham / S. Pissis,Alabama A&M,104.761904761905,98.2587064676617,6.50319829424307,-0.350647805505799,399,402,26.0453091684435,0,104.761904761905,98.2587064676617,6.50319829424307,#FFFFFF,#DCE9F5,#FFFFFF,#FFFFFF,#FFFFFF,#FFD7A5,#DCE9F5,#FFFFFF,#FFEBD2,#FFFFFF,#FFFFFF,#FFFFFF,#FFFFFF,#FFFFFF,#FFFFFF,#FFEBD2,#FFEBD2,#FFFFFF,#FFFFFF,#CBDEF0,#FFFFFF,#D5E5F3,#FFF6EB,#FFF7EE,#D9E7F4,#FDFDFE,#F1F6FB,"1622777,,James Graham","1923924,,Sami Pissis","2115898,,Koron Davis","2144725,,Kintavious Dozier","2352022,,P.J. Eason",2025
"M. Ajayi / F. Bizjack / D. Jones / J. Kaiser, Jr. / A. Robinson",Butler,112.020821745137,92.264894355407,19.7559273897302,24.0159625196229,233,227,6.77941426707757,3.36167119385234,105.150214592275,102.202643171806,2.94757142046851,#FFEBD2,#FFEBD2,#FFEBD2,#FFEBD2,#FFFFFF,#FFEBD2,#FFFFFF,#FFEBD2,#FFFFFF,#FFEBD2,#FFEBD2,#FFEBD2,#FFFFFF,#FFFFFF,#FFFFFF,#FFD7A5,#FFD7A5,#FFFFFF,#FFFFFF,#CBDEF0,#FFFFFF,#F3F7FB,#FFE4C3,#FFEBD2,#FBFCFD,#FFD6A2,#FFE9CE,"2092579,,Finley Bizjack","2098967,,Michael Ajayi","2110182,,Jamie Kaiser, Jr.","2153852,,Drayton Jones","2472770,,Azavier Robinson",2025
"M. Ajayi / F. Bizjack / D. Jones / J. Kaiser, Jr. / E. Oliogu-Elabor",Butler,123.004055016248,84.1218693103946,38.8821857058536,28.1653036325806,147,150,33.2155102040816,3.30296775341562,118.367346938776,96,22.3673469387755,#FFEBD2,#FFEBD2,#FFEBD2,#FFEBD2,#FFEBD2,#FFEBD2,#FFFFFF,#FFFFFF,#FFFFFF,#FFD7A5,#FFEBD2,#FFEBD2,#FFFFFF,#FFFFFF,#FFEBD2,#FFEBD2,#FFD7A5,#FFFFFF,#FFFFFF,#CBDEF0,#FFFFFF,#FFEBD3,#FFCB8A,#FFDAAB,#FFF9F2,#FFCF92,#FFE9CD,"2092579,,Finley Bizjack","2098967,,Michael Ajayi","2110182,,Jamie Kaiser, Jr.","2153852,,Drayton Jones","2472768,,Efeosa Oliogu-Elabor",2025
"M. Ajayi / F. Bizjack / J. Kaiser, Jr. / E. Oliogu-Elabor / Y. Traore",Butler,110.690130485492,118.656762963226,-7.96663247773451,12.7140453355602,128,119,-30.5344669117647,3.35152644562957,104.6875,129.411764705882,-24.7242647058824,#FFEBD2,#FFFFFF,#FFEBD2,#FFD7A5,#FFEBD2,#FFEBD2,#FFFFFF,#FFFFFF,#FFFFFF,#FFEBD2,#FFEBD2,#FFFFFF,#FFEBD2,#FFFFFF,#FFFFFF,#FFD7A5,#FFD7A5,#FFFFFF,#FFFFFF,#CBDEF0,#FFFFFF,#EDF4FA,#E2EDF6,#C0D8EC,#FAFBFD,#FFE9CE,#FDFEFE,"1905717,,Yohan Traore","2092579,,Finley Bizjack","2098967,,Michael Ajayi","2110182,,Jamie Kaiser, Jr.","2472768,,Efeosa Oliogu-Elabor",2025
T. Davis / J. Dix / J. Green / A. Swartz / I. Traudt,Creighton,119.333369660998,95.7614708994241,23.5718987615736,20.9571735424035,177,171,12.4002378828427,3.2890650531374,113.559322033898,106.432748538012,7.12657349588661,#FFEBD2,#FFFFFF,#FFEBD2,#FFD7A5,#FFEBD2,#DCE9F5,#FFD7A5,#FFD7A5,#FFEBD2,#DCE9F5,#FFFFFF,#FFFFFF,#FFEBD2,#DCE9F5,#DCE9F5,#FFD7A5,#DCE9F5,#FFFFFF,#FFFFFF,#CBDEF0,#FFFFFF,#FFF4E7,#FFDFB8,#FFF2E3,#FFFAF4,#FFDBAE,#FFF6EC,"1895641,,Isaac Traudt","1896056,,Josh Dix","1908624,,Jasen Green","2315487,,Ty Davis","2319602,,Austin Swartz",2025
J. Dix / N. Graves / J. Green / A. Swartz / I. Traudt,Creighton,128.546352829615,103.551856859967,24.994495969648,28.7466557791112,160,161,14.1808229813665,3.23181844858798,122.5,113.664596273292,8.83540372670808,#FFD7A5,#FFFFFF,#FFEBD2,#FFEBD2,#FFD7A5,#FFFFFF,#FFD7A5,#FFD7A5,#FFD7A5,#DCE9F5,#FFFFFF,#FFEBD2,#FFD7A5,#DCE9F5,#DCE9F5,#FFD7A5,#FFFFFF,#FFFFFF,#FFFFFF,#CBDEF0,#FFFFFF,#FFDEB6,#FFDDB3,#F7FAFC,#FFE6C8,#FFCE90,#FFFBF6,"1895641,,Isaac Traudt","1896056,,Josh Dix","1908624,,Jasen Green","1908636,,Nik Graves","2319602,,Austin Swartz",2025
J. Dix / N. Graves / J. Green / I. Traudt / F. Zugic,Creighton,109.352673844542,91.6791801026,17.6734937419417,20.5733890644134,150,144,-2.0825,3.81803208172167,100.666666666667,102.083333333333,-1.41666666666667,#FFD7A5,#FFFFFF,#FFEBD2,#FFEBD2,#FFD7A5,#FFFFFF,#FFD7A5,#FFD7A5,#FFD7A5,#DCE9F5,#FFFFFF,#FFEBD2,#FFD7A5,#DCE9F5,#DCE9F5,#FFD7A5,#FFFFFF,#FFFFFF,#FFFFFF,#CBDEF0,#FFFFFF,#E8F1F8,#FFE7C9,#FFEACF,#FFF9F3,#FFDCAF,#FFF8EF,"1895641,,Isaac Traudt","1896056,,Josh Dix","1908624,,Jasen Green","1908636,,Nik Graves","2315486,,Fedor Zugic",2025
D. Garcia / R. Harrison / G. Hunt / T. Mosher / N. Pagotto,East Texas A&M,108.034738871712,99.8699498643262,8.16478900738609,7.86247432806557,335,317,15.1280945430576,0.704853841780433,107.164179104478,102.523659305994,4.64051979848392,#FFFFFF,#FFFFFF,#FFFFFF,#FFFFFF,#FFEBD2,#FFD7A5,#FFFFFF,#CBDEF0,#FFFFFF,#DCE9F5,#FFEBD2,#FFEBD2,#DCE9F5,#FFEBD2,#FFFFFF,#FFFFFF,#FFFFFF,#FFFFFF,#FFFFFF,#CBDEF0,#FFFFFF,#E3EDF6,#FFF4E6,#FFFBF6,#E1ECF6,#FFF1E0,#FFFAF5,"1320995,,Gianni Hunt","1702470,,Tay Mosher","2132386,,Noah Pagotto","2317040,,Ronnie Harrison","2563966,,Damian Garcia",2025
Z. Collins / C. Faas / D. Gory / J. Heidbreder / W. Jacques,Fresno State,116.702412233559,99.6193737120469,17.0830385215125,18.1970698940757,296,297,33.0995882245883,1.18392047161526,115.540540540541,104.377104377104,11.1634361634362,#FFFFFF,#FFEBD2,#FFEBD2,#FFFFFF,#FFFFFF,#FFD7A5,#FFFFFF,#FFFFFF,#FFEBD2,#FFFFFF,#FFEBD2,#FFFFFF,#FFFFFF,#FFFFFF,#FFFFFF,#FFEBD2,#FFFFFF,#FFFFFF,#FFFFFF,#CBDEF0,#FFFFFF,#FFFAF5,#FFE8CB,#FFFAF5,#F8FAFD,#FFE0B9,#FFF3E5,"1688619,,Jake Heidbreder","2137299,,Cameron Faas","2321402,,Zaon Collins","2543791,,Wilson Jacques","2543794,,DeShawn Gory",2025
Z. Collins / D. Douglas Jr. / D. Gory / J. Heidbreder / W. Jacques,Fresno State,115.319223931994,106.715623004419,8.60360092757525,15.8785065373851,166,165,-5.13599853961302,2.34138466160122,112.048192771084,115.151515151515,-3.10332238043083,#FFEBD2,#FFFFFF,#FFFFFF,#FFFFFF,#FFFFFF,#FFD7A5,#FFFFFF,#FFFFFF,#FFEBD2,#FFFFFF,#FFFFFF,#FFFFFF,#FFFFFF,#FFFFFF,#FFFFFF,#FFD7A5,#FFEBD2,#FFFFFF,#FFFFFF,#CBDEF0,#FFFFFF,#FFFDFC,#FFF3E5,#ECF3F9,#F6F9FC,#FFE4C1,#FFF7ED,"1688619,,Jake Heidbreder","2093340,,David Douglas Jr.","2321402,,Zaon Collins","2543791,,Wilson Jacques","2543794,,DeShawn Gory",2025
C. Faas / D. Gory / J. Heidbreder / W. Jacques / B. Rieber,Fresno State,94.1211554360042,100.257860157052,-6.13670472104741,5.23817288702464,137,131,-24.0120354376776,2.35654494201106,91.2408759124088,109.160305343511,-17.9194294311027,#FFFFFF,#FFFFFF,#FFEBD2,#FFFFFF,#FFFFFF,#FFEBD2,#FFFFFF,#FFFFFF,#FFEBD2,#FFFFFF,#FFFFFF,#FFFFFF,#FFFFFF,#DCE9F5,#FFFFFF,#FFFFFF,#FFFFFF,#FFFFFF,#FFFFFF,#CBDEF0,#FFFFFF,#A9CAE6,#E9F1F8,#FFFCF8,#CDE0F0,#FFF6EA,#FFF4E7,"1688619,,Jake Heidbreder","2137299,,Cameron Faas","2543791,,Wilson Jacques","2543793,,Bastien Rieber","2543794,,DeShawn Gory",2025
S. Alexis / T. DeVries / N. Dorn / C. Enright / L. Wilkerson,Indiana,120.53617490525,97.13830620286,23.3978687023899,28.8718494232298,309,294,1.13503071131366,4.60428148765452,112.621359223301,112.244897959184,0.3764612641173,#FFD7A5,#FFEBD2,#FFEBD2,#FFFFFF,#FFD7A5,#FFD7A5,#FFD7A5,#FFD7A5,#FFD7A5,#FFFFFF,#FFFFFF,#FFEBD2,#FFEBD2,#DCE9F5,#FFFFFF,#FFFFFF,#FFFFFF,#FFFFFF,#FFFFFF,#CBDEF0,#FFFFFF,#FFF1E0,#FFDFB8,#FFF5E9,#FFF3E4,#FFCD90,#FFEED8,"1687948,,Tucker DeVries","1687955,,Conor Enright","1890625,,Lamar Wilkerson","1916732,,Sam Alexis","2147098,,Nick Dorn",2025
R. Bailey / T. Conerway / T. DeVries / C. Enright / L. Wilkerson,Indiana,117.159284856791,81.2087754835198,35.9505093732714,33.3780089190868,215,218,57.0373799871986,1.92105984350429,114.418604651163,88.0733944954129,26.3452101557499,#FFD7A5,#FFEBD2,#FFFFFF,#FFFFFF,#FFD7A5,#FFD7A5,#FFEBD2,#FFD7A5,#FFD7A5,#DCE9F5,#FFFFFF,#FFD7A5,#FFFFFF,#FFEBD2,#DCE9F5,#FFFFFF,#FFD7A5,#FFFFFF,#FFFFFF,#CBDEF0,#FFFFFF,#FFF9F2,#FFCF92,#FFD49D,#FFF1E1,#FFC67E,#FFE6C7,"1687948,,Tucker DeVries","1687955,,Conor Enright","1890625,,Lamar Wilkerson","1925899,,Reed Bailey","2114200,,Tayton Conerway",2025
R. Bailey / T. DeVries / N. Dorn / C. Enright / L. Wilkerson,Indiana,128.819165102578,101.340092175716,27.4790729268613,31.3517625365823,202,192,13.1556827557756,4.16021227514124,121.782178217822,115.104166666667,6.67801155115511,#FFD7A5,#FFEBD2,#FFEBD2,#FFFFFF,#FFD7A5,#FFD7A5,#FFFFFF,#FFD7A5,#FFD7A5,#DCE9F5,#FFFFFF,#FFEBD2,#FFEBD2,#DCE9F5,#DCE9F5,#FFEBD2,#FFEBD2,#FFFFFF,#FFFFFF,#CBDEF0,#FFFFFF,#FFDEB4,#FFDAAC,#FFFEFD,#FFE8CD,#FFC986,#FFF3E5,"1687948,,Tucker DeVries","1687955,,Conor Enright","1890625,,Lamar Wilkerson","1925899,,Reed Bailey","2147098,,Nick Dorn",2025
S. Alexis / T. Conerway / T. DeVries / C. Enright / L. Wilkerson,Indiana,131.951676921138,107.139565932383,24.8121109887553,38.0571226539854,188,188,17,3.15391155945319,126.063829787234,117.021276595745,9.04255319148937,#FFD7A5,#FFD7A5,#FFFFFF,#FFFFFF,#FFD7A5,#FFD7A5,#FFD7A5,#FFD7A5,#FFEBD2,#FFFFFF,#FFFFFF,#FFD7A5,#FFFFFF,#FFEBD2,#FFFFFF,#FFFFFF,#FFEBD2,#FFFFFF,#FFFFFF,#CBDEF0,#FFFFFF,#FFD6A4,#FFDEB4,#EAF2F9,#FFE4C3,#FFBE6C,#FFEAD0,"1687948,,Tucker DeVries","1687955,,Conor Enright","1890625,,Lamar Wilkerson","1916732,,Sam Alexis","2114200,,Tayton Conerway",2025
M. Amey Jr. / R. Brown Jr. / A. McBride / J. Shelley / J. Vide,Loyola Marymount,109.758768193365,101.803513912852,7.95525428051311,14.7696249972826,155,153,3.831330381615,1.09347548186691,109.677419354839,107.18954248366,2.48787687117857,#FFEBD2,#FFFFFF,#FFFFFF,#FFEBD2,#FFEBD2,#FFEBD2,#FFFFFF,#FFEBD2,#FFFFFF,#DCE9F5,#FFFFFF,#FFEBD2,#FFFFFF,#FFFFFF,#FFFFFF,#FFEBD2,#FFEBD2,#FFFFFF,#FFFFFF,#CBDEF0,#FFFFFF,#EAF2F8,#FFF4E7,#FEFEFE,#EEF4FA,#FFE5C6,#FFF4E7,"1728018,,Myron Amey Jr.","2099457,,Aaron McBride","2099869,,Rodney Brown Jr.","2106228,,Jan Vide","2328171,,Jalen Shelley",2025
M. Amey Jr. / R. Brown Jr. / R. Jocius / J. Shelley / J. Vide,Loyola Marymount,119.539778483397,103.72441273619,15.815365747207,15.0151657766157,135,136,8.1403322440087,1.96154809497517,117.037037037037,111.029411764706,6.00762527233114,#FFFFFF,#FFFFFF,#FFEBD2,#FFEBD2,#FFEBD2,#FFEBD2,#FFFFFF,#FFEBD2,#FFFFFF,#DCE9F5,#FFFFFF,#FFFFFF,#FFFFFF,#FFFFFF,#FFFFFF,#FFFFFF,#FFFFFF,#FFFFFF,#FFFFFF,#CBDEF0,#FFFFFF,#FFF3E6,#FFE9CF,#F7FAFC,#F5F9FC,#FFE5C5,#FFF8F0,"1728018,,Myron Amey Jr.","1932412,,Rokas Jocius","2099869,,Rodney Brown Jr.","2106228,,Jan Vide","2328171,,Jalen Shelley",2025
M. Mackinnon / M. Nwoko / M. Sutton / P. Tamba / D. Thomas Jr.,LSU,134.768703773819,93.6148072342193,41.1538965395997,36.2342860226072,280,283,99.4344396769308,1.16616547652165,132.142857142857,96.8197879858657,35.3230691569914,#FFD7A5,#FFEBD2,#FFEBD2,#FFEBD2,#FFD7A5,#FFD7A5,#FFEBD2,#FFFFFF,#FFEBD2,#FFEBD2,#FFEBD2,#FFEBD2,#FFFFFF,#DCE9F5,#FFFFFF,#FFFFFF,#FFD7A5,#FFFFFF,#FFFFFF,#CBDEF0,#FFFFFF,#FFD095,#FFC883,#FFEED8,#FFE3C2,#FFC173,#FFEEDA,"1701870,,Pablo Tamba","1917961,,Marquel Sutton","1946382,,Max Mackinnon","2118682,,Michael Nwoko","2126210,,Dedan Thomas Jr.",2025
M. Mackinnon / M. Nwoko / J. Reece / M. Sutton / P. Tamba,LSU,118.175977491305,114.739034801943,3.43694268936202,19.7093815837333,180,186,-34.763440860215,4.48667169199426,111.111111111111,130.10752688172,-18.9964157706093,#FFEBD2,#FFEBD2,#FFEBD2,#FFEBD2,#FFD7A5,#FFEBD2,#FFEBD2,#FFFFFF,#FFEBD2,#FFEBD2,#FFEBD2,#FFFFFF,#FFFFFF,#FFFFFF,#FFFFFF,#FFFFFF,#FFD7A5,#FFFFFF,#FFFFFF,#CBDEF0,#FFFFFF,#FFF7ED,#FFFAF4,#CEE1F1,#FFFBF7,#FFDDB3,#FFF8EF,"1701870,,Pablo Tamba","1917961,,Marquel Sutton","1946382,,Max Mackinnon","2118682,,Michael Nwoko","2486086,,Jalen Reece",2025
M. Mackinnon / R. Miller III / J. Reece / M. Sutton / P. Tamba,LSU,118.200240993344,95.99038247712,22.2098585162238,22.8856073710312,125,128,-0.656218749999987,4.54572170324475,111.2,111.71875,-0.51874999999999,#FFEBD2,#FFEBD2,#FFEBD2,#FFEBD2,#FFEBD2,#FFEBD2,#FFEBD2,#FFFFFF,#FFFFFF,#FFFFFF,#FFEBD2,#FFFFFF,#FFFFFF,#FFFFFF,#FFEBD2,#FFFFFF,#FFEBD2,#FFFFFF,#FFFFFF,#CBDEF0,#FFFFFF,#FFF7ED,#FFE1BC,#FFF3E4,#FBFCFD,#FFD8A7,#FFECD4,"1701870,,Pablo Tamba","1917961,,Marquel Sutton","1946382,,Max Mackinnon","2281243,,Robert Miller III","2486086,,Jalen Reece",2025
A. Achor / Q. Ballard / J. Epps / J. Hubbard / S. Jones Jr.,Mississippi State,106.101995634182,97.1836038336724,8.91839180051001,18.8540889626585,242,247,-30.7271388898183,4.29714575395217,99.1735537190083,111.740890688259,-12.5673369692509,#FFEBD2,#FFEBD2,#FFFFFF,#FFEBD2,#FFD7A5,#FFD7A5,#FFD7A5,#FFFFFF,#FFFFFF,#FFEBD2,#FFEBD2,#FFFFFF,#FFFFFF,#FFFFFF,#FFD7A5,#FFEBD2,#FFEBD2,#FFFFFF,#FFFFFF,#CBDEF0,#FFFFFF,#DBE8F4,#FFF3E4,#FFF5E9,#EBF3F9,#FFDEB6,#FFEAD1,"1602449,,Quincy Ballard","1894336,,Achor Achor","1909621,,Jayden Epps","1915442,,Shawn Jones Jr.","2125129,,Josh Hubbard",2025
A. Achor / Q. Ballard / J. Hubbard / S. Jones Jr. / J. McGhee,Mississippi State,118.437144366382,87.9222464127853,30.5148979535963,26.874074797628,139,138,15.9352257324575,3.80186396148352,112.230215827338,100.724637681159,11.5055781461787,#FFEBD2,#FFEBD2,#FFFFFF,#FFFFFF,#FFD7A5,#FFEBD2,#FFD7A5,#FFFFFF,#FFFFFF,#FFEBD2,#FFEBD2,#FFFFFF,#FFFFFF,#FFFFFF,#FFD7A5,#FFEBD2,#FFEBD2,#FFFFFF,#FFFFFF,#CBDEF0,#FFFFFF,#FFF6EB,#FFD6A3,#FFE2BD,#FDFEFE,#FFD197,#FFE5C5,"1602449,,Quincy Ballard","1894336,,Achor Achor","1915442,,Shawn Jones Jr.","2125129,,Josh Hubbard","2321242,,Ja'Borri McGhee",2025
Dey. Albury / Tom. Buljan / Ant. Chol / Jak. Hall / Luk. Haupt,New Mexico,116.514049441781,104.360646587595,12.153402854186,21.1323500444533,336,328,10.0737514518002,1.8238280737408,113.095238095238,110.060975609756,3.034262485482,#FFEBD2,#FFEBD2,#FFEBD2,#FFFFFF,#DCE9F5,#FFD7A5,#FFEBD2,#FFEBD2,#FFFFFF,#FFEBD2,#FFEBD2,#FFFFFF,#FFFFFF,#FFFFFF,#FFFFFF,#FFEBD2,#FFEBD2,#FFFFFF,#FFFFFF,#CBDEF0,#FFFFFF,#FFFBF6,#FFEEDA,#F4F8FC,#FEFEFE,#FFDBAD,#FFF1DF,"1623679,,Luke Haupt","1890494,,Antonio Chol","2146775,,Deyton Albury","2543853,,Tomislav Buljan","2543854,,Jake Hall",2025
Jak. Hall / Luk. Haupt / Taj. Miller / JT. Rock / Uri. Tenette,New Mexico,105.76168018348,86.7392556461432,19.0224245373366,22.451575374517,171,174,19.931941923775,1.49353511920355,103.508771929825,91.9540229885057,11.5547489413188,#FFEBD2,#FFEBD2,#FFFFFF,#FFEBD2,#FFFFFF,#FFEBD2,#FFFFFF,#FFEBD2,#FFFFFF,#FFFFFF,#FFFFFF,#FFFFFF,#FFD7A5,#FFFFFF,#FFEBD2,#FFFFFF,#FFFFFF,#FFFFFF,#FFFFFF,#CBDEF0,#FFFFFF,#D9E7F4,#FFE5C5,#FFDFB8,#F1F6FB,#FFD8A8,#FFE6C8,"1623679,,Luke Haupt","1932406,,Tajavis Miller","2099048,,JT Rock","2543851,,Uriah Tenette","2543854,,Jake Hall",2025
Dey. Albury / Tom. Buljan / Jak. Hall / Luk. Haupt / Uri. Tenette,New Mexico,126.07295172662,78.2371182603693,47.8358334662505,34.2736763410138,145,148,52.1283317800559,2.45067088709912,122.068965517241,86.4864864864865,35.5824790307549,#FFEBD2,#FFEBD2,#DCE9F5,#FFFFFF,#DCE9F5,#FFD7A5,#FFFFFF,#FFD7A5,#FFFFFF,#FFEBD2,#FFEBD2,#FFEBD2,#FFFFFF,#FFD7A5,#DCE9F5,#FFFFFF,#FFD7A5,#FFFFFF,#FFFFFF,#CBDEF0,#FFFFFF,#FFE4C3,#FFBF6F,#FFCD8F,#FFF3E4,#FFC47B,#FFE3C0,"1623679,,Luke Haupt","2146775,,Deyton Albury","2543851,,Uriah Tenette","2543853,,Tomislav Buljan","2543854,,Jake Hall",2025
Tom. Buljan / Ant. Chol / Jak. Hall / Luk. Haupt / Uri. Tenette,New Mexico,122.226082323249,109.655341407366,12.5707409158829,24.9003351730535,134,127,2.76827476789283,2.08989151376772,118.65671641791,116.535433070866,2.12128334704431,#FFEBD2,#FFEBD2,#FFFFFF,#FFFFFF,#CBDEF0,#FFD7A5,#FFFFFF,#FFEBD2,#FFFFFF,#FFEBD2,#FFFFFF,#FFFFFF,#FFD7A5,#FFFFFF,#FFFFFF,#FFEBD2,#FFFFFF,#FFFFFF,#FFFFFF,#CBDEF0,#FFFFFF,#FFEDD7,#FFEED9,#E1ECF6,#FFFAF4,#FFD49F,#FFEEDA,"1623679,,Luke Haupt","1890494,,Antonio Chol","2543851,,Uriah Tenette","2543853,,Tomislav Buljan","2543854,,Jake Hall",2025
D. Bacchus / K. de Kovachich / D. Howell / C. Jefferson / C. Williams,North Alabama,106.003748105371,115.793075950804,-9.78932784543215,-4.71311406854324,407,404,-40.392661225582,0.0343741954305602,108.108108108108,118.069306930693,-9.96119882258495,#FFFFFF,#DCE9F5,#FFFFFF,#FFFFFF,#FFEBD2,#FFFFFF,#FFFFFF,#DCE9F5,#FFFFFF,#FFFFFF,#FFFFFF,#DCE9F5,#FFEBD2,#FFFFFF,#FFFFFF,#FFEBD2,#FFEBD2,#FFFFFF,#FFFFFF,#CBDEF0,#FFFFFF,#DAE8F4,#DCE9F4,#CADEEF,#DCE9F4,#E5EFF7,#DFEBF5,"1611822,,Dallas Howell","1912221,,Corneilous Williams","2147818,,Canin Jefferson","2345954,,Donte Bacchus","2345960,,Kevin de Kovachich",2025
D. Bacchus / K. de Kovachich / D. Howell / B. Patton / C. Williams,North Alabama,93.8119193096482,110.555426170146,-16.7435068604978,-12.9244605969639,291,296,-61.7659805423981,0.86022404816607,94.1580756013746,115.202702702703,-21.0446271013281,#FFFFFF,#DCE9F5,#FFFFFF,#FFFFFF,#FFFFFF,#FFFFFF,#FFFFFF,#DCE9F5,#DCE9F5,#FFFFFF,#FFFFFF,#DCE9F5,#FFFFFF,#FFFFFF,#FFFFFF,#FFEBD2,#FFFFFF,#FFFFFF,#FFFFFF,#CBDEF0,#FFFFFF,#A8C9E6,#C3DAED,#DEEAF5,#BDD6EC,#B8D3EA,#E1ECF6,"1611822,,Dallas Howell","1912221,,Corneilous Williams","2345954,,Donte Bacchus","2345960,,Kevin de Kovachich","2563756,,Braylon Patton",2025
D. Bacchus / K. de Kovachich / C. Graham-Howard / D. Howell / C. Williams,North Alabama,107.664840358492,107.680867233324,-0.0160268748316629,-4.37853435629294,128,124,-2.50856854838711,0.394980108904637,111.71875,113.709677419355,-1.99092741935485,#FFFFFF,#DCE9F5,#FFEBD2,#FFFFFF,#FFFFFF,#FFFFFF,#FFFFFF,#DCE9F5,#DCE9F5,#FFFFFF,#FFFFFF,#DCE9F5,#FFFFFF,#FFFFFF,#FFEBD2,#FFD7A5,#FFFFFF,#FFFFFF,#FFFFFF,#CBDEF0,#FFFFFF,#E1ECF6,#FEFEFE,#E8F1F8,#D8E6F3,#E7F0F8,#E4EEF7,"1611822,,Dallas Howell","1912221,,Corneilous Williams","2345954,,Donte Bacchus","2345960,,Kevin de Kovachich","2563754,,Cortez Graham-Howard",2025
D. Badalau / J. Davis / T. Francis / D. Grant / E. Ogbole,Rutgers,104.743902249286,90.5830038921284,14.1608983571573,13.169674248749,125,119,17.1333109243698,0.0234401756331429,104.8,90.7563025210084,14.0436974789916,#FFEBD2,#FFFFFF,#FFFFFF,#FFEBD2,#FFFFFF,#FFFFFF,#FFFFFF,#FFFFFF,#FFFFFF,#FFD7A5,#FFFFFF,#FFFFFF,#FFEBD2,#FFFFFF,#FFEBD2,#FFEBD2,#FFEBD2,#FFFFFF,#FFFFFF,#CBDEF0,#FFFFFF,#D5E5F3,#FFECD4,#FFE7CA,#E6EFF8,#FFE8CC,#FFF3E4,"2106177,,Jamichael Davis","2107281,,Emmanuel Ogbole","2117672,,Tariq Francis","2292684,,Dylan Grant","2474222,,Denis Badalau",2025
B. Durodola / D. Ford / G. Griffiths / J. Mason / A. Tobiason,Temple,112.826139281834,104.419194709184,8.40694457265008,9.88614211764978,441,420,17.1321428571428,0.885470547183079,110.884353741497,106.904761904762,3.97959183673469,#FFEBD2,#FFFFFF,#FFFFFF,#FFEBD2,#FFEBD2,#FFEBD2,#FFFFFF,#FFFFFF,#FFD7A5,#FFFFFF,#FFFFFF,#FFFFFF,#FFD7A5,#FFFFFF,#FFFFFF,#FFFFFF,#FFEBD2,#FFFFFF,#FFFFFF,#CBDEF0,#FFFFFF,#F6F9FC,#FFF3E5,#F4F8FC,#F7FAFC,#FFEED9,#F6F9FC,"1890897,,Jordan Mason","1895224,,Derrian Ford","2107279,,Gavin Griffiths","2287297,,Aiden Tobiason","2305465,,Babatunde Durodola",2025
J. Felt / D. Ford / G. Griffiths / J. Mason / A. Tobiason,Temple,112.107325382457,88.9618469365188,23.1454784459386,17.624901007231,328,341,60.1781793147844,1.03099827126339,110.365853658537,92.375366568915,17.9904870896216,#FFEBD2,#FFFFFF,#FFEBD2,#FFEBD2,#FFEBD2,#FFEBD2,#FFFFFF,#FFFFFF,#FFEBD2,#FFFFFF,#FFEBD2,#FFFFFF,#FFEBD2,#FFFFFF,#FFEBD2,#FFEBD2,#FFEBD2,#FFFFFF,#FFFFFF,#CBDEF0,#FFFFFF,#F3F8FB,#FFE0B9,#FFE4C2,#F2F7FB,#FFE1BB,#FFF1E0,"1890448,,Jamai Felt","1890897,,Jordan Mason","1895224,,Derrian Ford","2107279,,Gavin Griffiths","2287297,,Aiden Tobiason",2025
I. Chappell / N. Cooper / N. Rocak / C. Sevilla / M. Wilson,UC Davis,108.789955530326,87.1897597599492,21.6001957703768,14.8378629219338,240,226,39.2457227138643,0.951307590653525,106.666666666667,89.8230088495575,16.8436578171091,#FFEBD2,#FFFFFF,#FFFFFF,#FFFFFF,#FFEBD2,#FFFFFF,#FFFFFF,#FFFFFF,#FFEBD2,#DCE9F5,#FFEBD2,#FFFFFF,#FFFFFF,#FFFFFF,#FFFFFF,#FFFFFF,#FFEBD2,#FFFFFF,#FFFFFF,#CBDEF0,#FFFFFF,#E6EFF7,#FFE2BE,#FFE0BA,#EAF2F9,#FFE5C5,#FFF2E2,"1611547,,Niko Rocak","2098968,,Nils Cooper","2147435,,Connor Sevilla","2282764,,Marcus Wilson","2349246,,Isaiah Chappell",2025
J. Davis / M. Fofana / L. Hughes II / D. Loury / J. O'Garro,Cal State Northridge,98.6348590945196,94.9410375515127,3.6938215430069,3.84853204477685,394,391,0.0687908136107879,0.735259044213569,97.7157360406091,97.6982097186701,0.0175263219390542,#FFFFFF,#FFFFFF,#FFFFFF,#FFFFFF,#FFEBD2,#FFEBD2,#FFFFFF,#FFFFFF,#FFFFFF,#FFFFFF,#FFFFFF,#FFEBD2,#FFFFFF,#FFFFFF,#FFFFFF,#FFFFFF,#FFEBD2,#FFFFFF,#FFFFFF,#CBDEF0,#FFFFFF,#BCD5EB,#FFFAF3,#FFF0DF,#CBDEF0,#FFF8F0,#FFF6EA,"1602934,,Joshua O'Garro","1894969,,Mahmoud Fofana","1912260,,Josiah Davis","1927157,,Larry Hughes II","2474926,,Davius Loury",2025
J. Davis / J. Evans Jr. / M. Fofana / L. Hughes II / J. O'Garro,Cal State Northridge,113.334194141922,101.501230433194,11.8329637087279,11.6645962756044,353,334,29.5568141337721,0.645671977042683,111.898016997167,103.293413173653,8.60460382351445,#FFFFFF,#FFFFFF,#FFFFFF,#FFFFFF,#FFEBD2,#FFEBD2,#FFFFFF,#FFFFFF,#DCE9F5,#FFFFFF,#FFFFFF,#FFEBD2,#DCE9F5,#FFFFFF,#FFFFFF,#FFEBD2,#FFEBD2,#FFFFFF,#FFFFFF,#CBDEF0,#FFFFFF,#F8FBFD,#FFEFDB,#FFFEFE,#EEF4FA,#FFEBD2,#FFFAF5,"1602934,,Joshua O'Garro","1894969,,Mahmoud Fofana","1912260,,Josiah Davis","1927157,,Larry Hughes II","2345778,,James Evans Jr.",2025
J. Brinson / J. Davis / M. Fofana / L. Hughes II / J. O'Garro,Cal State Northridge,119.739394012937,118.187434268885,1.55195974405255,9.97894600022948,217,224,2.38155241935482,0.0943781239257201,120.276497695853,119.196428571429,1.08006912442395,#FFFFFF,#FFFFFF,#DCE9F5,#FFFFFF,#FFD7A5,#FFEBD2,#FFFFFF,#FFFFFF,#FFFFFF,#FFFFFF,#FFEBD2,#FFEBD2,#FFFFFF,#FFFFFF,#FFFFFF,#FFEBD2,#FFFFFF,#FFFFFF,#FFFFFF,#CBDEF0,#FFFFFF,#FFF3E5,#FFFCFA,#C2D9ED,#F8FAFD,#FFEED8,#F5F9FC,"1351120,,Jordan Brinson","1602934,,Joshua O'Garro","1894969,,Mahmoud Fofana","1912260,,Josiah Davis","1927157,,Larry Hughes II",2025
"M. Frazier / J. Jones / J. Rodgers / M. Sanchez / D. Smith, Jr.",Central Connecticut,108.936481064925,105.782406958694,3.1540741062305,-0.218290493926476,394,395,28.0760907280087,-0.792561134546482,111.167512690355,104.050632911392,7.11687977896291,#FFFFFF,#DCE9F5,#FFFFFF,#FFFFFF,#FFFFFF,#FFEBD2,#FFFFFF,#FFEBD2,#FFEBD2,#DCE9F5,#FFFFFF,#FFFFFF,#FFFFFF,#DCE9F5,#FFFFFF,#FFD7A5,#FFFFFF,#FFFFFF,#FFFFFF,#CBDEF0,#FFFFFF,#E6EFF7,#FFFAF5,#EFF5FA,#E3EDF6,#FDFEFE,#E8F0F8,"1609006,,Jay Rodgers","1925402,,Melo Sanchez","2107891,,Darin Smith, Jr.","2110189,,Max Frazier","2301213,,James Jones",2025
R. Ballard / R. Coffee III / D. Franklin / J. Muttilib / D. Ward,Grambling,89.2584309554674,106.513723765564,-17.2552928100963,-6.19646392893007,204,200,-21.9229411764706,-1.28047032672515,92.6470588235294,103.5,-10.8529411764706,#FFFFFF,#FFFFFF,#FFEBD2,#FFFFFF,#FFFFFF,#FFFFFF,#DCE9F5,#FFFFFF,#FFEBD2,#FFFFFF,#DCE9F5,#FFFFFF,#FFFFFF,#FFEBD2,#DCE9F5,#FFFFFF,#DCE9F5,#FFFFFF,#FFFFFF,#CBDEF0,#FFFFFF,#95BEE0,#C1D8ED,#EDF3F9,#BAD4EB,#DDEAF5,#FCFDFE,"1614749,,Derrius Ward","1926009,,Rickey Ballard","2161125,,Roderick Coffee III","2302345,,Jamil Muttilib","2360101,,Devyn Franklin",2025
T. Coleman / J. Kinziger / T. Pence / B. Skunberg / C. Walker,Illinois State,101.719699347773,89.4768468836124,12.2428524641606,17.6513365946705,261,254,13.2335128367575,1.42072483560823,99.2337164750958,94.0944881889764,5.13922828611941,#FFEBD2,#FFEBD2,#DCE9F5,#FFFFFF,#FFEBD2,#FFD7A5,#FFEBD2,#FFEBD2,#FFFFFF,#FFFFFF,#FFEBD2,#FFEBD2,#DCE9F5,#FFFFFF,#DCE9F5,#FFFFFF,#FFD7A5,#FFFFFF,#FFFFFF,#CBDEF0,#FFFFFF,#C9DDEF,#FFEEDA,#FFE5C5,#E5EEF7,#FFE1BB,#FFE9CE,"1612276,,Boden Skunberg","2097919,,Ty Pence","2097921,,Johnny Kinziger","2097923,,Chase Walker","2481868,,Ty'Reek Coleman",2025
J. Blakley / D. Garang / S. Jackson / T. Mosquera / J. Sanders,Le Moyne,93.0499725308393,109.72489615842,-16.6749236275804,-8.7226399222452,224,224,-34,-0.299270439801786,94.6428571428571,109.821428571429,-15.1785714285714,#FFFFFF,#DCE9F5,#DCE9F5,#FFFFFF,#FFFFFF,#FFEBD2,#FFFFFF,#FFFFFF,#FFFFFF,#DCE9F5,#FFFFFF,#FFFFFF,#FFFFFF,#CBDEF0,#FFFFFF,#FFFFFF,#FFFFFF,#FFFFFF,#FFFFFF,#CBDEF0,#FFFFFF,#A5C7E5,#C3DAED,#E1ECF6,#C3D9ED,#CFE1F1,#EAF2F9,"1946960,,Trent Mosquera","2117024,,Shilo Jackson","2319849,,Jakai Sanders","2337434,,Jakob Blakley","2337435,,Deng Garang",2025
D. Garang / S. Jackson / T. Mosquera / T. Rainwater / J. Sanders,Le Moyne,111.889575789967,103.020605998245,8.86896979172168,8.58723880017367,212,212,26,-0.679036230334906,112.735849056604,100.471698113208,12.2641509433962,#FFFFFF,#FFFFFF,#FFFFFF,#FFFFFF,#FFFFFF,#FFEBD2,#FFEBD2,#FFFFFF,#FFFFFF,#FFFFFF,#FFEBD2,#FFEBD2,#CBDEF0,#DCE9F5,#FFFFFF,#FFFFFF,#FFEBD2,#FFFFFF,#FFFFFF,#CBDEF0,#FFFFFF,#F2F7FB,#FFF3E4,#F9FBFD,#E9F1F8,#FFF0DE,#FFFEFD,"1946960,,Trent Mosquera","2116989,,Tennessee Rainwater","2117024,,Shilo Jackson","2319849,,Jakai Sanders","2337435,,Deng Garang",2025
D. Gayman / K. Jackson / M. Lee / K. Oriol / B. Plummer,North Florida,116.064134197647,123.736884487994,-7.6727502903472,-7.58157465366041,341,310,-31.0227272727272,0.371608299701818,117.888563049853,127.41935483871,-9.5307917888563,#FFEBD2,#CBDEF0,#FFFFFF,#FFFFFF,#DCE9F5,#FFEBD2,#FFFFFF,#FFEBD2,#FFD7A5,#DCE9F5,#FFFFFF,#FFFFFF,#DCE9F5,#CBDEF0,#CBDEF0,#FFFFFF,#FFFFFF,#FFFFFF,#FFFFFF,#CBDEF0,#FFFFFF,#FFFCF8,#E3EEF7,#ADCCE7,#F9FBFD,#D5E5F3,#B7D2EA,"2107331,,Mason Lee","2126306,,Dalton Gayman","2282767,,Kamrin Oriol","2319497,,Kent Jackson","2475164,,BJ Plummer",2025
N. Dyachok / K. Jackson / M. Lee / K. Oriol / B. Plummer,North Florida,105.220237231969,111.395459426957,-6.17522219498818,-11.2469942028777,275,272,-23.3242847593583,0.470570534264396,106.545454545455,115.073529411765,-8.52807486631015,#FFFFFF,#CBDEF0,#FFFFFF,#FFFFFF,#FFFFFF,#FFFFFF,#FFFFFF,#FFFFFF,#FFEBD2,#DCE9F5,#CBDEF0,#FFFFFF,#FFFFFF,#CBDEF0,#CBDEF0,#FFFFFF,#DCE9F5,#FFFFFF,#FFFFFF,#CBDEF0,#FFFFFF,#D7E6F3,#E8F1F8,#DBE8F4,#DFEBF5,#C1D9ED,#C5DAEE,"2107331,,Mason Lee","2126382,,Nestor Dyachok","2282767,,Kamrin Oriol","2319497,,Kent Jackson","2475164,,BJ Plummer",2025
D. Gayman / D. Hines / K. Jackson / M. Lee / K. Oriol,North Florida,100.386379508749,121.42154312647,-21.0351636177206,-15.4945303295479,237,234,-74.3597046413502,2.1080165028975,96.2025316455696,127.777777777778,-31.5752461322081,#FFFFFF,#CBDEF0,#FFFFFF,#FFFFFF,#FFFFFF,#FFEBD2,#FFFFFF,#FFEBD2,#FFEBD2,#DCE9F5,#FFFFFF,#FFFFFF,#DCE9F5,#DCE9F5,#CBDEF0,#FFEBD2,#FFFFFF,#FFFFFF,#FFFFFF,#CBDEF0,#FFFFFF,#C3DAED,#B4D0E9,#B6D1E9,#D8E7F3,#AACAE6,#BDD5EB,"1708194,,Devin Hines","2107331,,Mason Lee","2126306,,Dalton Gayman","2282767,,Kamrin Oriol","2319497,,Kent Jackson",2025
D. Arnett / C. Franklin / R. Robinson / J. Stevenson / D. Terrell Jr.,North Texas,100.705190871976,93.9332421513097,6.77194872066618,13.5145381549377,479,466,-5.91858037578289,1.6049116648013,98.7473903966597,100,-1.25260960334029,#FFFFFF,#FFD7A5,#FFFFFF,#FFFFFF,#FFEBD2,#FFEBD2,#FFFFFF,#CBDEF0,#FFFFFF,#FFD7A5,#FFFFFF,#FFFFFF,#FFFFFF,#FFD7A5,#FFEBD2,#FFFFFF,#FFEBD2,#FFFFFF,#FFFFFF,#CBDEF0,#FFFFFF,#C4DBEE,#FFF5EA,#FFEEDA,#D1E2F1,#FFE8CB,#FFE5C6,"1913080,,Dylan Arnett","2144227,,David Terrell Jr.","2301675,,Je'Shawn Stevenson","2301678,,Reece Robinson","2349105,,Cole Franklin",2025
D. Arnett / R. Robinson / J. Stevenson / D. Terrell Jr. / D. Watson,North Texas,109.16789878481,97.8202187607439,11.3476800240663,21.4953857841973,162,155,12.6307646356033,0.67574866909044,109.259259259259,101.290322580645,7.96893667861409,#FFFFFF,#FFD7A5,#FFEBD2,#FFFFFF,#FFEBD2,#FFFFFF,#FFFFFF,#DCE9F5,#FFFFFF,#FFD7A5,#FFEBD2,#FFFFFF,#FFFFFF,#FFD7A5,#FFD7A5,#FFFFFF,#FFEBD2,#FFFFFF,#FFFFFF,#CBDEF0,#FFFFFF,#E7F0F8,#FFEFDC,#FFF6EC,#E4EEF7,#FFDAAC,#FFE1BC,"1908249,,Demarion Watson","1913080,,Dylan Arnett","2144227,,David Terrell Jr.","2301675,,Je'Shawn Stevenson","2301678,,Reece Robinson",2025
Leo. Bond III / Tre. Campbell / Wil. Hornseth / Ben. Schwieger / Max. Weisbrod,Northern Iowa,109.153058664258,91.425859138092,17.727199526166,21.0592717093795,437,435,50.9796259764854,1.20692495218342,106.864988558352,95.1724137931034,11.692574765249,#FFEBD2,#FFEBD2,#FFFFFF,#FFFFFF,#FFEBD2,#FFEBD2,#FFD7A5,#FFD7A5,#DCE9F5,#DCE9F5,#FFEBD2,#FFEBD2,#FFEBD2,#FFFFFF,#FFFFFF,#FFD7A5,#FFFFFF,#FFFFFF,#FFFFFF,#CBDEF0,#FFFFFF,#E7F0F8,#FFE7C9,#FFE9CE,#EBF2F9,#FFDBAE,#FFE6C7,"1687790,,Ben Schwieger","1890297,,Trey Campbell","1895643,,Leon Bond III","1903490,,Max Weisbrod","2279660,,Will Hornseth",2025
Leo. Bond III / Tre. Campbell / Wil. Hornseth / Tri. Smith / Max. Weisbrod,Northern Iowa,111.089433148024,83.8634528609677,27.2259802870562,26.4924377393039,248,250,53.9767741935484,1.10971218644351,109.677419354839,88,21.6774193548387,#FFEBD2,#FFD7A5,#FFFFFF,#FFFFFF,#FFFFFF,#FFEBD2,#FFEBD2,#FFD7A5,#DCE9F5,#FFFFFF,#FFEBD2,#FFEBD2,#FFEBD2,#FFFFFF,#FFFFFF,#FFEBD2,#FFEBD2,#FFFFFF,#FFFFFF,#CBDEF0,#FFFFFF,#EFF5FA,#FFDAAD,#FFD9AA,#F2F6FB,#FFD299,#FFDFB7,"1890297,,Trey Campbell","1895643,,Leon Bond III","1903490,,Max Weisbrod","2279660,,Will Hornseth","2481323,,Tristan Smith",2025
Leo. Bond III / Tre. Campbell / Wil. Hornseth / Ben. Schwieger / Tri. Smith,Northern Iowa,120.987966445134,87.2425501388571,33.7454163062766,32.429877939636,203,203,51,1.7244527193834,118.71921182266,93.5960591133005,25.1231527093596,#FFEBD2,#FFD7A5,#FFEBD2,#FFFFFF,#FFEBD2,#FFD7A5,#FFD7A5,#FFEBD2,#DCE9F5,#FFFFFF,#FFD7A5,#FFEBD2,#FFFFFF,#FFFFFF,#FFEBD2,#FFEBD2,#FFEBD2,#FFFFFF,#FFFFFF,#CBDEF0,#FFFFFF,#FFF0DE,#FFD299,#FFE0BA,#FFFCF9,#FFC782,#FFDDB3,"1687790,,Ben Schwieger","1890297,,Trey Campbell","1895643,,Leon Bond III","2279660,,Will Hornseth","2481323,,Tristan Smith",2025
J. Ballisager Webb / D. Censori-Hercules / J. Foxwell / G. Nuckolls / J. O'Donnell,Portland,97.4403307504049,108.659874062705,-11.2195433123002,3.44466321100246,166,168,-31.9173121055651,1.57852392503279,94.578313253012,113.690476190476,-19.1121629374641,#FFFFFF,#FFFFFF,#FFD7A5,#FFFFFF,#FFFFFF,#FFEBD2,#FFEBD2,#DCE9F5,#DCE9F5,#FFEBD2,#FFEBD2,#FFD7A5,#CBDEF0,#FFFFFF,#FFFFFF,#FFFFFF,#FFFFFF,#FFFFFF,#FFFFFF,#CBDEF0,#FFFFFF,#B7D2EA,#D7E6F3,#E5EFF7,#CEE0F1,#FFF9F1,#FFF8F1,"1924188,,Jermaine Ballisager Webb","2322772,,James O'Donnell","2539445,,Dante Censori-Hercules","2539446,,Joel Foxwell","2539450,,Garrett Nuckolls",2025
M. Ballew / J. Foxwell / M. Hronsky / J. O'Donnell / C. Williams,Portland,111.086656089571,106.32508655001,4.76156953956103,2.60037030234237,142,144,-11.776799687011,2.59941875924241,107.042253521127,115.277777777778,-8.23552425665102,#FFFFFF,#FFFFFF,#FFEBD2,#FFFFFF,#FFFFFF,#FFEBD2,#FFFFFF,#FFFFFF,#FFFFFF,#DCE9F5,#FFFFFF,#FFFFFF,#DCE9F5,#DCE9F5,#DCE9F5,#FFFFFF,#FFFFFF,#FFFFFF,#FFFFFF,#CBDEF0,#FFFFFF,#EFF5FA,#FFF8F0,#EDF4FA,#DEEAF5,#FFFAF5,#F6F9FC,"1894264,,Matus Hronsky","2322772,,James O'Donnell","2324520,,Mikah Ballew","2539446,,Joel Foxwell","2539454,,Cameron Williams",2025
S. Adebisi / C. Kingsbury / C. Moore / E. Wali / B. Williams,The Citadel,105,108.171206225681,-3.17120622568092,-6.51323836738569,260,257,-8.19756809338518,0,105,108.171206225681,-3.17120622568092,#FFFFFF,#DCE9F5,#FFFFFF,#FFFFFF,#FFFFFF,#FFEBD2,#FFFFFF,#FFFFFF,#FFFFFF,#FFFFFF,#DCE9F5,#FFFFFF,#FFFFFF,#DCE9F5,#FFFFFF,#FFEBD2,#FFFFFF,#FFFFFF,#FFFFFF,#CBDEF0,#FFFFFF,#D6E5F3,#F3F8FB,#E6F0F8,#DBE8F4,#DBE9F4,#DAE7F4,"1687486,,Carter Kingsbury","1974400,,Sola Adebisi","2093115,,Braxton Williams","2117645,,Christian Moore","2273135,,Eze Wali",2025
O. Grady / A. Henderson / B. Kolly / D. Perteete / M. Worthy,UC Riverside,97.8790177384221,96.8214856156196,1.05753212280243,0.494394173359125,302,300,-15.980242825607,1.27331657908587,96.3576158940397,101.666666666667,-5.30905077262692,#FFFFFF,#FFFFFF,#FFEBD2,#FFFFFF,#FFFFFF,#FFEBD2,#FFFFFF,#FFFFFF,#FFFFFF,#FFFFFF,#FFFFFF,#FFEBD2,#DCE9F5,#DCE9F5,#FFEBD2,#FFFFFF,#FFFFFF,#FFFFFF,#FFFFFF,#CBDEF0,#FFFFFF,#B9D3EA,#FFFDFB,#FFF4E8,#C7DCEE,#FFFEFD,#FFFAF4,"1914191,,BJ Kolly","2114043,,Osiris Grady","2116991,,Andrew Henderson","2152573,,Marqui Worthy","2352337,,De'Undrae Perteete",2025
J. Daniel-Dalton / O. Grady / A. Henderson / D. Perteete / M. Worthy,UC Riverside,111.118292927449,111.784626239323,-0.666333311874184,1.23303353643409,169,167,-4.25015058640119,0.372703645530067,111.242603550296,113.77245508982,-2.52985153952452,#FFFFFF,#FFFFFF,#FFFFFF,#FFFFFF,#FFFFFF,#FFEBD2,#FFFFFF,#DCE9F5,#FFFFFF,#DCE9F5,#FFFFFF,#FFFFFF,#FFFFFF,#DCE9F5,#FFFFFF,#FFFFFF,#FFFFFF,#FFFFFF,#FFFFFF,#CBDEF0,#FFFFFF,#EFF5FA,#FCFDFE,#D9E7F4,#E0ECF6,#FFFCFA,#EFF5FA,"2114043,,Osiris Grady","2116991,,Andrew Henderson","2152573,,Marqui Worthy","2161719,,Jailen Daniel-Dalton","2352337,,De'Undrae Perteete",2025
J. Daniel-Dalton / O. Grady / A. Henderson / B. Kolly / M. Worthy,UC Riverside,80.2085555460054,107.813703459708,-27.6051479137023,-8.25421827752514,145,148,-43.1581081081081,0.370862309151426,80,109.459459459459,-29.4594594594594,#FFFFFF,#FFFFFF,#FFEBD2,#FFFFFF,#FFFFFF,#FFEBD2,#FFFFFF,#DCE9F5,#FFFFFF,#FFFFFF,#FFEBD2,#FFFFFF,#CBDEF0,#DCE9F5,#FFEBD2,#DCE9F5,#FFEBD2,#FFFFFF,#FFFFFF,#CBDEF0,#FFFFFF,#70A7D5,#9CC2E2,#E8F0F8,#ACCBE7,#D2E3F2,#FFFCF8,"1914191,,BJ Kolly","2114043,,Osiris Grady","2116991,,Andrew Henderson","2152573,,Marqui Worthy","2161719,,Jailen Daniel-Dalton",2025
T. Burch / S. Callaghan / M. Imariagbe / D. Pangonis / K. Pickett,Wright State,113.2737091203,99.9548629268791,13.3188461934213,15.7719341809358,302,303,29.0976001573667,0.739960963817047,114.569536423841,104.950495049505,9.61904137433611,#FFFFFF,#FFFFFF,#FFFFFF,#FFFFFF,#FFFFFF,#FFFFFF,#FFEBD2,#FFFFFF,#FFFFFF,#FFFFFF,#FFFFFF,#FFFFFF,#FFFFFF,#FFFFFF,#FFFFFF,#FFFFFF,#FFEBD2,#FFFFFF,#FFFFFF,#CBDEF0,#FFFFFF,#F8FBFD,#FFEDD6,#FFFBF7,#F1F6FB,#FFE4C2,#FFF4E7,"1615615,,Michael Imariagbe","2125322,,Solomon Callaghan","2292692,,TJ Burch","2321428,,Dominic Pangonis","2472215,,Kellen Pickett",2025
A. Anderson / R. King / C. Palesse / M. Simpson / J. Stanback,Alabama State,92.374759697852,107.831458979761,-15.4566992819087,-11.7891277260797,262,260,-43.0121256605989,0.204608470100934,92.3664122137405,108.846153846154,-16.4797416324134,#FFFFFF,#DCE9F5,#FFFFFF,#FFFFFF,#FFFFFF,#FFFFFF,#DCE9F5,#FFFFFF,#FFEBD2,#FFFFFF,#DCE9F5,#FFFFFF,#DCE9F5,#FFFFFF,#FFEBD2,#FFFFFF,#FFEBD2,#FFFFFF,#FFFFFF,#CBDEF0,#FFFFFF,#A2C5E4,#C7DCEF,#E8F0F8,#BDD6EC,#BFD7EC,#E6EFF7,"1722680,,Cam Palesse","1912481,,Asjon Anderson","2342847,,Micah Simpson","2342861,,Jerquarius Stanback","2567995,,R'Chaun King",2025
T. Byrd / C. Palesse / M. Simpson / J. Stanback / J. Walker,Alabama State,84.4706012429796,96.7300580569693,-12.2594568139897,-9.37029134169749,150,147,-8.70795918367348,-1.27910224715168,87.3333333333333,93.1972789115646,-5.8639455782313,#DCE9F5,#FFFFFF,#FFEBD2,#FFFFFF,#FFFFFF,#FFFFFF,#DCE9F5,#DCE9F5,#FFFFFF,#FFFFFF,#FFFFFF,#DCE9F5,#FFFFFF,#FFFFFF,#FFD7A5,#FFFFFF,#FFFFFF,#FFFFFF,#FFFFFF,#CBDEF0,#FFFFFF,#82B1DA,#D3E3F2,#FFF4E7,#ADCCE7,#CCDFF0,#FEFEFE,"1722680,,Cam Palesse","1920165,,Jasteven Walker","2342847,,Micah Simpson","2342861,,Jerquarius Stanback","2567989,,Tyler Byrd",2025
T. Darner / J. Frison / C. Mulholland / B. Smith / B. Watkins,Chattanooga,127.227495239683,127.003922208929,0.223573030753958,7.3069360012612,144,126,3.61607142857142,-0.490999679563492,131.25,128.571428571429,2.67857142857142,#FFEBD2,#DCE9F5,#DCE9F5,#FFFFFF,#FFFFFF,#FFD7A5,#FFFFFF,#FFEBD2,#FFD7A5,#CBDEF0,#FFFFFF,#FFEBD2,#FFFFFF,#CBDEF0,#DCE9F5,#FFFFFF,#FFFFFF,#FFFFFF,#FFFFFF,#CBDEF0,#FFFFFF,#FFE1BD,#FFFEFE,#A1C5E4,#FFF5E9,#FFF2E2,#D4E4F2,"1730239,,Brennan Watkins","1916175,,Billy Smith","2113895,,Collin Mulholland","2126360,,Jordan Frison","2486745,,Tate Darner",2025
J. Counter / C. Duggan / C. Hickman / M. Kalu / C. Machot,College of Charleston,109.012167181398,105.149512994326,3.86265418707183,9.42975414589864,181,181,3.00000000000001,0.441039124707182,108.839779005525,107.182320441989,1.65745856353592,#FFFFFF,#FFFFFF,#FFEBD2,#FFFFFF,#FFEBD2,#FFD7A5,#FFEBD2,#FFFFFF,#FFEBD2,#FFFFFF,#FFFFFF,#FFFFFF,#FFFFFF,#FFFFFF,#FFD7A5,#FFFFFF,#FFEBD2,#FFFFFF,#FFFFFF,#CBDEF0,#FFFFFF,#E7F0F8,#FFF9F3,#F2F6FB,#E8F1F8,#FFEEDA,#FFFCF8,"1694545,,Connor Hickman","1890445,,Jlynn Counter","2143555,,Colby Duggan","2509283,,Martin Kalu","2509286,,Chol Machot",2025
J. Counter / C. Duggan / C. Hickman / M. Kalu / C. Reeves,College of Charleston,106.161010931128,115.320470561874,-9.15945963074647,7.8040883542664,137,133,-16.5369628450689,0.618028495342396,107.299270072993,119.548872180451,-12.2496021074584,#FFEBD2,#FFFFFF,#FFEBD2,#FFEBD2,#FFEBD2,#FFEBD2,#FFEBD2,#FFFFFF,#FFFFFF,#FFFFFF,#FFEBD2,#FFFFFF,#FFFFFF,#DCE9F5,#FFFFFF,#FFD7A5,#FFEBD2,#FFFFFF,#FFFFFF,#CBDEF0,#FFFFFF,#DBE8F4,#DEEAF5,#CCDFF0,#EBF2F9,#FFF1E1,#FBFCFE,"1694545,,Connor Hickman","1890445,,Jlynn Counter","1917803,,Christian Reeves","2143555,,Colby Duggan","2509283,,Martin Kalu",2025
M. Franklin / C. Igoe / K. Noland / M. Ritter / B. Thompson,Columbia,102.049490798718,91.3896221006315,10.6598686980861,11.8547217317998,166,174,10.8412962193602,0.856527125574851,101.204819277108,94.8275862068966,6.37723307021187,#FFFFFF,#FFFFFF,#FFEBD2,#FFFFFF,#FFFFFF,#FFEBD2,#FFEBD2,#FFFFFF,#FFFFFF,#FFD7A5,#FFEBD2,#FFFFFF,#FFFFFF,#FFFFFF,#FFFFFF,#FFFFFF,#FFFFFF,#FFFFFF,#FFFFFF,#CBDEF0,#FFFFFF,#CADEEF,#FFF0DE,#FFE9CE,#DFEBF6,#FFEAD1,#FFF2E1,"1930366,,Blair Thompson","1954553,,Kenny Noland","2289046,,Mason Ritter","2492587,,Connor Igoe","2492589,,Miles Franklin",2025
M. Franklin / K. Noland / M. Ritter / R. Soulis / B. Thompson,Columbia,111.046589164885,94.5926561879823,16.4539329769028,12.6412489521159,153,155,21.1112797807295,0.549061948532574,112.418300653595,98.7096774193548,13.7086232342399,#FFFFFF,#FFEBD2,#FFEBD2,#FFFFFF,#FFFFFF,#FFFFFF,#FFEBD2,#FFFFFF,#FFFFFF,#FFEBD2,#FFEBD2,#FFFFFF,#FFFFFF,#FFFFFF,#FFEBD2,#FFFFFF,#FFFFFF,#FFFFFF,#FFFFFF,#CBDEF0,#FFFFFF,#EFF5FA,#FFE9CD,#FFF0DD,#E1ECF6,#FFE9CE,#FFF1E0,"1930366,,Blair Thompson","1954553,,Kenny Noland","2106658,,Ryan Soulis","2289046,,Mason Ritter","2492589,,Miles Franklin",2025
C. Igoe / K. Noland / G. O'Keefe / M. Ritter / B. Thompson,Columbia,113.208588346855,113.534577349265,-0.325989002409696,8.61922303610287,125,124,-4.14464516129035,0.600608651130968,112.8,116.129032258065,-3.32903225806453,#FFEBD2,#FFFFFF,#FFFFFF,#FFFFFF,#FFFFFF,#FFEBD2,#FFEBD2,#FFEBD2,#FFFFFF,#FFEBD2,#FFFFFF,#FFFFFF,#FFFFFF,#DCE9F5,#DCE9F5,#FFEBD2,#FFFFFF,#FFFFFF,#FFFFFF,#CBDEF0,#FFFFFF,#F8FAFD,#FDFEFE,#D3E3F2,#F6F9FC,#FFF0DD,#F2F7FB,"1930366,,Blair Thompson","1954553,,Kenny Noland","2289017,,Gerard O'Keefe","2289046,,Mason Ritter","2492587,,Connor Igoe",2025
J. Baldwin / J. Beccles / J. Fiegen / A. Hinton / C. Noard,Cornell,124.853238808206,105.53350986383,19.3197289443763,19.3523028034496,280,270,35.2843915343915,1.2978082227377,123.571428571429,110.740740740741,12.8306878306878,#FFD7A5,#FFFFFF,#DCE9F5,#FFFFFF,#FFEBD2,#FFFFFF,#FFD7A5,#FFD7A5,#FFEBD2,#FFFFFF,#FFFFFF,#FFD7A5,#FFFFFF,#FFFFFF,#FFFFFF,#FFFFFF,#FFD7A5,#FFFFFF,#FFFFFF,#CBDEF0,#FFFFFF,#FFE7C9,#FFE5C4,#F0F6FA,#FFEDD7,#FFDEB4,#F0F5FA,"1936756,,Josh Baldwin","1936759,,Cooper Noard","1936762,,Adam Hinton","2125880,,Jacob Beccles","2125882,,Jake Fiegen",2025
J. Beccles / A. Hinton / D. Nix / C. Noard / K. Sepp,Cornell,86.8792206877309,103.494325945878,-16.6151052581476,-6.99926428301554,131,130,-24.9735466823253,0.504342424588925,87.7862595419847,106.923076923077,-19.1368173810922,#FFEBD2,#DCE9F5,#FFFFFF,#FFFFFF,#FFEBD2,#DCE9F5,#FFEBD2,#FFEBD2,#FFFFFF,#FFFFFF,#FFFFFF,#FFEBD2,#FFFFFF,#CBDEF0,#DCE9F5,#FFFFFF,#FFFFFF,#FFFFFF,#FFFFFF,#CBDEF0,#FFFFFF,#8CB7DD,#C3DAED,#F8FAFD,#CEE0F1,#D9E7F4,#E5EEF7,"1936753,,DJ Nix","1936759,,Cooper Noard","1936762,,Adam Hinton","2117919,,Kaspar Sepp","2125880,,Jacob Beccles",2025
S. Brown / D. Brown / P. Friedrichsen / I. Platteeuw / J. Scovens,Davidson,109.71225057256,96.4244706752409,13.2877798973189,10.1347564931173,240,244,11.1577868852459,1.7354248319228,106.25,101.639344262295,4.61065573770492,#FFFFFF,#FFFFFF,#FFEBD2,#FFEBD2,#FFFFFF,#FFEBD2,#FFFFFF,#FFFFFF,#DCE9F5,#FFFFFF,#FFFFFF,#FFEBD2,#FFFFFF,#FFFFFF,#FFFFFF,#FFEBD2,#FFFFFF,#FFFFFF,#FFFFFF,#CBDEF0,#FFFFFF,#E9F1F8,#FFEDD7,#FFF4E6,#E8F0F8,#FFEDD8,#FFFAF5,"2125516,,Parker Friedrichsen","2143462,,Sam Brown","2143635,,Josh Scovens","2505302,,Ian Platteeuw","2505305,,Devin Brown",2025
R. Barno / M. Duax / J. Ellerbee / J. Konieczny / I. Malone,Florida Gulf Coast,102.112180091437,90.5656331744714,11.5465469169656,11.3627360169497,339,353,30.7900590806154,0.529537182201473,102.949852507375,94.0509915014164,8.8988610059582,#FFFFFF,#FFEBD2,#FFFFFF,#FFFFFF,#FFEBD2,#FFD7A5,#FFFFFF,#FFFFFF,#FFFFFF,#FFFFFF,#FFD7A5,#FFFFFF,#DCE9F5,#FFEBD2,#FFEBD2,#DCE9F5,#FFEBD2,#FFFFFF,#FFFFFF,#CBDEF0,#FFFFFF,#CADEEF,#FFEFDC,#FFE7CA,#D7E6F3,#FFEBD3,#FFEDD8,"1694305,,J.R. Konieczny","1718536,,Michael Duax","2126241,,Rahmir Barno","2532375,,Isaiah Malone","2535041,,Jordan Ellerbee",2025
R. Barno / J. Ellerbee / J. Konieczny / I. Malone / R. Stewart,Florida Gulf Coast,108.505765738366,107.818990358354,0.686775380012009,8.45042978378685,134,116,-2.02650540401439,0.461595940644704,110.44776119403,112.068965517241,-1.62120432321151,#FFFFFF,#FFFFFF,#FFFFFF,#FFFFFF,#FFFFFF,#FFEBD2,#FFFFFF,#FFFFFF,#FFFFFF,#FFFFFF,#FFEBD2,#FFFFFF,#FFFFFF,#FFFFFF,#FFEBD2,#FFFFFF,#FFEBD2,#FFFFFF,#FFFFFF,#CBDEF0,#FFFFFF,#E4EEF7,#FFFEFC,#E8F0F8,#E8F1F8,#FFF0DE,#FFFEFD,"1694305,,J.R. Konieczny","1925931,,Rory Stewart","2126241,,Rahmir Barno","2532375,,Isaiah Malone","2535041,,Jordan Ellerbee",2025
L. Brewer / J. Guerra / C. Hollenbeck / M. Kheil / E. Otten,Idaho State,111.762244511798,114.215456022241,-2.45321151044268,-2.02178423064237,244,247,-14.5545148337426,0.695061554020839,111.885245901639,117.813765182186,-5.92851928054687,#FFFFFF,#DCE9F5,#FFFFFF,#FFFFFF,#DCE9F5,#FFFFFF,#FFFFFF,#FFEBD2,#FFFFFF,#FFFFFF,#FFFFFF,#FFFFFF,#FFFFFF,#CBDEF0,#FFEBD2,#FFFFFF,#FFFFFF,#FFFFFF,#FFFFFF,#CBDEF0,#FFFFFF,#F2F7FB,#F6F9FC,#D0E2F1,#EAF2F9,#F4F8FB,#D9E7F4,"1936041,,Connor Hollenbeck","2092803,,Evan Otten","2298247,,Lachlan Brewer","2472220,,Jamison Guerra","2472221,,Martin Kheil",2025
L. Brewer / J. Guerra / C. Hollenbeck / M. Kheil / C. Van De Griend,Idaho State,118.681446007707,117.515192420564,1.16625358714328,0.41142734841606,238,204,0.309523809523808,0.205239512946863,119.747899159664,119.607843137255,0.140056022408963,#FFEBD2,#CBDEF0,#FFFFFF,#FFFFFF,#DCE9F5,#FFEBD2,#FFFFFF,#FFFFFF,#FFFFFF,#FFEBD2,#FFFFFF,#FFFFFF,#FFFFFF,#DCE9F5,#DCE9F5,#FFEBD2,#FFEBD2,#FFFFFF,#FFFFFF,#CBDEF0,#FFFFFF,#FFF5EA,#FFFDFB,#C4DAEE,#FFFEFC,#FFFEFD,#CBDEF0,"1936041,,Connor Hollenbeck","1936043,,Caleb Van De Griend","2298247,,Lachlan Brewer","2472220,,Jamison Guerra","2472221,,Martin Kheil",2025
K. Akametu / D. Anglin / C. Anthony / T. Harris / L. Sabally,Iona,108.271224812222,104.798160883982,3.47306392823962,3.9565259076038,211,206,10.6298256108223,-0.325034754958529,109.952606635071,104.854368932039,5.09823770303226,#FFFFFF,#FFFFFF,#DCE9F5,#FFFFFF,#FFFFFF,#FFEBD2,#FFFFFF,#FFFFFF,#FFFFFF,#DCE9F5,#FFFFFF,#FFEBD2,#FFFFFF,#FFFFFF,#DCE9F5,#FFD7A5,#FFFFFF,#FFFFFF,#FFFFFF,#CBDEF0,#FFFFFF,#E3EEF7,#FFFAF4,#F3F7FB,#E8F1F8,#FFF8EF,#F0F6FA,"1687799,,Lamin Sabally","1717708,,Toby Harris","1725184,,C.J. Anthony","1920275,,Kosy Akametu","1941023,,Denver Anglin",2025
K. Akametu / D. Anglin / C. Anthony / L. Sabally / K. Williams,Iona,90.8116008091497,97.7973953512056,-6.98579454205595,-4.49155229406348,167,169,-17.0898912234702,0.637351951525741,90.4191616766467,100.591715976331,-10.1725542996847,#FFFFFF,#FFFFFF,#DCE9F5,#FFFFFF,#FFEBD2,#FFEBD2,#FFFFFF,#FFFFFF,#FFFFFF,#DCE9F5,#FFFFFF,#FFD7A5,#FFFFFF,#FFFFFF,#CBDEF0,#FFD7A5,#FFEBD2,#FFFFFF,#FFFFFF,#CBDEF0,#FFFFFF,#9CC1E2,#E6EFF7,#FFF6EC,#C7DCEF,#E6EFF7,#F4F8FC,"1608624,,Keshawn Williams","1687799,,Lamin Sabally","1725184,,C.J. Anthony","1920275,,Kosy Akametu","1941023,,Denver Anglin",2025
Z. Cleveland / B. Decker Jr. / J. Harper / K. Metheny / C. Porter,Liberty,115.519562316087,101.852221964026,13.6673403520614,15.3364544403936,705,683,56.8745189661798,1.09443294170392,113.758865248227,105.563689604685,8.19517564354175,#FFD7A5,#FFFFFF,#CBDEF0,#FFFFFF,#FFEBD2,#FFD7A5,#FFEBD2,#FFD7A5,#FFFFFF,#CBDEF0,#DCE9F5,#FFD7A5,#FFEBD2,#FFFFFF,#FFFFFF,#FFD7A5,#FFFFFF,#FFFFFF,#FFFFFF,#CBDEF0,#FFFFFF,#FFFDFB,#FFECD5,#FEFEFE,#FFFEFD,#FFE4C4,#FFFEFD,"1607446,,Kaden Metheny","1909455,,JJ Harper","1909862,,Zach Cleveland","1909863,,Colin Porter","2301113,,Brett Decker Jr.",2025
Z. Cleveland / B. Decker Jr. / K. Metheny / C. Porter / J. Smith,Liberty,137.657652858378,114.110311674128,23.5473411842494,25.2208623905469,219,206,44.4933945116816,0.521854635750439,137.442922374429,116.504854368932,20.9380680054972,#FFEBD2,#FFFFFF,#CBDEF0,#FFFFFF,#FFD7A5,#FFD7A5,#FFD7A5,#FFD7A5,#FFFFFF,#DCE9F5,#FFFFFF,#FFD7A5,#FFEBD2,#DCE9F5,#FFFFFF,#FFD7A5,#FFFFFF,#FFFFFF,#FFFFFF,#CBDEF0,#FFFFFF,#FFC985,#FFDFB8,#D1E2F1,#FFE6C7,#FFD49E,#F8FAFD,"1599428,,Josh Smith","1607446,,Kaden Metheny","1909862,,Zach Cleveland","1909863,,Colin Porter","2301113,,Brett Decker Jr.",2025
A. Billups III / J. Hutchinson / J. Nziemi / E. Richards / E. Tucker,Longwood,97.6434412199726,104.648615457704,-7.00517423773186,-1.28327943134257,267,254,-17.2852340086702,-0.0739535416983692,98.876404494382,105.511811023622,-6.63540652924002,#FFFFFF,#FFFFFF,#FFFFFF,#FFEBD2,#FFEBD2,#FFFFFF,#FFFFFF,#DCE9F5,#FFFFFF,#FFEBD2,#FFEBD2,#FFFFFF,#CBDEF0,#FFD7A5,#DCE9F5,#FFFFFF,#FFEBD2,#FFFFFF,#FFFFFF,#CBDEF0,#FFFFFF,#B8D3EA,#E6EFF7,#F3F8FB,#CCDFF0,#F8FAFC,#FBFCFD,"1705142,,Elijah Tucker","1920041,,Alphonzo Billups III","2099646,,Jacoi Hutchinson","2133732,,Emanuel Richards","2133736,,Johan Nziemi",2025
J. Hutchinson / E. Kelly / J. Nziemi / E. Richards / E. Tucker,Longwood,97.5932899689266,97.9545258734463,-0.361235904519779,-0.755916612091023,177,177,4.99999999999999,-0.637218932316384,100,97.1751412429379,2.82485875706214,#FFFFFF,#FFFFFF,#FFFFFF,#FFFFFF,#FFEBD2,#FFFFFF,#FFFFFF,#DCE9F5,#FFFFFF,#FFD7A5,#FFEBD2,#DCE9F5,#DCE9F5,#FFEBD2,#DCE9F5,#FFFFFF,#FFEBD2,#FFFFFF,#FFFFFF,#CBDEF0,#FFFFFF,#B8D3EA,#FDFEFE,#FFF7ED,#CADDEF,#FAFCFD,#FFFEFE,"1705142,,Elijah Tucker","2099646,,Jacoi Hutchinson","2133732,,Emanuel Richards","2133736,,Johan Nziemi","2538828,,Elijah Kelly",2025
K. Branch / C. Dockery / C. Evans / J. Palm / J. Petty,Missouri-Kansas City,98.1425979845655,119.628901297051,-21.4863033124855,-18.0416159872889,328,318,-81.0720585979445,0.722681046353954,98.1707317073171,123.270440251572,-25.0997085442553,#DCE9F5,#DCE9F5,#FFFFFF,#FFFFFF,#FFFFFF,#FFEBD2,#DCE9F5,#CBDEF0,#DCE9F5,#FFFFFF,#FFFFFF,#FFFFFF,#FFFFFF,#FFFFFF,#DCE9F5,#FFD7A5,#FFFFFF,#FFFFFF,#FFFFFF,#CBDEF0,#FFFFFF,#BAD4EB,#B2CFE8,#BCD6EB,#BDD5EC,#9DC2E2,#D0E1F1,"1909109,,Jerome Palm","1932438,,Chris Dockery","2137289,,Jayson Petty","2555653,,Karmello Branch","2555654,,CJ Evans",2025
K. Branch / C. Evans / K. Grady II / J. Palm / J. Petty,Missouri-Kansas City,80.7385133390803,113.171047837838,-32.4325344987574,-25.0543017783135,159,157,-62.0151424107679,1.36351112692801,81.1320754716981,120.382165605096,-39.2500901333974,#DCE9F5,#CBDEF0,#DCE9F5,#FFFFFF,#FFFFFF,#FFEBD2,#CBDEF0,#CBDEF0,#FFFFFF,#DCE9F5,#DCE9F5,#FFFFFF,#FFFFFF,#FFFFFF,#DCE9F5,#FFD7A5,#FFFFFF,#FFFFFF,#FFFFFF,#CBDEF0,#FFFFFF,#72A8D6,#8BB7DD,#D4E4F2,#A6C7E5,#76AAD7,#CFE1F1,"1909109,,Jerome Palm","2137289,,Jayson Petty","2277268,,Kasheem Grady II","2555653,,Karmello Branch","2555654,,CJ Evans",2025
J. Carroll / D. Cunningham / C. Dawson / G. Marshall / A. Mellouk,Morehead State,111.751137829829,119.879186063317,-8.12804823348781,-4.73357207549916,215,219,-13.3559732398853,-0.394644371132094,113.023255813953,119.178082191781,-6.15482637782734,#FFFFFF,#DCE9F5,#DCE9F5,#FFFFFF,#FFFFFF,#FFFFFF,#FFFFFF,#FFFFFF,#FFFFFF,#FFEBD2,#FFFFFF,#DCE9F5,#FFFFFF,#FFFFFF,#FFFFFF,#FFFFFF,#FFEBD2,#FFFFFF,#FFFFFF,#CBDEF0,#FFFFFF,#F2F7FB,#E2EDF6,#BBD5EB,#E5EEF7,#E5EFF7,#D6E5F3,"1701264,,Anouar Mellouk","1922011,,Davion Cunningham","2132547,,George Marshall","2356455,,Chase Dawson","2550003,,Jon Carroll",2025
J. Carroll / C. Dawson / V. Dawson III / G. Marshall / A. Mellouk,Morehead State,110.256239784752,97.5113498231658,12.7448899615866,-1.90600922769391,161,159,21.9258564787687,-0.191754067528764,110.55900621118,96.8553459119497,13.7036602992304,#FFFFFF,#DCE9F5,#FFFFFF,#FFFFFF,#FFFFFF,#FFFFFF,#FFFFFF,#FFFFFF,#FFFFFF,#FFEBD2,#FFFFFF,#DCE9F5,#FFEBD2,#DCE9F5,#FFFFFF,#FFFFFF,#FFFFFF,#FFFFFF,#FFFFFF,#CBDEF0,#FFFFFF,#ECF3F9,#FFEED8,#FFF6EB,#DFEBF5,#F4F8FC,#E5EFF7,"1701264,,Anouar Mellouk","2132547,,George Marshall","2356455,,Chase Dawson","2550003,,Jon Carroll","2550012,,Vince Dawson III",2025
A. Clark / J. Cooley / D. Dozic / Y. Levy / S. Phipps,Pepperdine,100.573065902579,112.893982808023,-12.3209169054441,-5.30551744731456,349,349,-43,0,100.573065902579,112.893982808023,-12.3209169054441,#FFFFFF,#DCE9F5,#FFEBD2,#FFFFFF,#FFFFFF,#FFD7A5,#DCE9F5,#FFFFFF,#FFD7A5,#DCE9F5,#FFFFFF,#FFD7A5,#DCE9F5,#FFFFFF,#FFFFFF,#FFEBD2,#FFFFFF,#FFFFFF,#FFFFFF,#CBDEF0,#FFFFFF,#C4DAEE,#D3E3F2,#D5E5F3,#D6E5F3,#E2EDF6,#E3EDF7,"1603958,,Javon Cooley","2125515,,Aaron Clark","2283671,,Styles Phipps","2292700,,Danilo Dozic","2390294,,Yonatan Levy",2025
A. Clark / J. Cooley / D. Dozic / S. Phipps / P. Stosic,Pepperdine,104.608294930876,119.617224880383,-15.0089299495072,-1.7575022968408,217,209,-31.9690207924503,0,104.608294930876,119.617224880383,-15.0089299495072,#FFFFFF,#FFFFFF,#FFEBD2,#FFFFFF,#FFFFFF,#FFEBD2,#FFFFFF,#FFFFFF,#FFEBD2,#FFFFFF,#FFFFFF,#FFEBD2,#FFFFFF,#FFFFFF,#FFFFFF,#FFEBD2,#FFFFFF,#FFFFFF,#FFFFFF,#CBDEF0,#FFFFFF,#D4E4F2,#C9DDEF,#BCD6EB,#DEEAF5,#F5F9FC,#E7F0F8,"1603958,,Javon Cooley","2125515,,Aaron Clark","2127713,,Pavle Stosic","2283671,,Styles Phipps","2292700,,Danilo Dozic",2025
N. Anderson / T. Broadnax / C. Carroll / J. Oladokun Jr. / J. Smith,Rice,119.085516959764,107.655885514069,11.429631445695,11.2583595802605,200,199,15.8597487437186,0.695976540395288,118,110.050251256281,7.94974874371859,#FFEBD2,#FFFFFF,#DCE9F5,#FFFFFF,#FFEBD2,#FFD7A5,#DCE9F5,#FFEBD2,#DCE9F5,#FFFFFF,#FFFFFF,#FFEBD2,#FFFFFF,#FFFFFF,#FFFFFF,#FFFFFF,#FFFFFF,#FFFFFF,#FFFFFF,#CBDEF0,#FFFFFF,#FFF5E8,#FFEFDC,#E8F1F8,#FCFDFE,#FFEBD3,#F6F9FC,"1600678,,Trae Broadnax","1705467,,Jalen Smith","1952830,,Nick Anderson","2154000,,Jimmy Oladokun Jr.","2540366,,Cam Carroll",2025
N. Anderson / T. Broadnax / C. Carroll / S. Giwa / J. Smith,Rice,110.994764397906,107.486631016043,3.50813338186298,9.31456102345132,191,187,6.63037209172103,0,110.994764397906,107.486631016043,3.50813338186298,#FFEBD2,#FFFFFF,#DCE9F5,#FFFFFF,#FFEBD2,#FFD7A5,#FFFFFF,#FFEBD2,#FFFFFF,#FFFFFF,#FFFFFF,#FFFFFF,#DCE9F5,#FFFFFF,#FFFFFF,#FFFFFF,#FFFFFF,#FFFFFF,#FFFFFF,#CBDEF0,#FFFFFF,#EFF5FA,#FFFAF4,#E9F1F8,#F2F7FB,#FFEFDB,#F9FBFD,"1600678,,Trae Broadnax","1695186,,Stephen Giwa","1705467,,Jalen Smith","1952830,,Nick Anderson","2540366,,Cam Carroll",2025
M. Conner / Y. Farell / D. Gittens / A. Hill / N. Ralph-Beyer,Sacred Heart,115.850549799488,115.536040222008,0.314509577479549,4.02504397752479,574,561,3.87011123739961,-0.0734896699631072,116.724738675958,116.042780748663,0.681957927295085,#FFEBD2,#DCE9F5,#FFFFFF,#FFFFFF,#FFD7A5,#FFD7A5,#FFFFFF,#FFEBD2,#FFEBD2,#FFFFFF,#FFFFFF,#FFEBD2,#FFFFFF,#FFFFFF,#FFFFFF,#FFD7A5,#FFFFFF,#FFFFFF,#FFFFFF,#CBDEF0,#FFFFFF,#FFFCF9,#FFFEFE,#CBDFF0,#FFFEFD,#FFF8EF,#D8E7F3,"1681739,,Anquan Hill","1927928,,Yann Farell","1949395,,Dashon Gittens","2342508,,Nyle Ralph-Beyer","2342511,,Mekhi Conner",2025
Y. Farell / D. Gittens / A. Hill / N. Ralph-Beyer / J. Slaughter,Sacred Heart,104.223625261707,98.1505055358974,6.07311972580971,0.506582684152534,152,156,13.0671390013495,-0.482407093974359,105.921052631579,97.4358974358974,8.4851551956815,#FFEBD2,#DCE9F5,#FFFFFF,#FFFFFF,#FFEBD2,#FFEBD2,#FFFFFF,#FFD7A5,#FFEBD2,#FFFFFF,#FFFFFF,#DCE9F5,#FFD7A5,#DCE9F5,#FFFFFF,#FFD7A5,#FFFFFF,#CBDEF0,#FFFFFF,#CBDEF0,#FFFFFF,#D3E4F2,#FFF6EC,#FFF7EE,#E8F1F8,#FFFEFD,#E4EEF7,"1681739,,Anquan Hill","1927928,,Yann Farell","1949395,,Dashon Gittens","2342508,,Nyle Ralph-Beyer","2342516,,Jaden Slaughter",2025
J. Begg / V. Ilic / P. King / K. Natt / D. Nicholas Jr.,Sam Houston State,122.258336392475,94.2727700924791,27.9855662999957,23.3292347600378,264,266,63.1933526999316,0.827803622268461,121.590909090909,97.7443609022556,23.8465481886535,#FFEBD2,#FFEBD2,#DCE9F5,#FFFFFF,#FFEBD2,#FFEBD2,#FFFFFF,#FFEBD2,#DCE9F5,#FFEBD2,#FFFFFF,#FFEBD2,#DCE9F5,#FFEBD2,#DCE9F5,#FFEBD2,#FFEBD2,#FFFFFF,#FFFFFF,#CBDEF0,#FFFFFF,#FFEDD7,#FFD9AA,#FFEFDB,#FFFCF8,#FFD7A5,#FFF0DD,"1688549,,Damon Nicholas Jr.","1688703,,Veljko Ilic","2160436,,Po'Boigh King","2321350,,Justin Begg","2550298,,Kashie Natt",2025
V. Ilic / P. King / K. Natt / D. Nicholas Jr. / J. Walker,Sam Houston State,134.790641504145,96.9877585154368,37.8028829887084,27.843450238393,174,172,58.6609195402299,0.778967402339388,133.908045977011,100,33.9080459770115,#FFEBD2,#FFFFFF,#DCE9F5,#FFFFFF,#FFFFFF,#FFD7A5,#FFFFFF,#FFEBD2,#FFFFFF,#FFEBD2,#FFFFFF,#FFFFFF,#FFFFFF,#FFEBD2,#DCE9F5,#FFEBD2,#FFEBD2,#FFFFFF,#FFFFFF,#CBDEF0,#FFFFFF,#FFD094,#FFCC8D,#FFF5E8,#FFF0DD,#FFCF94,#FFF3E4,"1688549,,Damon Nicholas Jr.","1688703,,Veljko Ilic","2160436,,Po'Boigh King","2550298,,Kashie Natt","2550315,,Jacob Walker",2025
J. Coleman / V. Ilic / K. Natt / D. Nicholas Jr. / J. Walker,Sam Houston State,99.1126507756681,102.117853927544,-3.00520315187644,11.2030277643575,141,137,-10.1172024641508,0.854671954394605,99.290780141844,106.569343065693,-7.27856292384946,#FFEBD2,#FFEBD2,#DCE9F5,#FFFFFF,#FFFFFF,#FFEBD2,#FFFFFF,#FFEBD2,#DCE9F5,#FFEBD2,#FFEBD2,#FFEBD2,#FFFFFF,#FFEBD2,#DCE9F5,#FFFFFF,#FFEBD2,#FFFFFF,#FFFFFF,#CBDEF0,#FFFFFF,#BED7EC,#F4F8FB,#FDFDFE,#DEEAF5,#FFEBD3,#FFF2E3,"1688549,,Damon Nicholas Jr.","1688703,,Veljko Ilic","2550267,,Jacobe Coleman","2550298,,Kashie Natt","2550315,,Jacob Walker",2025
J. Ensminger / C. Hammond / B. Knapper / E. Mahi / B. Oboye,Santa Clara,127.552510865816,87.3067505186725,40.2457603471439,36.1839283351336,424,435,128.943146822815,2.04481461551423,123.584905660377,93.5632183908046,30.0216872695728,#FFEBD2,#FFEBD2,#FFEBD2,#FFFFFF,#FFEBD2,#FFFFFF,#FFD7A5,#FFFFFF,#FFFFFF,#FFEBD2,#FFFFFF,#FFFFFF,#FFFFFF,#FFEBD2,#FFFFFF,#FFFFFF,#FFFFFF,#FFFFFF,#FFFFFF,#CBDEF0,#FFFFFF,#FFE1BB,#FFC985,#FFE0BA,#FFEED9,#FFC173,#FFE4C2,"1717654,,Brenton Knapper","1920291,,Jake Ensminger","2110376,,Christian Hammond","2110377,,Bukky Oboye","2305404,,Elijah Mahi",2025
J. Ensminger / A. Graves / C. Hammond / B. Knapper / E. Mahi,Santa Clara,119.364868788258,102.163527397215,17.2013413910432,30.2815885338425,203,205,17.2406103568425,1.75001236087115,116.256157635468,107.80487804878,8.45127958668748,#FFD7A5,#FFEBD2,#FFFFFF,#FFFFFF,#FFFFFF,#FFEBD2,#FFEBD2,#FFEBD2,#FFFFFF,#FFD7A5,#FFFFFF,#FFEBD2,#FFEBD2,#FFEBD2,#FFFFFF,#FFEBD2,#FFEBD2,#FFFFFF,#FFFFFF,#CBDEF0,#FFFFFF,#FFF4E6,#FFE8CB,#FDFDFE,#FFF3E4,#FFCB8A,#FFEBD2,"1717654,,Brenton Knapper","1920291,,Jake Ensminger","2110376,,Christian Hammond","2305403,,Allen Graves","2305404,,Elijah Mahi",2025
J. Ensminger / S. Gavalyugov / A. Graves / C. Hammond / E. Mahi,Santa Clara,137.531233370543,106.597426478452,30.9338068920905,37.9403752405754,155,148,26.3969267654752,2.70201857109465,131.612903225806,114.189189189189,17.4237140366173,#FFD7A5,#FFEBD2,#FFEBD2,#FFFFFF,#FFFFFF,#FFD7A5,#FFEBD2,#FFEBD2,#FFFFFF,#FFD7A5,#FFFFFF,#FFD7A5,#FFFFFF,#FFEBD2,#FFFFFF,#FFFFFF,#FFEBD2,#FFFFFF,#FFFFFF,#CBDEF0,#FFFFFF,#FFC986,#FFD5A1,#ECF3F9,#FFDFB8,#FFBE6D,#FFF0DD,"1920291,,Jake Ensminger","2110376,,Christian Hammond","2302520,,Sash Gavalyugov","2305403,,Allen Graves","2305404,,Elijah Mahi",2025
D. Baker / J. Campion / T. King / A. Sakenis / J. Valrie,SIU Edwardsville,107.260506340317,92.9584759989995,14.3020303413175,12.5470683485247,300,306,52.0050980392157,-0.572273670298601,108.666666666667,91.5032679738562,17.1633986928105,#FFFFFF,#FFEBD2,#FFFFFF,#FFFFFF,#FFFFFF,#FFFFFF,#FFFFFF,#FFFFFF,#CBDEF0,#FFEBD2,#FFFFFF,#FFFFFF,#FFFFFF,#FFEBD2,#FFEBD2,#FFFFFF,#FFFFFF,#FFFFFF,#FFFFFF,#CBDEF0,#FFFFFF,#DFEBF5,#FFEBD3,#FFECD5,#DAE8F4,#FFE9CE,#FFEDD7,"1926194,,Jack Campion","1933140,,Arnas Sakenis","2094972,,Darrion Baker","2321369,,Jo Valrie","2506838,,Tyler King",2025
P. Aligbe / R. Aligbe / Q. House / D. Mayo Jr. / D. Steffe,Southern Illinois,99.9413181793345,91.654787504389,8.28653067494546,9.38664163841041,365,360,15.1455479452055,0.821689696632925,99.1780821917808,95,4.17808219178083,#FFFFFF,#FFEBD2,#FFFFFF,#FFEBD2,#FFEBD2,#FFEBD2,#FFFFFF,#DCE9F5,#DCE9F5,#FFFFFF,#FFEBD2,#FFFFFF,#FFFFFF,#FFEBD2,#FFFFFF,#FFFFFF,#FFFFFF,#FFFFFF,#FFFFFF,#CBDEF0,#FFFFFF,#C1D9ED,#FFF3E6,#FFEACF,#CBDEF0,#FFEFDA,#FFEBD2,"1908250,,Prince Aligbe","1909625,,Damien Mayo Jr.","2303546,,Quel'Ron House","2342581,,Rolyns Aligbe","2342586,,Drew Steffe",2025
R. Aligbe / Q. House / D. Mayo Jr. / D. Steffe / D. Sykes,Southern Illinois,113.171224663626,89.0474081427574,24.1238165208682,19.0058862109455,136,136,24,1.29535153946776,111.764705882353,94.1176470588235,17.6470588235294,#FFFFFF,#FFEBD2,#FFFFFF,#FFFFFF,#FFEBD2,#FFEBD2,#FFFFFF,#DCE9F5,#FFFFFF,#FFFFFF,#FFEBD2,#FFFFFF,#FFFFFF,#FFEBD2,#FFFFFF,#FFFFFF,#FFFFFF,#FFFFFF,#FFFFFF,#CBDEF0,#FFFFFF,#F8FAFD,#FFDEB6,#FFE4C3,#E6EFF7,#FFDEB5,#FFE7C9,"1890898,,Davion Sykes","1909625,,Damien Mayo Jr.","2303546,,Quel'Ron House","2342581,,Rolyns Aligbe","2342586,,Drew Steffe",2025
K. Burton / C. Christmas / J. Colonel / L. Patrick Jr / K. Thompson,Stephen F. Austin,115.270002188167,82.2198074219566,33.0501947662103,27.2286634861458,487,491,152.95756888887,0.354105665353695,114.579055441478,83.2993890020367,31.2796664394418,#FFFFFF,#FFEBD2,#DCE9F5,#FFFFFF,#FFEBD2,#FFEBD2,#FFFFFF,#FFEBD2,#FFFFFF,#FFEBD2,#FFEBD2,#FFFFFF,#FFEBD2,#FFEBD2,#FFEBD2,#FFFFFF,#FFEBD2,#FFFFFF,#FFFFFF,#CBDEF0,#FFFFFF,#FFFEFC,#FFD39B,#FFD6A2,#F5F9FC,#FFD096,#FFDFB8,"1925377,,Keon Thompson","2112580,,Kam Burton","2137468,,Chrishawn Christmas","2313570,,Jerald Colonel","2549892,,Lateef Patrick Jr",2025
N. Chotikavanic / C. Christmas / J. Colonel / L. Patrick Jr / K. Thompson,Stephen F. Austin,110.712654685312,95.0099612191964,15.7026934661158,21.5909700571482,270,285,39.4342105263158,0.298433430065271,110,95.7894736842105,14.2105263157895,#FFFFFF,#FFD7A5,#DCE9F5,#FFFFFF,#FFFFFF,#FFD7A5,#FFFFFF,#FFEBD2,#FFFFFF,#FFEBD2,#FFEBD2,#FFFFFF,#FFD7A5,#FFD7A5,#FFEBD2,#FFFFFF,#FFEBD2,#FFFFFF,#FFFFFF,#CBDEF0,#FFFFFF,#EEF4FA,#FFEACF,#FFF1DF,#EAF2F9,#FFDAAC,#FFE4C3,"1925377,,Keon Thompson","2137468,,Chrishawn Christmas","2313570,,Jerald Colonel","2339605,,Narit Chotikavanic","2549892,,Lateef Patrick Jr",2025
R. Espinal-Guzman / H. Koffi / C. Stinson / R. Sunderland / R. Tutic,Stonehill,79.8338052459023,93.9685138243958,-14.1347085784935,-11.4876385211879,193,199,-21.7550967271591,-0.60703388639674,81.8652849740933,92.964824120603,-11.0995391465098,#DCE9F5,#FFFFFF,#FFEBD2,#FFFFFF,#FFEBD2,#FFFFFF,#FFFFFF,#DCE9F5,#DCE9F5,#FFFFFF,#FFEBD2,#FFFFFF,#DCE9F5,#CBDEF0,#FFFFFF,#FFFFFF,#DCE9F5,#FFFFFF,#FFFFFF,#CBDEF0,#FFFFFF,#6FA6D5,#CCDFF0,#FFEEDA,#99BFE1,#C0D8EC,#FFF7EE,"1691407,,Raymond Espinal-Guzman","1909057,,Rex Sunderland","1909070,,Ridvan Tutic","1923643,,Chas Stinson","2305790,,Hermann Koffi",2025
R. Espinal-Guzman / D. Hackett / H. Koffi / C. Stinson / R. Sunderland,Stonehill,89.7336370894,104.415005652735,-14.6813685633351,-8.09185832583156,161,158,-15.9261734413083,-0.93926136892931,92.5465838509317,102.53164556962,-9.98506171868857,#DCE9F5,#FFFFFF,#FFFFFF,#FFFFFF,#FFFFFF,#FFEBD2,#DCE9F5,#DCE9F5,#FFFFFF,#DCE9F5,#FFFFFF,#FFFFFF,#DCE9F5,#DCE9F5,#FFFFFF,#FFFFFF,#FFFFFF,#FFFFFF,#FFFFFF,#CBDEF0,#FFFFFF,#97BFE1,#CADEEF,#F4F8FC,#B6D1EA,#D3E3F2,#FAFCFD,"1691407,,Raymond Espinal-Guzman","1909057,,Rex Sunderland","1923643,,Chas Stinson","2305790,,Hermann Koffi","2539309,,Davante Hackett",2025
D. Hackett / H. Koffi / E. Meuser / C. Stinson / R. Sunderland,Stonehill,99.459232236986,98.898274960849,0.560957276136911,1.65183495958542,132,123,8.00997782705099,-1.14427565489826,103.030303030303,96.7479674796748,6.28233555062823,#FFFFFF,#FFFFFF,#FFFFFF,#FFFFFF,#FFFFFF,#FFEBD2,#DCE9F5,#FFFFFF,#DCE9F5,#DCE9F5,#FFFFFF,#FFEBD2,#FFFFFF,#FFFFFF,#FFFFFF,#FFFFFF,#FFFFFF,#FFFFFF,#FFFFFF,#CBDEF0,#FFFFFF,#BFD7EC,#FFFEFD,#FFF9F1,#CADEEF,#FFFCF8,#FFFAF4,"1909057,,Rex Sunderland","1923643,,Chas Stinson","1923646,,Ethan Meuser","2305790,,Hermann Koffi","2539309,,Davante Hackett",2025
M. Barnstable / T. Behrend / D. Green / A. Popoola / T. Riley,Tulsa,125.233136621954,94.6428370618736,30.5902995600806,30.5855961329817,714,707,170.240584352553,1.32592523636368,122.829131652661,98.8684582743989,23.9606733782622,#FFD7A5,#FFEBD2,#FFFFFF,#FFFFFF,#FFFFFF,#FFEBD2,#FFEBD2,#FFD7A5,#FFD7A5,#FFFFFF,#FFEBD2,#FFEBD2,#FFFFFF,#FFFFFF,#FFFFFF,#FFEBD2,#FFD7A5,#FFFFFF,#FFFFFF,#CBDEF0,#FFFFFF,#FFE6C7,#FFD6A3,#FFF0DD,#FFEDD8,#FFCB89,#FFF0DD,"1603371,,David Green","1953707,,Miles Barnstable","2090936,,Tylen Riley","2349987,,Tyler Behrend","2540544,,Ade Popoola",2025
R. Dean / J. Lawal / A. Popoola / M. Rigsby / I. Smikle,Tulsa,109.82405416449,98.5495679165107,11.2744862479795,10.2896512520714,126,119,9.60784313725492,0.6862697986155,109.52380952381,101.680672268908,7.84313725490198,#FFFFFF,#FFFFFF,#FFEBD2,#FFFFFF,#FFFFFF,#FFFFFF,#FFFFFF,#FFD7A5,#FFFFFF,#FFEBD2,#FFEBD2,#DCE9F5,#FFEBD2,#FFFFFF,#FFFFFF,#FFFFFF,#FFFFFF,#FFFFFF,#FFFFFF,#CBDEF0,#CBDEF0,#EAF2F9,#FFF0DD,#FFF8F0,#E8F0F8,#FFEDD7,#FFFAF4,"1913026,,Romad Dean","2114144,,Myles Rigsby","2349988,,Ian Smikle","2540543,,Jaylen Lawal","2540544,,Ade Popoola",2025
E. Chol / J. Dixon / K. Evans / T. Isaac / D. Saran,UC Irvine,105.982446425058,87.5057280513527,18.4767183737053,16.7793206886712,289,291,40.9556594014198,0.87081544016039,104.844290657439,90.7216494845361,14.1226411729034,#FFFFFF,#FFEBD2,#FFEBD2,#FFFFFF,#FFFFFF,#FFFFFF,#FFFFFF,#FFFFFF,#FFFFFF,#FFFFFF,#FFFFFF,#FFFFFF,#FFFFFF,#FFFFFF,#FFD7A5,#FFD7A5,#FFFFFF,#FFFFFF,#FFFFFF,#CBDEF0,#FFFFFF,#DAE8F4,#FFE6C7,#FFE1BB,#D9E7F4,#FFE2BE,#FFE4C2,"1904045,,Elijah Chol","1921996,,Kyle Evans","2111155,,Derin Saran","2111158,,Jurian Dixon","2475004,,Tama Isaac",2025
J. Dixon / K. Evans / T. Isaac / A. McBirney-Griffin / D. Saran,UC Irvine,91.8736595677362,90.9828065066695,0.890853061066624,6.30319979457233,191,186,-4.64272645386478,0.670767583445662,91.6230366492147,94.0860215053764,-2.46298485616169,#FFFFFF,#FFEBD2,#FFEBD2,#FFFFFF,#FFFFFF,#FFFFFF,#FFFFFF,#FFFFFF,#FFFFFF,#FFFFFF,#FFFFFF,#FFFFFF,#FFFFFF,#FFFFFF,#FFD7A5,#FFEBD2,#FFFFFF,#FFFFFF,#FFFFFF,#CBDEF0,#FFFFFF,#A0C4E3,#FFFDFC,#FFE8CC,#BCD5EB,#FFF4E6,#FFE8CB,"1720480,,Akiva McBirney-Griffin","1921996,,Kyle Evans","2111155,,Derin Saran","2111158,,Jurian Dixon","2475004,,Tama Isaac",2025
J. Dixon / K. Evans / A. Henry / T. Isaac / D. Saran,UC Irvine,117.313632750067,90.9964394545823,26.3171932954848,18.9424234727988,168,154,37.2007575757576,0.642226537884848,117.261904761905,94.1558441558442,23.1060606060606,#FFFFFF,#FFEBD2,#FFFFFF,#FFEBD2,#FFEBD2,#FFEBD2,#FFFFFF,#FFFFFF,#FFEBD2,#FFFFFF,#FFFFFF,#FFEBD2,#FFFFFF,#FFFFFF,#FFEBD2,#FFD7A5,#FFFFFF,#FFFFFF,#FFFFFF,#FFFFFF,#FFFFFF,#FFF9F1,#FFDCAF,#FFE8CC,#F4F8FB,#FFDEB6,#FFEFDC,"1591590,,Andre Henry","1921996,,Kyle Evans","2111155,,Derin Saran","2111158,,Jurian Dixon","2475004,,Tama Isaac",2025
H. Carrington / J. Dixon / K. Evans / T. Isaac / D. Saran,UC Irvine,106.225305040764,96.2798182385969,9.94548680216733,15.6823143135032,157,155,9.96194781179372,0.711924564049657,105.095541401274,98.7096774193548,6.38586398191905,#FFFFFF,#FFEBD2,#FFFFFF,#FFFFFF,#FFFFFF,#FFFFFF,#FFFFFF,#FFFFFF,#FFFFFF,#FFFFFF,#FFFFFF,#FFEBD2,#FFFFFF,#FFFFFF,#FFEBD2,#FFD7A5,#FFEBD2,#FFFFFF,#FFFFFF,#CBDEF0,#FFFFFF,#DBE9F4,#FFF1E1,#FFF3E5,#E2EDF6,#FFE4C2,#FFEBD3,"1921996,,Kyle Evans","1933865,,Harrison Carrington","2111155,,Derin Saran","2111158,,Jurian Dixon","2475004,,Tama Isaac",2025
A. Green / A. Montas Jr. / S. Simmons II / X. Spencer / D. Yepdo,UMass Lowell,114.654752597001,113.913514658817,0.741237938184067,0.326164341499613,366,361,23.2308099844088,-1.1299262767048,118.579234972678,112.18836565097,6.39086932170807,#FFFFFF,#DCE9F5,#DCE9F5,#FFFFFF,#FFFFFF,#FFD7A5,#FFFFFF,#FFFFFF,#DCE9F5,#FFEBD2,#FFFFFF,#FFFFFF,#FFFFFF,#DCE9F5,#FFFFFF,#FFD7A5,#FFFFFF,#FFFFFF,#FFFFFF,#CBDEF0,#FFFFFF,#FEFEFE,#FFFEFC,#D1E3F1,#EEF4FA,#FFFEFD,#DDEAF5,"1890860,,Darrel Yepdo","1913024,,Angel Montas Jr.","2134485,,Shawn Simmons II","2286448,,Austin Green","2550221,,Xavier Spencer",2025
A. Montas Jr. / V. Okojie / S. Simmons II / X. Spencer / D. Yepdo,UMass Lowell,99.9506371516783,111.658526106703,-11.707888955025,-7.59244415361515,230,228,-11.1006483600305,-1.37208885126434,102.608695652174,107.456140350877,-4.84744469870326,#FFFFFF,#DCE9F5,#DCE9F5,#FFFFFF,#DCE9F5,#FFEBD2,#FFFFFF,#FFFFFF,#DCE9F5,#FFFFFF,#FFEBD2,#FFFFFF,#FFFFFF,#DCE9F5,#FFFFFF,#FFEBD2,#FFFFFF,#FFFFFF,#FFFFFF,#CBDEF0,#FFFFFF,#C1D9ED,#D5E5F2,#DAE8F4,#C9DDEF,#D5E5F3,#E8F0F8,"1890860,,Darrel Yepdo","1913024,,Angel Montas Jr.","2134485,,Shawn Simmons II","2550213,,Victor Okojie","2550221,,Xavier Spencer",2025
D. Allen / M. Collins / A. Elamin / M. Falslev / Z. Keller,Utah State,124.483109499702,89.016532545704,35.4665769539981,31.9949570755853,356,349,86.4425646308876,2.18877271670671,120.224719101124,95.702005730659,24.5227133704646,#FFEBD2,#FFEBD2,#FFEBD2,#FFEBD2,#FFD7A5,#FFEBD2,#FFD7A5,#FFFFFF,#DCE9F5,#FFFFFF,#FFFFFF,#FFEBD2,#FFEBD2,#FFD7A5,#FFFFFF,#FFFFFF,#FFFFFF,#FFFFFF,#FFFFFF,#CBDEF0,#FFFFFF,#FFE8CB,#FFCF94,#FFE4C2,#FFF3E5,#FFC884,#FFE7C9,"1890312,,Mason Falslev","1890359,,MJ Collins","1890546,,Drake Allen","1904578,,Zach Keller","2531883,,Adlan Elamin",2025
D. Allen / M. Collins / A. Elamin / M. Falslev / K. Templin,Utah State,133.248824067828,101.740059187979,31.5087648798488,38.8285599427272,164,162,31.6208220415538,2.42189751074844,128.658536585366,109.259259259259,19.3992773261066,#FFD7A5,#FFD7A5,#FFEBD2,#FFFFFF,#FFD7A5,#FFEBD2,#FFD7A5,#FFFFFF,#FFFFFF,#FFEBD2,#FFFFFF,#FFEBD2,#FFEBD2,#FFD7A5,#FFFFFF,#FFFFFF,#FFD7A5,#FFFFFF,#FFFFFF,#CBDEF0,#FFFFFF,#FFD39D,#FFD5A0,#FEFEFE,#FFE8CD,#FFBD69,#FFE4C3,"1890312,,Mason Falslev","1890359,,MJ Collins","1890546,,Drake Allen","2120108,,Karson Templin","2531883,,Adlan Elamin",2025
"L. Holmstrom / T. Johnson / C. Liston / M. Tatum, Jr. / T. Yildizoglu",VMI,99.6274658518717,123.023134239037,-23.3956683871658,-20.8597064801685,187,187,-48,0.454556162139038,101.604278074866,127.272727272727,-25.668449197861,#FFFFFF,#CBDEF0,#DCE9F5,#FFFFFF,#FFFFFF,#FFEBD2,#DCE9F5,#DCE9F5,#FFFFFF,#CBDEF0,#CBDEF0,#FFFFFF,#FFEBD2,#FFFFFF,#CBDEF0,#FFEBD2,#DCE9F5,#FFFFFF,#FFFFFF,#CBDEF0,#FFFFFF,#C0D8EC,#ABCBE6,#B0CEE8,#D3E4F2,#8DB8DE,#AFCDE8,"1925592,,TJ Johnson","2110985,,Tan Yildizoglu","2328969,,Cal Liston","2328971,,Linus Holmstrom","2532382,,Mario Tatum, Jr.",2025
A. Clark / L. Holmstrom / T. Johnson / C. Liston / T. Yildizoglu,VMI,91.3816921044574,118.098459743746,-26.7167676392885,-15.3097837902207,172,168,-47.3006644518272,0.22143052529845,93.6046511627907,121.428571428571,-27.8239202657807,#FFFFFF,#DCE9F5,#FFFFFF,#FFFFFF,#FFFFFF,#FFFFFF,#FFFFFF,#DCE9F5,#FFFFFF,#CBDEF0,#FFFFFF,#FFFFFF,#FFFFFF,#FFEBD2,#DCE9F5,#FFFFFF,#DCE9F5,#FFFFFF,#FFFFFF,#CBDEF0,#FFFFFF,#9EC3E3,#9FC4E3,#C2D9ED,#C4DAEE,#ABCBE6,#D2E3F2,"1925592,,TJ Johnson","2110985,,Tan Yildizoglu","2112508,,AJ Clark","2328969,,Cal Liston","2328971,,Linus Holmstrom",2025
"L. Holmstrom / T. Johnson / K. Stuckey / M. Tatum, Jr. / T. Yildizoglu",VMI,111.066334074797,102.286990485117,8.77934358968023,-7.2473092506812,166,159,13.3169470334167,0.116859852284762,113.855421686747,105.660377358491,8.19504432825642,#FFFFFF,#CBDEF0,#FFFFFF,#FFFFFF,#FFFFFF,#FFEBD2,#DCE9F5,#DCE9F5,#FFFFFF,#DCE9F5,#DCE9F5,#FFFFFF,#FFFFFF,#FFFFFF,#FFFFFF,#FFFFFF,#FFFFFF,#FFFFFF,#FFFFFF,#CBDEF0,#FFFFFF,#EFF5FA,#FFF3E4,#FCFDFE,#E0EBF6,#D7E6F3,#D2E3F2,"1925592,,TJ Johnson","2110985,,Tan Yildizoglu","2328971,,Linus Holmstrom","2328973,,Kaden Stuckey","2532382,,Mario Tatum, Jr.",2025
S. Aletan / I. Celiscar / T. Mullin / C. Simmons / N. Townsend,Yale,127.53978593902,99.444714186127,28.0950717528931,30.6114975971746,499,511,116.810548690336,0.992854006406924,126.653306613226,103.522504892368,23.1308017208585,#FFD7A5,#FFEBD2,#FFFFFF,#FFEBD2,#FFEBD2,#FFFFFF,#FFEBD2,#FFD7A5,#FFFFFF,#FFD7A5,#FFEBD2,#FFEBD2,#FFEBD2,#DCE9F5,#FFEBD2,#FFEBD2,#FFEBD2,#FFFFFF,#FFFFFF,#CBDEF0,#FFFFFF,#FFE1BB,#FFD9AA,#FFFAF4,#FFEBD3,#FFCB89,#FFF2E3,"1702189,,Casey Simmons","1949281,,Nick Townsend","2143587,,Trevor Mullin","2143595,,Samson Aletan","2345901,,Isaac Celiscar",2025
J. Brathwaite / I. Celiscar / R. Fox / T. Mullin / N. Townsend,Yale,120.470122482967,102.707333295935,17.7627891870321,18.9060970419139,128,121,19.1155087809917,0.481793374596513,120.3125,104.95867768595,15.3538223140496,#FFD7A5,#FFFFFF,#FFFFFF,#FFFFFF,#FFFFFF,#FFFFFF,#FFFFFF,#FFD7A5,#FFD7A5,#FFFFFF,#FFFFFF,#FFEBD2,#FFD7A5,#DCE9F5,#CBDEF0,#FFEBD2,#FFEBD2,#CBDEF0,#FFFFFF,#CBDEF0,#FFFFFF,#FFF1E1,#FFE7C9,#FBFCFD,#FFEED9,#FFDEB6,#F0F6FA,"1949281,,Nick Townsend","2143587,,Trevor Mullin","2345899,,Jordan Brathwaite","2345901,,Isaac Celiscar","2345914,,Riley Fox",2025
R. Curry / J. Everson / J. Holloway / T. Laczkowski / K. McCarthy,Army,105.788405455072,104.469621117455,1.31878433761731,-5.69473000187415,152,154,-4.84988038277512,0.897728159389491,105.921052631579,109.090909090909,-3.16985645933014,#FFFFFF,#DCE9F5,#FFFFFF,#FFFFFF,#FFFFFF,#FFFFFF,#FFFFFF,#DCE9F5,#DCE9F5,#FFFFFF,#FFFFFF,#FFEBD2,#FFFFFF,#CBDEF0,#DCE9F5,#FFFFFF,#DCE9F5,#FFFFFF,#FFFFFF,#CBDEF0,#FFFFFF,#D9E7F4,#FFFDFB,#F4F8FB,#DCE9F5,#E0EBF6,#DBE8F4,"1933821,,Jorn Everson","2143633,,Ryan Curry","2143643,,Tate Laczkowski","2347023,,Jacen Holloway","2347034,,Kevin McCarthy",2025
J. Bell / R. Curry / J. Eli / J. Furman / J. Holloway,Army,115.981387003291,104.068561666494,11.9128253367966,0.880513950129314,151,154,21.3660015481208,-0.419533496328657,119.205298013245,105.194805194805,14.0104928184398,#FFFFFF,#DCE9F5,#CBDEF0,#FFFFFF,#FFFFFF,#FFEBD2,#DCE9F5,#FFFFFF,#FFFFFF,#FFFFFF,#FFEBD2,#FFEBD2,#DCE9F5,#FFFFFF,#CBDEF0,#FFFFFF,#FFFFFF,#FFFFFF,#FFFFFF,#CBDEF0,#FFFFFF,#FFFCF8,#FFEFDB,#F6F9FC,#EFF5FA,#FFFDFB,#DFEBF5,"2143633,,Ryan Curry","2347023,,Jacen Holloway","2347024,,Joshua Eli","2347038,,Jaxson Bell","2483393,,Jackson Furman",2025
R. Curry / J. Furman / J. Holloway / T. Laczkowski / K. McCarthy,Army,96.6587132531486,128.481560726386,-31.822847473237,-13.511605772544,151,153,-45.7125048694975,-0.349766222345107,99.3377483443709,129.411764705882,-30.0740163615115,#FFFFFF,#DCE9F5,#DCE9F5,#FFFFFF,#FFFFFF,#FFFFFF,#FFFFFF,#FFFFFF,#DCE9F5,#DCE9F5,#FFFFFF,#FFEBD2,#FFFFFF,#DCE9F5,#DCE9F5,#FFFFFF,#DCE9F5,#FFFFFF,#FFFFFF,#CBDEF0,#FFFFFF,#B4D0E9,#8DB8DE,#9CC1E2,#CCDFF0,#B5D1E9,#D0E1F1,"2143633,,Ryan Curry","2143643,,Tate Laczkowski","2347023,,Jacen Holloway","2347034,,Kevin McCarthy","2483393,,Jackson Furman",2025
J. Bell / R. Curry / J. Furman / J. Holloway / T. Laczkowski,Army,108.987923287801,103.296832513439,5.69109077436187,1.20644897590574,141,136,13.6073216520651,-0.826738040371683,112.765957446808,102.941176470588,9.82478097622028,#FFFFFF,#DCE9F5,#DCE9F5,#FFFFFF,#FFFFFF,#FFEBD2,#FFFFFF,#FFFFFF,#FFFFFF,#FFFFFF,#FFEBD2,#FFD7A5,#DCE9F5,#FFFFFF,#DCE9F5,#DCE9F5,#FFFFFF,#FFFFFF,#FFFFFF,#CBDEF0,#FFFFFF,#E6F0F8,#FFF7ED,#F8FBFD,#E3EDF6,#FFFCFA,#ECF3F9,"2143633,,Ryan Curry","2143643,,Tate Laczkowski","2347023,,Jacen Holloway","2347038,,Jaxson Bell","2483393,,Jackson Furman",2025
A. Brookshire / Z. Collins / R. Marshall / T. McCubbin / C. Parker,Austin Peay,105.256384101371,97.9260246820505,7.33035941932005,11.4596319168206,474,461,23.3371317169609,0.467691917363007,107.594936708861,102.603036876356,4.99189983250501,#FFEBD2,#FFFFFF,#FFFFFF,#FFEBD2,#FFFFFF,#FFD7A5,#FFFFFF,#FFEBD2,#FFFFFF,#FFFFFF,#FFFFFF,#FFEBD2,#FFFFFF,#FFEBD2,#DCE9F5,#FFEBD2,#FFEBD2,#FFFFFF,#FFFFFF,#CBDEF0,#FFFFFF,#D7E6F3,#FFF5E8,#FFF7ED,#E5EEF7,#FFEBD2,#FFF5EA,"1688259,,Anton Brookshire","2098126,,Rashaud Marshall","2334129,,Tate McCubbin","2474113,,Zyree Collins","2474117,,Collin Parker",2025
Z. Collins / M. Enright / R. Marshall / T. McCubbin / C. Parker,Austin Peay,116.757781696958,97.9863182315433,18.7714634654147,17.9008095850393,190,197,32.6618487843975,0.378391009941085,117.894736842105,101.015228426396,16.8795084157093,#FFEBD2,#FFFFFF,#FFFFFF,#FFFFFF,#DCE9F5,#FFD7A5,#FFFFFF,#FFEBD2,#FFFFFF,#FFFFFF,#FFFFFF,#FFFFFF,#FFEBD2,#FFEBD2,#FFFFFF,#FFEBD2,#FFEBD2,#FFFFFF,#FFFFFF,#CBDEF0,#FFFFFF,#FFFAF4,#FFE6C6,#FFF7ED,#FCFDFE,#FFE0BA,#FFF6EC,"1890586,,Matt Enright","2098126,,Rashaud Marshall","2334129,,Tate McCubbin","2474113,,Zyree Collins","2474117,,Collin Parker",2025
D. Andrews / J. Buchanan / D. Fielder / R. Keene / A. Meadow,Boise State,117.425360949279,97.0488584210637,20.3765025282158,23.5380287278693,341,344,33.2853099638546,2.13163277052756,114.369501466276,104.651162790698,9.71833867557799,#FFD7A5,#FFFFFF,#FFD7A5,#FFEBD2,#FFD7A5,#FFFFFF,#FFEBD2,#FFFFFF,#FFD7A5,#FFEBD2,#FFEBD2,#FFFFFF,#FFEBD2,#DCE9F5,#FFFFFF,#FFD7A5,#FFEBD2,#FFFFFF,#FFFFFF,#CBDEF0,#FFFFFF,#FFF8F1,#FFE3C1,#FFF5E9,#FFF7EF,#FFD7A4,#FFF4E6,"1705249,,RJ Keene","1898034,,Dylan Andrews","2090932,,Andrew Meadow","2164149,,Drew Fielder","2305534,,Javan Buchanan",2025
D. Andrews / J. Buchanan / P. Carmichael / D. Fielder / A. Meadow,Boise State,117.840842867387,112.676331833941,5.16451103344579,22.4238540459945,146,140,-9.09491193737769,2.30491786226646,115.068493150685,121.428571428571,-6.36007827788649,#FFD7A5,#FFFFFF,#FFD7A5,#FFEBD2,#FFEBD2,#FFEBD2,#FFEBD2,#FFFFFF,#FFD7A5,#FFFFFF,#FFEBD2,#FFFFFF,#FFFFFF,#CBDEF0,#FFFFFF,#FFEBD2,#FFD7A5,#FFFFFF,#FFFFFF,#CBDEF0,#FFFFFF,#FFF7EF,#FFF8EF,#D6E5F3,#FFF1E1,#FFD8A8,#FFFCF9,"1898034,,Dylan Andrews","2090932,,Andrew Meadow","2164149,,Drew Fielder","2305532,,Pearson Carmichael","2305534,,Javan Buchanan",2025
B. Cofield / J. De La Cruz Monegro / K. De Luna / J. Ward / C. Williams,Cal State Fullerton,100.20233267386,93.6123824933482,6.58995018051134,8.05318826495625,213,212,1.01647621578528,1.2223216863813,98.5915492957747,98.1132075471698,0.478341748604838,#FFFFFF,#FFEBD2,#DCE9F5,#FFFFFF,#FFFFFF,#FFEBD2,#DCE9F5,#FFFFFF,#FFFFFF,#DCE9F5,#FFFFFF,#FFEBD2,#FFFFFF,#FFEBD2,#FFFFFF,#FFFFFF,#FFFFFF,#FFFFFF,#FFFFFF,#CBDEF0,#FFFFFF,#C2D9ED,#FFF6EB,#FFEED8,#CEE0F0,#FFF1E0,#FFEFDB,"1903772,,Jefferson De La Cruz Monegro","2118967,,Kendrick De Luna","2322188,,Josh Ward","2483449,,Bryce Cofield","2483460,,Christian Williams",2025
B. Cofield / J. De La Cruz Monegro / L. Seaman / J. Ward / C. Williams,Cal State Fullerton,111.342106312684,96.6307023002951,14.7114040123891,15.2486148957383,185,176,17.5621621621621,0.996334856531882,109.72972972973,100,9.72972972972972,#FFEBD2,#FFFFFF,#DCE9F5,#FFFFFF,#FFFFFF,#FFD7A5,#FFFFFF,#FFFFFF,#FFFFFF,#DCE9F5,#FFEBD2,#FFEBD2,#FFFFFF,#FFEBD2,#FFFFFF,#FFEBD2,#FFEBD2,#FFFFFF,#FFFFFF,#CBDEF0,#FFFFFF,#F0F6FA,#FFEBD2,#FFF4E7,#EEF4FA,#FFE5C4,#FFF3E5,"1903772,,Jefferson De La Cruz Monegro","2181262,,Landon Seaman","2322188,,Josh Ward","2483449,,Bryce Cofield","2483460,,Christian Williams",2025
E. Beard / S. Blakeney / M. de Laporterie / V. Panov / K. Vanderhorst,Drexel,95.164491090742,93.8808103795992,1.28368071114279,1.26604926509475,292,286,-4.74099530606378,0.58483270320183,94.8630136986301,96.5034965034965,-1.64048280486636,#FFFFFF,#FFFFFF,#FFFFFF,#FFFFFF,#FFFFFF,#FFFFFF,#FFFFFF,#FFFFFF,#FFFFFF,#FFFFFF,#FFFFFF,#FFFFFF,#FFFFFF,#DCE9F5,#FFFFFF,#FFFFFF,#DCE9F5,#FFFFFF,#FFFFFF,#CBDEF0,#FFFFFF,#AECDE7,#FFFDFB,#FFEEDA,#C3DAED,#FFFCFA,#FFF6EC,"1910949,,Shane Blakeney","1911665,,Victor Panov","2307536,,Kevon Vanderhorst","2505023,,Eli Beard","2505025,,Martin de Laporterie",2025
E. Beard / S. Blakeney / V. Panov / G. Turner / K. Vanderhorst,Drexel,112.984955568401,107.384126491226,5.60082907717457,14.1487905329771,221,204,6.97115384615382,0.464057218149849,113.574660633484,110.294117647059,3.28054298642533,#FFFFFF,#FFFFFF,#DCE9F5,#FFFFFF,#FFFFFF,#FFEBD2,#FFFFFF,#FFFFFF,#DCE9F5,#FFFFFF,#DCE9F5,#FFEBD2,#FFFFFF,#FFFFFF,#FFFFFF,#FFFFFF,#FFFFFF,#FFFFFF,#FFFFFF,#FFFFFF,#FFFFFF,#F7FAFC,#FFF7EE,#E9F1F8,#F0F6FA,#FFE6C8,#FFF7ED,"1910949,,Shane Blakeney","1910956,,Garfield Turner","1911665,,Victor Panov","2307536,,Kevon Vanderhorst","2505023,,Eli Beard",2025
B. Barkley / J. McCullum / C. Morris III / A. Strothers / B. Taylor,East Tennessee State,102.47955084895,92.7499223239501,9.72962852499945,12.0057353794655,338,328,23.9753752345216,0.505963228452046,103.846153846154,96.6463414634146,7.19981238273922,#FFFFFF,#FFEBD2,#FFFFFF,#FFFFFF,#FFEBD2,#FFEBD2,#FFEBD2,#FFFFFF,#FFFFFF,#FFFFFF,#FFEBD2,#FFFFFF,#DCE9F5,#FFEBD2,#FFEBD2,#FFFFFF,#FFEBD2,#FFFFFF,#FFFFFF,#CBDEF0,#FFFFFF,#CCDFF0,#FFF2E1,#FFECD4,#D6E5F3,#FFEAD0,#FFECD4,"1707265,,Allen Strothers","1905968,,Brian Taylor","1926112,,Cam Morris III","2144293,,Blake Barkley","2350513,,Jordan McCullum",2025
B. Barkley / M. Johnson / C. Morris III / J. Smith / B. Taylor,East Tennessee State,120.236150500235,100.233404611543,20.002745888692,21.0997127434036,185,169,34.9470973932512,0.0517246135292115,122.702702702703,102.958579881657,19.7441228210459,#FFEBD2,#FFEBD2,#DCE9F5,#FFFFFF,#FFEBD2,#FFEBD2,#FFEBD2,#FFFFFF,#FFFFFF,#FFFFFF,#FFFFFF,#FFFFFF,#FFFFFF,#FFEBD2,#FFFFFF,#FFFFFF,#FFEBD2,#FFFFFF,#FFFFFF,#CBDEF0,#FFFFFF,#FFF2E2,#FFE4C2,#FFFCF8,#FFFDFB,#FFDBAD,#FFF3E5,"1905968,,Brian Taylor","1926112,,Cam Morris III","2107334,,Jaylen Smith","2126368,,Maki Johnson","2144293,,Blake Barkley",2025
B. Barkley / M. Johnson / C. Morris III / A. Strothers / B. Taylor,East Tennessee State,115.715580203773,112.652030934298,3.06354926947524,15.980996084466,131,125,1.9932824427481,0.301259472215658,117.557251908397,116,1.55725190839695,#FFFFFF,#FFEBD2,#FFFFFF,#FFFFFF,#FFEBD2,#FFEBD2,#FFEBD2,#FFFFFF,#FFFFFF,#FFFFFF,#FFFFFF,#FFFFFF,#FFFFFF,#FFD7A5,#FFFFFF,#FFFFFF,#FFFFFF,#FFFFFF,#FFFFFF,#CBDEF0,#FFFFFF,#FFFCFA,#FFFAF5,#D6E5F3,#F1F6FB,#FFE3C1,#FFF4E6,"1707265,,Allen Strothers","1905968,,Brian Taylor","1926112,,Cam Morris III","2126368,,Maki Johnson","2144293,,Blake Barkley",2025
M. Johnson / J. McCullum / C. Morris III / J. Smith / B. Taylor,East Tennessee State,112.416491398179,105.090345997365,7.32614540081406,17.5964759493008,125,117,4.1119316239316,0.785570960504697,112.8,109.401709401709,3.39829059829058,#FFFFFF,#FFEBD2,#FFFFFF,#FFFFFF,#FFEBD2,#FFEBD2,#FFEBD2,#FFFFFF,#FFFFFF,#FFFFFF,#FFFFFF,#FFFFFF,#FFFFFF,#FFEBD2,#FFEBD2,#FFFFFF,#FFFFFF,#FFFFFF,#FFFFFF,#CBDEF0,#FFFFFF,#F5F8FC,#FFF5E8,#F2F7FB,#EBF2F9,#FFE1BB,#FFEDD7,"1905968,,Brian Taylor","1926112,,Cam Morris III","2107334,,Jaylen Smith","2126368,,Maki Johnson","2350513,,Jordan McCullum",2025
J. Carr / C. Cuthrell / I. Harrell / K. Klaczek / R. Pettus II,Elon,117.495756386726,118.219499853281,-0.723743466554776,8.30788959570699,292,292,-10.9999999999999,0.608675964223288,118.493150684932,122.260273972603,-3.76712328767121,#FFEBD2,#FFFFFF,#FFFFFF,#FFFFFF,#FFEBD2,#FFEBD2,#FFFFFF,#DCE9F5,#FFFFFF,#FFFFFF,#FFFFFF,#FFEBD2,#FFFFFF,#FFFFFF,#FFFFFF,#FFEBD2,#FFEBD2,#FFFFFF,#FFFFFF,#CBDEF0,#FFFFFF,#FFF8F0,#FCFDFE,#C1D9ED,#FBFCFE,#FFF0DF,#ECF3F9,"1705237,,Kacper Klaczek","1908361,,Ja'Juan Carr","2093202,,Randall Pettus II","2110183,,Chandler Cuthrell","2147102,,Isaac Harrell",2025
J. Carr / B. Cokley / C. Cuthrell / I. Harrell / R. Pettus II,Elon,97.9808102863069,103.415415906636,-5.43460562032929,-1.93524216023933,212,201,-20.2274241997559,0.872151437653844,97.1698113207547,106.965174129353,-9.79536280859851,#FFEBD2,#DCE9F5,#FFFFFF,#FFFFFF,#FFFFFF,#FFEBD2,#FFFFFF,#FFFFFF,#FFFFFF,#FFFFFF,#FFFFFF,#FFFFFF,#FFEBD2,#FFFFFF,#DCE9F5,#FFEBD2,#FFEBD2,#FFFFFF,#FFFFFF,#CBDEF0,#FFFFFF,#B9D4EA,#EBF3F9,#F8FAFD,#DAE7F4,#F4F8FB,#EBF2F9,"1908361,,Ja'Juan Carr","2093202,,Randall Pettus II","2110183,,Chandler Cuthrell","2147102,,Isaac Harrell","2321347,,Bryson Cokley",2025
J. Carr / B. Cokley / C. Cuthrell / I. Harrell / N. Hull,Elon,104.835931401288,111.039551995007,-6.20362059371961,-2.07325678486809,152,147,-11.4547081990691,0.291678315914151,105.263157894737,112.925170068027,-7.66201217329037,#FFEBD2,#DCE9F5,#FFFFFF,#FFFFFF,#FFFFFF,#FFFFFF,#FFFFFF,#FFFFFF,#FFFFFF,#FFFFFF,#FFFFFF,#FFFFFF,#FFD7A5,#DCE9F5,#DCE9F5,#FFEBD2,#FFFFFF,#FFFFFF,#FFFFFF,#CBDEF0,#FFFFFF,#D5E5F3,#E8F1F8,#DCE9F4,#E8F1F8,#F3F8FB,#DBE8F4,"1908361,,Ja'Juan Carr","2110183,,Chandler Cuthrell","2147102,,Isaac Harrell","2147106,,Ned Hull","2321347,,Bryson Cokley",2025
J. Carr / B. Cokley / C. Cuthrell / K. Klaczek / R. Pettus II,Elon,104.37407835192,95.8730790189388,8.50099933298154,8.03072249329726,148,134,9.72609923356191,0.320611322828661,105.405405405405,98.5074626865672,6.89794271883823,#FFEBD2,#FFFFFF,#FFFFFF,#FFFFFF,#FFEBD2,#FFEBD2,#FFFFFF,#DCE9F5,#FFFFFF,#FFFFFF,#FFFFFF,#FFEBD2,#FFFFFF,#FFFFFF,#FFFFFF,#FFEBD2,#FFEBD2,#FFFFFF,#FFFFFF,#CBDEF0,#FFFFFF,#D3E4F2,#FFF3E5,#FFF2E3,#E9F1F8,#FFF1E0,#FEFEFE,"1705237,,Kacper Klaczek","1908361,,Ja'Juan Carr","2093202,,Randall Pettus II","2110183,,Chandler Cuthrell","2321347,,Bryson Cokley",2025
E. Dibami / Z. Jackson / H. Olayinka / C. Stephenson / A. Williamson,Florida International,105.76363578374,82.3308100154193,23.4328257683212,19.1672884962451,362,361,70.0499265392327,0.811050545684561,104.696132596685,85.3185595567867,19.3775730398984,#FFFFFF,#FFD7A5,#FFFFFF,#FFFFFF,#FFFFFF,#FFEBD2,#FFFFFF,#FFFFFF,#DCE9F5,#FFD7A5,#FFFFFF,#FFFFFF,#DCE9F5,#FFD7A5,#FFD7A5,#DCE9F5,#FFEBD2,#FFFFFF,#FFFFFF,#CBDEF0,#FFFFFF,#D9E7F4,#FFDFB8,#FFD6A3,#D9E7F4,#FFDEB5,#FFDFB7,"1948204,,Zawdie Jackson","2113986,,Corey Stephenson","2116988,,Hamed Olayinka","2333139,,Ashton Williamson","2541652,,Eric Dibami",2025
E. Dibami / Z. Jackson / J. Mackey / H. Olayinka / C. Stephenson,Florida International,105.387717727235,105.412701643687,-0.0249839164512822,13.4560119617512,193,195,-12.8508569151056,1.31983382651445,104.145077720207,110.769230769231,-6.62415304902353,#FFFFFF,#FFEBD2,#FFFFFF,#FFFFFF,#FFFFFF,#FFEBD2,#FFFFFF,#FFEBD2,#FFFFFF,#FFD7A5,#FFFFFF,#FFFFFF,#DCE9F5,#FFEBD2,#FFD7A5,#DCE9F5,#FFD7A5,#FFFFFF,#FFFFFF,#CBDEF0,#FFFFFF,#D8E6F3,#FEFEFE,#F1F6FA,#E0EBF6,#FFE8CB,#FFEFDB,"1637589,,Julian Mackey","1948204,,Zawdie Jackson","2113986,,Corey Stephenson","2116988,,Hamed Olayinka","2541652,,Eric Dibami",2025
R. Bartley / D. Bethea / K. Green / T. Johnson / D. Williams,Houston Christian,94.3900746766828,111.062910056642,-16.6728353799591,-7.4686863485264,166,154,-32.4205914567361,0.718006856100182,93.3734939759036,113.636363636364,-20.26286966046,#FFFFFF,#DCE9F5,#FFFFFF,#FFFFFF,#FFFFFF,#FFEBD2,#FFFFFF,#FFFFFF,#FFFFFF,#FFFFFF,#DCE9F5,#FFEBD2,#FFFFFF,#FFFFFF,#DCE9F5,#FFD7A5,#FFFFFF,#FFFFFF,#FFFFFF,#CBDEF0,#FFFFFF,#ABCBE6,#C3DAED,#DCE9F4,#CDE0F0,#D6E5F3,#E4EEF7,"1716954,,Demari Williams","2092809,,Trent Johnson","2316254,,Ryan Bartley","2340348,,Kylin Green","2345926,,Demarco Bethea",2025
R. Bartley / D. Bethea / E. Brooks / K. Green / T. Johnson,Houston Christian,109.46395652694,109.047307463266,0.416649063673457,-2.73616997938244,139,128,-2.11595098920862,0.400326215612388,109.352517985612,110.9375,-1.58498201438848,#FFFFFF,#DCE9F5,#DCE9F5,#FFFFFF,#FFFFFF,#FFEBD2,#FFFFFF,#FFFFFF,#DCE9F5,#FFFFFF,#DCE9F5,#FFD7A5,#DCE9F5,#FFFFFF,#DCE9F5,#FFD7A5,#FFFFFF,#FFFFFF,#FFFFFF,#CBDEF0,#FFFFFF,#E8F1F8,#FFFEFD,#E3EEF7,#DDE9F5,#F0F5FA,#E5EEF7,"1925434,,Elijah Brooks","2092809,,Trent Johnson","2316254,,Ryan Bartley","2340348,,Kylin Green","2345926,,Demarco Bethea",2025
R. Bartley / D. Bethea / K. Green / T. Johnson / M. Mara,Houston Christian,95.3645374490827,100.382082662692,-5.01754521360902,-2.07166707569917,133,133,-8.99999999999999,0.349874415924812,95.4887218045113,102.255639097744,-6.76691729323308,#FFFFFF,#FFFFFF,#FFFFFF,#FFFFFF,#FFFFFF,#FFFFFF,#FFFFFF,#FFFFFF,#DCE9F5,#FFFFFF,#FFFFFF,#FFFFFF,#FFFFFF,#FFFFFF,#FFEBD2,#FFEBD2,#FFFFFF,#FFFFFF,#FFFFFF,#CBDEF0,#FFFFFF,#AFCDE7,#EDF3F9,#FFFCF9,#C4DAEE,#F3F8FB,#FFFDFC,"2092809,,Trent Johnson","2100316,,Mambourou Mara","2316254,,Ryan Bartley","2340348,,Kylin Green","2345926,,Demarco Bethea",2025
D. Bethea / K. Green / T. Johnson / D. Samuels / D. Williams,Houston Christian,102.218778374574,106.517955675465,-4.29917730089196,-0.226745338676815,127,122,-9.26477991480573,0.628482598424939,101.574803149606,109.016393442623,-7.44159029301665,#FFFFFF,#FFFFFF,#DCE9F5,#FFFFFF,#FFFFFF,#FFEBD2,#FFFFFF,#FFFFFF,#FFFFFF,#FFFFFF,#FFFFFF,#FFD7A5,#DCE9F5,#FFEBD2,#DCE9F5,#FFD7A5,#FFEBD2,#FFFFFF,#FFFFFF,#FFFFFF,#FFFFFF,#CBDEF0,#EFF5FA,#EDF3F9,#DCE9F5,#FDFEFE,#EEF4FA,"1716954,,Demari Williams","2092809,,Trent Johnson","2138682,,D'Aundre Samuels","2340348,,Kylin Green","2345926,,Demarco Bethea",2025
J. Collins / J. Ray / J. Rivera-Torres / C. Robinson Jr. / S. Spartalis,Monmouth,87.5748324756142,109.455136957962,-21.8803044823482,-4.42560676187664,317,314,-78.9875223532721,0.631072057778988,87.0662460567823,112.101910828025,-25.0356647712431,#FFFFFF,#FFFFFF,#FFEBD2,#FFFFFF,#FFEBD2,#FFEBD2,#FFFFFF,#FFFFFF,#FFEBD2,#FFEBD2,#FFFFFF,#FFFFFF,#FFFFFF,#FFEBD2,#FFFFFF,#FFFFFF,#FFFFFF,#FFFFFF,#FFFFFF,#CBDEF0,#FFFFFF,#8FB9DE,#B1CEE8,#E2EDF6,#B7D2EA,#E6F0F8,#FFFBF6,"1925673,,Jack Collins","2115437,,Jason Rivera-Torres","2143423,,Cornelius Robinson Jr.","2314232,,Justin Ray","2567136,,Stefanos Spartalis",2025
A. Ball / J. Collins / J. Ray / J. Rivera-Torres / S. Spartalis,Monmouth,104.002290192257,97.9835646178784,6.0187255743782,10.5192444658967,154,145,7.82648902821316,0.156723171301972,104.545454545455,99.3103448275862,5.23510971786834,#FFFFFF,#FFFFFF,#FFEBD2,#FFFFFF,#FFEBD2,#FFEBD2,#FFFFFF,#DCE9F5,#FFD7A5,#FFFFFF,#FFEBD2,#FFFFFF,#FFEBD2,#FFEBD2,#FFFFFF,#FFFFFF,#FFFFFF,#FFFFFF,#FFFFFF,#CBDEF0,#FFFFFF,#D2E3F2,#FFF6EC,#FFF7ED,#DEEAF5,#FFEDD6,#FFF4E6,"1925672,,Andrew Ball","1925673,,Jack Collins","2115437,,Jason Rivera-Torres","2314232,,Justin Ray","2567136,,Stefanos Spartalis",2025
A. Ball / J. Collins / J. Ray / J. Rivera-Torres / C. Robinson Jr.,Monmouth,121.931045410177,104.455536062285,17.4755093478927,17.0456845910607,137,137,20,0.57539384038146,121.897810218978,107.299270072993,14.5985401459854,#FFFFFF,#FFFFFF,#FFFFFF,#FFFFFF,#FFD7A5,#FFFFFF,#FFFFFF,#DCE9F5,#FFFFFF,#FFFFFF,#FFFFFF,#FFFFFF,#FFEBD2,#FFEBD2,#FFFFFF,#FFEBD2,#FFFFFF,#FFFFFF,#FFFFFF,#CBDEF0,#FFFFFF,#FFEED9,#FFE7CA,#F4F8FB,#F6F9FC,#FFE2BD,#FFF5E8,"1925672,,Andrew Ball","1925673,,Jack Collins","2115437,,Jason Rivera-Torres","2143423,,Cornelius Robinson Jr.","2314232,,Justin Ray",2025
J. Collins / D. Muordar / J. Ray / J. Rivera-Torres / C. Robinson Jr.,Monmouth,119.954012262385,96.5968629672353,23.3571492951502,18.5057305824086,136,143,28.7205882352941,0.553782800206508,120.588235294118,100,20.5882352941176,#FFFFFF,#FFEBD2,#FFEBD2,#FFFFFF,#FFD7A5,#FFFFFF,#FFFFFF,#FFFFFF,#FFFFFF,#FFEBD2,#FFFFFF,#FFFFFF,#FFEBD2,#FFEBD2,#FFD7A5,#FFFFFF,#FFFFFF,#FFFFFF,#FFFFFF,#CBDEF0,#FFFFFF,#FFF3E3,#FFDFB8,#FFF4E7,#EFF5FA,#FFDFB7,#FFEDD8,"1912976,,Dok Muordar","1925673,,Jack Collins","2115437,,Jason Rivera-Torres","2143423,,Cornelius Robinson Jr.","2314232,,Justin Ray",2025
K. Aguino / T. Isaak / T. Sawyer / T. Thompson / M. Williams,Montana,109.777869241229,104.35916759928,5.41870164194902,10.8009394397591,268,270,-3.79930901050301,1.3662168347469,109.328358208955,110.740740740741,-1.41238253178551,#FFFFFF,#FFFFFF,#FFFFFF,#FFFFFF,#FFFFFF,#FFEBD2,#FFEBD2,#FFFFFF,#FFD7A5,#CBDEF0,#FFEBD2,#FFEBD2,#DCE9F5,#DCE9F5,#FFFFFF,#FFFFFF,#FFFFFF,#FFFFFF,#FFFFFF,#CBDEF0,#FFFFFF,#EAF2F8,#FFF7EE,#F4F8FC,#E7F0F8,#FFECD5,#FFF8F1,"1615169,,Te'Jon Sawyer","1930779,,Tyler Isaak","2125498,,Money Williams","2331405,,Tyler Thompson","2538894,,Kenyon Aguino",2025
K. Aguino / G. Kepley / T. Sawyer / T. Thompson / M. Williams,Montana,113.967556747819,89.7252082929954,24.2423484548241,15.7884803736883,216,216,47,0.496617839112963,115.277777777778,93.5185185185185,21.7592592592592,#FFFFFF,#FFFFFF,#FFFFFF,#FFFFFF,#FFFFFF,#FFD7A5,#FFEBD2,#FFFFFF,#FFEBD2,#CBDEF0,#FFEBD2,#FFEBD2,#CBDEF0,#DCE9F5,#FFFFFF,#FFFFFF,#FFFFFF,#FFFFFF,#FFFFFF,#CBDEF0,#FFFFFF,#FBFCFD,#FFDEB6,#FFE5C6,#ECF3F9,#FFE4C2,#FFF1E1,"1615169,,Te'Jon Sawyer","2125498,,Money Williams","2283316,,Grant Kepley","2331405,,Tyler Thompson","2538894,,Kenyon Aguino",2025
K. Aguino / B. Hicks / T. Sawyer / T. Thompson / M. Williams,Montana,105.349923017345,90.1875236382512,15.1623993790934,11.8147957690455,149,156,14.9849423507142,1.06724153474142,104.697986577181,94.8717948717949,9.82619170538634,#FFFFFF,#FFFFFF,#FFFFFF,#FFFFFF,#FFFFFF,#FFEBD2,#FFEBD2,#FFFFFF,#FFEBD2,#DCE9F5,#FFEBD2,#FFFFFF,#DCE9F5,#DCE9F5,#FFFFFF,#FFEBD2,#FFFFFF,#FFFFFF,#FFFFFF,#CBDEF0,#FFFFFF,#D8E6F3,#FFEAD1,#FFE6C8,#DFEBF5,#FFEAD1,#FFF1E1,"1615169,,Te'Jon Sawyer","2125498,,Money Williams","2126214,,Brooklyn Hicks","2331405,,Tyler Thompson","2538894,,Kenyon Aguino",2025
D. Ellis / E. Jamison / J. Leaks / K. Lewis / A. McComb III,Norfolk State,95.2145125004427,101.813846916495,-6.59933441605196,-10.1414073197497,154,146,-10.9277708592777,0.137169231359972,95.4545454545455,102.739726027397,-7.28518057285181,#FFFFFF,#DCE9F5,#FFFFFF,#FFFFFF,#FFEBD2,#FFFFFF,#DCE9F5,#DCE9F5,#FFFFFF,#FFFFFF,#FFFFFF,#FFFFFF,#FFFFFF,#DCE9F5,#FFFFFF,#FFFFFF,#FFFFFF,#FFFFFF,#FFFFFF,#CBDEF0,#FFFFFF,#AECDE7,#E7F0F8,#FEFEFE,#C1D8ED,#C7DCEF,#E7F0F8,"1890446,,Anthony McComb III","1905969,,Elijah Jamison","1910656,,Keyontae Lewis","2125284,,Jordan Leaks","2160979,,Devon Ellis",2025
D. Ellis / J. Leaks / K. Lewis / A. McComb III / A. Newton,Norfolk State,94.2704413119207,110.308234388397,-16.0377930764763,-10.8662584110903,149,151,-15.9607093648606,-1.07946403331385,96.6442953020134,107.284768211921,-10.6404729099071,#DCE9F5,#FFFFFF,#DCE9F5,#FFFFFF,#FFFFFF,#FFFFFF,#DCE9F5,#CBDEF0,#DCE9F5,#FFFFFF,#DCE9F5,#FFFFFF,#FFFFFF,#FFFFFF,#FFFFFF,#FFFFFF,#DCE9F5,#FFFFFF,#FFFFFF,#CBDEF0,#FFFFFF,#AACAE6,#C5DBEE,#DFEBF5,#B8D2EA,#C4DAED,#EEF4FA,"1890446,,Anthony McComb III","1910656,,Keyontae Lewis","2125284,,Jordan Leaks","2160979,,Devon Ellis","2507553,,Adrean Newton",2025
D. Ellis / E. Jamison / J. Leaks / A. McComb III / J. Morris,Norfolk State,89.0261400055223,118.644195086624,-29.618055081102,-13.8054916086766,148,147,-36.0343123735981,-1.03760255878337,91.2162162162162,115.646258503401,-24.4300422871851,#FFFFFF,#DCE9F5,#FFFFFF,#FFFFFF,#FFEBD2,#FFFFFF,#FFFFFF,#DCE9F5,#FFFFFF,#FFFFFF,#FFFFFF,#DCE9F5,#DCE9F5,#DCE9F5,#FFFFFF,#FFFFFF,#FFEBD2,#FFFFFF,#FFFFFF,#CBDEF0,#FFFFFF,#94BDE0,#95BDE0,#C0D8EC,#BCD5EB,#B4D0E9,#E0EBF6,"1890446,,Anthony McComb III","1905969,,Elijah Jamison","1916296,,Jaquel Morris","2125284,,Jordan Leaks","2160979,,Devon Ellis",2025
T. Dozier / E. Elliott / D. Gherezgher / K. Robinson / L. Wells,Northern Kentucky,101.467992618003,105.749938032509,-4.28194541450666,5.54533834739876,254,245,-18.6553671862446,0.639031132428895,103.543307086614,111.020408163265,-7.47710107665114,#FFFFFF,#FFFFFF,#FFFFFF,#FFFFFF,#FFFFFF,#FFD7A5,#FFFFFF,#FFFFFF,#FFFFFF,#FFFFFF,#FFFFFF,#FFEBD2,#FFFFFF,#FFFFFF,#FFFFFF,#FFFFFF,#FFFFFF,#FFFFFF,#FFFFFF,#CBDEF0,#FFFFFF,#C8DDEF,#EFF5FA,#EFF5FA,#D8E7F3,#FFF5E9,#FFFAF5,"1920423,,Dan Gherezgher","1926386,,LJ Wells","2321112,,Kael Robinson","2549978,,Tae Dozier","2549982,,Ethan Elliott",2025
T. Dozier / E. Elliott / D. Oday / K. Robinson / L. Wells,Northern Kentucky,103.292655012143,85.5778212316747,17.7148337804684,15.8369064082347,210,198,27.2294372294372,0.87341408654101,104.761904761905,91.4141414141414,13.3477633477634,#FFEBD2,#FFEBD2,#FFFFFF,#FFFFFF,#FFFFFF,#FFD7A5,#FFFFFF,#DCE9F5,#FFFFFF,#FFFFFF,#FFFFFF,#FFEBD2,#FFFFFF,#FFEBD2,#FFFFFF,#FFFFFF,#FFEBD2,#FFFFFF,#FFFFFF,#CBDEF0,#FFFFFF,#CFE1F1,#FFE7C9,#FFDDB2,#E1ECF6,#FFE4C2,#FFEAD1,"1925422,,Donovan Oday","1926386,,LJ Wells","2321112,,Kael Robinson","2549978,,Tae Dozier","2549982,,Ethan Elliott",2025
T. Dozier / D. Gherezgher / D. Oday / K. Robinson / L. Wells,Northern Kentucky,134.922165072959,112.151608717494,22.7705563554647,27.7382015873505,155,133,28.0525830705797,0.657919177956866,136.774193548387,117.293233082707,19.4809604656803,#FFEBD2,#FFEBD2,#FFFFFF,#FFFFFF,#FFFFFF,#FFD7A5,#FFFFFF,#FFFFFF,#FFFFFF,#FFFFFF,#FFFFFF,#FFFFFF,#DCE9F5,#FFEBD2,#FFFFFF,#FFFFFF,#FFD7A5,#FFFFFF,#FFFFFF,#CBDEF0,#FFFFFF,#FFCF94,#FFE0BA,#D8E7F3,#FFEFDB,#FFCF94,#FFF4E7,"1920423,,Dan Gherezgher","1925422,,Donovan Oday","1926386,,LJ Wells","2321112,,Kael Robinson","2549978,,Tae Dozier",2025
E. Elliott / D. Gherezgher / D. Oday / K. Robinson / L. Wells,Northern Kentucky,119.374856393751,111.415100288287,7.95975610546386,14.7361934781519,145,130,1.27652519893898,1.40627482851983,118.620689655172,117.692307692308,0.928381962864711,#FFEBD2,#FFFFFF,#FFFFFF,#FFFFFF,#FFFFFF,#FFD7A5,#FFFFFF,#FFFFFF,#FFFFFF,#DCE9F5,#FFFFFF,#FFEBD2,#DCE9F5,#FFEBD2,#DCE9F5,#FFFFFF,#FFEBD2,#FFFFFF,#FFFFFF,#CBDEF0,#FFFFFF,#FFF4E6,#FFF4E7,#DBE8F4,#FBFDFE,#FFE5C6,#FFFCF9,"1920423,,Dan Gherezgher","1925422,,Donovan Oday","1926386,,LJ Wells","2321112,,Kael Robinson","2549982,,Ethan Elliott",2025
T. Dozier / D. Gherezgher / D. Oday / D. Rakotonanahary / L. Wells,Northern Kentucky,125.236309281819,116.490957894217,8.74535138760207,19.9456438316522,141,154,9.1907294832827,0.502869669617675,127.659574468085,121.428571428571,6.23100303951369,#FFEBD2,#FFEBD2,#FFFFFF,#FFFFFF,#FFFFFF,#FFEBD2,#FFEBD2,#FFFFFF,#FFFFFF,#FFEBD2,#FFFFFF,#FFFFFF,#FFFFFF,#FFEBD2,#FFFFFF,#DCE9F5,#FFEBD2,#FFFFFF,#FFFFFF,#CBDEF0,#FFFFFF,#FFE6C7,#FFF3E4,#C8DDEF,#FFFAF5,#FFDDB2,#FFF8F0,"1920423,,Dan Gherezgher","1925422,,Donovan Oday","1926386,,LJ Wells","2333332,,Donovan Rakotonanahary","2549978,,Tae Dozier",2025
J. Clayton / I. Jack / E. Ralph / J. Rochelin / T. Wainwright,Pacific,118.592057761733,100,18.5920577617328,21.4673750380834,554,548,102.442238267148,0,118.592057761733,100,18.5920577617328,#FFEBD2,#FFEBD2,#FFFFFF,#FFFFFF,#FFD7A5,#FFEBD2,#FFEBD2,#FFFFFF,#FFEBD2,#FFEBD2,#FFEBD2,#FFEBD2,#DCE9F5,#FFFFFF,#FFFFFF,#DCE9F5,#FFEBD2,#FFFFFF,#FFFFFF,#CBDEF0,#FFFFFF,#FFF6EB,#FFE6C7,#FFFBF7,#FFFEFD,#FFDAAC,#FFF1E1,"1716944,,Justin Rochelin","1895742,,Isaac Jack","1924187,,Jaden Clayton","1930367,,TJ Wainwright","2313724,,Elias Ralph",2025
J. Clayton / J. Pitt / E. Ralph / J. Rochelin / T. Wainwright,Pacific,104.062135719251,120.553264625065,-16.4911289058134,9.00488969322044,143,149,-35.1518280377341,1.51709312811595,102.097902097902,126.174496644295,-24.0765945463932,#FFFFFF,#FFFFFF,#FFFFFF,#FFFFFF,#FFEBD2,#FFEBD2,#FFFFFF,#FFFFFF,#FFD7A5,#FFFFFF,#FFEBD2,#FFEBD2,#FFFFFF,#FFEBD2,#FFFFFF,#FFFFFF,#FFFFFF,#FFFFFF,#FFFFFF,#CBDEF0,#FFFFFF,#D2E3F2,#C4DAEE,#B9D3EA,#E3EDF7,#FFEFDC,#FFF9F3,"1716944,,Justin Rochelin","1924187,,Jaden Clayton","1930367,,TJ Wainwright","2313724,,Elias Ralph","2539103,,Jaion Pitt",2025
I. Jack / K. Kublickas / E. Ralph / J. Rochelin / T. Wainwright,Pacific,91.1519403851651,96.4103629124318,-5.25842252726673,7.31267337603632,126,134,-16.3231461738924,1.45956875206857,89.6825396825397,102.238805970149,-12.5562662876096,#FFFFFF,#FFEBD2,#FFFFFF,#FFFFFF,#FFEBD2,#FFEBD2,#FFEBD2,#FFEBD2,#FFEBD2,#FFEBD2,#FFEBD2,#FFFFFF,#DCE9F5,#DCE9F5,#FFFFFF,#DCE9F5,#FFEBD2,#FFFFFF,#FFFFFF,#CBDEF0,#FFFFFF,#9DC2E2,#ECF3F9,#FFF4E6,#CCDFF0,#FFF2E2,#FFEFDC,"1716944,,Justin Rochelin","1895742,,Isaac Jack","1930367,,TJ Wainwright","2106889,,Kajus Kublickas","2313724,,Elias Ralph",2025
C. Dunning / D. Horne / T. Joseph / C. Wells / L. Williams,Prairie View,94.8228048408155,103.223580219171,-8.40077537835542,-5.43940263213941,244,243,-18.0000758955677,-0.201709416897558,96.3114754098361,103.703703703704,-7.39222829386763,#FFFFFF,#FFFFFF,#FFFFFF,#FFFFFF,#FFFFFF,#FFEBD2,#DCE9F5,#DCE9F5,#FFEBD2,#DCE9F5,#DCE9F5,#FFFFFF,#FFFFFF,#FFFFFF,#FFEBD2,#FFFFFF,#FFFFFF,#FFFFFF,#FFFFFF,#CBDEF0,#FFFFFF,#ACCCE7,#E1ECF6,#F9FBFD,#C0D7EC,#E1ECF6,#F9FBFD,"1611533,,Tai'Reon Joseph","2098960,,Dontae Horne","2340455,,Cory Wells","2565491,,Corey Dunning","2565494,,Lance Williams",2025
D. Horne / T. Joseph / K. Mason / C. Wells / L. Williams,Prairie View,85.9698258515598,115.72384792603,-29.7540220744707,-17.8809736805298,217,210,-57.0645161290322,-0.605182295078464,87.5576036866359,114.285714285714,-26.7281105990783,#FFFFFF,#DCE9F5,#DCE9F5,#FFFFFF,#FFFFFF,#FFEBD2,#DCE9F5,#DCE9F5,#FFFFFF,#DCE9F5,#CBDEF0,#FFFFFF,#FFFFFF,#FFFFFF,#FFFFFF,#FFFFFF,#FFEBD2,#FFFFFF,#FFFFFF,#CBDEF0,#FFFFFF,#88B5DC,#94BDE0,#CBDEF0,#B3CFE9,#9DC2E2,#DBE8F4,"1611533,,Tai'Reon Joseph","1691292,,Keeshawn Mason","2098960,,Dontae Horne","2340455,,Cory Wells","2565494,,Lance Williams",2025
C. Dunning / D. Horne / J. Madimba / C. Wells / L. Williams,Prairie View,94.0651217201826,94.3104052124842,-0.245283492301648,-2.34176821874533,216,213,23.1759585289515,-2.2099852326283,99.537037037037,88.7323943661972,10.8046426708398,#FFFFFF,#FFFFFF,#FFFFFF,#FFFFFF,#DCE9F5,#FFFFFF,#DCE9F5,#DCE9F5,#FFEBD2,#FFFFFF,#FFFFFF,#FFFFFF,#FFFFFF,#FFFFFF,#FFEBD2,#FFFFFF,#FFFFFF,#FFFFFF,#FFFFFF,#CBDEF0,#FFFFFF,#A9CAE6,#FEFEFE,#FFEFDC,#BDD6EC,#F2F7FB,#FFFAF5,"1600266,,Joey Madimba","2098960,,Dontae Horne","2340455,,Cory Wells","2565491,,Corey Dunning","2565494,,Lance Williams",2025
C. Dunning / D. Horne / E. Mitchell / C. Wells / L. Williams,Prairie View,123.16049881123,109.434983690188,13.7255151210422,9.55553697342484,170,176,35.0163101604278,-1.30302531803754,127.058823529412,106.818181818182,20.2406417112299,#FFFFFF,#FFFFFF,#FFFFFF,#FFFFFF,#DCE9F5,#FFFFFF,#CBDEF0,#FFFFFF,#FFEBD2,#DCE9F5,#FFFFFF,#FFFFFF,#FFEBD2,#FFFFFF,#FFEBD2,#DCE9F5,#FFFFFF,#FFFFFF,#FFFFFF,#CBDEF0,#FFFFFF,#FFEBD2,#FFECD5,#E2EDF6,#ECF3F9,#FFEEDA,#FFFDFC,"2098960,,Dontae Horne","2340455,,Cory Wells","2565491,,Corey Dunning","2565494,,Lance Williams","2565495,,Elijah Mitchell",2025
M. Abdullahi / L. Clark / C. Happy / J. Hicke / J. Stanton,Princeton,113.761749160419,102.212085664423,11.5496634959958,10.2401279814603,216,213,13.6929773082942,1.03319821823933,113.425925925926,107.042253521127,6.38367240479918,#FFFFFF,#FFFFFF,#FFEBD2,#FFFFFF,#FFFFFF,#FFFFFF,#FFFFFF,#FFFFFF,#FFFFFF,#FFFFFF,#FFFFFF,#FFFFFF,#FFFFFF,#FFFFFF,#FFFFFF,#FFFFFF,#FFFFFF,#FFFFFF,#FFFFFF,#CBDEF0,#FFFFFF,#FAFCFD,#FFEFDC,#FCFDFE,#F0F6FA,#FFEDD7,#FEFEFE,"2124861,,Jackson Hicke","2306439,,CJ Happy","2306441,,Malik Abdullahi","2306442,,Jack Stanton","2505002,,Landon Clark",2025
M. Abdullahi / L. Clark / D. Davis / J. Hicke / J. Huggins,Princeton,106.322244249268,107.912275467673,-1.59003121840541,3.9672602003868,156,159,-9.75326560232219,0.920503674074117,105.128205128205,111.320754716981,-6.192549588776,#FFFFFF,#FFFFFF,#FFFFFF,#FFFFFF,#FFFFFF,#FFFFFF,#FFFFFF,#FFEBD2,#FFEBD2,#FFFFFF,#FFFFFF,#FFFFFF,#FFFFFF,#DCE9F5,#FFFFFF,#FFFFFF,#FFFFFF,#FFFFFF,#FFFFFF,#CBDEF0,#FFFFFF,#DBE9F4,#F9FBFD,#E7F0F8,#E2EDF6,#FFF8EF,#F7FAFC,"2124860,,Jacob Huggins","2124861,,Jackson Hicke","2124862,,Dalen Davis","2306441,,Malik Abdullahi","2505002,,Landon Clark",2025
M. Abdullahi / L. Clark / J. Hicke / J. Huggins / J. Stanton,Princeton,121.442369510943,111.154119695668,10.288249815275,13.4013867071291,153,159,10.0998890122086,0.762792397387224,121.56862745098,115.094339622642,6.47428782833888,#FFFFFF,#FFFFFF,#FFEBD2,#FFFFFF,#FFFFFF,#FFFFFF,#FFFFFF,#FFEBD2,#FFFFFF,#FFFFFF,#FFEBD2,#FFFFFF,#FFEBD2,#DCE9F5,#FFFFFF,#FFFFFF,#FFFFFF,#FFFFFF,#FFFFFF,#CBDEF0,#FFFFFF,#FFEFDB,#FFF1E0,#DBE9F4,#FCFDFE,#FFE8CB,#FDFDFE,"2124860,,Jacob Huggins","2124861,,Jackson Hicke","2306441,,Malik Abdullahi","2306442,,Jack Stanton","2505002,,Landon Clark",2025
W. Johnston / A. Lopez / C. Tanner / M. Tyne / M. Walz,Richmond,114.476549236735,114.292433265534,0.184115971201028,5.11849365784471,221,227,-12.0512687623338,1.1128293337343,113.122171945701,118.502202643172,-5.38003069747046,#FFEBD2,#DCE9F5,#FFFFFF,#FFFFFF,#FFD7A5,#FFFFFF,#FFFFFF,#FFEBD2,#FFD7A5,#DCE9F5,#FFFFFF,#FFFFFF,#FFEBD2,#DCE9F5,#FFFFFF,#FFEBD2,#FFFFFF,#FFFFFF,#FFFFFF,#CBDEF0,#FFFFFF,#FDFEFE,#FFFEFE,#D0E2F1,#F6F9FC,#FFF6EB,#E6EFF7,"1687513,,AJ Lopez","1897993,,Mike Walz","1931593,,Will Johnston","2106661,,Collin Tanner","2106662,,Mikkel Tyne",2025
R. Beasley / D. Fuchs / T. Riley IV / L. Smiley / J. Wang,San Francisco,99.9589044975114,111.883160818769,-11.9242563212574,9.7813812960845,177,163,-43.0612457107206,2.68117764289212,94.9152542372881,120.245398773006,-25.330144535718,#FFEBD2,#FFFFFF,#FFFFFF,#FFFFFF,#FFFFFF,#FFEBD2,#FFEBD2,#FFFFFF,#FFFFFF,#FFEBD2,#FFFFFF,#FFFFFF,#FFEBD2,#FFFFFF,#DCE9F5,#FFEBD2,#FFEBD2,#FFFFFF,#FFFFFF,#CBDEF0,#FFFFFF,#C1D9ED,#D4E4F2,#D9E7F4,#ECF3F9,#FFEED9,#FFFDFB,"2125980,,David Fuchs","2169496,,Ryan Beasley","2169497,,Junjie Wang","2322770,,Tyrone Riley IV","2477455,,Legend Smiley",2025
R. Brown III / R. Goods / Q. Gorman / E. Pratt / A. Shoshkikj,Stony Brook,107.357886283915,104.282588015547,3.07529826836716,7.40831493848058,287,294,1.4700929152149,0.513848437479635,106.968641114983,106.462585034014,0.506056080968986,#FFFFFF,#FFFFFF,#FFFFFF,#FFFFFF,#FFFFFF,#FFEBD2,#DCE9F5,#FFEBD2,#FFFFFF,#FFFFFF,#FFFFFF,#FFEBD2,#FFFFFF,#FFFFFF,#FFFFFF,#FFFFFF,#FFFFFF,#FFFFFF,#FFFFFF,#CBDEF0,#FFFFFF,#E0EBF6,#FFFAF5,#F5F8FC,#E4EEF7,#FFF2E2,#FFFEFC,"1694366,,Rob Brown III","1895644,,Erik Pratt","2273129,,Richard Goods","2283131,,Quin Gorman","2477828,,Andrej Shoshkikj",2025
R. Brown III / R. Goods / E. Pratt / A. Shoshkikj / T. Valentiny,Stony Brook,115.197242005516,108.364389692924,6.8328523125924,8.26782282192766,184,184,7.00000000000001,0.605700897301087,114.673913043478,110.869565217391,3.80434782608696,#FFFFFF,#FFFFFF,#FFFFFF,#FFFFFF,#FFFFFF,#FFEBD2,#DCE9F5,#FFEBD2,#FFFFFF,#FFFFFF,#FFFFFF,#FFEBD2,#FFFFFF,#FFFFFF,#FFFFFF,#FFEBD2,#FFFFFF,#FFFFFF,#FFFFFF,#CBDEF0,#FFFFFF,#FFFEFD,#FFF5EA,#E6EFF7,#F3F7FB,#FFF0DF,#F4F8FC,"1694366,,Rob Brown III","1895644,,Erik Pratt","2273129,,Richard Goods","2477828,,Andrej Shoshkikj","2477829,,Tomas Valentiny",2025
T. Harper II / D. Harris / A. Lorick III / A. Nkrumah / J. Pitre,Tennessee State,111.701321757996,106.296035210038,5.4052865479582,12.0926599513446,579,574,52.5716737977891,-0.742764851649959,113.126079447323,104.006968641115,9.119110806208,#FFEBD2,#FFFFFF,#FFFFFF,#FFFFFF,#FFEBD2,#FFEBD2,#FFFFFF,#FFFFFF,#FFFFFF,#FFEBD2,#FFEBD2,#FFFFFF,#FFFFFF,#FFD7A5,#FFFFFF,#FFFFFF,#FFEBD2,#FFFFFF,#FFFFFF,#CBDEF0,#FFFFFF,#F2F7FB,#FFF7EE,#EDF4FA,#EFF5FA,#FFEAD0,#FFFAF5,"1607814,,Dante Harris","1725979,,Travis Harper II","1917658,,Jalen Pitre","1942051,,Aaron Nkrumah","2335901,,Antoine Lorick III",2025
T. Harper II / D. Harris / A. Nkrumah / J. Pitre / C. Williams,Tennessee State,106.778969615339,99.9966611972207,6.78230841811869,9.51881178873586,304,297,21.770008195995,-0.0924573310847492,106.907894736842,99.6632996632997,7.24459507354244,#FFFFFF,#FFFFFF,#FFFFFF,#FFFFFF,#FFEBD2,#FFEBD2,#FFFFFF,#FFEBD2,#FFEBD2,#FFFFFF,#FFFFFF,#FFFFFF,#FFFFFF,#FFD7A5,#FFFFFF,#FFFFFF,#FFFFFF,#FFFFFF,#FFFFFF,#CBDEF0,#FFFFFF,#DDEAF5,#FFF5EA,#FFFBF7,#E1ECF6,#FFEEDA,#FFF7EF,"1607814,,Dante Harris","1725979,,Travis Harper II","1917658,,Jalen Pitre","1942051,,Aaron Nkrumah","2126503,,Carlous Williams",2025
L. Beath / T. Beattie / A. Chaikin / B. Dengdit / H. Mayes,UC San Diego,94.3175713732369,85.459967146833,8.85760422640388,8.30412996854651,261,255,15.54861392833,0.566201936107911,93.8697318007663,87.843137254902,6.02659454586433,#FFFFFF,#FFEBD2,#FFEBD2,#FFFFFF,#FFFFFF,#FFEBD2,#FFEBD2,#FFFFFF,#FFFFFF,#FFFFFF,#FFEBD2,#FFFFFF,#FFFFFF,#FFFFFF,#DCE9F5,#FFD7A5,#FFFFFF,#FFFFFF,#FFFFFF,#CBDEF0,#FFFFFF,#AACAE6,#FFF3E4,#FFDCB1,#CBDEF0,#FFF0DF,#FFEDD6,"1909596,,Bol Dengdit","1942020,,Leo Beath","2114815,,Tom Beattie","2313887,,Alex Chaikin","2505186,,Hudson Mayes",2025
L. Beath / T. Beattie / A. Burke / B. Dengdit / E. Prospere II,UC San Diego,112.210533109821,98.3460908562288,13.864442253592,15.1384055411314,197,208,19.6391790316283,0.833216447594621,110.659898477157,100.961538461538,9.6983600156189,#FFFFFF,#FFEBD2,#FFEBD2,#FFFFFF,#FFFFFF,#FFFFFF,#FFEBD2,#DCE9F5,#DCE9F5,#FFFFFF,#FFFFFF,#FFEBD2,#FFFFFF,#FFFFFF,#DCE9F5,#FFEBD2,#FFFFFF,#FFFFFF,#FFFFFF,#CBDEF0,#FFFFFF,#F4F8FB,#FFECD5,#FFF8EF,#E9F1F8,#FFE5C4,#FFF0DF,"1909596,,Bol Dengdit","1942020,,Leo Beath","2101737,,Emanuel Prospere II","2114815,,Tom Beattie","2136060,,Aidan Burke",2025
H. Kitenge / A. Mahaney / Z. Sensley / C. Shaw / C. Smith,UC Santa Barbara,104.970919577263,106.153590210366,-1.18267063310309,4.26557150741356,262,250,-8.66100763358781,0.44010709475343,103.81679389313,107.2,-3.38320610687024,#FFEBD2,#FFFFFF,#FFEBD2,#FFEBD2,#FFFFFF,#FFEBD2,#FFFFFF,#FFD7A5,#FFEBD2,#FFFFFF,#FFFFFF,#FFFFFF,#FFFFFF,#DCE9F5,#DCE9F5,#FFFFFF,#FFEBD2,#FFFFFF,#FFFFFF,#CBDEF0,#FFFFFF,#D6E5F3,#FAFCFD,#EEF4FA,#E7F0F8,#FFF7EE,#F3F7FB,"1324341,,Hosana Kitenge","1897598,,Colin Smith","1908434,,Aidan Mahaney","2305476,,Zion Sensley","2480418,,CJ Shaw",2025
H. Kitenge / A. Mahaney / M. McGhee IV / C. Shaw / C. Smith,UC Santa Barbara,118.836631458852,114.390475362109,4.44615609674269,11.483973246667,134,125,3.51002985074629,0.347141667109729,117.910447761194,115.2,2.71044776119405,#FFEBD2,#FFFFFF,#FFEBD2,#FFEBD2,#FFEBD2,#FFEBD2,#FFFFFF,#FFD7A5,#FFEBD2,#FFFFFF,#DCE9F5,#FFFFFF,#DCE9F5,#FFFFFF,#DCE9F5,#DCE9F5,#FFFFFF,#FFFFFF,#FFFFFF,#CBDEF0,#FFFFFF,#FFF5E9,#FFF9F1,#D0E1F1,#FFFEFD,#FFEBD2,#F2F7FB,"1324341,,Hosana Kitenge","1897598,,Colin Smith","1908434,,Aidan Mahaney","2303088,,Marvin McGhee IV","2480418,,CJ Shaw",2025
D. Armstrong / J. King / J. Odunowo / J. Roberto Tanchyn / A. Valentine,UMBC,117.066825281696,93.7428373384127,23.3239879432834,16.8496415731342,344,345,101.065524941018,-1.20257686365206,121.220930232558,91.8840579710145,29.3368722615436,#FFEBD2,#FFFFFF,#FFFFFF,#FFFFFF,#FFFFFF,#FFEBD2,#FFFFFF,#FFEBD2,#FFEBD2,#DCE9F5,#FFFFFF,#FFFFFF,#FFD7A5,#DCE9F5,#FFFFFF,#FFEBD2,#FFFFFF,#FFFFFF,#FFFFFF,#CBDEF0,#FFFFFF,#FFF9F3,#FFDFB8,#FFEED9,#FBFCFE,#FFE2BE,#FFF8F0,"1637512,,Josh Odunowo","2126088,,Ace Valentine","2138845,,Jah'Likai King","2161207,,Jose Roberto Tanchyn","2169823,,DJ Armstrong",2025
D. Armstrong / R. Jacobs / J. King / J. Odunowo / A. Valentine,UMBC,97.7316195672268,106.349598390664,-8.61797882343705,0.605983153732881,150,154,-6.93541125541125,-0.811041652133299,99.3333333333333,103.896103896104,-4.56277056277056,#FFFFFF,#FFFFFF,#FFFFFF,#FFFFFF,#FFFFFF,#FFEBD2,#FFFFFF,#FFEBD2,#FFFFFF,#DCE9F5,#FFFFFF,#FFFFFF,#FFEBD2,#DCE9F5,#FFFFFF,#FFD7A5,#FFFFFF,#FFFFFF,#FFFFFF,#CBDEF0,#FFFFFF,#B8D3EA,#E0ECF6,#EDF4F9,#D5E4F2,#FFFDFC,#F9FBFD,"1637512,,Josh Odunowo","2126088,,Ace Valentine","2138845,,Jah'Likai King","2169823,,DJ Armstrong","2550200,,Riley Jacobs",2025
D. Armstrong / C. Diggs / J. King / J. Roberto Tanchyn / A. Valentine,UMBC,100.485102308103,98.6777607567158,1.80734155138764,6.33780479682604,136,131,11.96674337674,-1.43130223305431,105.147058823529,96.1832061068702,8.96385271665918,#FFEBD2,#FFFFFF,#FFFFFF,#FFFFFF,#DCE9F5,#FFEBD2,#FFFFFF,#FFEBD2,#FFD7A5,#CBDEF0,#FFFFFF,#FFFFFF,#FFD7A5,#DCE9F5,#DCE9F5,#FFD7A5,#FFFFFF,#FFFFFF,#FFFFFF,#CBDEF0,#FFFFFF,#C4DAED,#FFFCF9,#FFF8F0,#E5EEF7,#FFF4E6,#FCFDFE,"2126088,,Ace Valentine","2138845,,Jah'Likai King","2161207,,Jose Roberto Tanchyn","2169823,,DJ Armstrong","2333157,,Caden Diggs",2025
C. Chavis / C. Jackson / M. McCreary / M. Rigsby Jr. / R. Seamster,UT Arlington,99.4594594594595,103.260869565217,-3.80141010575792,5.94212011951653,185,184,-7.01360164512336,0,99.4594594594595,103.260869565217,-3.80141010575792,#FFFFFF,#FFEBD2,#FFFFFF,#FFFFFF,#FFFFFF,#FFEBD2,#FFFFFF,#FFFFFF,#DCE9F5,#FFEBD2,#FFFFFF,#FFFFFF,#CBDEF0,#FFEBD2,#FFFFFF,#FFFFFF,#FFFFFF,#FFFFFF,#FFFFFF,#CBDEF0,#FFFFFF,#BFD7EC,#F1F6FB,#F8FBFD,#CCDFF0,#FFF4E8,#FFF2E2,"1921652,,Marcell McCreary","2114198,,Marcus Rigsby Jr.","2299492,,Raysean Seamster","2299497,,Cameron Jackson","2302256,,Casmir Chavis",2025
C. Chavis / M. Goodman / M. McCreary / M. Rigsby Jr. / R. Seamster,UT Arlington,91.7293233082707,94.2446043165468,-2.51528100827609,2.76380389990225,133,139,-3.42078217125549,0,91.7293233082707,94.2446043165468,-2.51528100827609,#DCE9F5,#FFEBD2,#FFFFFF,#FFFFFF,#FFFFFF,#FFFFFF,#FFFFFF,#FFFFFF,#DCE9F5,#FFFFFF,#FFFFFF,#FFFFFF,#CBDEF0,#FFEBD2,#FFFFFF,#DCE9F5,#FFFFFF,#FFFFFF,#FFFFFF,#CBDEF0,#FFFFFF,#A0C4E3,#F6F9FC,#FFEFDB,#BAD4EB,#FFFAF4,#FFEED9,"1921652,,Marcell McCreary","2114198,,Marcus Rigsby Jr.","2299492,,Raysean Seamster","2302256,,Casmir Chavis","2303033,,Miles Goodman",2025
I. Davis / T. Hendricks / J. Holcombe / T. Leonhardt / N. Taitz,Utah Valley,104.171182193578,89.2072142997081,14.9639678938694,19.8757874046822,261,258,33.0878107457899,0.442673290081016,103.448275862069,90.6976744186046,12.7506014434643,#FFEBD2,#FFEBD2,#FFFFFF,#FFFFFF,#FFFFFF,#FFFFFF,#FFD7A5,#FFEBD2,#FFFFFF,#FFEBD2,#FFFFFF,#FFD7A5,#DCE9F5,#FFD7A5,#FFFFFF,#FFFFFF,#FFEBD2,#FFFFFF,#FFFFFF,#CBDEF0,#FFFFFF,#D3E3F2,#FFEBD1,#FFE4C3,#E5EEF7,#FFDDB2,#FFE4C4,"1602612,,Noah Taitz","1935170,,Tyler Hendricks","1949291,,Trevan Leonhardt","2113994,,Jackson Holcombe","2333228,,Isaac Davis",2025
I. Davis / T. Hendricks / J. Holcombe / B. Housley / T. Leonhardt,Utah Valley,116.112707501372,85.4108615603634,30.701845941009,27.4185579131504,244,243,68.0002867165891,0.555130032835135,113.934426229508,86.0082304526749,27.9261957768333,#FFEBD2,#FFD7A5,#FFFFFF,#FFFFFF,#FFFFFF,#FFEBD2,#FFD7A5,#FFFFFF,#DCE9F5,#FFEBD2,#FFFFFF,#FFD7A5,#CBDEF0,#FFD7A5,#FFFFFF,#DCE9F5,#FFEBD2,#FFFFFF,#FFFFFF,#CBDEF0,#FFFFFF,#FFFCF8,#FFD6A2,#FFDCB1,#FAFBFD,#FFD095,#FFE2BD,"1890547,,Braden Housley","1935170,,Tyler Hendricks","1949291,,Trevan Leonhardt","2113994,,Jackson Holcombe","2333228,,Isaac Davis",2025
N. Burris / M. Gomma / D. Paschal / T. Saine Jr. / V. Vartiainen,Weber State,110,113.095238095238,-3.09523809523808,2.82961134212527,180,168,-5.38571428571427,0,110,113.095238095238,-3.09523809523808,#FFFFFF,#FFFFFF,#FFFFFF,#FFFFFF,#FFFFFF,#FFFFFF,#FFFFFF,#FFEBD2,#FFEBD2,#FFFFFF,#FFEBD2,#DCE9F5,#FFEBD2,#FFFFFF,#CBDEF0,#FFFFFF,#FFEBD2,#FFFFFF,#FFFFFF,#CBDEF0,#FFFFFF,#EBF2F9,#F3F8FB,#D4E4F2,#E8F1F8,#FFFAF4,#ECF3F9,"1892859,,Nigel Burris","1914182,,Tijan Saine Jr.","2113992,,Malek Gomma","2148445,,Viljami Vartiainen","2541454,,Duce Paschal",2025
M. Gomma / T. Hennig / T. Saine Jr. / E. Suarez Jr. / J. Whiting,Weber State,105.147058823529,102.962962962963,2.18409586056645,2.32999432249483,136,135,2.95944989106754,0,105.147058823529,102.962962962963,2.18409586056645,#FFFFFF,#FFFFFF,#DCE9F5,#FFFFFF,#FFFFFF,#FFEBD2,#FFFFFF,#FFFFFF,#FFFFFF,#FFFFFF,#FFFFFF,#FFFFFF,#FFFFFF,#FFFFFF,#DCE9F5,#FFFFFF,#FFEBD2,#FFFFFF,#FFFFFF,#CBDEF0,#FFFFFF,#D7E6F3,#FFFCF8,#FAFBFD,#D9E7F4,#FFFBF6,#FAFCFD,"1908613,,Jace Whiting","1914182,,Tijan Saine Jr.","2113992,,Malek Gomma","2326108,,Trevor Hennig","2541451,,Edwin Suarez Jr.",2025
M. Gomma / T. Saine Jr. / E. Suarez Jr. / V. Vartiainen / J. Whiting,Weber State,116.153846153846,100,16.1538461538462,9.04838711092681,130,131,21.0807692307692,0,116.153846153846,100,16.1538461538462,#FFFFFF,#FFFFFF,#DCE9F5,#FFFFFF,#FFFFFF,#FFEBD2,#FFFFFF,#FFD7A5,#FFFFFF,#FFFFFF,#FFFFFF,#FFFFFF,#FFFFFF,#FFFFFF,#CBDEF0,#FFFFFF,#FFFFFF,#FFFFFF,#FFFFFF,#CBDEF0,#FFFFFF,#FFFBF8,#FFE9CE,#FFFBF7,#EFF5FA,#FFEFDC,#FCFDFE,"1908613,,Jace Whiting","1914182,,Tijan Saine Jr.","2113992,,Malek Gomma","2148445,,Viljami Vartiainen","2541451,,Edwin Suarez Jr.",2025
K. Brockhoff / C. Haskins / C. Lowe / K. Pulliam / T. Vahlberg Fasasi,William & Mary,91.5100153975746,96.4652568905754,-4.95524149300082,4.19341855746198,285,272,-24.4298245614035,0.763337666312118,91.2280701754386,100,-8.77192982456141,#FFEBD2,#FFFFFF,#FFEBD2,#FFFFFF,#FFEBD2,#FFFFFF,#FFEBD2,#FFFFFF,#FFFFFF,#FFFFFF,#FFEBD2,#FFD7A5,#FFFFFF,#FFFFFF,#FFFFFF,#FFFFFF,#FFEBD2,#CBDEF0,#FFFFFF,#CBDEF0,#FFFFFF,#9FC3E3,#EDF4F9,#FFF4E6,#C8DCEF,#FFF7EE,#FFF3E5,"1713504,,Cade Haskins","1890305,,Chase Lowe","1910134,,Kyle Pulliam","2117211,,Tunde Vahlberg Fasasi","2125520,,Kilian Brockhoff",2025
C. Amundsen / B. Mitchell-Day / J. Munro / K. Thomas / J. Williams,Dartmouth,106.584888511003,102.157623053265,4.42726545773799,-2.42645668213146,364,351,-0.800264550264574,0.930223136317643,106.043956043956,106.267806267806,-0.22385022385023,#FFEBD2,#CBDEF0,#FFFFFF,#FFFFFF,#FFEBD2,#FFEBD2,#FFFFFF,#FFEBD2,#FFEBD2,#DCE9F5,#FFFFFF,#FFEBD2,#DCE9F5,#CBDEF0,#FFFFFF,#FFEBD2,#FFFFFF,#FFFFFF,#FFFFFF,#CBDEF0,#FFFFFF,#DDEAF5,#FFF9F1,#FDFDFE,#E5EEF7,#F1F6FB,#DEEAF5,"1932309,,Brandon Mitchell-Day","1932312,,Jayden Williams","1932314,,Jackson Munro","2305785,,Connor Amundsen","2305786,,Kareem Thomas",2025
T. Barbour / T. Batties II / B. Eisendrath / R. Hinton / C. Pigge,Harvard,107.800358956788,100.50825431476,7.29210464202825,10.6540663148891,747,743,23.7531913206887,0.820751362749576,107.764390896921,104.576043068641,3.18834782828037,#FFEBD2,#FFFFFF,#FFFFFF,#FFFFFF,#FFFFFF,#FFD7A5,#FFFFFF,#FFFFFF,#FFD7A5,#DCE9F5,#FFFFFF,#FFEBD2,#FFFFFF,#FFEBD2,#FFFFFF,#FFD7A5,#FFFFFF,#FFFFFF,#FFFFFF,#FFFFFF,#FFFFFF,#E2EDF6,#FFF5E9,#FFFCF9,#E5EFF7,#FFECD6,#FFF7EE,"1897500,,Chandler Pigge","2111762,,Thomas Batties II","2292701,,Robert Hinton","2292702,,Ben Eisendrath","2292721,,Tey Barbour",2025
T. Barbour / T. Batties II / R. Hinton / A. Hunt / C. Pigge,Harvard,114.643997898231,105.628914351429,9.01508354680145,17.4272392650466,164,155,20.0849527930763,-0.715472669081877,116.463414634146,103.870967741935,12.5924468922108,#FFEBD2,#FFFFFF,#FFFFFF,#FFFFFF,#FFFFFF,#FFD7A5,#FFEBD2,#FFEBD2,#FFD7A5,#FFFFFF,#FFEBD2,#FFFFFF,#FFFFFF,#FFEBD2,#FFFFFF,#FFD7A5,#FFFFFF,#FFFFFF,#FFFFFF,#CBDEF0,#FFFFFF,#FEFEFE,#FFF3E3,#F0F5FA,#FAFCFD,#FFE1BC,#FFF6EB,"1897500,,Chandler Pigge","2111762,,Thomas Batties II","2292701,,Robert Hinton","2292720,,Austin Hunt","2292721,,Tey Barbour",2025
D. Dinkins / A. Isaac / T. Jones / F. Roxburgh / J. Winston,Manhattan,110.890325835655,116.341068045276,-5.4507422096208,-4.82849922377597,415,401,-17.995493194724,-0.208016422574942,112.048192771084,116.45885286783,-4.41066009674609,#FFEBD2,#CBDEF0,#CBDEF0,#FFFFFF,#FFFFFF,#FFD7A5,#DCE9F5,#FFFFFF,#FFD7A5,#FFFFFF,#FFFFFF,#FFFFFF,#FFFFFF,#FFEBD2,#DCE9F5,#FFD7A5,#FFEBD2,#FFFFFF,#FFFFFF,#CBDEF0,#FFFFFF,#EEF4FA,#EBF2F9,#C8DDEF,#EDF3F9,#E4EEF7,#CDE0F0,"1717002,,Terrance Jones","1916285,,Devin Dinkins","2351158,,Jaden Winston","2351183,,Fraser Roxburgh","2547144,,Anthony Isaac",2025
D. Dinkins / M. Ljubicic / E. Oliver-Bush / F. Roxburgh / J. Winston,Manhattan,88.8346074100106,105.002181784565,-16.1675743745548,-18.3562384317727,278,274,-46.9082602531114,0.165634418792764,89.2086330935252,106.204379562044,-16.9957464685186,#FFFFFF,#DCE9F5,#DCE9F5,#FFFFFF,#FFFFFF,#FFEBD2,#FFFFFF,#FFFFFF,#FFD7A5,#DCE9F5,#CBDEF0,#FFFFFF,#FFFFFF,#FFFFFF,#FFFFFF,#FFEBD2,#DCE9F5,#FFFFFF,#FFFFFF,#CBDEF0,#FFFFFF,#94BCE0,#C5DBEE,#F2F7FB,#B2CFE8,#9BC1E2,#DAE7F4,"1916285,,Devin Dinkins","2351158,,Jaden Winston","2351183,,Fraser Roxburgh","2351187,,Marko Ljubicic","2359804,,Erik Oliver-Bush",2025
D. Dinkins / T. Jones / M. Ljubicic / F. Roxburgh / J. Winston,Manhattan,106.664940718862,115.071303208702,-8.4063624898396,-9.94477374547817,275,267,-17.8452162070139,-0.364282371989034,107.272727272727,113.857677902622,-6.58495062989444,#FFFFFF,#CBDEF0,#DCE9F5,#FFFFFF,#FFEBD2,#FFEBD2,#DCE9F5,#FFFFFF,#FFD7A5,#DCE9F5,#DCE9F5,#FFFFFF,#FFEBD2,#FFEBD2,#CBDEF0,#FFD7A5,#FFFFFF,#FFFFFF,#FFFFFF,#CBDEF0,#FFFFFF,#DDEAF5,#E1ECF6,#CDE0F0,#E2EDF6,#C9DDEF,#C6DBEE,"1717002,,Terrance Jones","1916285,,Devin Dinkins","2351158,,Jaden Winston","2351183,,Fraser Roxburgh","2351187,,Marko Ljubicic",2025
A. Gerhart / A. Levine / T. Power / E. Roberts / M. Zanoni,Penn,103.330480985617,109.116412480531,-5.785931494914,2.71172585915789,423,415,-49.6632373465493,1.21337395622242,102.364066193853,114.21686746988,-11.8528012760261,#FFEBD2,#FFFFFF,#FFFFFF,#FFFFFF,#FFFFFF,#FFEBD2,#FFFFFF,#FFEBD2,#FFFFFF,#FFFFFF,#FFFFFF,#FFEBD2,#FFFFFF,#FFFFFF,#DCE9F5,#FFFFFF,#FFEBD2,#FFFFFF,#FFFFFF,#CBDEF0,#FFFFFF,#CFE1F1,#EAF2F9,#E3EDF7,#DCE9F5,#FFFAF4,#F8FBFD,"1926305,,Michael Zanoni","1933824,,Ethan Roberts","2138835,,TJ Power","2143465,,Augustus Gerhart","2313806,,AJ Levine",2025
N. Barnett / S. Blake / T. Hurley / T. Long / G. Yalden,Vermont,113.471672307001,105.234265529354,8.23740677764744,10.9646952825036,214,196,18.1911596414267,-0.127265926560919,114.485981308411,105.612244897959,8.87373641045204,#FFEBD2,#FFFFFF,#FFFFFF,#FFFFFF,#FFEBD2,#FFEBD2,#FFFFFF,#FFFFFF,#FFFFFF,#FFFFFF,#FFFFFF,#FFFFFF,#FFFFFF,#DCE9F5,#FFFFFF,#FFFFFF,#FFEBD2,#FFFFFF,#FFFFFF,#CBDEF0,#FFFFFF,#F9FBFD,#FFF4E6,#F1F6FB,#F7FAFC,#FFECD4,#FAFCFD,"1705477,,TJ Long","1925054,,TJ Hurley","2093088,,Gus Yalden","2143479,,Noah Barnett","2314352,,Sean Blake",2025
S. Blake / T. Hurley / B. Johnson / B. Michaels / G. Yalden,Vermont,93.3076637512376,107.888723631807,-14.5810598805696,-7.53207782046907,165,160,-16.0345643939394,-0.94272712762908,95.7575757575758,105.625,-9.86742424242424,#FFEBD2,#DCE9F5,#FFFFFF,#FFFFFF,#FFEBD2,#FFEBD2,#FFFFFF,#FFFFFF,#FFFFFF,#FFFFFF,#FFFFFF,#FFFFFF,#FFEBD2,#CBDEF0,#FFFFFF,#FFFFFF,#FFFFFF,#FFFFFF,#FFFFFF,#CBDEF0,#FFFFFF,#A6C8E5,#CBDEEF,#E7F0F8,#D3E3F2,#D6E5F3,#DEEAF5,"1688006,,Ben Johnson","1925054,,TJ Hurley","2093088,,Gus Yalden","2314352,,Sean Blake","2319442,,Ben Michaels",2025
N. Barnett / S. Blake / T. Hurley / B. Johnson / G. Yalden,Vermont,114.953654954822,95.1365254061305,19.817129548691,10.117199479148,139,133,37.7095256125926,-1.58209256270188,118.705035971223,90.9774436090226,27.7275923622005,#FFEBD2,#FFFFFF,#FFFFFF,#FFFFFF,#FFEBD2,#FFEBD2,#FFEBD2,#FFEBD2,#FFFFFF,#FFFFFF,#FFFFFF,#FFFFFF,#FFEBD2,#CBDEF0,#FFFFFF,#FFFFFF,#FFEBD2,#FFFFFF,#FFFFFF,#CBDEF0,#FFFFFF,#FFFEFE,#FFE4C3,#FFF1E0,#FBFDFE,#FFEDD8,#F2F7FB,"1688006,,Ben Johnson","1925054,,TJ Hurley","2093088,,Gus Yalden","2143479,,Noah Barnett","2314352,,Sean Blake",2025
Bra. Bayless / Tuo. Gatkek / Joh. Lawson / Kac. Nzeh / Cam. Wallace,Arkansas-Little Rock,104.466332140125,102.160253458804,2.30607868132111,3.40341840547045,504,494,25.722021399653,-0.569727005204834,105.357142857143,100.202429149798,5.15471370734528,#FFFFFF,#FFFFFF,#FFEBD2,#FFEBD2,#FFEBD2,#FFD7A5,#FFFFFF,#FFEBD2,#DCE9F5,#FFEBD2,#FFFFFF,#FFEBD2,#FFFFFF,#FFEBD2,#FFEBD2,#FFEBD2,#FFFFFF,#FFFFFF,#FFFFFF,#CBDEF0,#FFFFFF,#D4E4F2,#FFFBF8,#FDFDFE,#D9E7F4,#FFF9F1,#FEFEFE,"1689179,,Tuongthach Gatkek","1701163,,Johnathan Lawson","1908347,,Cameron Wallace","1925359,,Braxton Bayless","2149053,,Kachi Nzeh",2025
Bra. Bayless / Tru. Claytor IV / Tuo. Gatkek / Joh. Lawson / Cam. Wallace,Arkansas-Little Rock,118.236826239082,110.732467761932,7.50435847715022,4.99140279921988,142,138,17.460706266585,-0.993514914082098,119.718309859155,107.246376811594,12.4719330475607,#FFFFFF,#FFFFFF,#FFEBD2,#FFEBD2,#FFEBD2,#FFD7A5,#FFFFFF,#FFEBD2,#DCE9F5,#FFFFFF,#DCE9F5,#FFFFFF,#DCE9F5,#FFEBD2,#FFEBD2,#FFFFFF,#FFFFFF,#FFFFFF,#FFFFFF,#CBDEF0,#FFFFFF,#FFF7EC,#FFF5E8,#DDEAF5,#E9F1F8,#FFF6EB,#F4F8FB,"1689179,,Tuongthach Gatkek","1701163,,Johnathan Lawson","1908347,,Cameron Wallace","1925359,,Braxton Bayless","2500899,,Truman Claytor IV",2025
Bra. Bayless / Tru. Claytor IV / Tuo. Gatkek / Joh. Lawson / Kac. Nzeh,Arkansas-Little Rock,86.9263061891888,107.115457075162,-20.1891508859734,-5.82664641388562,138,137,-25.9639796889876,-0.261251313341944,86.9565217391304,105.839416058394,-18.8828943192637,#FFFFFF,#FFFFFF,#FFEBD2,#FFEBD2,#FFEBD2,#FFEBD2,#FFFFFF,#FFEBD2,#FFFFFF,#DCE9F5,#DCE9F5,#FFFFFF,#DCE9F5,#FFEBD2,#FFEBD2,#FFFFFF,#FFFFFF,#FFFFFF,#FFFFFF,#CBDEF0,#FFFFFF,#8CB8DD,#B7D2EA,#EAF2F9,#C0D8ED,#DFEBF5,#F7FAFC,"1689179,,Tuongthach Gatkek","1701163,,Johnathan Lawson","1925359,,Braxton Bayless","2149053,,Kachi Nzeh","2500899,,Truman Claytor IV",2025
"B. East / A. Holifield / R. Lee, Jr. / C. Pennebaker / K. Wilhite",Lamar,108.242337776134,109.893901543903,-1.65156376776985,5.44541777261873,299,287,-15.1531119993475,0.704029362442444,107.023411371237,112.19512195122,-5.17171057998207,#FFFFFF,#FFFFFF,#FFFFFF,#FFFFFF,#FFFFFF,#FFD7A5,#FFFFFF,#FFFFFF,#FFFFFF,#FFEBD2,#FFEBD2,#FFFFFF,#FFFFFF,#DCE9F5,#FFEBD2,#FFEBD2,#FFEBD2,#FFFFFF,#FFFFFF,#CBDEF0,#FFFFFF,#E3EEF7,#F9FBFD,#E0ECF6,#E4EEF7,#FFF5EA,#FAFBFD,"1948692,,Cody Pennebaker","2138719,,Rob Lee, Jr.","2331483,,Braden East","2331495,,Andrew Holifield","2551952,,King-Njhsanni Wilhite",2025
"B. East / A. Holifield / R. Lee, Jr. / E. Lowe / C. Pennebaker",Lamar,110.149179960885,103.676488525264,6.47269143562044,10.2987238294256,132,120,6.10909090909089,0.324841317427121,109.848484848485,105,4.84848484848484,#FFFFFF,#FFFFFF,#FFFFFF,#FFFFFF,#FFFFFF,#FFD7A5,#FFFFFF,#FFFFFF,#FFFFFF,#FFEBD2,#FFEBD2,#FFEBD2,#FFFFFF,#FFFFFF,#FFEBD2,#FFFFFF,#FFEBD2,#FFFFFF,#FFFFFF,#CBDEF0,#FFFFFF,#EBF3F9,#FFF6EB,#F7FAFC,#E9F1F8,#FFEDD7,#FFFAF5,"1948692,,Cody Pennebaker","2138719,,Rob Lee, Jr.","2331483,,Braden East","2331495,,Andrew Holifield","2551953,,Eian Lowe",2025
N. Hodge / C. May / N. Ross / P. Wessler / G. Williams,UNC Wilmington,118.014839268368,90.1798838833118,27.8349553850562,22.8390426664238,552,549,140.840282727489,0.45017789890085,118.115942028986,92.5318761384335,25.584065890552,#FFEBD2,#FFFFFF,#FFD7A5,#FFFFFF,#FFD7A5,#FFFFFF,#FFFFFF,#FFFFFF,#DCE9F5,#FFEBD2,#FFEBD2,#FFFFFF,#FFEBD2,#DCE9F5,#FFFFFF,#FFFFFF,#FFFFFF,#FFFFFF,#FFFFFF,#CBDEF0,#FFFFFF,#FFF7EE,#FFDAAB,#FFE6C8,#FFFEFD,#FFD8A7,#FFEEDA,"1890361,,Patrick Wessler","1909332,,Nolan Hodge","1909333,,Noah Ross","1909403,,Christian May","1926211,,Greedy Williams",2025
Z. King / M. Osei-Bonsu / K. Palek III / K. Williams / T. Williams Jr,Missouri State,116.370804521286,96.6913647846438,19.6794397366421,14.6845587356053,366,341,55.2657083794048,0.809115196018391,114.754098360656,99.1202346041056,15.6338637565502,#FFEBD2,#FFFFFF,#DCE9F5,#FFFFFF,#DCE9F5,#FFD7A5,#FFFFFF,#FFFFFF,#DCE9F5,#FFFFFF,#DCE9F5,#FFEBD2,#FFFFFF,#FFFFFF,#DCE9F5,#FFFFFF,#FFEBD2,#FFFFFF,#FFFFFF,#CBDEF0,#FFFFFF,#FFFBF6,#FFE4C3,#FFF4E7,#FCFDFE,#FFE6C6,#FFFDFB,"1732468,,Keith Palek III","2143980,,Kobi Williams","2313693,,Zaxton King","2313695,,Michael Osei-Bonsu","2535235,,Trey Williams Jr",2025
A. Burnett / M. Osei-Bonsu / K. Palek III / K. Williams / T. Williams Jr,Missouri State,102.230004623922,98.8680422388864,3.36196238503581,7.00604242002009,228,223,-2.04459719927625,0.853731474725676,100.438596491228,101.345291479821,-0.906694988592571,#FFFFFF,#FFFFFF,#FFFFFF,#FFFFFF,#DCE9F5,#FFD7A5,#FFFFFF,#FFFFFF,#DCE9F5,#FFFFFF,#FFFFFF,#FFEBD2,#DCE9F5,#FFFFFF,#DCE9F5,#FFFFFF,#FFEBD2,#FFFFFF,#FFFFFF,#CBDEF0,#FFFFFF,#CBDEF0,#FFFAF4,#FFF9F1,#DCE9F5,#FFF3E4,#FFF9F3,"1732468,,Keith Palek III","2143980,,Kobi Williams","2144727,,Antwan Burnett","2313695,,Michael Osei-Bonsu","2535235,,Trey Williams Jr",2025
P. Johnson / M. Lavrenov / S. O'Neal / J. Summers / M. Williams,Sacramento State,107.052331923736,123.082291901569,-16.0299599778332,-1.9336394706932,227,222,-52.8528793110291,1.50250504773216,105.286343612335,128.828828828829,-23.542485216494,#FFFFFF,#FFFFFF,#FFFFFF,#FFFFFF,#FFFFFF,#FFEBD2,#DCE9F5,#FFFFFF,#FFD7A5,#FFFFFF,#FFFFFF,#FFFFFF,#FFFFFF,#FFFFFF,#DCE9F5,#FFFFFF,#FFEBD2,#FFFFFF,#FFFFFF,#CBDEF0,#FFFFFF,#DEEBF5,#C5DBEE,#B0CEE8,#E0ECF6,#F4F8FB,#E4EEF7,"1733892,,Shaqir O'Neal","2126379,,Prophet Johnson","2294592,,Mikey Williams","2322660,,Jahni Summers","2505259,,Mark Lavrenov",2025
P. Johnson / M. Lavrenov / A. Madi / J. Summers / M. Williams,Sacramento State,113.377800636093,120.685786811689,-7.30798617559629,4.02087664206965,135,128,-18.3704282407407,1.33238424636222,112.592592592593,126.5625,-13.9699074074074,#FFEBD2,#FFFFFF,#FFFFFF,#FFFFFF,#FFFFFF,#FFEBD2,#DCE9F5,#FFFFFF,#FFD7A5,#FFFFFF,#FFFFFF,#FFFFFF,#FFEBD2,#FFEBD2,#DCE9F5,#FFEBD2,#FFEBD2,#FFFFFF,#FFFFFF,#CBDEF0,#FFFFFF,#F8FBFD,#E4EEF7,#B8D3EA,#F2F7FB,#FFF8EF,#E6EFF7,"2125339,,Arman Madi","2126379,,Prophet Johnson","2294592,,Mikey Williams","2322660,,Jahni Summers","2505259,,Mark Lavrenov",2025
P. Johnson / M. Lavrenov / A. Madi / S. O'Neal / J. Summers,Sacramento State,90.8204425212787,78.0412003224181,12.7792421988606,0.882084898877067,125,122,12.3904918032787,0.549291062722938,92,81.9672131147541,10.0327868852459,#FFFFFF,#FFFFFF,#FFEBD2,#FFFFFF,#FFFFFF,#FFFFFF,#FFFFFF,#FFFFFF,#FFEBD2,#FFFFFF,#FFFFFF,#DCE9F5,#FFEBD2,#FFFFFF,#FFFFFF,#FFFFFF,#FFFFFF,#FFFFFF,#FFFFFF,#CBDEF0,#FFFFFF,#9CC1E2,#FFEED8,#FFCD8E,#CADEEF,#FFFDFB,#FFFBF6,"1733892,,Shaqir O'Neal","2125339,,Arman Madi","2126379,,Prophet Johnson","2322660,,Jahni Summers","2505259,,Mark Lavrenov",2025
C. Blackwell / E. Jones / K. Thomas / K. Watson / J. West Jr.,UTEP,114.936236468942,102.651585337082,12.2846511318603,13.2014510440535,436,434,30.7909673191561,1.04125356802006,113.990825688073,106.912442396313,7.07838329176003,#FFFFFF,#FFFFFF,#FFFFFF,#FFFFFF,#FFEBD2,#FFEBD2,#FFFFFF,#FFFFFF,#FFFFFF,#FFFFFF,#FFFFFF,#FFFFFF,#FFFFFF,#FFFFFF,#FFEBD2,#FFEBD2,#FFFFFF,#FFFFFF,#FFFFFF,#CBDEF0,#FFFFFF,#FFFEFE,#FFEEDA,#FBFCFD,#F2F6FB,#FFE8CC,#FFFAF3,"1606123,,Jamal West Jr.","1890676,,Kaseem Watson","1948178,,Caleb Blackwell","2144235,,Elijah Jones","2313857,,KJ Thomas",2025
T. Alston / J. Carter / K. Lands / C. Loofe / A. Oglesby,Middle Tennessee,95.7963866146638,97.222497385906,-1.42611077124221,3.32499570173651,220,212,-14.801372212693,1.08527527285276,94.0909090909091,100.943396226415,-6.85248713550601,#FFFFFF,#FFFFFF,#FFD7A5,#FFFFFF,#FFEBD2,#FFFFFF,#FFFFFF,#FFFFFF,#DCE9F5,#FFFFFF,#FFEBD2,#FFFFFF,#FFFFFF,#CBDEF0,#FFEBD2,#FFFFFF,#FFFFFF,#FFFFFF,#FFFFFF,#CBDEF0,#FFFFFF,#B0CEE8,#F9FBFD,#FFF5EA,#CADEEF,#FFF9F2,#FFF6EC,"1606026,,Alec Oglesby","1895650,,Kamari Lands","2110420,,Torey Alston","2110423,,Chris Loofe","2303024,,Jahvin Carter",2025
T. Alston / T. Green / K. Lands / C. Loofe / S. Smith,Middle Tennessee,94.0630483284834,95.3282286208658,-1.26518029238236,6.34901057872561,136,133,-12.8789252543123,1.66204576372609,91.1764705882353,100.751879699248,-9.57540911101283,#FFFFFF,#FFFFFF,#FFEBD2,#FFFFFF,#FFEBD2,#FFFFFF,#FFFFFF,#FFFFFF,#FFFFFF,#FFFFFF,#FFEBD2,#FFFFFF,#FFFFFF,#FFFFFF,#FFEBD2,#FFFFFF,#FFFFFF,#FFFFFF,#FFFFFF,#CBDEF0,#FFFFFF,#A9CAE6,#FAFCFD,#FFF1E0,#D0E2F1,#FFF4E6,#FFF4E6,"1895650,,Kamari Lands","1908601,,Tre Green","2110420,,Torey Alston","2110423,,Chris Loofe","2134402,,Sean Smith",2025
A. Bryant / M. El Moutaouakkil / E. Erkins-Ford / J. Hill / J. Nash,Jacksonville State,111.716573095868,120.161681119847,-8.44510802397892,5.8029304563004,218,221,-25.495495869484,0.634030410646951,111.009174311927,122.62443438914,-11.6152600772137,#FFFFFF,#FFFFFF,#FFFFFF,#FFFFFF,#FFFFFF,#FFD7A5,#FFFFFF,#FFFFFF,#DCE9F5,#FFFFFF,#FFFFFF,#FFFFFF,#FFFFFF,#FFEBD2,#FFFFFF,#FFFFFF,#FFD7A5,#FFFFFF,#FFFFFF,#CBDEF0,#FFFFFF,#F2F7FB,#E0ECF6,#BAD4EB,#EAF2F9,#FFF5E8,#F5F8FC,"2143491,,AC Bryant","2277281,,Mostapha El Moutaouakkil","2349985,,Jaye Nash","2533450,,Emondrek Erkins-Ford","2533452,,Jacoby Hill",2025
A. Bryant / M. El Moutaouakkil / M. Fitzgerald Jr. / J. Hill / I. Niagu,Jacksonville State,77.8132008694666,97.1723452300812,-19.3591443606146,-5.03775817387134,163,162,-39.8896084223283,1.03766139524055,76.6871165644172,101.234567901235,-24.5474513368174,#FFFFFF,#FFFFFF,#FFFFFF,#FFFFFF,#FFEBD2,#FFEBD2,#DCE9F5,#FFFFFF,#FFFFFF,#FFFFFF,#FFEBD2,#DCE9F5,#FFFFFF,#FFFFFF,#FFFFFF,#FFFFFF,#FFFFFF,#FFFFFF,#FFFFFF,#CBDEF0,#FFFFFF,#66A0D3,#BAD4EB,#FFF5E9,#ACCBE7,#E3EEF7,#FFF5E9,"1597665,,Marcus Fitzgerald Jr.","1920564,,Iaroslav Niagu","2143491,,AC Bryant","2277281,,Mostapha El Moutaouakkil","2533452,,Jacoby Hill",2025
A. Bryant / M. El Moutaouakkil / J. Hill / J. Nash / I. Niagu,Jacksonville State,112.198736352867,92.8276411791484,19.3710951737188,12.2445024832025,155,160,27.1814516129032,0.422606131517948,112.258064516129,95,17.258064516129,#FFFFFF,#FFFFFF,#FFFFFF,#FFFFFF,#FFFFFF,#FFEBD2,#DCE9F5,#FFFFFF,#FFFFFF,#FFFFFF,#FFEBD2,#FFEBD2,#DCE9F5,#FFFFFF,#FFFFFF,#FFFFFF,#FFEBD2,#FFFFFF,#FFFFFF,#CBDEF0,#FFFFFF,#F4F8FB,#FFE5C4,#FFECD5,#E4EEF7,#FFEACF,#FFF3E6,"1920564,,Iaroslav Niagu","2143491,,AC Bryant","2277281,,Mostapha El Moutaouakkil","2349985,,Jaye Nash","2533452,,Jacoby Hill",2025
J. Jones / J. Mims / J. Osborne / G. Pickens / A. Wrzeszcz,New Mexico State,101.748744071041,101.231426670346,0.517317400694395,5.23598175251134,198,201,-6.93272274988695,0.798473279626293,100.50505050505,103.980099502488,-3.47504899743707,#FFFFFF,#FFFFFF,#FFFFFF,#FFFFFF,#FFFFFF,#FFFFFF,#FFEBD2,#FFFFFF,#FFFFFF,#FFFFFF,#FFFFFF,#FFFFFF,#FFFFFF,#FFFFFF,#FFFFFF,#FFFFFF,#FFFFFF,#FFFFFF,#FFFFFF,#CBDEF0,#FFFFFF,#C9DDEF,#FFFEFD,#FFFEFD,#DAE7F4,#FFF6EA,#FFFBF8,"1890626,,Anthony Wrzeszcz","2116971,,Julius Mims","2303093,,Jemel Jones","2325491,,Gabe Pickens","2325492,,Jae'Coby Osborne",2025
Z. Bloch / Q. Denker / R. Nyeri / B. Wisne / I. Yamazaki,Northern Colorado,113.429752066116,105.809128630705,7.6206234354103,11.2624975362636,484,482,36.8076111930318,0,113.429752066116,105.809128630705,7.6206234354103,#FFEBD2,#FFFFFF,#FFFFFF,#FFFFFF,#FFD7A5,#FFFFFF,#FFEBD2,#FFFFFF,#FFEBD2,#DCE9F5,#FFFFFF,#FFFFFF,#FFEBD2,#CBDEF0,#FFFFFF,#FFFFFF,#FFFFFF,#FFFFFF,#FFFFFF,#CBDEF0,#FFFFFF,#F9FBFD,#FFF4E8,#EFF5FA,#F6F9FC,#FFEBD3,#FCFDFE,"1701563,,Zach Bloch","1910671,,Ibu Yamazaki","1913193,,Brock Wisne","1941987,,Quinn Denker","2277269,,Ring Nyeri",2025
Z. Bloch / Q. Denker / E. Shields / B. Wisne / I. Yamazaki,Northern Colorado,108.988764044944,103.27868852459,5.71007552035365,9.50186924710188,178,183,10.3066863142383,0,108.988764044944,103.27868852459,5.71007552035365,#FFEBD2,#FFFFFF,#FFEBD2,#FFFFFF,#FFD7A5,#FFFFFF,#FFD7A5,#FFEBD2,#FFEBD2,#FFFFFF,#FFFFFF,#FFEBD2,#FFEBD2,#CBDEF0,#DCE9F5,#DCE9F5,#FFFFFF,#FFFFFF,#FFFFFF,#CBDEF0,#FFFFFF,#E6F0F8,#FFF7ED,#F8FBFD,#F1F6FB,#FFEEDA,#FAFCFD,"1701563,,Zach Bloch","1910671,,Ibu Yamazaki","1913193,,Brock Wisne","1941987,,Quinn Denker","2118993,,Egan Shields",2025
Z. Bloch / V. Delano / Q. Denker / R. Nyeri / B. Wisne,Northern Colorado,125.190839694657,104.761904761905,20.4289349327517,13.5442899467522,131,126,26.251181388586,0,125.190839694657,104.761904761905,20.4289349327517,#FFEBD2,#FFFFFF,#FFFFFF,#FFFFFF,#FFEBD2,#FFEBD2,#FFEBD2,#FFFFFF,#FFFFFF,#DCE9F5,#FFFFFF,#FFEBD2,#FFFFFF,#CBDEF0,#FFFFFF,#FFFFFF,#FFFFFF,#FFFFFF,#FFFFFF,#CBDEF0,#FFFFFF,#FFE6C8,#FFE3C1,#F3F7FB,#FFFDFA,#FFE7CA,#F8FAFD,"1701563,,Zach Bloch","1913193,,Brock Wisne","1941987,,Quinn Denker","2095942,,Vincent Delano","2277269,,Ring Nyeri",2025
