rank,name,team,obpr,dbpr,bpr,poss,box_obpr,box_dbpr,box_bpr,adj_team_off_eff,adj_team_def_eff,adj_team_eff_margin,plus_minus,players,color_O,color_D,color_Diff
1,Cameron Boozer,Duke,9.9169806,4.8894658,14.8064464,1888,10.425365294436,3.39021191952886,13.8155772139648,128.600782096064,85.2794549329092,43.3213271631548,587,2561473,#FF9D23,#FFAA40,#FF9D23
2,Yaxel Lendeborg,Michigan,7.6539078,5.5396184,13.1935262,1756,7.0622468517424,4.07346187601918,11.1357087277616,128.969150729254,83.6659885176444,45.3031622116091,537,2098119,#FFB455,#FF9F27,#FFA83B
3,Jeremy Fears Jr.,Michigan State,8.0374456,3.4367627,11.4742083,1742,9.33607826053458,1.82269688986337,11.158775150398,121.045173387256,89.6580920897346,31.3870812975218,321,2119925,#FFB04D,#FFC379,#FFB354
4,Braden Smith,Purdue,8.1591632,3.0625311,11.2216943,1895,7.83058200545027,2.78590917074335,10.6164911761936,130.738706698837,98.5541132534393,32.1845934453981,377,1911492,#FFAF4A,#FFCA87,#FFB558
5,Joshua Jefferson,Iowa State,5.8359303,4.7107424,10.5466727,1840,6.21554621699226,3.38661126585376,9.60215748284602,124.337346592058,87.8692036710157,36.4681429210426,522,1908432,#FFC57D,#FFAD47,#FFB962
6,Bruce Thornton,Ohio State,7.9929024,2.2430939,10.2359963,2004,7.53197187445074,2.01111369871112,9.54308557316186,123.212033580013,98.4270623944375,24.7849711855751,273,1917726,#FFB04E,#FFD8A7,#FFBB67
7,Ja'Kobi Gillespie,Tennessee,7.2238358,2.9720492,10.195885,1917,6.46325939877679,2.88778705505953,9.35104645383632,123.327079248517,94.8958190781198,28.4312601703974,329,1917663,#FFB85F,#FFCB8B,#FFBC67
8,Patrick Ngongba,Duke,5.0670313,4.9280698,9.9951011,1106,5.55679809684101,2.49595490341538,8.05275300025639,125.035305253907,80.6649523873388,44.3703528665683,365,2319989,#FFCD8E,#FFAA3F,#FFBD6A
9,Zuby Ejiofor,St. John's,6.0254954,3.9277722,9.9532676,1790,6.80708473240285,3.50663267941866,10.3137174118215,118.176016028733,91.0337203135073,27.1422957152252,310,1933767,#FFC479,#FFBB66,#FFBD6B
10,Tyler Tanner,Vanderbilt,6.3388373,3.5405364,9.8793737,1936,6.62506804582163,3.37484270996463,9.99991075578626,124.293081725543,95.608907308827,28.6841744167158,363,2280666,#FFC072,#FFC275,#FFBE6C
11,Oscar Cluff,Purdue,6.9336837,2.8409596,9.7746433,1318,6.64023749367911,2.03453369589557,8.67477118957467,135.355441484676,95.2372500877324,40.1181913969439,352,2093260,#FFBB65,#FFCE90,#FFBE6E
12,Kingston Flemings,Houston,6.4824231,3.2823699,9.764793,1782,6.62116329324683,2.90236404643291,9.52352733967974,123.044238265795,90.0863368588687,32.9579014069265,364,2505096,#FFBF6F,#FFC67F,#FFBE6E
13,AJ Dybantsa,BYU,7.0069813,2.6311631,9.6381444,2092,6.7386337857444,1.97456835316814,8.71320213891254,122.755348185859,97.6244706577909,25.1308775280681,316,2478373,#FFBA63,#FFD198,#FFBF70
14,Flory Bidunga,Kansas,4.3256892,5.3028062,9.6284954,1780,3.88124054995361,3.69157711963683,7.57281766959044,118.410231346548,87.4482432753652,30.961988071183,290,2321327,#FFD49F,#FFA330,#FFBF70
15,Keaton Wagler,Illinois,7.4737732,2.0906328,9.564406,1763,8.14047581587973,1.76416761395847,9.90464342983819,131.188719181371,95.2861079230341,35.9026112583369,435,2548114,#FFB559,#FFDBAD,#FFC071
16,Christian Anderson,Texas Tech,7.3390749,2.2180409,9.5571158,2031,7.89670293410041,2.37340677616851,10.2701097102689,122.417419667725,97.6344001008182,24.7830195669072,245,2305704,#FFB75C,#FFD8A8,#FFC071
17,Morez Johnson Jr.,Michigan,4.5198431,4.7129044,9.2327475,1476,4.97208101876733,3.06157834964587,8.03365936841321,124.461282465248,84.3094301446812,40.1518523205664,346,2321443,#FFD29A,#FFAD47,#FFC276
18,Henri Veesaar,North Carolina,5.4344513,3.7925058,9.2269571,1610,5.44777304008327,2.36437797757582,7.81215101765909,121.400743605226,91.8825222247365,29.51822138049,350,1896872,#FFC986,#FFBD6B,#FFC276
19,Bennett Stirtz,Iowa,6.5791676,2.5505613,9.1297289,1960,6.29189095057319,1.71634874865381,8.00823969922701,120.472689264327,95.42405596103,25.0486333032972,319,1891715,#FFBE6D,#FFD39B,#FFC377
20,Silas Demary Jr.,Connecticut,5.7549886,3.3670119,9.1220005,1642,6.32873077751228,2.85504298245778,9.18377375997006,123.011594807947,92.789247854499,30.2223469534476,332,2098959,#FFC67F,#FFC57B,#FFC377
21,Aday Mara,Michigan,3.4797194,5.6414127,9.1211321,1354,4.2511741247376,4.19336315135652,8.44453727609412,123.800518244235,82.9422264756489,40.8582917685862,362,2106223,#FFDCB1,#FF9D23,#FFC377
22,Graham Ike,Gonzaga,6.011561,3.1079467,9.1195077,1554,5.7610644948051,1.66962994648713,7.43069444129222,121.772784864529,89.0963646681201,32.6764201964086,420,1608381,#FFC479,#FFC986,#FFC377
23,Tarris Reed Jr.,Connecticut,4.2556395,4.7419358,8.9975753,1266,4.86033855564543,3.66593771804303,8.52627627368846,122.981412646412,88.9193812567194,34.062031389693,281,1909391,#FFD5A0,#FFAD46,#FFC479
24,Brayden Burries,Arizona,5.1992666,3.7285827,8.9278493,1816,5.19472432773363,2.50578784245759,7.70051217019122,123.264090858443,86.0285561206873,37.2355347377558,492,2478068,#FFCC8B,#FFBE6D,#FFC47A
25,Thomas Haugh,Florida,5.3450796,3.5491061,8.8941857,1942,5.23217871994811,2.80721000179554,8.03938872174365,123.378221452941,88.1550856014299,35.2231358515115,416,2106887,#FFCA88,#FFC174,#FFC47B
26,Caleb Wilson,North Carolina,5.1533231,3.6631991,8.8165222,1316,6.08133819395599,3.34987577681679,9.43121397077279,118.702518141033,95.5405668991464,23.1619512418862,208,2506579,#FFCC8C,#FFBF70,#FFC57C
27,Alex Condon,Florida,4.4189023,4.3631063,8.7820086,1788,4.92202055457111,3.48848594937651,8.41050650394761,121.697763547708,87.5220692490372,34.175694298671,377,2106886,#FFD39D,#FFB355,#FFC57C
28,JT Toppin,Texas Tech,4.6335522,4.0761031,8.7096553,1498,4.27463814831804,3.30579625109441,7.58043439941245,121.998302065814,94.3870178819599,27.6112841838537,209,2126448,#FFD198,#FFB860,#FFC57D
29,Labaron Philon,Alabama,6.9336422,1.7227335,8.6563757,1703,7.04942214332735,1.96077834420501,9.01020048753236,124.48414676431,101.61335097493,22.8707957893796,146,2301240,#FFBB65,#FFE1BB,#FFC67E
30,Darius Acuff Jr.,Arkansas,7.3933973,1.1865609,8.5799582,2034,7.70831444242907,1.79735532965332,9.50566977208239,125.491232220071,100.520294971175,24.9709372488956,252,2533521,#FFB65B,#FFEAD0,#FFC67F
31,Richie Saunders,BYU,6.6483456,1.8831101,8.5314557,1403,6.11028729670829,1.82532652340095,7.93561382010924,124.973119559302,97.4119881102077,27.5611314490939,259,1906894,#FFBD6B,#FFDEB5,#FFC780
32,Isaiah Evans,Duke,5.6015133,2.8986478,8.5001611,1594,4.85456391024662,1.90874722810803,6.76331113835466,128.117385350116,85.3065018111638,42.810883538952,472,2319985,#FFC882,#FFCD8E,#FFC780
33,Aden Holloway,Alabama,7.4935519,0.9557541,8.449306,1499,6.75177007575046,0.851850654778429,7.60362073052889,129.024899053981,99.758478554431,29.2664204995497,237,2106215,#FFB559,#FFEED9,#FFC781
34,Duke Miles,Vanderbilt,5.1245622,3.3067216,8.4312838,1308,5.12108399022404,3.43255335777486,8.5536373479989,126.15786373148,92.9425455636802,33.2153181677997,328,1596321,#FFCC8D,#FFC67E,#FFC781
35,Milan Momcilovic,Iowa State,6.0547591,2.3446241,8.3993832,1740,6.83869495585547,0.702440972598869,7.54113592845434,122.907075086837,87.504163933618,35.402911153219,490,2099047,#FFC378,#FFD6A3,#FFC782
36,Pryce Sandfort,Nebraska,5.5502542,2.7803695,8.3306237,1791,5.89686195779247,1.59300869911357,7.48987065690604,117.903276646605,88.6056194037452,29.2976572428595,358,2113322,#FFC884,#FFCF92,#FFC883
37,Emanuel Sharp,Houston,5.1336069,3.1749475,8.3085544,1649,5.65660677644204,1.53958594252967,7.19619271897171,119.002647561938,86.1500362072922,32.8526113546454,350,1890526,#FFCC8D,#FFC883,#FFC883
38,Tamin Lipsey,Iowa State,4.7575659,3.4777696,8.2353355,1664,5.57267435208998,1.92902330032364,7.50169765241362,119.517983817424,88.601072199081,30.9169116183434,376,1908247,#FFD095,#FFC377,#FFC984
39,Dailyn Swain,Texas,5.3431397,2.8865974,8.2297371,1721,5.66391137186568,3.31470939900557,8.97862077087126,121.727848172165,103.67139629331,18.0564518788549,142,2149051,#FFCA88,#FFCD8E,#FFC984
40,Robbie Avila,Saint Louis,5.8319649,2.3431832,8.1751481,1544,5.73671342934024,0.804604733639751,6.54131816297999,120.456254436315,94.4907904861411,25.9654639501742,417,1935255,#FFC57D,#FFD6A3,#FFC985
41,Joseph Tugler,Houston,3.1471147,5.006387,8.1535017,1300,3.2826115154879,3.42307611655006,6.70568763203796,121.665632674936,86.1095139735898,35.5561187013467,311,2111602,#FFE0B9,#FFA83C,#FFC986
42,Chance Mallory,Virginia,5.4638595,2.5813046,8.0451641,1388,5.42397001184814,2.72507793194878,8.14904794379692,123.47997602409,94.5520424625438,28.927933561546,291,2505044,#FFC986,#FFD29A,#FFCA87
43,Zvonimir Ivisic,Illinois,3.2787254,4.7524625,8.0311879,934,2.55663090680617,3.77208512828692,6.32871603509308,131.530261845584,92.7996352665944,38.7306265789894,255,2128701,#FFDEB6,#FFAD46,#FFCA87
44,Trey Kaufman-Renn,Purdue,6.0084869,2.0139659,8.0224528,1448,5.61800536340927,1.68675051712653,7.3047558805358,132.118213008038,95.9677741494144,36.150438858624,331,1693954,#FFC479,#FFDCB0,#FFCA88
45,Jaden Bradley,Arizona,4.4497964,3.5504753,8.0002717,1869,4.44309827917646,2.04344662931291,6.48654490848937,121.662182305611,84.7819211377713,36.8802611678394,463,1920157,#FFD39C,#FFC174,#FFCA88
46,Sam Hoiberg,Nebraska,3.6862738,4.3129338,7.9992076,1718,5.09124075563657,2.96944885099023,8.0606896066268,115.510147768371,86.8532252403699,28.6569225280013,332,1702080,#FFDAAD,#FFB457,#FFCA88
47,Nick Boyd,Wisconsin,6.5308821,1.4595586,7.9904407,1856,6.75796660325564,1.46436681100508,8.22233341426071,124.564039265789,100.024888800469,24.53915046532,214,1611694,#FFBF6E,#FFE5C6,#FFCA88
48,Rueben Chinyelu,Florida,2.7583908,5.1953985,7.9537893,1482,3.11872636714287,4.11793579400254,7.23666216114541,123.36629750765,84.9258437896467,38.4404537180037,350,2093257,#FFE4C1,#FFA534,#FFCA89
49,Fletcher Loyer,Purdue,5.9950713,1.8054699,7.8005412,1611,5.96492638766408,0.885855563322817,6.8507819509869,131.326253251014,93.2621975063596,38.0640557446546,421,1911404,#FFC47A,#FFDFB8,#FFCB8B
50,Tre Donaldson,Miami (Fla.),5.8384976,1.9133268,7.7518244,1940,5.64653327779331,1.2452026353774,6.89173591317071,121.357033916245,97.1687016200217,24.1883322962233,350,1905711,#FFC57D,#FFDEB4,#FFCC8C
51,Nate Ament,Tennessee,4.3353414,3.4153039,7.7506453,1566,4.96334072333474,2.75431585505474,7.71765657838948,118.310110281006,92.6432187101246,25.6668915708817,220,2505205,#FFD49F,#FFC47A,#FFCC8C
52,Dillon Mitchell,St. John's,3.8653874,3.8704092,7.7357966,1652,4.0341332780451,2.5880022901727,6.6221355682178,118.285531110684,90.1360328063106,28.149498304373,274,1918659,#FFD9A9,#FFBC68,#FFCC8C
53,Boopie Miller,SMU,6.0899026,1.6432297,7.7331323,1999,6.80482788933289,1.82903981658639,8.63386770591928,120.721079769397,100.451495750009,20.2695840193883,260,1720487,#FFC378,#FFE2BF,#FFCC8C
54,Jaxon Kohler,Michigan State,4.2309193,3.497992,7.7289113,1482,4.87202371181771,2.61779872146062,7.48982243327834,122.19106232456,89.3002909155266,32.8907714090335,331,1930360,#FFD5A1,#FFC276,#FFCC8C
55,Motiejus Krivas,Arizona,2.8775571,4.8477702,7.7253273,1512,3.19041577206465,3.25856970678592,6.44898547885057,120.947777897979,81.1195343122261,39.8282435857532,437,2098978,#FFE2BF,#FFAB42,#FFCC8C
56,Allen Graves,Santa Clara,5.4595053,2.2072213,7.6667266,1290,6.72466993917408,3.44865311639686,10.1733230555709,122.375070674058,104.132233081346,18.2428375927119,180,2305403,#FFC986,#FFD9A9,#FFCC8D
57,Quadir Copeland,NC State,5.0673809,2.5643624,7.6317433,1653,5.38591080297171,2.71121409764316,8.09712490061487,124.0510698972,99.6664724034276,24.384597493772,233,1909612,#FFCD8E,#FFD29B,#FFCC8D
58,Braden Huff,Gonzaga,5.8362561,1.7562113,7.5924674,842,6.38314530542386,-0.311034156726003,6.07211114869786,120.282593505133,89.4250080149695,30.8575854901633,248,1890356,#FFC57D,#FFE0BA,#FFCD8E
59,Hannes Steinbach,Washington,4.7573482,2.8314196,7.5887678,1748,4.92083413957304,2.80617530551417,7.72700944508721,117.142992059269,99.2225002381539,17.920491821115,132,2533777,#FFD095,#FFCE90,#FFCD8E
60,Darryn Peterson,Kansas,4.2198202,3.360445,7.5802652,1091,4.74817597065293,2.50613161301323,7.25430758366616,114.278170955583,90.1249755882108,24.1531953673718,75,2483811,#FFD5A1,#FFC57C,#FFCD8E
61,Chad Baker-Mazara,USC,4.5396371,3.0025212,7.5421583,1312,4.38968199846637,2.56126037950911,6.95094237797547,112.062770091099,98.2149286820969,13.8478414090021,79,1589721,#FFD29A,#FFCB8A,#FFCD8F
62,Alex Karaban,Connecticut,4.9742747,2.5574832,7.5317579,1880,4.82595553886989,1.66121250501047,6.48716804388036,120.888410329954,92.0699945782447,28.8184157517097,373,1912263,#FFCE90,#FFD39B,#FFCD8F
63,Ebuka Okorie,Stanford,5.6527978,1.7868402,7.439638,1784,6.0431852625859,1.52857169979501,7.57175696238092,115.080045055401,100.575030119778,14.5050149356225,145,2484120,#FFC781,#FFE0B9,#FFCE90
64,Cameron Carr,Baylor,5.3917146,2.0139152,7.4056298,1824,5.62533301765908,2.65892655548409,8.28425957314317,121.818017690701,102.710525283438,19.1074924072632,158,2092651,#FFCA87,#FFDCB0,#FFCE91
65,Elliot Cadeau,Michigan,4.5567506,2.8411446,7.3978952,1542,4.35957463129851,1.7149359080631,6.07451053936161,126.191954007334,86.1084717536089,40.0834822537249,394,2106184,#FFD29A,#FFCE90,#FFCE91
66,Boogie Fland,Florida,4.1677734,3.2255173,7.3932907,1796,3.25261696206917,2.18993261328179,5.44254957535096,125.02144995529,87.4298421076097,37.5916078476802,426,2302253,#FFD6A2,#FFC781,#FFCE91
67,Nolan Winter,Wisconsin,4.6720412,2.7143281,7.3863693,1604,4.42021345606492,2.08876108259399,6.50897453865891,124.248384997007,97.1175752646196,27.1308097323873,275,2093085,#FFD197,#FFD095,#FFCE91
68,Mason Falslev,Utah State,4.8503035,2.5256057,7.3759092,1842,5.13782577433514,2.04696460888168,7.18479038321683,117.598170990867,97.9652532709365,19.632917719931,300,1890312,#FFCF93,#FFD39C,#FFCE91
69,Izaiyah Nelson,South Florida,3.837489,3.5345407,7.3720297,1533,4.56354637791023,2.45732333557248,7.0208697134827,116.876045323416,96.0128304605658,20.8632148628499,288,1910991,#FFD9AA,#FFC275,#FFCE91
70,Maliq Brown,Duke,2.8631586,4.5005299,7.3636885,1128,2.89338263485584,4.78318308990969,7.67656572476554,123.050089824301,89.9941617670804,33.0559280572209,236,1909609,#FFE2BF,#FFB14F,#FFCE91
71,Malik Reneau,Miami (Fla.),5.0959725,2.2449689,7.3409414,1636,5.16951316296865,1.61564905771243,6.78516222068108,120.843583016442,97.0849158523833,23.7586671640585,289,1916393,#FFCD8E,#FFD8A7,#FFCE92
72,Meleek Thomas,Arkansas,5.32413,2.0163774,7.3405074,1788,4.385002393369,2.15299811938184,6.53800051275084,128.460466996314,98.4813959898116,29.9790710065028,332,2533591,#FFCA89,#FFDCB0,#FFCE92
73,Thijs De Ridder,Virginia,4.3820637,2.9359796,7.3180433,1564,4.61855769975269,1.78871713589408,6.40727483564677,121.915638616571,91.4831475032135,30.4324911133576,356,2505021,#FFD49D,#FFCC8C,#FFCF92
74,Robert Wright III,BYU,5.9697129,1.3399173,7.3096302,2101,5.59884141344948,1.12182405216092,6.7206654656104,122.197636114191,98.5219031167344,23.6757329974569,258,2292830,#FFC47A,#FFE7CA,#FFCF92
75,David Mirkovic,Illinois,5.1440776,2.1402778,7.2843554,1530,5.79802743705654,1.81409314614569,7.61212058320223,128.709426292836,95.6885724800733,33.0208538127632,331,2548104,#FFCC8D,#FFDAAB,#FFCF92
76,Mario Saint-Supery,Gonzaga,4.1466828,3.103263,7.2499458,1326,4.19223986561145,1.64138118973707,5.83362105534852,121.48993312665,88.083065207999,33.4068679186512,398,2477489,#FFD6A3,#FFC986,#FFCF93
77,John Blackwell,Wisconsin,5.3128794,1.93562,7.2484994,1908,5.44348870543555,1.62022446373998,7.06371316917552,123.625842242069,99.5110534876726,24.1147887543963,218,2093083,#FFCB89,#FFDDB3,#FFCF93
78,Koa Peat,Arizona,3.7472847,3.5001722,7.2474569,1562,3.6816396817706,1.81595515298012,5.49759483475072,122.84080415968,84.8919620751228,37.9488420845567,440,2478069,#FFDAAC,#FFC276,#FFCF93
79,Paulius Murauskas,Saint Mary's,4.8026942,2.4029937,7.2056879,1676,5.40069238366523,1.38107155689867,6.7817639405639,118.053104165374,94.6095153325803,23.4435888327937,339,2098979,#FFCF94,#FFD5A1,#FFCF94
80,Baba Miller,Cincinnati,3.2561399,3.944671,7.2008109,1700,4.31182286410109,2.85848708386241,7.1703099479635,109.351097605491,91.2512995306014,18.0997980748895,117,1909085,#FFDFB6,#FFBB65,#FFCF94
81,B.J. Edwards,SMU,4.5171022,2.6439408,7.161043,1689,4.84132926291989,2.79967478203641,7.6410040449563,120.330984554435,99.7765843841699,20.5544001702646,210,1890537,#FFD29A,#FFD198,#FFD094
82,Aiden Sherrell,Alabama,4.3238851,2.8217621,7.1456472,1361,3.6319618705729,2.9808668023995,6.6128286729724,127.912558773082,98.3611211812888,29.5514375917934,261,2301241,#FFD49F,#FFCE91,#FFD095
83,Nate Bittle,Oregon,3.822863,3.3119304,7.1347934,1318,4.22539193084726,2.73991334940835,6.96530528025561,109.474078099875,99.9616644484151,9.51241365145996,10,1725326,#FFD9AA,#FFC67E,#FFD095
84,Tobe Awaka,Arizona,4.3181286,2.7978064,7.115935,1280,3.5507506108935,2.78701742264186,6.33776803353536,125.404608234778,92.2598837499702,33.1447244848081,275,1890542,#FFD49F,#FFCE92,#FFD095
85,Milos Uzan,Houston,4.1696498,2.9398033,7.1094531,1827,3.78006782258109,1.2980891351269,5.078156957708,118.158241800128,87.2435331011558,30.9147086989726,339,1897590,#FFD6A2,#FFCC8C,#FFD095
86,Xaivian Lee,Florida,3.7261361,3.382244,7.1083801,1670,4.37195125128772,2.44731184104327,6.81926309233099,120.355883707772,86.1335494569606,34.2223342508119,352,1924956,#FFDAAC,#FFC47B,#FFD095
87,Kylan Boswell,Illinois,5.3286036,1.7265688,7.0551724,1268,5.69229791065481,0.617250233076671,6.30954814373148,127.28267435785,95.796448095803,31.4862262620468,273,1896870,#FFCA89,#FFE1BB,#FFD096
88,Keyshawn Hall,Auburn,5.8889453,1.147101,7.0360463,1793,5.93668356912676,2.42477076803341,8.36145433716017,123.133508722424,104.731907544268,18.4016011781558,97,1932541,#FFC57C,#FFEBD2,#FFD096
89,Blue Cain,Georgia,5.200044,1.7319926,6.9320366,1636,5.0245877189139,1.59132067737945,6.61590839629334,124.104766826075,100.610870046923,23.4938967791516,240,2098955,#FFCC8B,#FFE1BB,#FFD198
90,Mark Mitchell,Missouri,5.1441645,1.7867689,6.9309334,1842,5.2150368118641,1.13078982681822,6.34582663868231,117.742341542261,101.661985529081,16.0803560131799,142,1917805,#FFCC8D,#FFE0B9,#FFD198
91,Somto Cyril,Georgia,3.5851903,3.3158887,6.901079,1243,2.68629042503763,2.86373536106156,5.55002578609919,125.90166248935,98.3861464690795,27.5155160202702,248,2311235,#FFDBAF,#FFC57D,#FFD198
92,Tucker DeVries,Indiana,3.9791211,2.9203619,6.899483,1814,3.49838981920914,2.4121710417398,5.91056086094894,120.2487486579,98.0049534221157,22.243795235784,272,1687948,#FFD8A6,#FFCC8D,#FFD198
93,Tomislav Ivisic,Illinois,4.4960312,2.3548684,6.8508996,1186,3.84095718895623,1.45591154403551,5.29686873299174,127.622707934571,98.3762388911746,29.2464690433961,221,2321442,#FFD39B,#FFD6A3,#FFD299
94,Nijel Pack,Oklahoma,6.5178165,0.32425574,6.84207224,1744,6.03491356581897,1.03562754279753,7.0705411086165,124.795863859462,105.020059559909,19.7758042995529,216,1601895,#FFBF6E,#FFF9F2,#FFD299
95,Ryan Conwell,Louisville,4.8897589,1.9054787,6.7952376,1738,4.76668378243949,1.85597227137359,6.62265605381308,122.752210545361,97.1236861487431,25.6285243966176,242,1912970,#FFCF92,#FFDEB4,#FFD29A
96,Aly Khalifa,Louisville,3.8396699,2.9117618,6.7514317,702,4.24668145193234,1.85840250048747,6.10508395241981,119.459825514997,90.2685969532726,29.1912285617244,171,1605566,#FFD9A9,#FFCC8D,#FFD29A
97,RJ Godfrey,Clemson,3.4024304,3.3260629,6.7284933,1373,3.37629821856623,1.68897291494389,5.06527113351012,117.706922558254,91.1493520525483,26.5575705057053,243,1925548,#FFDDB3,#FFC57D,#FFD29B
98,Trevon Brazile,Arkansas,3.628046,3.0653018,6.6933478,1795,3.4293796338718,3.87333700091068,7.30271663478249,127.369072687074,99.8760886340053,27.4929840530687,260,1688263,#FFDBAE,#FFCA87,#FFD39B
99,Jalen Warley,Gonzaga,2.520665,4.1401649,6.6608299,1173,2.3035048257365,2.17028422767055,4.47378905340706,118.482202493169,84.8571819769081,33.6250205162608,310,1689828,#FFE6C7,#FFB75D,#FFD39C
100,Rashaun Agee,Texas A&M,3.81577,2.8083147,6.6240847,1542,4.63844995760618,2.43010986907355,7.06855982667972,117.348011333052,97.4371795106859,19.9108318223666,209,1587000,#FFD9AA,#FFCE91,#FFD39C
101,Dylan Darling,St. John's,2.6129698,4.0096959,6.6226657,1197,2.36201143889917,2.14744076387293,4.50945220277211,114.604456595113,85.5151156637487,29.0893409313641,267,1907394,#FFE5C5,#FFBA62,#FFD39C
102,Otega Oweh,Kentucky,3.3984763,3.2163453,6.6148216,1942,3.43815244722491,2.91901175684781,6.35716420407272,117.906311865808,96.4841467321276,21.4221651336808,155,1897589,#FFDDB3,#FFC781,#FFD39C
103,C.J. Cox,Purdue,4.8609279,1.7516102,6.6125381,1354,4.14481833635533,0.559745290348877,4.70456362670421,134.218677898834,94.1167790740406,40.1018988247934,348,2334060,#FFCF93,#FFE0BA,#FFD39C
104,Trey McKenney,Michigan,3.9470812,2.6564145,6.6034957,1258,3.33937251062113,0.492853319471087,3.83222583009221,126.019699278514,85.0433198930549,40.9763793854592,372,2511345,#FFD8A7,#FFD197,#FFD39D
105,Tahaad Pettiford,Auburn,4.4704387,2.1292511,6.5996898,1843,3.54638360883483,2.6976284974188,6.24401210625363,120.856517114998,102.202248939729,18.6542681752696,143,2321438,#FFD39C,#FFDAAC,#FFD39D
106,J'Vonne Hadley,Louisville,4.5407456,2.0443208,6.5850664,1590,4.67682285900295,1.67113175803202,6.34795461703497,122.796825189293,96.0907123148207,26.7061128744726,237,1600029,#FFD29A,#FFDBAF,#FFD39D
107,Amari Allen,Alabama,4.2792469,2.2709382,6.5501851,1542,4.36719849689776,3.33859232394087,7.70579082083863,126.4454727248,100.927039644112,25.5184330806885,186,2550725,#FFD5A0,#FFD7A6,#FFD49D
108,Mouhamed Dioubate,Kentucky,3.2636925,3.286285,6.5499775,1069,2.44911458821814,2.75404031351287,5.20315490173101,121.249407268378,95.4249409586675,25.8244663097105,103,2099732,#FFDFB6,#FFC67F,#FFD49D
109,Donovan Dent,UCLA,4.2952137,2.2419158,6.5371295,1857,4.11875382514864,2.28449158202038,6.40324540716903,118.899396830041,101.24096497208,17.6584318579607,136,1924344,#FFD49F,#FFD8A7,#FFD49E
110,"Paul McNeil, Jr.",NC State,5.6724057,0.79805548,6.47046118,1642,4.82721862009329,0.8540736331493,5.68129225324259,124.297759013884,100.147875304815,24.1498837090689,266,2291869,#FFC781,#FFF1DF,#FFD49F
111,Robert McCray V,Florida State,4.3371432,2.1246182,6.4617614,1724,4.49812505082294,2.55418344372951,7.05230849455244,115.879569278359,102.618330947864,13.2612383304948,81,1705240,#FFD49E,#FFDAAC,#FFD49F
112,Mikel Brown Jr.,Louisville,4.3072902,2.1299626,6.4372528,1133,4.34138685695762,1.25457732235648,5.59596417931411,121.914178828412,95.0039696100884,26.9102092183239,201,2483438,#FFD49F,#FFDAAC,#FFD49F
113,David Punch,TCU,2.0900577,4.3207727,6.4108304,1674,2.88386677385015,3.38111481344297,6.26498158729313,112.269205920475,91.7681378676004,20.5010680528749,188,2305305,#FFEAD0,#FFB456,#FFD49F
114,Tayton Conerway,Indiana,3.7497992,2.6397588,6.389558,1047,3.85103378535566,1.99365233493559,5.84468612029125,118.248616225662,98.3118433068996,19.9367729187626,157,2114200,#FFDAAB,#FFD198,#FFD5A0
115,Amani Hansberry,Virginia Tech,3.9629556,2.3987509,6.3617065,1565,3.78488964747177,2.43550478518776,6.22039443265953,116.639983986684,100.904370414487,15.735613572197,110,2142747,#FFD8A7,#FFD5A1,#FFD5A0
116,Drake Allen,Utah State,3.8512395,2.4755476,6.3267871,1396,2.77993372851697,2.8776097998678,5.65754352838477,122.803760148961,100.045404473578,22.758355675383,252,1890546,#FFD9A9,#FFD49E,#FFD5A1
117,Chris Cenac Jr,Houston,2.4802395,3.8447209,6.3249604,1382,2.18956041958292,2.31036630332754,4.49992672291046,121.460352654411,85.709588665268,35.7507639891427,320,2505093,#FFE6C8,#FFBC69,#FFD5A1
118,Rafael Castro,George Washington,3.7311245,2.5681242,6.2992487,1267,4.47459346661936,2.85072700260999,7.32532046922935,115.025607721499,101.305107265673,13.7205004558262,144,1687607,#FFDAAC,#FFD29B,#FFD5A1
119,Skyy Clark,UCLA,4.5148788,1.7558954,6.2707742,1136,3.7726474130311,0.884834966781731,4.65748237981283,122.833344320004,98.7680660543747,24.0652782656289,185,1909629,#FFD29B,#FFE0BA,#FFD5A2
120,Nick Townsend,Yale,5.648341,0.62111963,6.26946063,1440,5.63860213830723,0.446751619060014,6.08535375736725,120.958333895572,105.463615631115,15.494718264457,238,1949281,#FFC781,#FFF4E6,#FFD5A2
121,Malachi Moreno,Kentucky,3.1057598,3.1560537,6.2618135,1364,3.2995626452997,2.7895003315149,6.08906297681459,119.092142359639,94.4674354800044,24.6247068796345,185,2506866,#FFE0BA,#FFC884,#FFD5A2
122,Kashie Natt,Sam Houston State,3.9599371,2.2548301,6.2147672,1464,3.56985355612104,2.69748287605083,6.26733643217187,115.511038149815,104.817840857929,10.6931972918856,148,2550298,#FFD8A7,#FFD8A7,#FFD6A2
123,Alvaro Folgueiras,Iowa,4.4770018,1.7373278,6.2143296,1090,4.18790599936449,1.6647716018215,5.85267760118599,122.189615838851,100.52396748649,21.6656483523614,151,2137301,#FFD39B,#FFE1BB,#FFD6A2
124,Duke Brennan,Villanova,3.1777155,2.9985901,6.1763056,1583,3.79384276422853,1.75792597528319,5.55176873951172,118.185191393279,93.3102000273235,24.8749913659559,243,1911033,#FFDFB8,#FFCB8A,#FFD6A3
125,Lamar Wilkerson,Indiana,5.0338056,1.1391199,6.1729255,1800,5.28796070878756,1.31706978340658,6.60503049219415,119.17409125052,100.171973230145,19.0021180203751,173,1890625,#FFCD8F,#FFEBD2,#FFD6A3
126,Melvin Council Jr.,Kansas,3.0024411,3.1662299,6.168671,1965,3.14291172971966,2.40804166430041,5.55095339402007,115.586348633185,90.2146285131246,25.3717201200603,213,2110317,#FFE1BC,#FFC883,#FFD6A3
127,Mohamed Wague,Oklahoma,3.160043,2.9778006,6.1378436,1262,2.74202008215756,2.54859368635855,5.29061376851611,122.955314712129,100.075938960363,22.8793757517664,152,1912262,#FFE0B9,#FFCB8B,#FFD6A3
128,Tyler Bilodeau,UCLA,4.633114,1.4967125,6.1298265,1549,5.30958417759269,1.19236295003467,6.50194712762736,119.974618754026,99.6598824337944,20.3147363202312,215,1912250,#FFD198,#FFE5C4,#FFD6A4
129,Dallin Hall,Virginia,4.0601296,2.0675024,6.127632,1605,4.06258474950674,1.07146105304817,5.13404580255491,120.110111995365,91.852807045492,28.2573049498725,304,1906896,#FFD7A5,#FFDBAE,#FFD6A4
130,Ivan Kharchenkov,Arizona,3.0232108,3.1004914,6.1237022,1711,3.1123742910419,2.18244718915967,5.29482148020156,122.42836628847,86.9594468590071,35.4689194294629,385,2478066,#FFE1BC,#FFC986,#FFD6A4
131,Dedan Thomas Jr.,LSU,5.2506117,0.84627213,6.09688383,828,5.57489279998826,0.531310328278789,6.10620312826705,120.065615097043,101.162573355762,18.9030417412815,169,2126210,#FFCB8A,#FFF0DE,#FFD7A4
132,Bryce Hopkins,St. John's,3.4408302,2.6339326,6.0747628,1723,3.74219855628933,1.58981705710178,5.33201561339111,119.09304218919,90.4100113981756,28.6830307910149,306,1687393,#FFDDB2,#FFD198,#FFD7A4
133,Donovan Atwell,Texas Tech,4.7769965,1.2865295,6.063526,1894,5.31133558631056,1.58282770224866,6.89416328855922,122.844766605337,96.8775432452079,25.9672233601296,250,1896710,#FFD095,#FFE8CC,#FFD7A5
134,Marcus Millender,Georgia,5.6920503,0.37087405,6.06292435,1509,5.20778319472868,0.652891258509648,5.86067445323833,123.985191946731,101.324455294949,22.6607366517813,218,2144536,#FFC780,#FFF8F0,#FFD7A5
135,Maurice Odum,Arizona State,4.4432986,1.6122161,6.0555147,1974,4.30272142608309,1.95221434158644,6.25493576766952,111.875206418431,101.427923000482,10.4472834179491,6,1908487,#FFD39C,#FFE3C0,#FFD7A5
136,Jake Ensminger,Santa Clara,4.1210239,1.9232334,6.0442573,1478,4.0650860681169,0.489833889382006,4.5549199574989,122.622345428528,96.7919618951542,25.8303835333741,317,1920291,#FFD6A3,#FFDDB4,#FFD7A5
137,Adrian Wooley,Louisville,4.0728685,1.9480952,6.0209637,1282,3.37895813012425,0.847457832215769,4.22641596234002,122.43241652048,93.8130852304832,28.6193312899973,268,2334145,#FFD7A4,#FFDDB3,#FFD7A5
138,J.P. Estrella,Tennessee,4.6845186,1.3278771,6.0123957,864,5.78826699062323,0.717754947206624,6.50602193782985,126.434507875109,92.4710772046489,33.9634306704604,210,2092650,#FFD197,#FFE8CB,#FFD7A5
139,Jackson Holcombe,Utah Valley,2.8644467,3.1201146,5.9845613,1612,2.94226900987875,2.69092944548588,5.63319845536463,110.311976811019,99.3143705460739,10.9976062649448,238,2113994,#FFE2BF,#FFC985,#FFD7A6
140,Nick Martinelli,Northwestern,5.2852178,0.6729826,5.9582004,1908,5.96692494111483,1.37297727638504,7.33990221749986,115.953875771297,104.237636130441,11.716239640856,22,1924059,#FFCB89,#FFF3E4,#FFD7A6
141,Tyler Nickel,Vanderbilt,4.9407578,1.0068015,5.9475593,1786,3.88523330845697,1.33168983221115,5.21692314066813,126.803754541993,97.2080876461031,29.5956668958899,382,1890634,#FFCE91,#FFEDD7,#FFD8A6
142,Billy Richmond III,Arkansas,3.4676031,2.4788477,5.9464508,1600,3.21113278045742,2.66985189897279,5.88098467943021,124.937134001731,98.4161981517117,26.5209358500194,212,2302280,#FFDDB2,#FFD49E,#FFD8A6
143,Devin McGlockton,Vanderbilt,3.7449523,2.1822419,5.9271942,1466,3.39591990886395,1.4899663113073,4.88588622017125,122.585077437899,95.9071174545548,26.6779599833444,242,1687724,#FFDAAC,#FFD9AA,#FFD8A7
144,Brandon Jennings,VCU,2.714002,3.21094,5.924942,1436,2.4007423770014,3.10219556433293,5.50293794133433,117.497632793108,97.9890746284698,19.5085581646386,196,2296323,#FFE4C2,#FFC782,#FFD8A7
145,Jasper Floyd,West Virginia,1.403058,4.5207502,5.9238082,1453,1.70377077972842,2.54259217647257,4.246362956201,107.900021223226,85.9891864285732,21.9108347946532,240,2092575,#FFF1DF,#FFB14F,#FFD8A7
146,Zoom Diallo,Washington,4.5602686,1.3625263,5.9227949,1658,4.62888599470178,1.1435238079164,5.77240980261818,115.912957148216,99.4846218304184,16.4283353177976,110,2319827,#FFD29A,#FFE7C9,#FFD8A7
147,Cam Manyawu,Iowa,2.0425898,3.8410703,5.8836601,980,2.51777363730041,1.96227925097196,4.48005288827236,117.839098023969,90.3100591314336,27.5290388925355,160,2118746,#FFEBD1,#FFBC69,#FFD8A7
148,Chance Westry,UAB,4.5978016,1.2715182,5.8693198,1686,4.96101956699517,0.930670208342794,5.89168977533796,110.005650979072,103.217767948172,6.78788303090032,139,1905712,#FFD299,#FFE9CD,#FFD8A7
149,Garwey Dual,McNeese State,2.4668777,3.3952702,5.8621479,1362,2.80496558289641,1.73017656666668,4.53514214956309,111.574157060535,95.1673557330314,16.4068013275037,198,2110977,#FFE6C8,#FFC47A,#FFD8A8
150,Davis Fogle,Gonzaga,3.8121462,2.0370835,5.8492297,788,4.23844513671381,0.949731183573467,5.18817632028728,120.753638029933,90.6023433971199,30.1512946328135,246,2477485,#FFD9AA,#FFDBAF,#FFD8A8
151,Mikey Lewis,Saint Mary's,4.4105717,1.4272387,5.8378104,1374,3.50489567927297,0.404897848873361,3.90979352814633,120.532382283746,96.7572521030559,23.7751301806904,288,2268743,#FFD39D,#FFE6C7,#FFD8A8
152,Isaac Celiscar,Yale,5.3351343,0.49758595,5.83272025,1394,4.51423361602126,0.456328047538931,4.97056166356019,122.232200791704,105.569858567727,16.6623422239769,234,2345901,#FFCA88,#FFF6EB,#FFD8A8
153,Chase Walker,Illinois State,3.2052445,2.6216573,5.8269018,1078,2.74365156624691,1.3413361798171,4.08498774606401,112.236353134843,93.9604863567785,18.2758667780641,251,2097923,#FFDFB8,#FFD198,#FFD8A8
154,Carson Cooper,Michigan State,2.1868834,3.6136111,5.8004945,1420,3.35749079568222,3.04650270284109,6.40399349852331,116.704038172029,91.2386233830498,25.4654147889791,188,1930365,#FFE9CE,#FFC072,#FFD8A8
155,AK Okereke,Vanderbilt,4.1535885,1.6390459,5.7926344,1502,3.38338324156584,1.65006137285714,5.03344461442298,124.780917816672,97.4776844809667,27.3032333357055,246,1957212,#FFD6A3,#FFE2BF,#FFD9A9
156,Joshua Dent,Saint Mary's,4.108374,1.664952,5.773326,1870,5.02248623732132,1.03316490726944,6.05565114459076,118.823761374514,94.3639979591759,24.4597634153377,393,2268744,#FFD6A4,#FFE2BE,#FFD9A9
157,Johann Grünloh,Virginia,2.2445727,3.5222845,5.7668572,1207,2.16869950124358,2.79401620839889,4.96271570964247,121.555098580936,91.9777500792898,29.5773485016462,275,2505032,#FFE9CD,#FFC275,#FFD9A9
158,John Mobley Jr.,Ohio State,4.9120642,0.83035913,5.74242333,1592,4.43272128538568,0.639094119218059,5.07181540460374,122.059849536067,100.132514634812,21.9273349012546,221,2291187,#FFCE92,#FFF0DE,#FFD9A9
159,Miles Byrd,San Diego State,1.4059392,4.3310381,5.7369773,1591,1.10300726179368,4.14525341305751,5.24826067485119,106.960532452069,95.8814734351137,11.0790590169557,83,1890317,#FFF1DF,#FFB456,#FFD9A9
160,Cayden Boozer,Duke,3.6682417,2.0597742,5.7280159,1246,3.48168443313125,1.0431313970022,4.52481583013345,125.850145765242,88.15502741626,37.6951183489824,355,2561474,#FFDBAD,#FFDBAE,#FFD9AA
161,KJ Lewis,Georgetown,2.4864609,3.2297773,5.7162382,1425,1.85184343343314,3.02872662868068,4.88057006211382,112.155376991145,101.34228106464,10.8130959265047,66,2098972,#FFE6C7,#FFC781,#FFD9AA
162,Day Day Thomas,Cincinnati,2.7615452,2.9100836,5.6716288,1719,3.47980162396383,1.68453399880268,5.16433562276651,108.843943967673,91.8105129070779,17.033431060595,136,2117907,#FFE3C1,#FFCC8D,#FFD9AA
163,Sananda Fru,Louisville,3.0916596,2.5377941,5.6294537,1300,3.87808215620227,1.76347229865164,5.64155445485391,121.952904197179,94.0093521900574,27.9435520071219,220,2483441,#FFE0BA,#FFD39C,#FFDAAB
164,Evan Mahaffey,Akron,3.2080855,2.4211789,5.6292644,1643,3.20090955510689,1.6444180323953,4.84532758750219,119.847572019354,101.191613933651,18.6559580857035,358,1895929,#FFDFB7,#FFD5A0,#FFDAAB
165,Kwame Evans Jr.,Oregon,2.7348803,2.8750572,5.6099375,1558,3.63778339496417,2.78527002213445,6.42305341709862,107.706694708647,102.396382586341,5.31031212230537,-67,2112552,#FFE4C2,#FFCD8F,#FFDAAB
166,Tyler Perkins,Villanova,3.710114,1.8953341,5.6054481,1580,4.08689952895651,1.47564230625943,5.56254183521595,117.490099560707,98.1679057296358,19.3221938310713,137,2143461,#FFDAAC,#FFDEB5,#FFDAAB
167,Malique Ewin,Arkansas,4.3122113,1.291681,5.6038923,1185,3.05659997019421,1.82560773261395,4.88220770280816,131.021057258314,100.985773575616,30.0352836826976,212,1947760,#FFD49F,#FFE8CC,#FFDAAB
168,Markus Burton,Notre Dame,3.4149155,2.1772258,5.5921413,498,2.64994557958361,0.333405574941379,2.98335115452499,114.390258261844,97.8375101628302,16.5527480990139,67,2092616,#FFDDB3,#FFD9AA,#FFDAAC
169,Juke Harris,Wake Forest,4.1174838,1.470059,5.5875428,2000,4.53996596316232,1.96799584525742,6.50796180841974,115.148687213279,102.98728768952,12.1613995237597,61,2313602,#FFD6A3,#FFE5C5,#FFDAAC
170,Trent Perry,UCLA,4.3925053,1.1915727,5.584078,1616,4.65029189366946,0.95540459097105,5.60569648464051,119.329126765109,100.197351289971,19.1317754751384,162,2321463,#FFD49D,#FFEAD0,#FFDAAC
171,Elijah Mahi,Santa Clara,4.0916174,1.4743975,5.5660149,1706,3.71394886920566,1.08821386133817,4.80216273054383,121.306027800736,99.8072340062421,21.4987937944935,278,2305404,#FFD6A4,#FFE5C5,#FFDAAC
172,MJ Collins,Utah State,4.8453632,0.71415495,5.55951815,1752,4.89678499719967,-0.233203759792726,4.66358123740695,122.870578552142,97.0001343215142,25.8704442306278,378,1890359,#FFCF93,#FFF2E3,#FFDAAC
173,Nate Johnson,Kansas State,3.4517405,2.0705462,5.5222867,1926,4.01215792470284,2.75509867594139,6.76725660064423,111.008574713382,104.096455001263,6.91211971211849,-61,1701910,#FFDDB2,#FFDBAE,#FFDAAD
174,Rienk Mast,Nebraska,3.3169691,2.1879228,5.5048919,1497,3.89519237718471,0.696386399694236,4.59157877687895,115.096852587299,89.8170640792307,25.279788508068,255,1309565,#FFDEB5,#FFD9A9,#FFDAAD
175,Jaquan Johnson,Bradley,3.6298233,1.8651139,5.4949372,1669,3.90617702854985,1.49695990000058,5.40313692855043,109.792079457885,102.522474639596,7.26960481828911,146,2269289,#FFDBAE,#FFDEB6,#FFDAAD
176,Darrion Williams,NC State,3.6554938,1.8373693,5.4928631,1655,3.25103562993067,1.80176513008572,5.05280076001639,120.42301899273,101.432491458643,18.9905275340874,153,1896934,#FFDBAE,#FFDFB7,#FFDAAD
177,Caleb Foster,Duke,3.9192541,1.5724131,5.4916672,1321,3.59045841612071,0.5730980896807,4.16355650580141,128.709357593065,86.9190692058779,41.7902883871872,371,2138832,#FFD8A8,#FFE3C1,#FFDBAD
178,Josh Hubbard,Mississippi State,4.7725548,0.70437186,5.47692666,1937,3.88970735712111,1.31350327488965,5.20321063201076,109.480175473575,105.469861971916,4.01031350165819,-127,2125129,#FFD095,#FFF2E3,#FFDBAD
179,Tre White,Kansas,3.3651917,2.0813967,5.4465884,1765,4.15519328105065,1.86084449573063,6.01603777678128,114.129776452748,92.5751736827062,21.5546027700416,140,1920562,#FFDEB4,#FFDBAD,#FFDBAE
180,John Camden,California,3.9172334,1.524013,5.4412464,1720,3.56148892201891,0.651343378438219,4.21283230045713,114.364082052742,97.3470241815545,17.0170578711877,211,1701166,#FFD8A8,#FFE4C3,#FFDBAE
181,Adam Clark,Seton Hall,2.614106,2.8265525,5.4406585,1704,2.39352066892636,2.08649556323003,4.48001623215639,109.564691011139,91.8040499466722,17.7606410644666,188,2140378,#FFE5C5,#FFCE90,#FFDBAE
182,Coen Carr,Michigan State,2.7583665,2.6715936,5.4299601,1560,2.19703286929112,2.1262318936759,4.32326476296702,120.503084185362,92.5870237040454,27.9160604813165,246,2119938,#FFE4C1,#FFD197,#FFDBAE
183,Tavion Banks,Iowa,2.8568507,2.5695226,5.4263733,1228,2.89405453377674,1.84961342005424,4.74366795383098,119.389921556109,94.2193186694829,25.1706028866257,197,2317317,#FFE3BF,#FFD29A,#FFDBAE
184,Kanon Catchings,Georgia,4.0811612,1.3270567,5.4082179,1338,3.08087440317873,1.20256453244106,4.28343893561978,125.159960991628,100.747427777803,24.4125332138248,226,2293409,#FFD7A4,#FFE8CB,#FFDBAE
185,Jamichael Stillwell,UCF,3.2668406,2.1350346,5.4018752,1514,3.91214556543313,1.54090481309965,5.45305037853278,116.705617099789,100.121939077953,16.5836780218354,115,2321269,#FFDFB6,#FFDAAB,#FFDBAE
186,Braeden Smith,Gonzaga,3.4412929,1.9548279,5.3961208,1040,4.07854432809126,0.988898103911371,5.06744243200263,116.978770232934,91.3366450111818,25.6421252217526,241,1916997,#FFDDB2,#FFDDB2,#FFDBAE
187,Nana Owusu-Anane,Grand Canyon,1.9652118,3.401591,5.3668028,1800,1.65498712514794,2.14743638887307,3.80242351402101,111.118514846258,94.3055217486714,16.812993097587,269,1714656,#FFEBD3,#FFC47A,#FFDBAF
188,Ugonna Onyenso,Virginia,1.4718685,3.8792909,5.3511594,1032,2.3773405034948,4.91199645939726,7.28933696289205,119.255349192893,94.4456700292145,24.8096791636787,145,1916855,#FFF0DE,#FFBC68,#FFDBAF
189,Urban Klavzar,Florida,4.9464664,0.38368544,5.33015184,1247,4.57475333259904,0.160441342024018,4.73519467462306,128.028473983882,92.6576138705972,35.3708601132846,298,2298478,#FFCE91,#FFF8F0,#FFDCAF
190,Christoph Tilly,Ohio State,3.1202932,2.203226,5.3235192,1336,2.76092556668916,1.75670812365077,4.51763369033993,122.596098080012,98.3309897812667,24.2651082987455,195,1920305,#FFE0B9,#FFD9A9,#FFDCB0
191,Joseph Pinion,South Florida,3.6796412,1.6428389,5.3224801,1742,3.92809949916114,0.747166877877827,4.67526637703897,116.08507529545,97.2105019086713,18.8745733867788,330,1895221,#FFDAAD,#FFE2BF,#FFDCB0
192,Ernest Udeh Jr.,Miami (Fla.),2.0657559,3.2535725,5.3193284,1464,1.49717254471883,2.77961778249975,4.27679032721858,120.405160057439,96.6470679424302,23.7580921150088,177,1933766,#FFEAD1,#FFC780,#FFDCB0
193,Rylan Griffen,Texas A&M,3.2531873,2.0561677,5.309355,1434,3.95027293890589,2.18778655568745,6.13805949459334,116.029768725389,98.2903194011228,17.7394493242665,130,1920160,#FFDFB6,#FFDBAE,#FFDCB0
194,Jacob Cofie,USC,1.7940965,3.5052374,5.2993339,1664,1.64327747979176,3.17559757802542,4.81887505781719,111.047993188253,98.6425347728462,12.4054584154064,54,2292849,#FFEDD7,#FFC276,#FFDCB0
195,Barrington Hargress,Colorado,5.3689044,-0.088927002,5.279977398,1815,5.76103540101716,0.807876115618364,6.56891151663552,114.546545858642,107.978918877647,6.56762698099496,-57,1945363,#FFCA88,#FAFCFD,#FFDCB0
196,BJ Davis,San Diego State,2.8349881,2.4273901,5.2623782,1252,3.31175542373928,1.43645485864625,4.74821028238553,110.702690621019,93.6040666928155,17.0986239282036,157,2092594,#FFE3C0,#FFD5A0,#FFDCB0
197,DeSean Goode,Robert Morris,4.4420254,0.8112182,5.2532436,1619,4.56045523966079,0.536951258711035,5.09740649837183,113.317091341172,104.987831911067,8.32925943010421,184,2275920,#FFD39C,#FFF1DF,#FFDCB1
198,Pharaoh Compton,San Diego State,2.8666242,2.3640594,5.2306836,749,2.18044845825325,1.51048357997509,3.69093203822834,117.578742561189,95.4091035696332,22.169638991556,150,2285496,#FFE2BF,#FFD6A2,#FFDCB1
199,Ben Humrichous,Illinois,3.5688729,1.6550552,5.2239281,1192,2.90080707266229,1.59321618203276,4.49402325469505,128.541893419648,96.7826781644289,31.7592152552187,257,2143538,#FFDCAF,#FFE2BE,#FFDCB1
200,Denzel Aberdeen,Kentucky,3.9365433,1.2869094,5.2234527,1800,4.5060835457021,1.05759112721444,5.56367467291654,118.578565619829,94.6485807727959,23.9299848470334,198,1890518,#FFD8A7,#FFE8CC,#FFDCB1
201,Acaden Lewis,Villanova,3.1311385,2.0756732,5.2068117,1627,3.3537336839975,2.2133115373509,5.56704522134839,116.749230267207,99.1310606014242,17.6181696657831,138,2540491,#FFE0B9,#FFDBAE,#FFDCB1
202,Isaac McKneely,Louisville,3.5047125,1.687866,5.1925785,1685,3.32898488478671,0.126767408152712,3.45575229293942,120.928977069085,92.3869587745027,28.5420182945823,329,1895639,#FFDCB1,#FFE1BD,#FFDCB1
203,Kam Williams,Kentucky,2.5127433,2.6723303,5.1850736,725,2.2576498245963,0.643777863128847,2.90142768772515,118.83145760605,87.9445679877925,30.8868896182577,185,2289114,#FFE6C7,#FFD196,#FFDDB2
204,Najai Hines,Seton Hall,1.7464268,3.4236515,5.1700783,900,2.11084998410951,3.50015416384928,5.61100414795878,110.005233525322,92.3741888650949,17.6310446602266,118,2548059,#FFEDD8,#FFC479,#FFDDB2
205,Braylon Mullins,Connecticut,2.6758512,2.4838411,5.1596923,1223,3.15763376251769,1.916809532779,5.07444329529669,120.666773834025,91.9827912508299,28.6839825831949,209,2488800,#FFE4C3,#FFD49E,#FFDDB2
206,Naithan George,Syracuse,3.3781825,1.7797045,5.157887,1772,2.47207626620383,1.85784343494806,4.32991970115189,114.162612166368,101.069057608467,13.0935545579007,110,2099451,#FFDDB4,#FFE0B9,#FFDDB2
207,Nikolas Khamenia,Duke,2.3807258,2.7521876,5.1329134,1108,2.23323261484502,1.10528639356198,3.338519008407,124.815377167128,85.6634799044658,39.1518972626624,311,2561475,#FFE7CA,#FFCF93,#FFDDB2
208,Elijah Crawford,Illinois-Chicago,3.023646,2.100381,5.124027,959,2.85432849655833,1.10671009109706,3.96103858765539,111.782620569031,95.8871549562199,15.8954656128107,161,2293406,#FFE1BC,#FFDAAD,#FFDDB3
209,Sam Orme,Belmont,3.3081685,1.8153754,5.1235439,1280,3.73632810522317,0.997693751781627,4.7340218570048,115.538529364511,101.623869096534,13.9146602679775,238,2113900,#FFDEB5,#FFDFB8,#FFDDB3
210,Trevan Leonhardt,Utah Valley,3.1548892,1.9671644,5.1220536,1844,3.55252708420909,1.69073558485713,5.24326266906622,108.134750134376,101.219086630484,6.91566350389166,174,1949291,#FFE0B9,#FFDDB2,#FFDDB3
211,Terrence Hill Jr.,VCU,5.1800128,-0.058592662,5.121420138,1354,6.55984064187774,-0.264143384258208,6.29569725761953,118.361608689171,100.801738162671,17.5598705265004,294,2296820,#FFCC8C,#FCFDFE,#FFDDB3
212,Nolan Minessale,St. Thomas (MN),3.1749839,1.933673,5.1086569,1662,3.17482920904534,1.34206738863099,4.51689659767632,113.793956500546,102.899696949257,10.8942595512896,273,2283310,#FFDFB8,#FFDDB3,#FFDDB3
213,Anthony Roy,Oklahoma State,4.8613411,0.2372368,5.0985779,1605,4.53675086879778,0.403389757702358,4.94014062650014,117.980767595394,104.240030049413,13.7407375459804,70,1593746,#FFCF93,#FFFAF5,#FFDDB3
214,Xavier Edmonds,TCU,2.8349213,2.2532716,5.0881929,1299,3.47995951759251,2.11918333670222,5.59914285429473,114.493204246164,95.7954725987575,18.6977316474065,186,2490633,#FFE3C0,#FFD8A7,#FFDDB3
215,Jalen Washington,Vanderbilt,2.8274442,2.2607247,5.0881689,1211,2.98117393194449,2.70459893098734,5.68577286293183,123.438920941059,97.3771796255791,26.0617413154804,195,1890630,#FFE3C0,#FFD8A7,#FFDDB3
216,Tavari Johnson,Akron,4.8939213,0.19090744,5.08482874,1852,5.6638302864311,0.0981219612421307,5.76195224767323,119.190025110638,103.745203940169,15.4448211704683,359,1949207,#FFCF92,#FFFBF7,#FFDDB3
217,Javohn Garcia,McNeese State,2.803968,2.2658434,5.0698114,1351,2.18892378092231,1.19611517043821,3.38503895136052,111.593057973824,94.9488664216299,16.6441915521942,223,1581561,#FFE3C0,#FFD8A6,#FFDDB3
218,Keba Keita,BYU,1.2918642,3.7747635,5.0666277,1272,1.19597782016008,3.35353862710924,4.54951644726933,118.54659801193,96.2311349257777,22.3154630861522,97,1890577,#FFF2E2,#FFBE6C,#FFDDB3
219,Collin Chandler,Kentucky,3.6117485,1.4432739,5.0550224,1594,4.03276772945681,2.20239466202308,6.23516239147989,118.770426162025,99.2642362262483,19.5061899357768,96,2319782,#FFDBAF,#FFE6C6,#FFDDB4
220,Austin Rapp,Wisconsin,3.3350296,1.718173,5.0532026,1132,3.83450367697075,1.2728381047007,5.10734178167144,124.144442395354,98.8185439651803,25.3258984301738,160,2324517,#FFDEB5,#FFE1BC,#FFDDB4
221,Killyan Toure,Iowa State,2.0200768,3.0327619,5.0528387,1442,1.81144008421529,1.75826828626509,3.56970837048038,122.567649854064,87.286902803708,35.2807470503564,374,2535039,#FFEBD2,#FFCA88,#FFDDB4
222,Tristan Smith,Northern Iowa,2.4641484,2.5847493,5.0488977,879,2.43087777046577,1.36380721704187,3.79468498750764,112.96717889464,91.5024448966015,21.4647339980383,187,2481323,#FFE6C8,#FFD29A,#FFDDB4
223,Nate Kingz,Syracuse,3.7879272,1.242927,5.0308542,1728,3.45488748161352,1.19255019841523,4.64743768002875,111.921476971412,100.160526484369,11.7609504870437,75,2126490,#FFD9AB,#FFE9CE,#FFDEB4
224,Andrej Stojakovic,Illinois,3.5298295,1.4964931,5.0263226,1280,3.57409986990429,1.03550606670957,4.60960593661386,127.597106628796,96.4387575932298,31.1583490355658,240,2092655,#FFDCB0,#FFE5C4,#FFDEB4
225,Jaron Pierre Jr.,SMU,3.5207693,1.5026864,5.0234557,1936,3.51499898153882,1.61601948167795,5.13101846321677,120.340007394671,99.531401612806,20.8086057818646,224,1606663,#FFDCB1,#FFE5C4,#FFDEB4
226,Damarion Dennis,Wyoming,4.9196526,0.10279708,5.02244968,1190,4.56531531401986,0.257410265662696,4.82272557968255,115.239641804548,107.450647250245,7.78899455430284,87,2305462,#FFCE92,#FFFDFA,#FFDEB4
227,Kyle Evans,UC Irvine,1.8194861,3.1941045,5.0135906,1684,2.15251338220018,2.33474639559773,4.48725977779792,103.443571201118,96.7426890993853,6.70088210173238,181,1921996,#FFEDD6,#FFC882,#FFDEB4
228,Nimari Burnett,Michigan,3.3297155,1.6827461,5.0124616,1140,3.56760250980702,0.755472810964676,4.3230753207717,124.326111423892,87.8463680293444,36.4797433945473,257,1607867,#FFDEB5,#FFE2BD,#FFDEB4
229,Anthony Robinson II,Missouri,2.3944132,2.6133445,5.0077577,1471,1.61600589805316,2.53551378861705,4.15151968667021,114.820473398128,102.687173396827,12.1333000013016,79,2113366,#FFE7C9,#FFD299,#FFDEB4
230,Jadon Jones,Oklahoma,2.4890787,2.5160107,5.0050894,1002,1.41425453262792,3.26131344238986,4.67556797501777,121.727900343941,103.079083599116,18.648816744825,73,1602933,#FFE6C7,#FFD39D,#FFDEB4
231,Blake Buchanan,Iowa State,2.5336526,2.4616294,4.995282,1385,3.14940868550364,1.12990094470459,4.27930963020823,121.756826299859,89.7315652813094,32.0252610185495,290,2097924,#FFE6C6,#FFD49F,#FFDEB4
232,Xzayvier Brown,Oklahoma,4.1537188,0.83913422,4.99285302,1839,4.32844142108029,1.59268301204931,5.9211244331296,119.061764059453,105.793725212766,13.2680388466867,93,2134482,#FFD6A3,#FFF0DE,#FFDEB4
233,Isaiah Johnson,Colorado,4.8050276,0.18247251,4.98750011,1730,5.56994514314043,0.57921564361324,6.14916078675367,115.113788609502,106.463777803917,8.65001080558454,-19,2540151,#FFCF94,#FFFBF7,#FFDEB5
234,Terry Anderson,High Point,4.2194523,0.76661104,4.98606334,1556,4.02651786813726,-0.164121846550981,3.86239602158628,119.362179308604,102.474757172434,16.8874221361702,385,1948698,#FFD5A1,#FFF1E1,#FFDEB5
235,Jordan Scott,Michigan State,2.3968168,2.587464,4.9842808,1100,2.10728817501626,2.24300500649431,4.35029318151057,121.789823531438,92.029996283558,29.7598272478795,175,2539344,#FFE7C9,#FFD29A,#FFDEB5
236,KeShawn Murphy,Auburn,3.4944975,1.4873573,4.9818548,1276,4.4832795132477,2.83680289425544,7.32008240750314,119.582229926959,104.866561873158,14.7156680538009,7,1698688,#FFDCB1,#FFE5C5,#FFDEB5
237,Jemel Jones,New Mexico State,3.6170263,1.3306737,4.9477,1389,3.73559420598087,1.18947874586612,4.925072951847,107.030279311976,105.570913129492,1.45936618248372,40,2303093,#FFDBAE,#FFE8CB,#FFDEB5
238,Ishan Sharma,Saint Louis,4.7010817,0.24497725,4.94605895,1278,3.83372367564846,-0.687710452194278,3.14601322345418,124.02778697756,98.6730668661776,25.3547201113827,329,2292851,#FFD096,#FFFAF5,#FFDEB5
239,Ben Hammond,Virginia Tech,3.2145006,1.7314433,4.9459439,1698,3.60547689709211,1.88449551731924,5.48997241441135,114.365522692512,101.936976988535,12.4285457039772,50,2296070,#FFDFB7,#FFE1BB,#FFDEB5
240,Nigel James Jr.,Marquette,2.8909257,2.0514187,4.9423444,1641,3.93440004365697,2.5150328621837,6.44943290584068,108.062187552535,100.078705616004,7.98348193653167,34,2505069,#FFE2BE,#FFDBAF,#FFDEB5
241,Tariq Francis,Rutgers,4.474684,0.46431267,4.93899667,1542,5.09883488648617,0.897279142253756,5.99611402873993,109.792441949882,105.436293881673,4.35614806820892,-27,2117672,#FFD39B,#FFF7EC,#FFDEB5
242,Jaden Henley,Grand Canyon,2.1281918,2.7924863,4.9206781,1738,2.07385006717398,1.97164197153609,4.04549203871008,110.91361812483,95.219270008802,15.6943481160282,262,1906866,#FFEACF,#FFCE92,#FFDEB6
243,Dior Johnson,Tarleton State,5.7656802,-0.84621992,4.91946028,898,5.58115437443651,-0.496506063780398,5.08464831065611,110.428154453228,109.04824668767,1.37990776555827,51,1908675,#FFC67F,#D8E7F3,#FFDEB6
244,Tre'Von Spillers,Wake Forest,2.3503722,2.5624047,4.9127769,1662,2.59802693156276,2.87943401039521,5.47746094195797,113.885430197069,101.115713450638,12.7697167464313,49,2127619,#FFE7CA,#FFD29B,#FFDEB6
245,Tounde Yessoufou,Baylor,3.2068719,1.7053913,4.9122632,1762,3.99036717433104,2.35093939672029,6.34130657105133,117.466012155189,104.58904706446,12.8769650907292,41,2481338,#FFDFB7,#FFE1BC,#FFDEB6
246,Solo Ball,Connecticut,3.6607326,1.2417358,4.9024684,1584,3.56201423991971,0.292257428193704,3.85427166811341,119.555771092063,91.2524554517658,28.3033156402969,330,2106195,#FFDBAD,#FFE9CE,#FFDEB6
247,David Green,Tulsa,3.8194489,1.0730149,4.8924638,1490,3.83807212586783,0.313950715155871,4.1520228410237,120.459935666555,100.388852414908,20.0710832516478,288,1603371,#FFD9AA,#FFECD5,#FFDEB6
248,Ven-Allen Lubin,NC State,3.7043103,1.1840339,4.8883442,1622,4.46791035165442,1.16755809658357,5.63546844823799,120.135187189266,101.127964698375,19.0072224908907,142,1890500,#FFDAAC,#FFEAD0,#FFDEB6
249,Keanu Dawes,Utah,3.681562,1.2026172,4.8841792,1706,3.42212433874402,1.65092083666458,5.07304517540861,111.733905980945,107.695222651569,4.03868332937565,-77,2127738,#FFDAAD,#FFEAD0,#FFDEB6
250,Matas Vokietaitis,Texas,3.4368869,1.4294811,4.866368,1385,3.52018206698226,1.42209279461367,4.94227486159593,122.381451811586,101.701334902419,20.6801169091666,171,2313721,#FFDDB2,#FFE6C7,#FFDFB6
251,Jackson Shelstad,Oregon,4.2196066,0.64206219,4.86166879,724,3.55258363288931,0.315253953172686,3.867837586062,112.486678290871,104.035297600935,8.45138068993607,48,2112555,#FFD5A1,#FFF3E6,#FFDFB6
252,Zach Cleveland,Liberty,2.8327376,2.0242226,4.8569602,1662,2.98388128159794,2.31955401119834,5.30343529279628,115.313915646639,107.738603188847,7.5753124577927,152,1909862,#FFE3C0,#FFDCB0,#FFDFB6
253,Eric Dailey Jr.,UCLA,3.1997884,1.6522533,4.8520417,1501,2.02101145517299,1.62552878630458,3.64654024147757,120.090898720116,101.761565049316,18.3293336707998,120,2105466,#FFDFB8,#FFE2BE,#FFDFB7
254,Nate Calmese,Wake Forest,3.7760684,1.0673935,4.8434619,1061,4.51266374249398,1.10537836520199,5.61804210769597,116.00662665283,99.9373939975886,16.069232655241,63,1948694,#FFDAAB,#FFECD5,#FFDFB7
255,Themus Fulks,UCF,3.8751981,0.96274861,4.83794671,1857,4.1116400467452,0.61199136950742,4.72363141625262,116.345389897373,101.601089113748,14.7443007836255,96,1912146,#FFD9A9,#FFEED9,#FFDFB7
256,Isaac Johnson,Hawaii,2.9097883,1.9134345,4.8232228,1178,3.55064940828778,0.594207587251763,4.14485699553955,108.835998042054,96.5928866255997,12.2431114164547,267,1725328,#FFE2BE,#FFDEB4,#FFDFB7
257,Roddy Gayle Jr.,Michigan,2.3076569,2.5124802,4.8201371,1168,0.890657285709723,2.14403592578269,3.03469321149241,124.737187384217,89.3073431242575,35.4298442599595,237,1917724,#FFE8CB,#FFD39D,#FFDFB7
258,Trey Campbell,Northern Iowa,2.2027006,2.6164379,4.8191385,1848,2.40765975767735,1.2037662277581,3.61142598543545,107.332826683782,94.1689995618092,13.1638271219732,234,1890297,#FFE9CE,#FFD199,#FFDFB7
259,Cade Tyson,Minnesota,4.3128159,0.50379319,4.81660909,1782,5.60286318918329,0.932987887644647,6.53585107682794,112.243709292975,102.286030370808,9.9576789221671,57,1917665,#FFD49F,#FFF6EB,#FFDFB7
260,Jordan Watford,Queens,5.736731,-0.92673345,4.80999755,1220,5.5765742017498,0.100908507355831,5.67748270910563,122.199643415781,117.051955095005,5.14768832077557,138,2549964,#FFC67F,#D4E4F2,#FFDFB7
261,Jayden Pierre,TCU,2.6950102,2.1126554,4.8076656,1728,2.5944136760425,1.03366373575686,3.62807741179936,113.849009265596,93.0214873101517,20.8275219554447,181,1890529,#FFE4C3,#FFDAAC,#FFDFB7
262,Michael Ajayi,Butler,2.5419869,2.2607948,4.8027817,1870,2.22572653327998,2.55255274220997,4.77827927548994,114.326892249367,103.78586763459,10.5410246147762,44,2098967,#FFE6C6,#FFD8A7,#FFDFB7
263,Larry Johnson,McNeese State,3.8795434,0.91779181,4.79733521,1370,4.11336440599985,0.157604298836502,4.27096870483636,113.666876657372,98.3902509471358,15.276625710236,232,2315488,#FFD9A9,#FFEFDB,#FFDFB7
264,Terri Miller Jr.,Portland State,2.3186353,2.4780154,4.7966507,1506,2.80339270964975,1.57288627502575,4.3762789846755,102.996622087851,98.3863826155329,4.61023947231797,190,2107461,#FFE8CB,#FFD49E,#FFDFB7
265,Donovan Oday,Northern Kentucky,3.4820109,1.3030545,4.7850654,1636,3.29496961559635,1.81525868548793,5.11022830108429,114.252773987315,106.659123261284,7.59365072603027,157,1925422,#FFDCB1,#FFE8CC,#FFDFB8
266,Quinn Denker,Northern Colorado,4.2569142,0.52359439,4.78050859,1682,5.31652629445102,0.509817064128412,5.82634335857943,111.063200126378,106.824502582765,4.23869754361359,114,1941987,#FFD5A0,#FFF5EA,#FFDFB8
267,Will Tschetter,Michigan,3.9299823,0.83891997,4.76890227,800,1.93995127607162,-0.296937665831731,1.64301361023989,129.915186485595,87.5604493671568,42.3547371184381,269,1691140,#FFD8A7,#FFF0DE,#FFDFB8
268,Corey Washington,SMU,3.3523877,1.4123781,4.7647658,1624,3.13924813834628,1.50264411505851,4.6418922534048,122.043732974834,100.329318180241,21.7144147945928,219,1921718,#FFDEB4,#FFE6C8,#FFDFB8
269,Pablo Tamba,LSU,2.881955,1.8794325,4.7613875,1550,2.47159365291279,2.27508408381394,4.74667773672673,120.386125684631,103.10774232174,17.278383362891,111,1701870,#FFE2BF,#FFDEB5,#FFDFB8
270,Emmanuel Innocenti,Gonzaga,1.9632142,2.7962954,4.7595096,1346,1.91120876178867,0.660726907464654,2.57193566925332,119.583566531814,86.9817656962458,32.6018008355678,336,2128752,#FFEBD3,#FFCE92,#FFDFB8
271,Isaia Howard,Iowa,2.3306224,2.4227234,4.7533458,976,1.07183846431351,2.19694007992572,3.26877854423923,124.063660976478,96.6663117098348,27.3973492666432,181,2317319,#FFE8CB,#FFD5A0,#FFDFB8
272,Martin Somerville,Florida State,3.0551985,1.6865734,4.7417719,1532,2.45641443425253,1.37980849313497,3.83622292738749,115.550915254616,98.5795720280733,16.9713432265431,162,2334355,#FFE1BB,#FFE1BD,#FFDFB8
273,Jake Fiegen,Cornell,5.0802928,-0.340568,4.7397248,1066,5.99333205587102,0.0272450406257806,6.0205770964968,121.136453523922,113.577776765162,7.55867675875963,101,2125882,#FFCD8E,#EFF5FA,#FFDFB8
274,Micah Handlogten,Florida,2.2488655,2.4838389,4.7327044,854,1.97306520022612,2.58024438149947,4.55330958172559,121.944313030465,94.0238512702894,27.9204617601755,143,1925052,#FFE8CD,#FFD49E,#FFDFB8
275,Sam Lewis,Virginia,3.1598813,1.5608099,4.7206912,1442,3.24230100799527,1.23176441139428,4.47406541938955,121.347924145483,92.6709290800722,28.6769950654112,288,2121784,#FFE0B9,#FFE4C2,#FFE0B8
276,Kobe Rodgers,Louisville,2.6128565,2.1037855,4.716642,775,2.60613141564171,1.55708339876928,4.16321481441098,118.194682764354,95.1743092990941,23.0203734652601,119,1722226,#FFE5C5,#FFDAAD,#FFE0B9
277,Dwayne Aristode,Arizona,2.7193712,1.9937181,4.7130893,762,2.32713235211524,-0.00718956740140903,2.31994278471383,123.138986824952,87.7521556322873,35.3868311926642,233,2478064,#FFE4C2,#FFDCB1,#FFE0B9
278,Elyjah Freeman,Auburn,2.6177674,2.0792409,4.6970083,1471,2.18215031543151,2.71253751397347,4.89468782940497,122.092519208616,101.610555652911,20.481963555705,111,2364052,#FFE5C5,#FFDBAE,#FFE0B9
279,Jeremiah Wilkinson,Georgia,4.2173168,0.46757963,4.68489643,1412,3.7458307033385,1.66163410024237,5.40746480358088,122.199852041694,103.556021487437,18.6438305542579,161,2291238,#FFD5A1,#FFF6EC,#FFE0B9
280,Jordan Pope,Texas,4.3334182,0.35133207,4.68475027,1516,3.76398313427763,0.132468075029174,3.8964512093068,122.455111654527,102.286962055486,20.1681495990406,169,1912255,#FFD49F,#FFF8F1,#FFE0B9
281,Brock Harding,TCU,2.1515401,2.5296753,4.6812154,1836,2.23205372133118,1.58004603036002,3.81209975169119,112.01359319281,93.0152446669444,18.9983485258657,221,2113314,#FFE9CF,#FFD39C,#FFE0B9
282,Filip Borovicanin,Xavier,3.2851161,1.391684,4.6768001,1838,3.95492822809486,2.19572199495438,6.15065022304925,113.958549017763,106.096489761414,7.86205925634889,-10,1896869,#FFDEB6,#FFE7C8,#FFE0B9
283,Latrell Wrightsell Jr.,Alabama,3.7508115,0.91916635,4.66997785,1206,3.51274037490723,1.1610881784102,4.67382855331743,124.567928241253,99.5848960247639,24.9830322164896,119,1602892,#FFDAAB,#FFEFDB,#FFE0B9
284,Preston Edmead,Hofstra,4.4365214,0.21717341,4.65369481,1804,4.95899122183898,-0.943765890697749,4.01522533114123,111.786694419503,100.064978440102,11.7217159794011,240,2485194,#FFD39C,#FFFBF6,#FFE0B9
285,Javontae Campbell,Bowling Green,2.353973,2.275619,4.629592,1812,2.96738496260697,1.79870670195917,4.76609166456614,105.360326735478,100.8229291748,4.53739756067784,126,2282706,#FFE7CA,#FFD7A6,#FFE0BA
286,Uriah Tenette,New Mexico,2.6743579,1.9512838,4.6256417,1480,2.62158297302618,0.589496182580605,3.21107915560678,113.81222778534,95.8252133923551,17.9870143929844,221,2543851,#FFE4C3,#FFDDB3,#FFE0BA
287,L.J. Cason,Michigan,2.9998766,1.6225955,4.6224721,943,3.12837944106133,1.06167721709255,4.19005665815388,125.319030675475,89.0667880519567,36.2522426235178,244,2293069,#FFE1BC,#FFE3BF,#FFE0BA
288,Miles Barnstable,Tulsa,4.302578,0.31859308,4.62117108,1654,4.63012737680208,-0.452294487360185,4.17783288944189,118.642377941111,102.642809564581,15.9995683765296,244,1953707,#FFD49F,#FFF9F2,#FFE0BA
289,Dame Sarr,Duke,0.70064743,3.9131333,4.61378073,1302,0.433938695455154,2.03756868171244,2.4715073771676,124.474604249795,82.1147389873571,42.3598652624378,367,2561477,#FFF8EF,#FFBB66,#FFE0BA
290,PJ Haggerty,Kansas State,3.4462477,1.1653852,4.6116329,2023,3.50119134373785,1.18321017559886,4.68440151933671,110.621318175321,104.98568850431,5.63562967101054,-83,1917531,#FFDDB2,#FFEAD1,#FFE0BA
291,Trevian Carson,North Dakota State,3.0212962,1.5848248,4.606121,1724,2.82055478154512,0.688414193115504,3.50896897466062,112.959559327978,101.40215962066,11.5573997073179,302,2547286,#FFE1BC,#FFE3C1,#FFE0BA
292,De'Shayne Montgomery,Dayton,1.3929423,3.1894189,4.5823612,1698,1.60667741233102,2.55765634265995,4.16433375499097,108.787128019223,93.2434376888548,15.5436903303685,193,2118540,#FFF1E0,#FFC882,#FFE0BB
293,James Scott,Ole Miss,1.1159945,3.4509907,4.5669852,1059,0.25988504838832,2.73961706114553,2.99950210953385,111.050444552019,96.1764817335754,14.8739628184439,23,2106724,#FFF4E6,#FFC378,#FFE1BB
294,Jacari Lane,Texas A&M,3.5325603,1.0312765,4.5638368,1130,3.33428886808287,-0.0334458539184041,3.30084301416446,118.223886939174,96.6390782119474,21.5848087272266,166,1916167,#FFDCB0,#FFEDD6,#FFE1BB
295,Brenen Lorient,West Virginia,1.6070071,2.9545943,4.5616014,1452,2.53463879695565,1.72471505560462,4.25935385256028,107.382281331105,90.2655563026075,17.1167250284976,153,1941988,#FFEFDB,#FFCC8B,#FFE1BB
296,Lajae Jones,Florida State,2.4131016,2.1393483,4.5524499,1724,2.66803264163725,2.32529621923249,4.99332886086974,114.960096360673,102.403618678498,12.5564776821751,78,1946205,#FFE7C9,#FFDAAB,#FFE1BB
297,Malik Thomas,Virginia,2.9356272,1.611098,4.5467252,1299,3.32678535486863,1.09696849728661,4.42375385215525,117.590939961572,93.6633842684039,23.9275556931676,188,1714689,#FFE2BD,#FFE3C0,#FFE1BB
298,Meechie Johnson,South Carolina,2.9684076,1.5647492,4.5331568,1726,3.73171570443835,1.86276928493408,5.59448498937243,109.103293928871,103.111791668218,5.9915022606529,-37,1620089,#FFE1BD,#FFE4C2,#FFE1BB
299,Isaiah Brown,Florida,3.3713413,1.1580789,4.5294202,710,2.88673547827081,1.04608094150342,3.93281641977422,131.019961255661,93.010549542473,38.0094117131882,156,2298482,#FFDEB4,#FFEBD1,#FFE1BB
300,Teagan Moore,Western Kentucky,4.1642997,0.35120008,4.51549978,1346,5.16939753252538,0.203293909209338,5.37269144173472,109.9720163977,103.878611648312,6.09340474938782,98,2144344,#FFD6A2,#FFF8F1,#FFE1BC
301,Tramon Mark,Texas,3.2055124,1.3053365,4.5108489,1464,3.36125995340157,1.48599538625722,4.84725533965879,120.175923269173,104.928831716186,15.2470915529876,70,1587080,#FFDFB8,#FFE8CC,#FFE1BC
302,Will Berg,Wichita State,2.145728,2.3599015,4.5056295,1124,2.12775237331565,1.73631323681711,3.86406561013276,115.785933968945,98.0664290491,17.719504919845,224,1911503,#FFEACF,#FFD6A3,#FFE1BC
303,Benny Gealer,Stanford,3.7301523,0.76052801,4.49068031,1584,4.61096082047322,1.2200043175948,5.83096513806802,112.72779655137,103.207133900754,9.52066265061673,76,1903957,#FFDAAC,#FFF1E1,#FFE1BC
304,Michael Nwoko,LSU,3.6093354,0.87740271,4.48673811,1198,3.61361496943365,1.63469258980945,5.2483075592431,120.026111279675,107.235543947377,12.7905673322977,63,2118682,#FFDBAF,#FFEFDC,#FFE1BC
305,Damarco Minor,Pittsburgh,2.7027599,1.7830941,4.485854,1708,3.20785363494347,2.0085242053305,5.21637784027397,109.997907890264,102.796543450264,7.20136443999913,3,1933123,#FFE4C3,#FFE0B9,#FFE1BC
306,Kevin Overton,Auburn,3.6074211,0.87104967,4.47847077,1793,3.91503449638304,1.80816398258054,5.72319847896359,120.354900110424,102.674732586537,17.6801675238874,64,2122204,#FFDBAF,#FFF0DD,#FFE1BC
307,Shelton Henderson,Miami (Fla.),2.8348422,1.6394819,4.4743241,1762,3.01363348018119,0.967380837068659,3.98101431724984,118.655252706449,96.6480005531405,22.0072521533083,258,2507067,#FFE3C0,#FFE2BF,#FFE1BC
308,Leroy Blyden Jr.,Toledo,3.7140356,0.75451374,4.46854934,1914,4.20756982898598,1.26730858372659,5.47487841271257,112.90473127779,107.6334634088,5.27126786899006,115,2488772,#FFDAAC,#FFF2E1,#FFE1BC
309,Bishop Boswell,Tennessee,2.2578228,2.2076929,4.4655157,1296,2.7910203743966,2.53529533664011,5.32631571103671,120.218720744733,94.294095015262,25.9246257294705,148,2302225,#FFE8CD,#FFD9A9,#FFE1BC
310,Corey Camper Jr.,Nevada,3.6551331,0.80931628,4.46444938,1625,4.27851920775258,0.723843802015523,5.00236300976811,113.230791644295,101.54519055663,11.6856010876653,116,2144223,#FFDBAE,#FFF1DF,#FFE1BC
311,Jaylen Petty,Texas Tech,2.7596071,1.7041903,4.4637974,1587,3.26008341037082,1.27535855699695,4.53544196736778,121.576923553958,95.6913857187141,25.8855378352437,199,2505051,#FFE3C1,#FFE1BC,#FFE1BC
312,Tarence Guinyard,Duquesne,4.0390997,0.41855725,4.45765695,1778,4.09055462923495,0.354085361648861,4.44463999088381,110.431156543518,104.20647501625,6.22468152726849,97,2311786,#FFD7A5,#FFF7EE,#FFE1BC
313,Nik Graves,Creighton,3.743374,0.70825259,4.45162659,1445,3.58005843285825,1.15040830066135,4.73046673351961,115.392349672459,104.870902958236,10.5214467142224,48,1908636,#FFDAAC,#FFF2E3,#FFE1BC
314,Devin Royal,Ohio State,2.8552606,1.5960046,4.4512652,1681,2.36230095960787,1.10333090958252,3.46563186919038,120.835801711005,99.47569619505,21.3601055159549,179,2113935,#FFE3BF,#FFE3C0,#FFE1BC
315,Josiah Lake II,Oregon State,2.8998931,1.5493385,4.4492316,1875,2.87410739929718,1.4398765457622,4.31398394505938,105.309297660045,105.600784419708,-0.291486759663306,-6,2126483,#FFE2BE,#FFE4C2,#FFE1BD
316,Anthony Dell'Orso,Arizona,3.2306758,1.2166029,4.4472787,1302,2.18077910722462,1.22342257518248,3.4042016824071,122.379512425766,91.0630793769621,31.3164330488039,284,1917832,#FFDFB7,#FFEACF,#FFE1BD
317,Jayden Ross,Connecticut,2.0718691,2.3720309,4.4439,885,1.90807565199573,1.5847929150142,3.49286856700993,121.977686542652,89.5892371726336,32.3884493700182,199,2106201,#FFEAD1,#FFD6A2,#FFE1BD
318,Jed Miller,Montana State,3.5741064,0.869641,4.4437474,1746,4.12964885297091,0.790091821955836,4.91974067492674,108.566303063501,107.159201152925,1.40710191057658,49,1924313,#FFDCAF,#FFF0DD,#FFE1BD
319,Miro Little,UC Santa Barbara,2.9336398,1.5009285,4.4345683,816,3.25980982137605,0.894443069923244,4.15425289129929,111.381721635128,105.953402198785,5.42831943634274,94,2114185,#FFE2BE,#FFE5C4,#FFE1BD
320,Elijah Price,Nevada,1.2527115,3.1807194,4.4334309,1728,1.26334668584109,2.64315915742829,3.90650584326938,111.764088178061,99.1981725291592,12.5659156489023,162,2122226,#FFF2E3,#FFC883,#FFE1BD
321,Oziyah Sellers,St. John's,2.9564007,1.4740995,4.4305002,1749,3.05490604533708,0.620192503968665,3.67509854930575,118.436548265632,91.0426034143375,27.3939448512949,302,1920561,#FFE2BD,#FFE5C5,#FFE1BD
322,Jayden Stone,Missouri,4.1360526,0.28665375,4.42270635,1289,4.11532088932694,1.12793611897095,5.24325700829789,119.471881383586,104.135930769495,15.335950614091,84,1605509,#FFD6A3,#FFFAF3,#FFE2BD
323,Josh Dix,Creighton,3.1295244,1.2925119,4.4220363,1788,2.94074264183274,0.842557852656036,3.78330049448878,112.659279502249,101.901760614957,10.7575188872921,39,1896056,#FFE0B9,#FFE8CC,#FFE2BD
324,Jake Hall,New Mexico,4.0252956,0.39673449,4.42203009,1737,4.6140285787604,-0.270761973241164,4.34326660551924,114.054446070567,99.5758863527996,14.4785597177673,230,2543854,#FFD7A5,#FFF8EF,#FFE2BD
325,Austin Herro,St. Thomas (MN),1.7738253,2.6338849,4.4077102,1034,2.60914525533614,1.8443180908004,4.45346334613654,111.687997668552,97.8401562030157,13.8478414655361,195,2092473,#FFEDD7,#FFD198,#FFE2BD
326,Jarin Stevenson,North Carolina,2.4227928,1.9815428,4.4043356,1388,1.97585940496204,1.35036507944444,3.32622448440648,120.416828638882,97.3684597204627,23.0483689184195,169,2099741,#FFE7C9,#FFDCB1,#FFE2BD
327,Isaac Asuma,Minnesota,2.3984185,2.0055873,4.4040058,1742,2.22063155189215,2.18156204588432,4.40219359777646,113.142743715351,101.183502148254,11.9592415670969,70,2302970,#FFE7C9,#FFDCB0,#FFE2BD
328,Jasen Green,Creighton,2.6950732,1.7068933,4.4019665,1504,3.36106557918479,1.52023435589458,4.88129993507937,112.788182458854,101.567349576666,11.2208328821877,29,1908624,#FFE4C3,#FFE1BC,#FFE2BD
329,Dylan Faulkner,Samford,3.2292199,1.165121,4.3943409,1287,2.81806605585541,1.28570701314143,4.10377306899684,112.859043421754,109.646295527765,3.21274789398911,115,2122528,#FFDFB7,#FFEAD1,#FFE2BD
330,Camren Hunter,Central Arkansas,3.9432511,0.44980858,4.39305968,1795,4.45162273589451,0.249127235197137,4.70074997109165,109.40041022775,103.585054606863,5.81535562088775,142,1723747,#FFD8A7,#FFF7ED,#FFE2BD
331,Mike Sharavjamts,South Carolina,2.606052,1.7838455,4.3898975,1624,3.00453109231047,1.91534377183187,4.91987486414233,109.02239697004,104.420131493867,4.60226547617353,-33,1908368,#FFE5C5,#FFE0B9,#FFE2BD
332,Tyon Grant-Foster,Gonzaga,1.5477211,2.8379352,4.3856563,1266,1.1871605780163,1.75231764839727,2.93947822641357,120.162856357663,90.3810078248071,29.7818485328558,297,1611526,#FFEFDC,#FFCE90,#FFE2BD
333,Chase Ross,Marquette,1.6383498,2.7472515,4.3856013,1862,1.97440032204372,2.53621374311366,4.51061406515738,106.758240454558,100.129632410437,6.62860804412169,-35,1908376,#FFEEDA,#FFCF94,#FFE2BD
334,Nate Heise,Iowa State,2.2689266,2.1134909,4.3824175,1404,1.67676904890945,0.907909713710912,2.58467876262036,122.114518309487,90.683687463271,31.430830846216,312,1596201,#FFE8CC,#FFDAAC,#FFE2BE
335,Oswin Erhunmwunse,Providence,1.5885751,2.7864813,4.3750564,1496,0.677056367043097,2.5819730847872,3.2590294518303,117.94837623869,104.672750405116,13.275625833574,70,2298456,#FFEFDB,#FFCF92,#FFE2BE
336,Riley Kugel,UCF,2.8611588,1.5103328,4.3714916,1548,3.12734013929223,1.03773326294361,4.16507340223584,115.334953619792,101.057060139257,14.2778934805353,92,1890521,#FFE3BF,#FFE5C4,#FFE2BE
337,Kur Teng,Michigan State,2.622667,1.7268066,4.3494736,924,2.49211885339799,0.24160781839114,2.73372667178913,122.996369668208,88.1236138846228,34.8727557835855,216,2313668,#FFE5C4,#FFE1BB,#FFE2BE
338,Trey Green,Saint Louis,4.2893565,0.044755368,4.334111868,1340,5.12274845491907,-0.448736908733551,4.67401154618552,118.318216376202,98.462827341982,19.8553890342205,274,2149050,#FFD5A0,#FFFEFD,#FFE2BE
339,Keon Thompson,Stephen F. Austin,3.5356984,0.7967005,4.3323989,1559,4.24311760979944,0.106709087182204,4.34982669698164,112.899004030914,100.643221353834,12.2557826770796,250,1925377,#FFDCB0,#FFF1DF,#FFE2BE
340,Amani Lyles,Akron,2.9458463,1.3860464,4.3318927,1530,3.48989772003356,1.29940837911875,4.78930609915231,118.103389564739,103.586828197401,14.5165613673377,289,1949206,#FFE2BD,#FFE7C9,#FFE2BE
341,Jacari White,Virginia,4.5418218,-0.21233349,4.32948831,833,4.81740598278723,0.063301136671263,4.88070711945849,124.970913345402,100.448417437615,24.5224959077861,149,1932409,#FFD29A,#F5F8FC,#FFE2BE
342,Braden Frager,Nebraska,3.2440036,1.0822125,4.3262161,1194,3.33808028668615,0.61198275560991,3.95006304229606,119.72467529982,93.4344226298262,26.290252669994,242,2291433,#FFDFB7,#FFECD4,#FFE2BE
343,Kenyon Giles,Wichita State,3.5125518,0.81224125,4.32479305,1904,3.58151709904372,0.185080353818093,3.76659745286181,111.589747207077,99.0752399396634,12.5145072674137,219,1910658,#FFDCB1,#FFF1DF,#FFE2BE
344,Tru Washington,Miami (Fla.),2.6756187,1.635019,4.3106377,1382,2.31582354230976,1.2498979123992,3.56572145470896,120.05932358449,98.3794021481584,21.6799214363317,203,2126447,#FFE4C3,#FFE2BF,#FFE2BF
345,Peter Suder,Miami (OH),3.5420805,0.76563906,4.30771956,1590,3.10689223035713,0.521280743501303,3.62817297385843,117.190026785237,104.936476595493,12.2535501897439,248,1913866,#FFDCB0,#FFF1E1,#FFE2BF
346,Guillermo Diaz Graham,San Francisco,2.1412903,2.1659185,4.3072088,917,1.73635166672411,1.0307852496045,2.76713691632861,110.817212762085,102.180933879225,8.63627888285969,56,1908686,#FFEACF,#FFD9AA,#FFE2BF
347,Tyler Behrend,Tulsa,3.3214239,0.98438728,4.30581118,1141,2.41362060169107,0.126350879124653,2.53997148081572,126.896341535532,99.1661838634664,27.730157672066,305,2349987,#FFDEB5,#FFEED8,#FFE2BF
348,Carter Welling,Clemson,1.3548241,2.9458815,4.3007056,1114,2.27759487162485,2.41031602378633,4.68791089541118,109.520383375299,94.4213829669717,15.0990004083271,83,2111157,#FFF1E1,#FFCC8C,#FFE2BF
349,Jerald Colonel,Stephen F. Austin,0.39804486,3.9004537,4.29849856,1308,0.521494270197235,2.0180759735286,2.53957024372584,110.591877865243,94.3801167905611,16.2117610746818,233,2313570,#FFFBF6,#FFBB67,#FFE2BF
350,Samet Yigitoglu,SMU,1.8952864,2.3987744,4.2940608,1698,2.22620818394752,1.62831217444518,3.8545203583927,118.042732658246,97.8726898718231,20.1700427864226,218,2315141,#FFECD5,#FFD5A1,#FFE2BF
351,Cruz Davis,Hofstra,3.6210681,0.67186964,4.29293774,2018,4.24759807878826,0.227631043164602,4.47522912195287,111.267813037325,102.658878095126,8.60893494219912,196,1890622,#FFDBAE,#FFF3E4,#FFE2BF
352,Devin Askew,Villanova,2.6840562,1.6058476,4.2899038,1226,3.64081818807061,1.21053625876388,4.85135444683449,114.894161778575,97.4253517248855,17.4688100536891,120,1602300,#FFE4C3,#FFE3C0,#FFE2BF
353,Ruben Dominguez,Texas A&M,3.5741302,0.70575394,4.27988414,1349,4.20143074655975,-0.0625505195439815,4.13888022701577,117.63136019983,98.5840497103217,19.0473104895084,223,2550592,#FFDCAF,#FFF2E3,#FFE2BF
354,Treysen Eaglestaff,West Virginia,1.2421976,3.025548,4.2677456,1504,0.756633887580568,1.54256333610552,2.29919722368609,109.255589521368,88.7055550859828,20.5500344353855,222,1925460,#FFF2E3,#FFCA89,#FFE3BF
355,Donnie Freeman,Syracuse,2.0426163,2.2231338,4.2657501,1246,1.43405244849058,1.95089692299335,3.38494937148393,112.723059550196,99.4460796850723,13.2769798651239,73,2324480,#FFEBD1,#FFD8A8,#FFE3BF
356,Honor Huff,West Virginia,3.2726758,0.98995428,4.26263008,1832,3.02099495089146,0.379363629518951,3.40035858041042,109.47547310044,94.4761486081265,14.9993244923135,163,1730246,#FFDEB6,#FFEDD8,#FFE3BF
357,Houston Mallette,Alabama,3.3650597,0.89483184,4.25989154,1392,2.73880068827791,1.02775738677638,3.76655807505429,126.372446041348,99.138455030757,27.233991010591,209,1695278,#FFDEB4,#FFEFDC,#FFE3BF
358,Dillon Hunter,Clemson,1.823978,2.4312768,4.2552548,1594,2.19316959431769,1.42084438241874,3.61401397673643,111.915008481686,93.3915585667762,18.5234499149099,143,1925543,#FFEDD6,#FFD5A0,#FFE3BF
359,Roman Domon,Murray State,3.3359891,0.91200811,4.24799721,1454,3.66573525537379,0.601273696690788,4.26700895206458,113.547765866147,107.583111170777,5.9646546953696,97,2481898,#FFDEB5,#FFEFDB,#FFE3C0
360,Kyle Jorgensen,Colorado State,3.1484541,1.0982599,4.246714,1120,4.0914429092514,0.842184566959645,4.93362747621104,117.585633374139,104.564240593089,13.0213927810499,161,2321363,#FFE0B9,#FFECD4,#FFE3C0
361,LeJuan Watts,Texas Tech,3.1048483,1.1317619,4.2366102,1448,2.52541208177993,1.85160931130662,4.37702139308656,123.526208189757,101.130286315023,22.3959218747338,122,1918024,#FFE0BA,#FFEBD2,#FFE3C0
362,CJ Brown,South Florida,2.5814501,1.649777,4.2312271,1538,2.01643208181534,1.00847148219345,3.0249035640088,118.257146137935,99.0115314000211,19.2456147379135,243,2281732,#FFE5C5,#FFE2BE,#FFE3C0
363,Lazar Djokovic,VCU,2.2099592,2.0072283,4.2171875,1549,2.98736294821729,0.889664058397484,3.87702700661477,116.350083535267,95.4941906687636,20.8558928665034,281,2149054,#FFE9CE,#FFDCB0,#FFE3C0
364,Kellen Thames,Saint Louis,2.6566177,1.5565964,4.2132141,936,3.91227261587198,1.81464235344816,5.72691496932014,119.798033524953,97.1563089537015,22.6417245712519,206,1927078,#FFE5C4,#FFE4C2,#FFE3C0
365,Karter Knox,Arkansas,2.711271,1.4998197,4.2110907,888,1.56461956547439,1.41046205323215,2.97508161870654,124.623869041406,100.097436354537,24.5264326868688,126,2302258,#FFE4C2,#FFE5C4,#FFE3C0
366,Patrick Wessler,UNC Wilmington,2.1280636,2.0828865,4.2109501,1351,2.28437309894788,0.96222836481865,3.24660146376653,112.25682350676,100.030486249178,12.2263372575825,250,1890361,#FFEACF,#FFDBAD,#FFE3C0
367,Jaylen Curry,Oklahoma State,3.4540888,0.75421088,4.20829968,1354,3.17075174299328,1.6948743539041,4.86562609689738,117.090656122574,106.271619266058,10.8190368565158,56,2140323,#FFDDB2,#FFF2E1,#FFE3C0
368,Jean Aranguren,George Washington,3.4361399,0.76892641,4.20506631,1354,3.27388913219585,1.1098000923443,4.38368922454015,116.96545293226,105.08923683432,11.8762160979394,126,2114130,#FFDDB2,#FFF1E1,#FFE3C0
369,Quentin Jones,Saint Louis,1.655874,2.5485269,4.2044009,1546,1.50889805991179,1.25346468998253,2.76236274989432,118.412915188602,94.6241972149877,23.7887179736141,365,2120119,#FFEEDA,#FFD39B,#FFE3C0
370,Baye Ndongo,Georgia Tech,1.9954037,2.2068603,4.202264,1306,2.42339409349615,1.60780060072624,4.03119469422238,105.273765765085,104.238878472701,1.03488729238395,-82,2099449,#FFEBD2,#FFD9A9,#FFE3C0
371,Pharrel Payne,Maryland,2.2068549,1.9887846,4.1956395,494,3.15296905567409,0.0316587367468481,3.18462779242094,105.864749839157,96.8095939525832,9.05515588657401,36,1906865,#FFE9CE,#FFDCB1,#FFE3C0
372,Felix Okpara,Tennessee,1.501882,2.6851076,4.1869896,1382,1.330794906058,2.18388709422804,3.51468200028603,117.145640755964,95.765283078353,21.3803576776115,107,1917734,#FFF0DD,#FFD096,#FFE3C0
373,Jestin Porter,Clemson,2.1848009,1.9904268,4.1752277,1500,1.29536943039475,0.996449837973158,2.29181926836791,116.139224343943,91.8570710187987,24.2821533251441,225,1908595,#FFE9CE,#FFDCB1,#FFE3C1
374,Tae Davis,Oklahoma,3.0897408,1.0787229,4.1684637,1704,2.70219382258895,1.00959795040203,3.71179177299098,122.516401884444,103.130366237659,19.3860356467849,131,1940399,#FFE0BA,#FFECD5,#FFE3C1
375,Tre Carroll,Xavier,2.7075664,1.4583549,4.1659213,1830,3.47629686376598,1.819185726992,5.29548259075797,111.345096977009,104.599231768402,6.74586520860752,-9,1694292,#FFE4C3,#FFE5C6,#FFE3C1
376,Makaih Williams,Grand Canyon,2.7096209,1.4411757,4.1507966,1478,3.16712595840856,0.330579926737114,3.49770588514567,110.011362360947,95.8550241158913,14.1563382450553,161,2143492,#FFE4C3,#FFE6C6,#FFE3C1
377,Jaylen Carey,Tennessee,1.8460508,2.295819,4.1418698,1026,2.45922182873154,0.859149047550989,3.31837087628253,116.967297606781,89.6216011561994,27.3456964505819,171,2119886,#FFECD6,#FFD7A5,#FFE3C1
378,Tyler Cochran,Rhode Island,1.2224545,2.9163442,4.1387987,1658,1.6967200808482,2.6671617384426,4.36388181929079,102.949643667604,98.5279951245432,4.42164854306046,74,1382975,#FFF3E3,#FFCC8D,#FFE3C1
379,Reed Bailey,Indiana,3.0853176,1.0519401,4.1372577,1043,3.04764689443331,0.541238219440761,3.58888511387407,119.727656477898,100.052187680863,19.6754687970354,93,1925899,#FFE0BA,#FFECD6,#FFE3C1
380,Eric Mahaffey,Akron,3.08274,1.0517401,4.1344801,1247,2.47600604103468,0.52319343977848,2.99919948081316,121.814936438761,102.015850291704,19.7990861470567,260,2266043,#FFE0BA,#FFECD6,#FFE3C1
381,Drew Fielder,Boise State,3.0043534,1.1274224,4.1317758,1174,3.12461067047136,0.790855893204696,3.91546656367605,114.423024389718,103.282854084724,11.1401703049943,109,2164149,#FFE1BC,#FFEBD3,#FFE3C1
382,Colby Garland,San Jose State,4.3791044,-0.24895616,4.13014824,1648,4.80942574469838,0.519407429396768,5.32883317409514,107.717872263431,114.956775344729,-7.23890308129809,-160,2122220,#FFD49E,#F3F7FB,#FFE3C1
383,Berke Buyuktuncel,Nebraska,0.53266278,3.5950661,4.12772888,1180,1.07938363410411,2.13905458657438,3.2184382206785,113.502729910432,87.0741553973298,26.4285745131021,188,2106221,#FFF9F3,#FFC173,#FFE3C1
384,Vincent Iwuchukwu,Georgetown,1.7694706,2.353751,4.1232216,918,1.82707211369336,1.3286623871507,3.15573450084405,113.518602149117,95.453066877429,18.0655352716876,85,1920559,#FFEDD7,#FFD6A3,#FFE3C1
385,Tyshawn Archie,McNeese State,2.9233323,1.1935272,4.1168595,1350,3.48349768271167,1.0085301948617,4.49202787757337,112.543219749059,98.8286330488513,13.7145867002072,250,2126509,#FFE2BE,#FFEAD0,#FFE4C1
386,Brandon Garrison,Kentucky,1.9497403,2.1664387,4.116179,944,1.3937944612594,2.58096445353786,3.97475891479726,115.929346652282,100.789722244627,15.1396244076555,13,2105470,#FFEBD3,#FFD9AA,#FFE4C1
387,London Jemison,Alabama,1.8964729,2.2196312,4.1161041,858,1.08916644224862,1.72259999595888,2.8117664382075,124.943864363347,96.355142840182,28.588721523165,137,2550732,#FFECD5,#FFD8A8,#FFE4C1
388,Logan Duncomb,Winthrop,4.2038741,-0.089617395,4.114256705,1336,5.39627361045378,0.626244649594217,6.022518260048,114.030144418027,111.331772955305,2.69837146272205,132,1687935,#FFD5A1,#FAFCFD,#FFE4C1
389,Javan Buchanan,Boise State,2.9776453,1.1338107,4.111456,1350,2.58904454004699,0.486756462211547,3.07580100225854,115.293777561856,102.61548639547,12.6782911663856,101,2305534,#FFE1BD,#FFEBD2,#FFE4C2
390,Karson Templin,Utah State,2.6165249,1.4937532,4.1102781,1072,2.34774018271515,1.39857625104853,3.74631643376368,119.873828084809,100.652776225583,19.2210518592263,188,2120108,#FFE5C5,#FFE5C4,#FFE4C2
391,Allen Mukeba,Arizona State,1.0537959,3.0529541,4.10675,954,0.204655166623624,2.85409741057138,3.05875257719501,111.549618333582,97.5735344641602,13.9760838694222,14,1908801,#FFF4E7,#FFCA88,#FFE4C2
392,Dezayne Mingo,Charlotte,3.9138925,0.18887432,4.10276682,1437,4.01970892551364,0.255796023615809,4.27550494912945,111.592926921159,109.260706387118,2.3322205340411,34,2322313,#FFD8A8,#FFFBF7,#FFE4C2
393,Owen Freeman,Creighton,1.4115144,2.690153,4.1016674,494,1.57651041862698,1.60663649971058,3.18314691833756,107.878111388033,99.5907007152037,8.28741067282905,3,2113323,#FFF1DF,#FFD096,#FFE4C2
394,Isaac Williams,Baylor,4.308786,-0.22459267,4.08419333,1306,4.60229054454345,1.85304123895697,6.45533178350042,123.1389358881,109.779761375808,13.3591745122921,46,2305466,#FFD49F,#F4F8FC,#FFE4C2
395,Dillan Shaw,Saint Mary's,2.0863545,1.9790114,4.0653659,1410,2.22418285709721,1.65276170696632,3.87694456406353,118.640118042298,96.0056924645261,22.6344255777721,255,2505024,#FFEAD0,#FFDCB1,#FFE4C2
396,Jlynn Counter,College of Charleston,2.8630394,1.2020404,4.0650798,1618,3.61561667280051,1.54704943110467,5.16266610390518,105.530426860198,106.115214037064,-0.584787176865964,30,1890445,#FFE2BF,#FFEAD0,#FFE4C2
397,Jevin Muniz,Colorado State,3.6289176,0.42728743,4.05620503,1614,3.86214775762513,0.885201848832013,4.74734960645714,115.475968378732,107.510448424563,7.96551995416868,113,1945196,#FFDBAE,#FFF7EE,#FFE4C2
398,Jalen Celestine,Cincinnati,2.817464,1.2359608,4.0534248,1286,3.46695558100851,1.01319681504529,4.4801523960538,110.750776356039,95.0726017698575,15.6781745861813,60,1605348,#FFE3C0,#FFE9CE,#FFE4C2
399,Thomas Dowd,Troy,2.7954351,1.2567802,4.0522153,1936,2.89681856459161,0.997483935341463,3.89430249993307,110.512202264513,105.666821364683,4.84538089982987,137,2114139,#FFE3C1,#FFE9CE,#FFE4C2
400,A.J. Staton-McCray,Seton Hall,1.5274942,2.5232836,4.0507778,1534,1.88957349815641,2.28445891207805,4.17403241023446,107.403286397322,93.4585425643381,13.944743832984,102,1609878,#FFF0DD,#FFD39C,#FFE4C2
401,Quimari Peterson,Washington,2.7093963,1.3353446,4.0447409,1731,2.79047632524558,1.57317839873112,4.3636547239767,113.106920027386,101.005118137939,12.1018018894473,54,1730404,#FFE4C3,#FFE8CB,#FFE4C3
402,Ryan Prather Jr.,Robert Morris,4.783764,-0.74224782,4.04151618,1801,5.47280645692894,-0.596352724786525,4.87645373214242,112.695579801097,107.189418464887,5.50616133621009,146,1949209,#FFD095,#DDEAF5,#FFE4C3
403,DeJour Reaves,Fordham,2.6234698,1.4161924,4.0396622,1634,3.4139064577834,1.06388346604179,4.47778992382519,102.155189220015,101.091823493766,1.06336572624923,71,2118990,#FFE5C4,#FFE6C7,#FFE4C3
404,Malachi Smith,Connecticut,2.2166732,1.8187093,4.0353825,820,2.22874237845966,0.855077504442816,3.08381988290248,114.491538497415,92.5086587881253,21.9828797092898,130,1688546,#FFE9CD,#FFDFB8,#FFE4C3
405,Jimmie Williams,Duquesne,2.894604,1.1341784,4.0287824,1628,3.025665627372,1.09536451423386,4.12103014160586,110.805635078454,103.264946146663,7.54068893179027,98,2281730,#FFE2BE,#FFEBD2,#FFE4C3
406,Javon Bennett,Dayton,2.608537,1.4163678,4.0249048,2006,2.46258582292983,0.544261928837658,3.00684775176749,107.710390305556,95.3293881317968,12.3810021737588,164,1949309,#FFE5C5,#FFE6C7,#FFE4C3
407,Tyrone Riley IV,San Francisco,2.7345994,1.2759964,4.0105958,1636,2.09628838923765,0.598536667399784,2.69482505663743,111.703772231276,104.545970928847,7.15780130242833,64,2322770,#FFE4C2,#FFE9CD,#FFE4C3
408,Parsa Fallah,Oklahoma State,2.5284191,1.4783261,4.0067452,1257,3.49001286192399,1.13117137299764,4.62118423492163,114.258681318021,99.4755632802962,14.7831180377245,78,1727525,#FFE6C7,#FFE5C5,#FFE4C3
409,Brigham Rogers,Belmont,1.8589342,2.1407457,3.9996799,950,2.69501472526497,0.167949301593165,2.86296402685813,115.058017868752,97.867058476841,17.1909593919111,114,2113901,#FFECD5,#FFDAAB,#FFE4C3
410,Tyler Lundblade,Belmont,5.2849417,-1.2853905,3.9995512,1888,4.01092049664743,-1.58878289062571,2.42213760602171,119.382027784368,104.922084097016,14.4599436873525,368,1705470,#FFCB89,#C4DAEE,#FFE4C3
411,Kimani Hamilton,UNLV,2.8325552,1.1633005,3.9958557,1635,3.24704586252398,0.889005895382847,4.13605175790682,108.560833958998,104.501720220721,4.05911373827799,29,1915441,#FFE3C0,#FFEAD1,#FFE4C3
412,Malik Mack,Georgetown,3.1477448,0.84003838,3.98778318,1858,2.92290709981087,0.642779997336014,3.56568709714688,111.818579699724,102.259642865834,9.55893683389006,67,2111757,#FFE0B9,#FFF0DE,#FFE4C3
413,Robert Miller III,LSU,1.0768254,2.9005764,3.9774018,1020,0.836406353868729,3.22803902304789,4.06444537691662,111.872927938733,103.195970995361,8.67695694337147,-5,2281243,#FFF4E7,#FFCD8E,#FFE4C4
414,Nick Davidson,Clemson,2.2733576,1.6968729,3.9702305,1200,2.40673712779215,1.01438144599087,3.42111857378303,110.729310577118,98.091176397022,12.6381341800956,61,1725335,#FFE8CC,#FFE1BC,#FFE4C4
415,Kody Clouet,Winthrop,3.8626458,0.10522674,3.96787254,1679,3.87748450539957,-0.446659034452661,3.43082547094691,112.681659757539,105.873744219745,6.80791553779341,206,1956962,#FFD9A9,#FFFDFA,#FFE4C4
416,Christian Hammond,Santa Clara,3.198946,0.76502183,3.96396783,1665,4.43998789893652,0.149163387395808,4.58915128633232,118.865562058176,99.3028741413954,19.562687916781,235,2110376,#FFDFB8,#FFF1E1,#FFE5C4
417,Ian Jackson,St. John's,2.5869036,1.3761643,3.9630679,1098,1.91791794523896,1.30177616678287,3.21969411202183,118.067874709546,95.6813632187557,22.38651149079,120,2296143,#FFE5C5,#FFE7C9,#FFE5C4
418,Seth Trimble,North Carolina,3.1379416,0.82120106,3.95914266,1278,2.73891725580212,0.914940160592232,3.65385741639435,120.412588845941,102.196909684756,18.2156791611849,72,1890629,#FFE0B9,#FFF0DF,#FFE5C4
419,Chase Lowe,William & Mary,2.9110823,1.0477301,3.9588124,1294,3.07837076518107,0.971840096995555,4.05021086217662,108.422488007715,105.351573285403,3.07091472231216,32,1890305,#FFE2BE,#FFECD6,#FFE5C4
420,Neoklis Avdalas,Virginia Tech,1.8218569,2.1256576,3.9475145,1684,2.14703708339098,1.36007044441843,3.50710752780941,112.829109659142,98.9463785484744,13.8827311106677,93,2481303,#FFEDD6,#FFDAAC,#FFE5C4
421,Dra Gibbs-Lawhorn,UNLV,3.7734127,0.17071361,3.94412631,1950,4.40691027657078,1.45026202064082,5.85717229721159,110.247005679901,108.60385151301,1.64315416689076,-25,2142746,#FFDAAB,#FFFCF8,#FFE5C4
422,Drayton Jones,Butler,1.7485885,2.1953305,3.943919,1078,2.70840838707172,0.793419659758676,3.5018280468304,112.289934586599,96.0305218650676,16.2594127215318,93,2153852,#FFEDD8,#FFD9A9,#FFE5C4
423,Conor Enright,Indiana,2.953811,0.98973022,3.94354122,1590,3.05707623917718,0.907383813068845,3.96446005224603,118.677536937244,100.172452551103,18.5050843861406,124,1687955,#FFE2BD,#FFEDD8,#FFE5C4
424,Kory Mincy,George Mason,3.4315249,0.50643171,3.93795661,1695,3.30830469138709,0.336531599623194,3.64483629101028,112.689455658548,103.996044274818,8.69341138373032,156,2150477,#FFDDB3,#FFF6EB,#FFE5C4
425,Jake Davis,Illinois,3.8452899,0.092318243,3.937608143,1057,3.86023948678881,-0.0629918541284125,3.7972476326604,131.332573050801,97.7332407001846,33.5993323506166,260,2161320,#FFD9A9,#FFFDFB,#FFE5C4
426,Andrew McKeever,Saint Mary's,1.7006525,2.2325628,3.9332153,1192,2.40292437358954,1.91218802775394,4.31511240134348,118.457054618427,94.9134331329775,23.5436214854499,253,2125382,#FFEED9,#FFD8A8,#FFE5C4
427,Cameron Corhen,Pittsburgh,2.5984934,1.3332092,3.9317026,1804,2.9207245779834,1.81620431554356,4.73692889352696,110.246598837939,104.260450036788,5.98614880115105,-12,1909083,#FFE5C5,#FFE8CB,#FFE5C4
428,Mateo Esmeraldo,Lipscomb,3.4738724,0.4529099,3.9267823,1646,3.86577031147948,0.437025925287073,4.30279623676655,107.731563441186,105.888195044338,1.84336839684816,63,1932452,#FFDDB2,#FFF7ED,#FFE5C4
429,Layne Taylor,Murray State,4.1639105,-0.23813594,3.92577456,1332,3.42551910421729,-0.597115431688711,2.82840367252858,115.878010757491,108.121665507342,7.75634525014912,124,2292842,#FFD6A2,#F4F8FB,#FFE5C4
430,Khani Rooths,Louisville,1.4656021,2.4502782,3.9158803,835,1.02516391268667,1.8040084500194,2.82917236270606,121.73276678567,93.4658975880491,28.2668691976214,174,2299058,#FFF0DE,#FFD49F,#FFE5C4
431,Garry Clark,Utah State,2.4395347,1.4738784,3.9134131,882,2.48531938961359,0.187590141734453,2.67290953134804,119.328206715401,96.6381858930032,22.6900208223981,176,1946210,#FFE7C8,#FFE5C5,#FFE5C4
432,Wes Enis,South Florida,3.3488151,0.55681286,3.90562796,1874,3.67284462628565,-0.203903582601029,3.46894104368462,115.61688563179,99.4507016040356,16.166184027754,255,2199223,#FFDEB4,#FFF5E9,#FFE5C5
433,Moustapha Thiam,Cincinnati,0.60056291,3.301965,3.90252791,1462,1.4211618756717,2.27154318175814,3.69270505742984,106.945484063779,91.8006578783068,15.1448261854719,115,2266075,#FFF9F1,#FFC67E,#FFE5C5
434,Nyk Lewis,VCU,2.8149655,1.0841402,3.8991057,1328,2.5297861933503,0.40193153087874,2.93171772422904,116.527241038437,98.4693320327231,18.0579090057139,215,2493034,#FFE3C0,#FFECD4,#FFE5C5
435,Massamba Diop,Arizona State,1.4505079,2.4465318,3.8970397,1724,1.93690406413914,2.49027596865437,4.4271800327935,110.192097048748,100.368987681664,9.82310936708402,-23,2548107,#FFF0DE,#FFD49F,#FFE5C5
436,Koree Cotton,Texas-Rio Grande Valley,1.3135433,2.582458,3.8960013,1452,1.99080762491264,1.69132095267602,3.68212857758866,109.095196924374,99.9002501745771,9.19494674979736,151,2112507,#FFF2E1,#FFD29A,#FFE5C5
437,Matt Able,NC State,2.6812653,1.212779,3.8940443,1236,1.47952799012604,2.0552609647104,3.53478895483644,121.81953993824,103.30806115987,18.5114787783701,127,2474419,#FFE4C3,#FFEACF,#FFE5C5
438,Trevor Mullin,Yale,3.5851385,0.30875305,3.89389155,1246,3.75922915868168,-0.907256468340567,2.85197269034111,122.797607455673,101.077222005998,21.720385449675,267,2143587,#FFDBAF,#FFF9F2,#FFE5C5
439,Justin Pippen,California,1.4790888,2.4052292,3.884318,1576,2.01269249385041,2.74888965569525,4.76158214954567,110.175297202674,99.5909625009809,10.584334701693,49,2293072,#FFF0DE,#FFD5A1,#FFE5C5
440,Jason Rivera-Torres,Monmouth,1.6811074,2.1956974,3.8768048,1994,2.71628352464111,1.9303023040223,4.64658582866341,102.911519579133,102.730326794125,0.181192785007744,58,2115437,#FFEED9,#FFD9A9,#FFE5C5
441,Devin Tillis,Virginia,2.5112322,1.360666,3.8718982,787,1.63627128608508,-0.144617755411005,1.49165353067408,119.882668114035,94.2757643829165,25.6069037311182,113,1603054,#FFE6C7,#FFE7CA,#FFE5C5
442,Jaylin Sellers,Providence,4.1707323,-0.31388775,3.85684455,1776,4.40780985894321,0.747129299226166,5.15493915816938,117.71500575336,109.360818659409,8.35418709395166,18,1689162,#FFD6A2,#F0F6FA,#FFE5C5
443,Brayden Maldonado,Seattle,2.5616946,1.2937586,3.8554532,1515,2.51184262448564,0.581493094071673,3.09333571855732,102.446341921077,96.9260221725987,5.52031974847821,55,1940203,#FFE5C6,#FFE8CC,#FFE5C5
444,Jalen Cox,Colgate,2.6234419,1.2313042,3.8547461,1727,3.42127969940002,0.923764838339916,4.34504453773993,105.807932156224,108.159130304284,-2.35119814806004,34,2122310,#FFE5C4,#FFE9CF,#FFE5C5
445,Braeden Carrington,Wisconsin,4.2148728,-0.36183692,3.85303588,1012,4.39289501310615,0.77435694388442,5.16725195699057,127.520791766162,107.523178563449,19.997613202713,88,1906859,#FFD5A1,#EEF4FA,#FFE5C5
446,Fredrick King,Murray State,2.6218261,1.2290901,3.8509162,1376,2.28969902377373,1.92313737461092,4.21283639838465,117.019192709097,108.394057262217,8.62513544687946,143,1908634,#FFE5C4,#FFE9CF,#FFE5C5
447,Tylen Riley,Tulsa,3.0189056,0.82843905,3.84734465,1521,3.63863885482896,0.253216598435577,3.89185545326454,119.326540594443,102.632999852974,16.6935407414692,247,2090936,#FFE1BC,#FFF0DE,#FFE5C5
448,RJ Keene,Boise State,1.4370692,2.4078673,3.8449365,1070,0.910520932924551,1.34349341762356,2.25401435054812,113.822807115026,98.4677302024719,15.3550769125536,72,1705249,#FFF0DF,#FFD5A1,#FFE5C5
449,Chandler Jackson,Arkansas State,2.9082588,0.9311669,3.8394257,1508,3.16581317464858,-0.248218631014835,2.91759454363374,110.335995587008,102.955335590196,7.38065999681168,162,1909082,#FFE2BE,#FFEEDA,#FFE5C6
450,Daniel Freitag,Buffalo,4.0803717,-0.2410204,3.8393513,1212,4.06579153072314,0.233412975147065,4.29920450587021,113.501239564059,111.962994079072,1.53824548498687,56,2292664,#FFD7A4,#F3F8FB,#FFE5C6
451,Marcus Hill,Texas A&M,2.408987,1.428858,3.837845,1342,2.28577717578774,0.828242908967764,3.1140200847555,118.023435688558,96.9401104910977,21.0833251974603,157,2092562,#FFE7C9,#FFE6C7,#FFE5C6
452,Rubén Prey,St. John's,1.5603107,2.2717209,3.8320316,637,2.42830640763614,1.79790785276145,4.22621426039758,117.581926436152,92.8961334690041,24.6857929671481,109,2322677,#FFEFDC,#FFD7A6,#FFE5C6
453,Tajuan Simpkins,Seton Hall,1.7476722,2.0741129,3.8217851,1359,1.64812229141434,1.40795561485814,3.05607790627247,108.329562336105,92.6275369538724,15.7020253822323,136,2302557,#FFEDD8,#FFDBAE,#FFE5C6
454,Amael L'Etang,Dayton,1.4845619,2.3215515,3.8061134,1276,1.39898217775073,1.22546626829901,2.62444844604974,108.165292375351,93.8684512026226,14.2968411727283,136,2305453,#FFF0DE,#FFD7A4,#FFE6C6
455,Brandon Maclin,DePaul,1.9055248,1.8925769,3.7981017,1331,1.94846592454201,1.4520361489081,3.40050207345012,107.340103537661,98.007239646156,9.33286389150459,40,2327059,#FFECD4,#FFDEB5,#FFE6C6
456,Jamarion Batemon,Iowa State,2.4687965,1.3287431,3.7975396,905,2.22034821961438,0.156557870069074,2.37690608968345,121.568382361397,91.2561156070719,30.3122667543254,229,2535036,#FFE6C8,#FFE8CB,#FFE6C6
457,Aidan Kehoe,Navy,1.9697332,1.8139467,3.7836799,1709,3.23284962172813,0.66208278903518,3.89493241076331,105.69731209737,99.5036490667408,6.1936630306292,275,1913809,#FFEBD3,#FFDFB8,#FFE6C6
458,Derek Simpson,Saint Joseph's,2.4844778,1.2965356,3.7810134,1834,4.06612939705834,0.699515141136885,4.76564453819523,103.323694311519,100.909818055481,2.41387625603793,41,1890501,#FFE6C7,#FFE8CC,#FFE6C6
459,Owen Aquino,High Point,1.9834123,1.7953014,3.7787137,1531,1.72872083070748,1.15745847907932,2.8861793097868,117.286863801638,102.920740685433,14.3661231162057,330,2301115,#FFEBD3,#FFE0B9,#FFE6C6
460,Terrion Murdix,Western Kentucky,2.0718736,1.7060944,3.777968,994,0.557263388565952,1.48534912371702,2.04261251228297,108.234022718195,104.063189219153,4.1708334990415,70,1695181,#FFEAD1,#FFE1BC,#FFE6C6
461,Luka Bogavac,North Carolina,2.491479,1.2768824,3.7683614,1330,2.90265784258742,-0.145905312479745,2.75675253010768,116.868212908457,94.5868610822166,22.2813518262409,190,2506302,#FFE6C7,#FFE9CD,#FFE6C7
462,Liutauras Lelevicius,TCU,2.7448208,1.0225864,3.7674072,1350,2.77048249030344,-0.110940739103484,2.65954175119996,114.16187392026,92.4671856502696,21.6946882699901,213,2349342,#FFE4C2,#FFEDD7,#FFE6C7
463,Matt Van Komen,Marshall,0.15987575,3.6056158,3.76549155,795,0.333602776800807,2.36941833766973,2.70302111447053,111.046018078168,101.773884129058,9.27213394911,93,2175370,#FFFDFB,#FFC072,#FFE6C7
464,Arrinten Page,Northwestern,1.7525388,2.0105096,3.7630484,1096,2.99645564315648,2.77583775904721,5.77229340220369,112.569382917534,102.750495980742,9.81888693679112,17,2110386,#FFEDD8,#FFDCB0,#FFE6C7
465,D.J. Wagner,Arkansas,3.0755881,0.6858169,3.761405,1328,2.05364809421899,1.57679267578305,3.63044077000203,124.797067257353,103.43019663621,21.3668706211423,137,2113945,#FFE0BA,#FFF3E4,#FFE6C7
466,Ty Robinson,Central Arkansas,2.0297599,1.7300369,3.7597968,1576,3.39476797797933,1.36741811444401,4.76218609242334,107.638972234868,100.811382312669,6.82758992219943,147,2292837,#FFEBD2,#FFE1BB,#FFE6C7
467,Steven Jamerson II,UCLA,1.0319086,2.7178559,3.7497645,516,-0.102912502511921,1.46685500813933,1.36394250562741,121.747322197533,90.4252546374524,31.3220675600805,88,1926335,#FFF4E8,#FFD095,#FFE6C7
468,Obi Agbim,Baylor,3.1365163,0.609394,3.7459103,1804,3.5872626014237,0.604640194659546,4.19190279608325,117.428775066825,103.347727022539,14.0810480442852,74,1958631,#FFE0B9,#FFF4E7,#FFE6C7
469,Jahmere Tripp,Rhode Island,1.7214234,2.0215947,3.7430181,1106,1.7329983704546,1.24554247728093,2.97854084773553,107.100559083065,97.1045780945599,9.99598098850465,117,2107313,#FFEED8,#FFDCB0,#FFE6C7
470,Alton Hamilton IV,Eastern Washington,3.3783712,0.36433842,3.74270962,1528,3.47790819644326,0.516390389655556,3.99429858609881,112.628138719605,110.507351795013,2.12078692459183,39,2550531,#FFDDB4,#FFF8F0,#FFE6C7
471,Keonte Jones,Dayton,0.73121442,3.0087625,3.73997692,1724,0.882402361086993,2.05537922951391,2.9377815906009,105.615904889132,94.9504645699253,10.6654403192067,103,2118980,#FFF7EE,#FFCB89,#FFE6C7
472,Caden Powell,Baylor,2.3269597,1.4113022,3.7382619,1294,3.14550439591333,1.21273947437655,4.35824387028988,119.225911996214,101.632699050344,17.5932129458703,107,1922031,#FFE8CB,#FFE6C8,#FFE6C7
473,Bangot Dak,Colorado,1.3932134,2.3354952,3.7287086,1454,1.59807270701874,2.36074113564048,3.95881384265922,113.725827553019,104.123145005581,9.60268254743744,17,2139331,#FFF1E0,#FFD6A4,#FFE6C7
474,Sam Alexis,Indiana,2.4136544,1.312384,3.7260384,1100,3.35580573625633,1.45174238719984,4.80754812345618,118.32847296923,100.879154448479,17.4493185207509,105,1916732,#FFE7C9,#FFE8CB,#FFE6C7
475,Ezra Ausar,USC,2.316008,1.4071799,3.7231879,1634,2.92716512239449,1.87380532988096,4.80097045227544,109.901558890949,101.750600577617,8.15095831333186,-31,1916187,#FFE8CB,#FFE6C8,#FFE6C7
476,Michael Imariagbe,Wright State,2.5073299,1.2158146,3.7231445,1297,2.18772142625189,0.867366581707689,3.05508800795958,113.836559261578,104.031073763427,9.80548549815119,150,1615615,#FFE6C7,#FFEACF,#FFE6C7
477,Kanye Clary,Oklahoma State,3.2617926,0.46075584,3.72254844,1632,2.93800437618457,1.08725216458255,4.02525654076712,118.437262099814,104.857779494329,13.5794826054854,47,1895925,#FFDFB6,#FFF7ED,#FFE6C7
478,Filip Jovic,Auburn,2.8976092,0.82144295,3.71905215,948,1.65333094268098,1.2467376737853,2.90006861646628,125.323298312589,103.323843685072,21.9994546275169,84,2547352,#FFE2BE,#FFF0DF,#FFE6C7
479,Brody Robinson,Oakland,4.6802004,-0.96281108,3.71738932,2004,5.12508491399362,0.331708552453372,5.45679346644699,113.93901328021,113.079959507215,0.859053772995266,-21,1916730,#FFD197,#D2E3F2,#FFE6C7
480,Amare Bynum,Ohio State,1.8966033,1.8069151,3.7035184,1546,1.32420691702762,1.70207106400574,3.02627798103336,122.235635148269,99.2832728890689,22.9523622591996,150,2487483,#FFECD5,#FFDFB8,#FFE6C8
481,Trent Pierce,Missouri,2.7324615,0.95986776,3.69232926,918,2.64824945268719,0.72841516215704,3.37666461484423,118.675575181537,101.852220838752,16.8233543427852,8,2113364,#FFE4C2,#FFEED9,#FFE6C8
482,Simeon Wilcher,Texas,2.2120757,1.4662771,3.6783528,1050,1.29440780271983,1.57843096802605,2.87283877074587,121.798582941048,102.101972930883,19.6966100101652,110,2112487,#FFE9CE,#FFE5C5,#FFE6C8
483,Sharron Young,Akron,2.4350615,1.2256756,3.6607371,1064,1.92576276842214,0.697968013553718,2.62373078197586,116.482898986933,101.201217237439,15.2816817494936,178,2266042,#FFE7C9,#FFE9CF,#FFE7C8
484,Deyton Albury,New Mexico,2.2862705,1.3667738,3.6530443,1358,2.27265681460832,1.27803835165485,3.55069516626317,112.653940204085,100.850326135355,11.8036140687297,138,2146775,#FFE8CC,#FFE7C9,#FFE7C8
485,Bryson Tiller,Kansas,0.72005001,2.9320857,3.65213571,1450,-0.0347243388198402,2.57230765334335,2.53758331452351,116.689318867386,91.0130524972526,25.6762663701339,160,2483807,#FFF7EF,#FFCC8C,#FFE7C8
486,Sencire Harris,Cincinnati,-0.20131163,3.8492859,3.64797427,918,0.237523820098491,2.12441536448104,2.36193918457953,105.197929627355,89.6869781366947,15.5109514906603,38,1909620,#F8FBFD,#FFBC69,#FFE7C8
487,Ali Dibba,Texas A&M,1.4187269,2.2276283,3.6463552,891,0.313480538237635,1.58939448122252,1.90287501946015,118.693973535564,95.6230864535337,23.0708870820298,67,1687487,#FFF1DF,#FFD8A8,#FFE7C8
488,Je'Shawn Stevenson,North Texas,1.7697437,1.8713222,3.6410659,1712,1.95106687447649,0.991541590876422,2.94260846535291,102.002109228421,96.8450217862674,5.15708744215411,132,2301675,#FFEDD7,#FFDEB6,#FFE7C9
489,Finley Bizjack,Butler,3.7679608,-0.13054759,3.63741321,1840,3.43108107731116,-0.186562979578888,3.24451809773227,114.056496515687,104.518476175235,9.53802034045159,52,2092579,#FFDAAB,#F9FBFD,#FFE7C9
490,Matt Hodge,Villanova,2.4825633,1.1426839,3.6252472,1332,1.88264038276757,0.272794273560804,2.15543465632837,119.493144110637,97.3353477835426,22.1577963270947,198,2302525,#FFE6C8,#FFEBD2,#FFE7C9
491,Jamal Fuller,Long Island,2.776958,0.8431416,3.6200996,1886,3.22309033414297,0.368870608491247,3.59196094263421,105.308282912117,103.895837266422,1.41244564569509,157,1914115,#FFE3C1,#FFF0DE,#FFE7C9
492,Eduardo Klafke,Ole Miss,2.4674046,1.1512085,3.6186131,868,2.28409205230232,1.3728881817902,3.65698023409251,113.441605640182,101.338191809223,12.1034138309595,-25,2287025,#FFE6C8,#FFEBD2,#FFE7C9
493,Micah Robinson,TCU,1.7935445,1.8236792,3.6172237,1520,2.04226591988831,1.6570063833995,3.69927230328781,111.414825789118,95.8701454882981,15.54468030082,73,2305301,#FFEDD7,#FFDFB8,#FFE7C9
494,Jahari Long,George Mason,2.9056674,0.70965981,3.61532721,1699,3.09024518582616,0.0727277128491721,3.16297289867533,112.111102445292,102.024254653733,10.0868477915595,180,1599913,#FFE2BE,#FFF2E3,#FFE7C9
495,Amarri Monroe,Quinnipiac,0.89742629,2.6955464,3.59297269,1734,0.732352592364192,1.93994565991637,2.67229825228057,103.583933416233,101.788955527956,1.79497788827638,124,1889970,#FFF6EB,#FFD096,#FFE7C9
496,Max Mackinnon,LSU,3.3075257,0.27755795,3.58508365,1704,2.72356701937667,0.675347134303631,3.39891415368031,118.545313498082,104.57477541251,13.970538085572,104,1946382,#FFDEB5,#FFFAF4,#FFE7C9
497,Khaden Bennett,Wyoming,2.1535446,1.4301418,3.5836864,1480,3.63747689773946,1.31940047335273,4.95687737109219,108.691692798217,104.699972048376,3.99172074984058,55,2153479,#FFE9CF,#FFE6C7,#FFE7C9
498,Ben Schwieger,Northern Iowa,1.3183205,2.263227,3.5815475,1536,1.16731575924856,1.43223034828791,2.59954610753646,108.411913322308,94.7317739854212,13.6801393368867,196,1687790,#FFF2E1,#FFD8A6,#FFE7C9
499,TJ Burch,Wright State,1.458529,2.1185039,3.5770329,1416,1.49458017803717,2.49952589374957,3.99410607178674,109.462971583815,103.037543152197,6.42542843161868,107,2292692,#FFF0DE,#FFDAAC,#FFE7C9
500,Luke Haupt,New Mexico,1.6755409,1.8927195,3.5682604,1564,1.88550088450789,1.18479301578497,3.07029390029286,113.366454715616,98.0886748559365,15.277779859679,178,1623679,#FFEED9,#FFDEB5,#FFE7CA
501,Jack Smiley,Belmont,3.9795396,-0.41252482,3.56701478,934,4.2168878010468,-0.691448060713561,3.52543974033324,122.588170248632,105.718486033711,16.8696842149209,289,2472976,#FFD8A6,#ECF3F9,#FFE7CA
502,Dug McDaniel,Memphis,2.3586317,1.2081739,3.5668056,1970,2.47812801602815,1.2632857220279,3.74141373805604,105.486821903317,103.643096903341,1.84372499997638,-53,1909335,#FFE7CA,#FFEACF,#FFE7CA
503,Andrew Rohde,Wisconsin,2.1744779,1.3907526,3.5652305,1490,1.87192562650922,1.71926632704816,3.59119195355738,122.178320731483,100.610284533185,21.5680361982972,134,1950218,#FFE9CE,#FFE7C8,#FFE7CA
504,Jizzle James,Cincinnati,2.5738845,0.97423591,3.54812041,1160,1.66581277027736,-0.168246372127668,1.4975663981497,111.716831036237,95.8178416658617,15.898989370375,26,2117908,#FFE5C6,#FFEED9,#FFE7CA
505,Jake Wahlin,Clemson,1.5952718,1.9508955,3.5461673,1162,0.154193056656924,0.78934637034324,0.943539427000164,117.486579611097,93.5768933437365,23.90968626736,156,2102043,#FFEFDB,#FFDDB3,#FFE7CA
506,Amari Evans,Tennessee,1.3980845,2.1426906,3.5407751,738,1.02730028634254,2.57687990957038,3.60418019591292,119.75063586515,95.1008766367494,24.6497592284003,61,2505201,#FFF1E0,#FFDAAB,#FFE7CA
507,Elias Ralph,Pacific,2.3377562,1.1997319,3.5374881,1788,3.03724319598389,1.06073668325969,4.09797987924359,108.063215958818,103.670273556631,4.39294240218684,53,2313724,#FFE8CB,#FFEAD0,#FFE7CA
508,Collin Parker,Austin Peay,3.2500324,0.28003376,3.53006616,1600,3.87610486498045,0.3821370342952,4.25824189927565,109.912721111374,105.893887090418,4.0188340209564,174,2474117,#FFDFB7,#FFFAF4,#FFE7CA
509,Jamarques Lawrence,Nebraska,1.863725,1.6633304,3.5270554,1516,2.37802543677926,1.04557580602541,3.42360124280467,116.141550309756,90.4820926233885,25.6594576863677,244,1898631,#FFECD5,#FFE2BE,#FFE7CA
510,Jordan Burks,UCF,2.5754789,0.9445621,3.520041,1613,3.13133356341525,1.40722821758735,4.53856178100259,115.082567419172,103.713127221379,11.3694401977937,2,2113946,#FFE5C5,#FFEEDA,#FFE7CA
511,Dominykas Pleta,Iowa State,1.8832566,1.6256163,3.5088729,620,1.94837888371419,0.0651262695030556,2.01350515321724,124.33427697224,89.7957005609745,34.5385764112659,168,2535038,#FFECD5,#FFE3BF,#FFE8CA
512,Azavier Robinson,Butler,1.6281672,1.8791565,3.5073237,713,0.217150289050875,1.93384922076925,2.15099950982013,117.951842797652,99.9335244495285,18.0183183481233,85,2472770,#FFEFDA,#FFDEB5,#FFE8CA
513,Steele Venters,Gonzaga,2.4589034,1.0436602,3.5025636,733,1.36067520896118,-0.133134156423491,1.22754105253769,123.371000711309,90.1388939660724,33.2321067452369,254,1334130,#FFE6C8,#FFEDD6,#FFE8CB
514,Ty'Reek Coleman,Illinois State,1.278667,2.2135799,3.4922469,1193,1.80454354885249,0.237807835556397,2.04235138440889,108.137682582751,93.5934960648344,14.5441865179165,174,2481868,#FFF2E2,#FFD8A8,#FFE8CB
515,Stefan Vaaks,Providence,3.9454312,-0.45502587,3.49040533,1781,3.8080316582121,0.346812091884791,4.15484375009689,118.139327453654,109.343406590598,8.79592086305516,5,2507005,#FFD8A7,#EAF2F8,#FFE8CB
516,Delrecco Gillespie,Kent State,2.0920599,1.3967992,3.4888591,1856,2.3006530926223,1.86009953837538,4.16075263099768,110.587176551924,108.105777799231,2.48139875269284,69,1908235,#FFEAD0,#FFE6C8,#FFE8CB
517,David Terrell Jr.,North Texas,1.5348291,1.9526907,3.4875198,1716,2.01921032243942,1.53136121839295,3.55057154083237,101.898682329339,98.5186597347909,3.3800225945477,61,2144227,#FFEFDD,#FFDDB2,#FFE8CB
518,Jaden Clayton,Pacific,2.1356893,1.3451029,3.4807922,1591,2.35553414588988,0.577095737559026,2.93262988344891,109.051526752386,101.483504779485,7.56802197290056,115,1924187,#FFEACF,#FFE7CA,#FFE8CB
519,Dan Skillings Jr.,Baylor,2.5792676,0.90017481,3.47944241,1176,2.3519910891679,1.04873156945325,3.40072265862115,120.861571227188,104.124092119055,16.7374791081324,126,1908265,#FFE5C5,#FFEFDB,#FFE8CB
520,Ilias Kamardine,Ole Miss,1.7487719,1.7298489,3.4786208,1862,1.76066832492392,2.62371675881741,4.38438508374134,110.530698106218,102.735496548373,7.79520155784501,-69,2489402,#FFEDD8,#FFE1BB,#FFE8CB
521,Isaiah Jones,South Florida,2.0967218,1.3790938,3.4758156,846,1.14109231099613,1.12163498746399,2.26272729846013,118.763040402791,97.8913869875943,20.8716534151963,160,1924947,#FFEAD0,#FFE7C9,#FFE8CB
522,Bobby Durkin,Minnesota,2.7140647,0.75936387,3.47342857,1623,3.41118305567061,0.660084481417991,4.0712675370886,111.362720553216,101.665349846611,9.69737070660568,24,2116902,#FFE4C2,#FFF1E1,#FFE8CB
523,Jayden Hastings,Boston College,0.34607825,3.1222079,3.46828615,1168,0.330005157338097,1.9994903659858,2.3294955233239,104.22035920863,96.0566378050565,8.16372140357323,10,2128761,#FFFBF7,#FFC985,#FFE8CB
524,Mekhi Lowery,Illinois-Chicago,0.99108804,2.4700893,3.46117734,1425,0.803074419379184,2.15024581165722,2.95332023103641,107.721904646538,101.744834394211,5.9770702523269,67,2118547,#FFF5E9,#FFD49E,#FFE8CB
525,Devin Vanterpool,Florida Atlantic,1.4846197,1.9762109,3.4608306,1244,1.91426508763843,2.08863645502154,4.00290154265997,108.311159778242,101.061695674878,7.24946410336376,66,2128714,#FFF0DE,#FFDDB2,#FFE8CB
526,Layden Blocker,DePaul,1.142649,2.311826,3.454475,1552,1.23900852780004,1.7077735121577,2.94678203995774,104.333473076275,98.0648283862258,6.26864469004956,27,2106196,#FFF3E5,#FFD7A5,#FFE8CB
527,Jaylin Stewart,Connecticut,1.8523213,1.6003541,3.4526754,815,0.813451131529891,0.959244090854788,1.77269522238468,119.201394550878,91.7694081347771,27.431986416101,131,2106198,#FFECD5,#FFE3C0,#FFE8CB
528,Drew Scharnowski,Belmont,2.6062796,0.83593264,3.44221224,1148,3.03052357736131,1.39050577412202,4.42102935148333,114.756118110832,106.624630570474,8.13148754035842,78,2113899,#FFE5C5,#FFF0DE,#FFE8CB
529,JT Rock,New Mexico,1.0413163,2.3975013,3.4388176,694,1.56931292048167,0.667181932893058,2.23649485337473,112.303317235524,93.7786210864979,18.5246961490261,109,2099048,#FFF4E7,#FFD5A1,#FFE8CC
530,Jamier Jones,Providence,2.418662,1.0098811,3.4285431,1443,1.89050857012619,0.794081035785313,2.6845896059115,117.735559941788,104.810627622986,12.9249323188024,88,2507004,#FFE7C9,#FFEDD7,#FFE8CC
531,Rowan Brumbaugh,Tulane,3.0992471,0.32180941,3.42105651,1990,3.09613373533229,0.582248387859124,3.67838212319142,103.471067059464,108.680572956177,-5.20950589671254,-106,1918656,#FFE0BA,#FFF9F2,#FFE8CC
532,Chendall Weaver,Texas,3.3904754,0.025163724,3.415639124,1093,1.31035821710701,1.37726874570426,2.68762696281128,127.354616082267,109.130046983298,18.2245690989689,81,1908684,#FFDDB3,#FFFEFE,#FFE8CC
533,Brenton Knapper,Santa Clara,2.43156,0.97865148,3.41021148,1170,1.95119040298368,0.437561759725765,2.38875216270944,119.170211037269,98.8605493007382,20.3096617365306,160,1717654,#FFE7C9,#FFEED8,#FFE8CC
534,Damien Mayo Jr.,Southern Illinois,1.9032264,1.5035946,3.406821,1342,2.18975978061007,1.01445755496853,3.2042173355786,104.842200783641,98.8169179055482,6.0252828780927,97,1909625,#FFECD4,#FFE5C4,#FFE8CC
535,Luke Bamgboye,Texas Tech,-0.5533915,3.9496012,3.3962097,534,-0.218379969293907,1.53529165421754,1.31691168492364,115.361232349495,85.9674643213242,29.3937680281704,86,2296822,#EEF4FA,#FFBB65,#FFE8CC
536,Antwone Woolfolk,Miami (OH),0.94123499,2.4533471,3.39458209,1214,0.683510909204153,1.33300130670002,2.01651221590417,115.780542853176,100.07812254318,15.7024203099964,231,1890511,#FFF5EA,#FFD49F,#FFE8CC
537,Michael Osei-Bonsu,Missouri State,1.469033,1.9254444,3.3944774,1338,1.96373521502836,1.08208250592629,3.04581772095465,107.784000373766,104.575588159852,3.20841221391415,110,2313695,#FFF0DE,#FFDDB4,#FFE8CC
538,Khamari McGriff,Kansas State,2.8139837,0.58023489,3.39421859,1068,3.04103094486385,1.56580716296696,4.60683810783081,113.835089435662,106.710905294226,7.12418414143612,-4,1694425,#FFE3C0,#FFF5E8,#FFE8CC
539,Tyler Harris,Vanderbilt,0.97658325,2.4107471,3.38733035,700,-0.572473053104422,0.502699523630928,-0.069773529473495,123.650475791739,89.1604315197715,34.4900442719675,205,2095945,#FFF5E9,#FFD5A1,#FFE8CC
540,Jadin Booth,Samford,3.9970553,-0.61866583,3.37838947,1838,4.01603407373499,-0.360363726466847,3.65567034726815,110.376143283245,109.924514688581,0.451628594663589,100,1604457,#FFD7A6,#E2EDF6,#FFE8CC
541,Patton Pinkins,Ole Miss,2.8610111,0.51505374,3.37606484,1489,2.80347453235025,0.0815573142162817,2.88503184656653,112.953788887576,99.9428631937842,13.0109256937919,0,2489406,#FFE3BF,#FFF6EA,#FFE8CC
542,Braeden Shrewsberry,Notre Dame,3.011349,0.36153644,3.37288544,1720,2.60381911047889,0.300327828195736,2.90414693867462,111.449437649763,103.078852291992,8.37058535777142,12,2092613,#FFE1BC,#FFF8F0,#FFE8CC
543,Bryce Lindsay,Villanova,3.2335365,0.13545869,3.36899519,1512,2.7134023316352,-0.081338277053354,2.63206405458185,118.358505379564,99.1373144879167,19.2211908916473,161,2122481,#FFDFB7,#FFFCF9,#FFE8CD
544,Zane Nelson,Denver,3.1497656,0.208709,3.3584746,1269,3.05292264424411,0.835619338984154,3.88854198322827,115.64030125116,115.518445450342,0.121855800817627,22,2161800,#FFE0B9,#FFFBF6,#FFE8CD
545,Federiko Federiko,Texas A&M,1.5067578,1.8499952,3.356753,496,-0.32669484544189,0.659611363616678,0.332916518174788,120.95752887538,99.5199236339678,21.4376052414118,7,1908693,#FFF0DD,#FFDFB6,#FFE8CD
546,Tomislav Buljan,New Mexico,1.5393259,1.8159459,3.3552718,1428,1.96800214812738,1.75313674897676,3.72113889710414,113.279530346213,100.378761610219,12.9007687359936,151,2543853,#FFEFDC,#FFDFB8,#FFE9CD
547,Eoin Dillon,Belmont,4.1413142,-0.78798552,3.35332868,878,4.68361249593094,-0.508942396039524,4.17467009989142,121.36861067533,109.051083213897,12.3175274614333,157,2311323,#FFD6A3,#DAE8F4,#FFE9CD
548,Cooper Koch,Iowa,2.3426689,1.0054488,3.3481177,1456,2.45581397120648,0.306823211845886,2.76263718305237,118.609404887833,95.9306827202852,22.6787221675473,190,2307600,#FFE8CB,#FFEDD7,#FFE9CD
549,Dominique Daniels Jr.,California Baptist,3.5802252,-0.23258383,3.34764137,1964,3.59363104366493,-0.664466957538147,2.92916408612678,105.630147107982,101.356254212575,4.27389289540729,167,2090931,#FFDBAF,#F4F8FB,#FFE9CD
550,Ade Popoola,Tulsa,2.3907312,0.95592022,3.34665142,1551,1.66791736585156,0.519876069419627,2.18779343527119,119.862369907052,103.306400472942,16.5559694341102,257,2540544,#FFE7CA,#FFEED9,#FFE9CD
551,N.J. Benson,DePaul,1.8689241,1.476471,3.3453951,1401,2.48168788085233,1.0261745700964,3.50786245094873,106.629649429919,99.4370267835865,7.19262264633271,23,1909613,#FFECD5,#FFE5C5,#FFE9CD
552,Frank Mitchell,Saint Bonaventure,2.6035583,0.73880412,3.34236242,1909,3.19674772956119,1.24648423945478,4.44323196901597,111.094884246527,108.609883641483,2.48500060504362,21,1911412,#FFE5C5,#FFF2E2,#FFE9CD
553,Brady Dunlap,Saint Louis,3.0626848,0.27601377,3.33869857,946,1.94235137408787,-1.10752931479789,0.834822059289975,123.187893301582,97.2041251303841,25.9837681711978,276,2112492,#FFE1BB,#FFFAF4,#FFE9CD
554,Alex Steen,Florida State,2.5447898,0.78869231,3.33348211,1124,2.72311315394526,1.12528516834746,3.84839832229272,116.026882060001,103.615649325401,12.4112327345999,54,1924039,#FFE6C6,#FFF1E0,#FFE9CD
555,Michael Belle,VCU,2.0741306,1.2568271,3.3309577,1252,1.10391117502222,1.17041236839965,2.27432354342187,122.694234065421,101.102930771997,21.5913032934233,168,2113970,#FFEAD1,#FFE9CE,#FFE9CD
556,Vaughn Weems,Nevada,2.3132337,1.011498,3.3247317,1282,2.38301692086904,0.639768757983383,3.02278567885243,112.596570987639,100.655142035826,11.9414289518127,116,2545403,#FFE8CB,#FFEDD7,#FFE9CD
557,Rashaud Marshall,Austin Peay,2.7740421,0.54939983,3.32344193,1542,3.06458702495268,0.187549535459048,3.25213656041173,110.503306175209,104.679392839439,5.8239133357703,167,2098126,#FFE3C1,#FFF5E9,#FFE9CD
558,Charles Johnston,Furman,1.3787225,1.9435761,3.3222986,1478,0.871377038094482,1.24307132486694,2.11444836296142,107.898649284422,102.456261577107,5.44238770731447,138,1943605,#FFF1E0,#FFDDB3,#FFE9CD
559,Cooper Campbell,Troy,3.6119023,-0.29410118,3.31780112,1822,3.47005074885926,-0.464314578081776,3.00573617077749,111.692148884669,105.487002119709,6.2051467649606,148,2318962,#FFDBAF,#F1F6FB,#FFE9CD
560,Franck Kepnang,Washington,0.14212059,3.172196,3.31431659,1018,-0.670236600844293,2.92765941511775,2.25742281427345,115.469401698928,95.9004064396482,19.5689952592799,108,1622140,#FFFDFB,#FFC883,#FFE9CD
561,David Dixon,Duquesne,0.62386868,2.6887071,3.31257578,1194,0.943885524975194,2.44771568426361,3.3916012092388,107.680265177901,103.860516444469,3.81974873343125,12,1894262,#FFF8F1,#FFD096,#FFE9CD
562,Emanuel Prospere II,UC San Diego,1.0417354,2.2674221,3.3091575,1004,0.252069077949318,1.76072365030997,2.01279272825928,109.679285836145,98.8694263492901,10.8098594868552,134,2101737,#FFF4E7,#FFD7A6,#FFE9CD
563,Ian Scott,Indiana State,2.3581592,0.9333784,3.2915376,1596,3.39889649236157,1.29874135851087,4.69763785087244,103.478705686152,107.496589985256,-4.01788429910412,-46,2503128,#FFE7CA,#FFEEDA,#FFE9CE
564,Austin Maurer,Seattle,0.28038153,3.0012427,3.28162423,976,0.608956785861692,1.66001198194523,2.26896876780692,102.858363853489,89.4443393715624,13.4140244819263,129,2283672,#FFFCF8,#FFCB8A,#FFE9CE
565,Christian Coleman,Oklahoma State,2.1475646,1.1340331,3.2815977,1457,0.872029216595451,1.39926013291646,2.27128934951191,118.6700731758,104.33697348294,14.3330996928595,77,2098118,#FFE9CF,#FFEBD2,#FFE9CE
566,Jaden Schutt,Virginia Tech,2.9964936,0.28503837,3.28153197,1344,2.1093059094333,-0.237558611500455,1.87174729793285,117.590841142365,100.711197497302,16.8796436450631,153,1917801,#FFE1BC,#FFFAF3,#FFE9CE
567,Luke Skaljac,Miami (OH),3.1385548,0.1388533,3.2774081,1406,1.8011958114095,0.0583031283909422,1.85949893980045,117.662439793995,104.230385829984,13.4320539640116,232,2320431,#FFE0B9,#FFFCF9,#FFE9CE
568,Jacob Crews,Missouri,3.9039158,-0.63112556,3.27279024,1126,3.38287858220905,-0.248027240880473,3.13485134132858,120.587291959188,103.865000054287,16.7222919049014,132,1603595,#FFD8A8,#E2EDF6,#FFE9CE
569,Khadim Mboup,BYU,0.46083693,2.8074204,3.26825733,898,-1.95219420615862,2.20440035481477,0.25220614865615,125.889485186433,94.5938801491664,31.2956050372663,148,2385968,#FFFAF4,#FFCE91,#FFE9CE
570,Malik Dia,Ole Miss,0.79938597,2.4649197,3.26430567,1470,0.670779337063436,2.00274076659835,2.67352010366178,108.979252767681,99.2900576170466,9.68919515063441,2,1897594,#FFF7ED,#FFD49F,#FFE9CE
571,Marquel Sutton,LSU,2.6429454,0.62049409,3.26343949,1720,2.5187138443571,1.11227761335573,3.63099145771283,117.682792044877,105.028290912311,12.6545011325667,79,1917961,#FFE5C4,#FFF4E6,#FFE9CE
572,Quincy Ballard,Mississippi State,0.86536166,2.3953608,3.26072246,1168,0.433225869581638,1.96059654864082,2.39382241822246,110.015116945725,100.780499975526,9.23461697019874,-13,1602449,#FFF6EB,#FFD5A1,#FFE9CE
573,Kirill Elatontsev,Oklahoma,2.5980443,0.66145685,3.25950115,523,1.71382457357581,0.66004726141808,2.37387183499389,127.914415696905,106.139753467349,21.774662229556,49,2619570,#FFE5C5,#FFF3E5,#FFE9CE
574,Sebastian Rancik,Colorado,1.690634,1.5676822,3.2583162,1446,2.31912852287798,1.77427398725366,4.09340251013163,112.786171994535,104.993529303599,7.79264269093616,1,2317067,#FFEED9,#FFE4C1,#FFE9CE
575,Myles Corey,Rhode Island,1.6453579,1.6081125,3.2534704,1366,1.2484307436773,1.11271820380554,2.36114894748284,105.292445127091,98.1752792016735,7.11716592541742,80,2168987,#FFEEDA,#FFE3C0,#FFE9CE
576,Leonardo Bettiol,Massachusetts,2.1613801,1.092085,3.2534651,1648,3.2712090028538,0.303717531977127,3.57492653483093,106.979968437698,103.97957940322,3.00038903447712,132,1694298,#FFE9CF,#FFECD4,#FFE9CE
577,Jaylen Lawal,Tulsa,3.1499027,0.096603677,3.246506377,673,2.65425465834491,-0.509758552117077,2.14449610622783,120.606420118621,105.570077150535,15.0363429680863,103,2540543,#FFE0B9,#FFFDFB,#FFE9CE
578,Wesley Yates III,Washington,1.770542,1.4733989,3.2439409,1438,0.763342279864076,1.52779621693315,2.29113849679723,114.317516938183,100.58517526642,13.7323416717633,87,2125360,#FFEDD7,#FFE5C5,#FFE9CE
579,Jaiden Feroah,Southern Utah,2.5864783,0.64907574,3.23555404,1593,2.92995813944902,1.23875440728564,4.16871254673466,104.734098703652,113.033361072339,-8.29926236868714,-86,2299341,#FFE5C5,#FFF3E5,#FFE9CF
580,Aidan Cammann,Stanford,1.9049672,1.3271968,3.232164,1188,1.52784775611361,1.83555973131336,3.36340748742697,117.179161991645,104.446945784779,12.7322162068666,61,2092659,#FFECD4,#FFE8CB,#FFE9CF
581,Trae Broadnax,Rice,2.6569271,0.57367908,3.23060618,1531,2.77540981519605,1.14340441312672,3.91881422832276,105.98994492223,110.071355788882,-4.0814108666519,-50,1600678,#FFE4C4,#FFF5E8,#FFE9CF
582,Angelo Ciaravino,Northwestern,1.8219008,1.3880558,3.2099566,1186,1.75520785907435,1.32798783261834,3.0831956916927,115.888750910271,101.590041689817,14.2987092204545,28,2279824,#FFEDD6,#FFE7C8,#FFE9CF
583,Lee Dort,California,0.60280531,2.6057473,3.20855261,982,1.05410950633107,2.15396880263609,3.20807830896717,109.984097532021,98.5710026222392,11.4130949097818,87,1897592,#FFF9F1,#FFD299,#FFE9CF
584,Leon Bond III,Northern Iowa,1.4104755,1.7856005,3.196076,1828,1.20567423840195,0.718952468252257,1.92462670665421,108.084485330128,95.4648279785853,12.6196573515432,223,1895643,#FFF1DF,#FFE0B9,#FFEACF
585,Chaze Harris,South Alabama,2.1943773,1.0012973,3.1956746,1633,1.80206020012503,0.606391630128405,2.40845183025344,107.803879636517,105.007314858098,2.7965647784191,132,2494547,#FFE9CE,#FFEDD8,#FFEACF
586,Anthony Johnson,Arizona State,1.9268027,1.2605256,3.1873283,1478,1.3882174341357,2.4022987530763,3.790516187212,113.825511046506,103.143783737363,10.6817273091437,-24,2548112,#FFECD4,#FFE9CD,#FFEACF
587,Gavin Doty,Siena,2.8399221,0.3456468,3.1855689,2014,3.5673938336803,-0.598477223653449,2.96891661002685,105.074595184148,103.391000098288,1.68359508586036,157,2311541,#FFE3C0,#FFF9F1,#FFEACF
588,Brock Wisne,Northern Colorado,2.6184551,0.56377062,3.18222572,1670,2.21121175439828,0.202039309785897,2.41325106418418,111.13782541219,106.458535547753,4.67928986443744,129,1913193,#FFE5C5,#FFF5E9,#FFEACF
589,Cam Morris III,East Tennessee State,1.6694123,1.5070003,3.1764126,1394,2.06232048389522,1.2161202324223,3.27844071631752,108.810379489246,101.721139578049,7.08923991119708,164,1926112,#FFEEDA,#FFE5C4,#FFEACF
590,Trey Autry,George Washington,2.7726349,0.39920354,3.17183844,1548,3.19806054595471,-0.0882247207072867,3.10983582524742,113.201663897664,102.86362976686,10.3380341308044,131,2099644,#FFE3C1,#FFF8EF,#FFEACF
591,Sean Craig,Toledo,2.6016371,0.56958588,3.17122298,1802,2.06163783855141,-0.0794843109627009,1.98215352758871,113.701063254064,105.541394796777,8.15966845728717,140,1904809,#FFE5C5,#FFF5E8,#FFEACF
592,Corey Stephenson,Florida International,2.3883989,0.77983592,3.16823482,1649,2.64629201473792,0.581439273696595,3.22773128843451,107.182168046816,104.145623531173,3.03654451564286,61,2113986,#FFE7CA,#FFF1E0,#FFEAD0
593,Justice Ajogbor,Saint Joseph's,0.59132145,2.5738108,3.16513225,1398,1.4043650978027,1.136342044659,2.54070714246169,108.054873469081,97.4868065837543,10.5680668853265,95,1605352,#FFF9F1,#FFD29A,#FFEAD0
594,Tyrone Marshall,George Washington,1.1885703,1.9754104,3.1639807,1252,2.38699408817702,1.59588220351065,3.98287629168767,111.416639507543,102.16985196632,9.24678754122261,77,1911402,#FFF3E4,#FFDDB2,#FFEAD0
595,Jake West,Northwestern,1.8760047,1.2877005,3.1637052,1162,1.90100797470672,0.652218164950129,2.55322613965685,114.586527499554,98.7953797126989,15.7911477868548,54,2567229,#FFECD5,#FFE8CC,#FFEAD0
596,Ace Glass lll,Washington State,2.7513145,0.40380211,3.15511661,1566,2.80745179483486,0.03597804076986,2.84342983560472,111.328647520007,107.229589085645,4.099058434362,49,2506887,#FFE4C2,#FFF8EF,#FFEAD0
597,Tre Holloman,NC State,2.4496391,0.70227266,3.15191176,1384,2.37055496785594,0.995545927894728,3.36610089575066,119.02133812649,102.638685137536,16.3826529889532,78,1930361,#FFE7C8,#FFF2E3,#FFEAD0
598,Riley Allenspach,George Mason,3.2757546,-0.13592912,3.13982548,1207,3.35211215664747,0.407987491586756,3.76009964823422,112.227267287818,106.569511705949,5.65775558186885,85,2106230,#FFDEB6,#F8FBFD,#FFEAD0
599,Eli King,North Dakota,1.714889,1.424645,3.139534,1836,1.04070392171777,1.73522772962516,2.77593165134294,104.465081993188,110.903121208211,-6.43803921502271,-31,1908243,#FFEED9,#FFE6C7,#FFEAD0
600,Preston Ruedinger,Green Bay,3.1014879,0.037160396,3.138648296,1812,3.54726739993781,0.453889593961835,4.00115699389964,111.542559571954,112.033620536907,-0.491060964953216,16,1722681,#FFE0BA,#FFFEFD,#FFEAD0
601,Sean Smith,Middle Tennessee,2.288597,0.84996778,3.13856478,1118,2.67582802390417,1.44904830305916,4.12487632696333,108.792271843039,107.013984816973,1.77828702606613,29,2134402,#FFE8CC,#FFF0DD,#FFEAD0
602,Dre Kindell,Wichita State,2.3500921,0.78744967,3.13754177,932,2.07661679904362,0.283177858560609,2.35979465760423,111.800422233514,100.348087452954,11.45233478056,100,2483435,#FFE8CA,#FFF1E0,#FFEAD0
603,Corey Chest,Ole Miss,0.28890857,2.8484421,3.13735067,744,-0.0601320506711488,1.90351213758524,1.84338008691409,109.819038236996,96.7848997689456,13.0341384680506,30,2098798,#FFFCF8,#FFCD90,#FFEAD0
604,Jordan Ross,Georgia,1.7949569,1.341094,3.1360509,1205,2.24112546433772,0.439082001845425,2.68020746618315,117.480979155047,97.0325568089206,20.4484223461268,151,2125384,#FFEDD7,#FFE7CA,#FFEAD0
605,Eric Reibe,Connecticut,1.973518,1.157477,3.130995,810,3.03875364752133,1.57091511363696,4.60966876115829,118.231476809327,99.7465778207817,18.4848989885449,96,2488802,#FFEBD3,#FFEBD1,#FFEAD0
606,Cale Jacobsen,Nebraska,0.64351686,2.4874548,3.13097166,1088,1.33525634646968,2.06559424602897,3.40085059249865,114.027389509773,91.144677230539,22.8827122792335,140,1898629,#FFF8F0,#FFD49E,#FFEAD0
607,Vyctorius Miller,Oklahoma State,2.2607055,0.86603101,3.12673651,1468,2.12571319129627,1.0325169375519,3.15823012884817,114.355664033567,104.766371062958,9.58929297060966,57,2281241,#FFE8CC,#FFF0DD,#FFEAD0
608,Rob Martin,High Point,3.2213249,-0.094815986,3.126508914,1478,3.1740224676284,-0.700459763285488,2.47356270434291,116.492648032578,103.102312879739,13.3903351528387,322,2143405,#FFDFB7,#FAFCFD,#FFEAD0
609,Justin Bailey,Georgia,1.9772347,1.1470078,3.1242425,690,0.742946730152514,0.0841751880537011,0.827121918206215,118.904160453536,96.3369614720884,22.5671989814473,143,1948270,#FFEBD3,#FFEBD2,#FFEAD0
610,Eian Elmer,Miami (OH),1.7449458,1.378737,3.1236828,1632,1.07392946097449,0.612941853025327,1.68687131399982,115.461256484157,103.671847636335,11.7894088478216,256,2137339,#FFEDD8,#FFE7C9,#FFEAD0
611,Dai Dai Ames,California,2.2812914,0.83557692,3.11686832,1734,2.29792577130792,0.0950878858291686,2.39301365713709,111.860821100857,99.2584340240197,12.6023870768372,129,2115343,#FFE8CC,#FFF0DE,#FFEAD0
612,Kacper Klaczek,Elon,2.2722115,0.83978564,3.11199714,1088,2.55302480653443,1.1425597395044,3.69558454603883,110.278131281061,110.677584821846,-0.399453540784633,38,1705237,#FFE8CC,#FFF0DE,#FFEAD0
613,Lucas Scroggins,Saint Peter's,2.0443459,1.065471,3.1098169,717,2.41582423954233,0.407566417845471,2.8233906573878,109.691634680058,102.752489534769,6.93914514528937,80,2117917,#FFEAD1,#FFECD5,#FFEAD0
614,Harry Wessels,Saint Mary's,0.80965995,2.299382,3.10904195,834,0.62984978015719,1.36514653487459,1.99499631503178,116.231048874066,95.6875378770371,20.5435109970289,139,1908430,#FFF7ED,#FFD7A5,#FFEAD0
615,Cameron Ward,Michigan State,1.18706,1.9124088,3.0994688,771,-0.408476735881388,1.7838316817428,1.37535494586142,122.393579303902,95.0823594561653,27.3112198477369,111,2539349,#FFF3E4,#FFDEB4,#FFEAD1
616,Corey Hadnot II,Fort Wayne,2.365421,0.72808428,3.09350528,1721,2.75373920881538,1.27716670581488,4.03090591463026,105.237792628732,108.858996037509,-3.62120340877745,-60,2143876,#FFE7CA,#FFF2E2,#FFEAD1
617,Ace Buckner,Clemson,2.6395608,0.44739319,3.08695399,1088,2.50741424697184,1.4034238777017,3.91083812467354,115.304317300918,101.394599521222,13.9097177796954,46,2305270,#FFE5C4,#FFF7ED,#FFEAD1
618,Carter Bjerke,St. Thomas (MN),2.8387276,0.23873342,3.07746102,1292,2.00571744333344,-0.73309853846525,1.27261890486819,114.810376723195,101.211366271386,13.5990104518092,298,1950221,#FFE3C0,#FFFAF5,#FFEAD1
619,Tunde Vahlberg Fasasi,William & Mary,2.2579357,0.80415353,3.06208923,1504,2.46537346010119,0.942927950880477,3.40830141098166,109.175083826321,106.118467232966,3.05661659335563,76,2117211,#FFE8CD,#FFF1DF,#FFEAD1
620,Isaiah Moses,Eastern Washington,3.7088738,-0.65127978,3.05759402,1840,3.47058299310395,-0.317123726153022,3.15345926695093,111.40737966775,111.848010199797,-0.440630532047193,14,2122806,#FFDAAC,#E1ECF6,#FFEAD1
621,Aiden Argabright,Richmond,2.3754873,0.68004302,3.05553032,1220,2.73960092484488,-0.00939567635637423,2.73020524848851,109.685100594639,104.054051408435,5.6310491862035,91,2504998,#FFE7CA,#FFF3E4,#FFEAD1
622,Aaron Nkrumah,Tennessee State,1.5098108,1.5452483,3.0550591,1692,2.31666763238083,1.34720281575237,3.66387044813321,106.758563271046,105.574027436128,1.18453583491862,118,1942051,#FFF0DD,#FFE4C2,#FFEAD1
623,Amir Taylor,Kennesaw State,1.7760321,1.27242,3.0484521,886,2.12826067816106,0.0610154705527189,2.18927614871378,111.569418781371,100.168775573819,11.4006432075522,117,2540435,#FFEDD7,#FFE9CD,#FFEBD1
624,Kenny Noland,Columbia,3.0232423,0.023686394,3.046928694,1519,3.51475224044241,0.0222869013690066,3.53703914181141,107.108633816373,105.852457830025,1.25617598634828,42,1954553,#FFE1BC,#FFFEFE,#FFEBD1
625,Adam Miller,Gonzaga,1.7219748,1.3240314,3.0460062,1152,1.51996721286863,-0.307641140342854,1.21232607252577,118.646434035706,89.4394389440471,29.2069950916589,289,1604012,#FFEED8,#FFE8CB,#FFEBD1
626,Chris Johnson,UCF,3.1819717,-0.14112652,3.04084518,860,3.60828405754172,0.481196577948341,4.08948063549006,118.598968367783,106.288593760235,12.310374607548,19,2092653,#FFDFB8,#F8FBFD,#FFEBD1
627,Stephon Payne III,Seton Hall,0.28348425,2.7530076,3.03649185,1126,0.754359915550217,2.78829660433993,3.54265651989015,107.168262581694,93.5891503800621,13.5791122016322,58,1925164,#FFFCF8,#FFCF93,#FFEBD1
628,LJ Wells,Northern Kentucky,2.1517978,0.88166557,3.03346337,1655,2.72309134624517,1.1001109694214,3.82320231566657,111.1979126258,107.059065079411,4.13884754638945,133,1926386,#FFE9CF,#FFEFDC,#FFEBD2
629,Adrien Stevens,Marquette,1.7390545,1.2937297,3.0327842,1465,2.11425663253338,1.26775270411571,3.38200933664909,109.937131690712,99.5869571156041,10.3501745751084,4,2505085,#FFEDD8,#FFE8CC,#FFEBD2
630,Jayden Reid,Northwestern,2.8819975,0.15042031,3.03241781,1424,3.33136486166506,1.36856826668795,4.69993312835301,113.503497958897,106.553864619402,6.94963333949525,-55,2106210,#FFE2BF,#FFFCF9,#FFEBD2
631,Isaac Davis,Utah Valley,2.0442853,0.98513549,3.02942079,1013,2.65720898822855,-0.0369126632983677,2.62029632493018,110.098645210034,97.6616926625561,12.436952547478,162,2333228,#FFEAD1,#FFEED8,#FFEBD2
632,Christian Jones,George Washington,1.6898274,1.3339461,3.0237735,1476,2.24757459032365,0.274475377925858,2.5220499682495,113.39151534909,100.84144071524,12.5500746338503,133,2099647,#FFEED9,#FFE8CB,#FFEBD2
633,Wyatt Fricks,Marshall,2.2514817,0.76892733,3.02040903,1622,3.34857691326448,1.09294248840026,4.44151940166473,110.832954686909,109.725066703535,1.10788798337447,76,1726469,#FFE8CD,#FFF1E1,#FFEBD2
634,Derrion Reid,Oklahoma,2.9345736,0.084014313,3.018587913,1588,3.33897486402231,0.416344458837031,3.75531932285934,119.521091717338,105.47076059948,14.0503311178581,39,2301243,#FFE2BE,#FFFDFB,#FFEBD2
635,DeWayne Brown II,Tennessee,1.8341646,1.1812939,3.0154585,804,2.44497420721573,1.1381462555083,3.58312046272403,119.100237474517,95.524799335467,23.5754381390497,107,2505204,#FFEDD6,#FFEAD1,#FFEBD2
636,Elijah Fisher,Seton Hall,0.31431781,2.6978873,3.01220511,1158,0.573465578806666,1.68267069058022,2.25613626938689,104.337646681643,88.0284437078939,16.3092029737486,105,1924201,#FFFBF8,#FFD095,#FFEBD2
637,Musa Sagnia,NC State,0.98695921,2.0218221,3.00878131,722,-1.12628347702218,1.11784295001834,-0.00844052700383735,123.055841558154,96.123563437729,26.9322781204252,122,2504084,#FFF5E9,#FFDCB0,#FFEBD2
638,Desmond Claude,Washington,2.1293976,0.87575379,3.00515139,583,0.705714542533313,-0.79850064192335,-0.0927860993900367,115.7107068218,99.7357947788887,15.9749120429115,47,1945233,#FFEACF,#FFEFDC,#FFEBD2
639,Tyler Rolison,Nevada,1.8616081,1.1431774,3.0047855,916,0.658551441312909,0.330111864899752,0.988663306212661,112.403095286999,100.689536009122,11.7135592778763,56,2096210,#FFECD5,#FFEBD2,#FFEBD2
640,Ben Defty,Boston University,1.8445007,1.1600662,3.0045669,1557,2.39440763109756,0.323696950130828,2.71810458122839,110.109376123046,109.326243524639,0.783132598406833,152,2304748,#FFECD6,#FFEBD1,#FFEBD2
641,Sash Gavalyugov,Santa Clara,3.9033951,-0.90528956,2.99810554,1126,4.21166287624597,-0.582626335838967,3.629036540407,121.087416075629,106.016959078247,15.0704569973828,148,2302520,#FFD8A8,#D5E5F3,#FFEBD2
642,Paul Otieno,Saint Louis,1.3455739,1.6512236,2.9967975,895,1.51308461100588,0.375153835146676,1.88823844615256,113.408349455216,97.2212604478192,16.1870890073964,126,1933730,#FFF1E1,#FFE2BE,#FFEBD2
643,Nick Anderson,Rice,3.5659302,-0.57182666,2.99410354,1491,4.38597548526408,0.451466513173731,4.83744199843781,106.173707218573,110.923936702047,-4.75022948347332,-51,1952830,#FFDCB0,#E4EEF7,#FFEBD2
644,Rikus Schulte,Fordham,0.86458708,2.1287751,2.99336218,1470,1.5458147052856,1.47571828683276,3.02153299211836,103.257466111652,98.4667022794886,4.79076383216287,94,2116919,#FFF6EB,#FFDAAC,#FFEBD2
645,Andre Mills,Maryland,2.1905604,0.80109177,2.99165217,1491,2.6301923098982,1.24627289585594,3.87646520575414,108.282200651537,105.117955773118,3.16424487841855,-99,2319954,#FFE9CE,#FFF1DF,#FFEBD2
646,Miles Rubin,Loyola Chicago,1.0370917,1.9535762,2.9906679,1608,1.69542024097165,2.17457699626773,3.86999723723938,99.6234935772635,111.33135876918,-11.7078651919168,-193,2107312,#FFF4E8,#FFDDB2,#FFEBD2
647,Isiah Harwell,Houston,0.5889371,2.3988388,2.9877759,710,-0.903320138618706,1.04701986331701,0.143699724698302,116.506860899157,90.1600114977414,26.3468494014151,123,2505098,#FFF9F1,#FFD5A1,#FFEBD2
648,Jason Edwards,Providence,3.1577975,-0.17002313,2.98777437,1122,3.43869869384394,0.0826526144567116,3.52135130830065,113.731228921408,107.308575329642,6.42265359176686,32,2128710,#FFE0B9,#F7FAFC,#FFEBD2
649,Money Williams,Montana,2.2020074,0.785669,2.9876764,1731,2.19914933400319,0.879712325446536,3.07886165944972,105.571218837376,106.958693291548,-1.38747445417122,7,2125498,#FFE9CE,#FFF1E0,#FFEBD2
650,Nic McClain,Belmont,1.5821813,1.4041802,2.9863615,650,2.08456322300737,0.377122577385974,2.46168580039334,116.893973044073,99.6544671769659,17.2395058671066,142,2136424,#FFEFDB,#FFE6C8,#FFEBD2
651,Bryce Harris,Howard,1.5805112,1.4049698,2.985481,1692,1.89833169509275,-0.0922059940464775,1.80612570104627,103.629057395471,98.0581529352677,5.5709044602029,274,1737797,#FFEFDC,#FFE6C8,#FFEBD2
652,Casey Simmons,Yale,1.65049,1.3253823,2.9758723,1179,1.82769863616823,0.440979963989164,2.2686786001574,119.096897633518,101.552372406796,17.5445252267227,191,1702189,#FFEEDA,#FFE8CB,#FFEBD2
653,Tyler Johnson,Virginia Tech,2.0802741,0.89476763,2.97504173,772,2.4167689201355,1.28775218784179,3.70452110797729,115.250533778775,104.28805444012,10.9624793386552,69,2296069,#FFEAD0,#FFEFDC,#FFEBD2
654,Noah Meeusen,Arizona State,1.5537259,1.418067,2.9717929,1439,1.49127424055717,1.98056665497647,3.47184089553364,111.310279009046,101.728766405377,9.58151260366971,-64,2548118,#FFEFDC,#FFE6C7,#FFEBD2
655,Derek Dixon,North Carolina,2.909853,0.061148216,2.971001216,1194,2.5326671609454,0.0420501930187824,2.57471735396418,120.496013494734,101.207566029871,19.2884474648635,105,2506567,#FFE2BE,#FFFDFC,#FFEBD2
656,Jaden Daughtry,Richmond,1.3759111,1.5933462,2.9692573,816,-0.261064721080544,0.405841157056471,0.144776435975927,113.598424972842,99.1767292276809,14.4216957451613,167,2133595,#FFF1E0,#FFE3C0,#FFEBD2
657,Garfield Turner,Drexel,1.578793,1.3861322,2.9649252,915,1.15240238886409,0.128559022217651,1.28096141108175,103.906338772889,99.7981780814696,4.10816069141952,68,1910956,#FFEFDC,#FFE7C9,#FFEBD3
658,AJ Smith,Bradley,1.3278294,1.6264718,2.9543012,1401,1.22075043048447,1.22553381342628,2.44628424391075,110.714423180134,101.361208259829,9.35321492030456,124,1926193,#FFF2E1,#FFE3BF,#FFEBD3
659,John Bol,UCF,0.82906611,2.1191637,2.94822981,1048,0.8251502655014,1.89548510022954,2.72063536573094,116.793884188346,99.333217257614,17.4606669307325,80,2287024,#FFF6EC,#FFDAAC,#FFEBD3
660,Dion Brown,Saint Louis,1.8011181,1.145835,2.9469531,1399,2.0986297362169,0.719158515494852,2.81778825171175,115.643417161768,96.7191211589409,18.9242960028275,253,1925344,#FFEDD7,#FFEBD2,#FFEBD3
661,Kobe Knox,South Carolina,1.9801238,0.96569674,2.94582054,1652,2.33567313361204,1.31952643519204,3.65519956880408,108.576911018226,103.872347359085,4.70456365914089,-55,1686903,#FFEBD3,#FFEED9,#FFEBD3
662,Nasir Meyer,Wyoming,2.9878251,-0.042761664,2.945063436,1354,3.10934620965214,0.726757615710768,3.83610382536291,114.344962540606,108.602811201363,5.74215133924312,51,2506840,#FFE1BC,#FDFDFE,#FFEBD3
663,Prophet Johnson,Sacramento State,2.0916462,0.85023177,2.94187797,1800,2.2171462667941,1.96488112038559,4.18202738717969,101.703322622243,112.466812184506,-10.7634895622632,-179,2126379,#FFEAD0,#FFF0DD,#FFEBD3
664,Jase Butler,Colorado State,2.6731988,0.26635854,2.93955734,1342,2.94382426309066,-0.0981739614401126,2.84565030165055,114.490336467003,105.488942759229,9.00139370777391,83,2319829,#FFE4C3,#FFFAF4,#FFEBD3
665,Jake Wilkins,Georgia,1.2861087,1.6530439,2.9391526,574,1.53264963140646,0.949091845282914,2.48174147668937,116.616435816902,97.3938328279287,19.2226029889732,96,2477836,#FFF2E2,#FFE2BE,#FFEBD3
666,Jorge Diaz Graham,Oregon State,1.747342,1.1855919,2.9329339,946,1.36004288366715,1.57615284370651,2.93619572737366,107.888139243044,106.236668893676,1.65147034936795,-5,1908691,#FFEDD8,#FFEAD0,#FFEBD3
667,Veljko Ilic,Sam Houston State,1.9393082,0.99105965,2.93036785,1327,2.43227204227083,0.524841469503331,2.95711351177416,112.489217470127,102.118165446266,10.3710520238612,170,1688703,#FFECD4,#FFEDD8,#FFEBD3
668,Jordan Riley,East Carolina,1.6726995,1.2522938,2.9249933,1969,1.67408528346688,1.36927247959461,3.04335776306149,101.192866201463,108.564024011594,-7.37115781013153,-146,1714700,#FFEED9,#FFE9CE,#FFEBD3
669,Fred Payne,Boston College,1.7038144,1.2195931,2.9234075,1804,2.21076964101459,1.11096691919229,3.32173656020688,100.708202305786,100.844547699015,-0.136345393228288,-108,2128760,#FFEED9,#FFEACF,#FFEBD3
670,Andy Stefonowicz,North Dakota State,2.4599027,0.46283576,2.92273846,1743,2.55059947933668,-0.155087738910769,2.39551174042591,110.204934089088,102.965759577852,7.23917451123597,249,2313628,#FFE6C8,#FFF7EC,#FFEBD3
671,Alonzo Dodd,Appalachian State,1.5668224,1.3507986,2.917621,1576,2.31408760036102,0.567629820614167,2.88171742097519,103.839587460005,102.452392660577,1.38719479942802,108,1946431,#FFEFDC,#FFE7CA,#FFEBD3
672,Reese Dixon-Waters,San Diego State,1.529244,1.3870404,2.9162844,1644,1.24870710437166,0.426417790762657,1.67512489513431,107.550405043462,95.1723491083998,12.3780559350625,86,1622652,#FFF0DD,#FFE7C9,#FFEBD3
673,Josh Scovens,Davidson,2.2176319,0.69774565,2.91537755,1212,2.90439046011526,0.621950360310949,3.52634082042621,106.766272860835,103.831470345725,2.93480251510938,15,2143635,#FFE9CD,#FFF2E3,#FFEBD3
674,Takai Simpkins,Oregon,2.1529109,0.75155926,2.90447016,1662,2.43415001800277,1.03710488385068,3.47125490185345,109.983321480463,102.385810126654,7.59751135380933,-26,2147111,#FFE9CF,#FFF2E1,#FFEBD3
675,Royce Parham,Marquette,2.1729137,0.71559557,2.88850927,1565,2.19022693091608,0.905789889464578,3.09601682038066,109.7585124126,101.943391794375,7.81512061822491,-4,2302587,#FFE9CE,#FFF2E3,#FFECD4
676,Howie Fleming Jr.,UNLV,2.0250104,0.86296988,2.88798028,1549,2.33871369642052,1.38437376551405,3.72308746193457,110.291234602881,106.751699967546,3.53953463533492,30,1609135,#FFEBD2,#FFF0DD,#FFECD4
677,Kaleb Lowery,Nevada,2.0455594,0.83634264,2.88190204,1003,1.33952042526711,0.573243353401811,1.91276377866892,115.54362871176,100.949959317536,14.5936693942241,109,2545401,#FFEAD1,#FFF0DE,#FFECD4
678,Emmanuel Kanga,George Mason,1.4904232,1.3884102,2.8788334,614,2.05918450285971,1.33299519604374,3.39217969890345,112.139652846725,102.352458168307,9.78719467841789,29,2495579,#FFF0DD,#FFE7C8,#FFECD4
679,Grayson Grove,Minnesota,0.61243929,2.2583142,2.87075349,952,1.4348422648298,2.70957123318507,4.14441349801487,112.042240983706,99.3712304327896,12.6710105509165,32,2302973,#FFF9F1,#FFD8A7,#FFECD4
680,Jonathan Beagle,Richmond,1.2248571,1.6449075,2.8697646,606,1.2405379639773,0.250079992904335,1.49061795688164,110.658029993249,96.3814205473202,14.2766094459286,101,1917782,#FFF3E3,#FFE2BE,#FFECD4
681,T.O. Barrett,Missouri,2.3191452,0.55028366,2.86942886,1248,1.94763965633438,1.99758940760839,3.94522906394277,118.741606957498,106.541971036872,12.1996359206263,11,2300862,#FFE8CB,#FFF5E9,#FFECD4
682,Addison Patterson,Eastern Michigan,1.2938548,1.5741778,2.8680326,1558,1.9375875788674,0.969405595934515,2.90699317480191,100.275510707019,103.699273640107,-3.42376293308762,-49,1309526,#FFF2E2,#FFE3C1,#FFECD4
683,Aaron Bradshaw,Memphis,1.4472989,1.4196453,2.8669442,978,1.60767902768632,0.314201116821925,1.92188014450825,107.242115855811,101.027388062993,6.21472779281775,5,2113942,#FFF0DE,#FFE6C7,#FFECD4
684,Hank Alvey,Lehigh,1.8827228,0.98386782,2.86659062,1664,2.01065353772142,0.625559235296091,2.63621277301751,105.414519747976,106.590403710422,-1.1758839624463,104,2313906,#FFECD5,#FFEED8,#FFECD4
685,TJ Power,Penn,1.5664051,1.2993317,2.8657368,1665,2.3382432489711,1.04558454029246,3.38382778926356,103.963094389187,103.289750598502,0.673343790685133,32,2138835,#FFEFDC,#FFE8CC,#FFECD4
686,Zach Clemence,Texas A&M,1.7574076,1.0998595,2.8572671,962,2.16042234061549,1.08914280157342,3.24956514218891,117.099333221204,100.215479695901,16.8838535253023,102,1702381,#FFEDD8,#FFECD4,#FFECD4
687,Cayden Charles,Saint Bonaventure,2.1814277,0.67057299,2.85200069,1881,2.52544813437458,1.32848145006291,3.85392958443749,111.756897111226,107.893816211889,3.8630808993366,55,1954988,#FFE9CE,#FFF3E4,#FFECD4
688,Filip Brankovic,Texas-Rio Grande Valley,2.5386302,0.31301403,2.85164423,1268,3.35482167587757,-0.303636223015038,3.05118545286253,109.584602817527,102.942816191828,6.64178662569914,151,2534672,#FFE6C6,#FFF9F2,#FFECD4
689,Rob Dockery,La Salle,1.4793537,1.3712578,2.8506115,1403,2.33596336534187,1.75064227381587,4.08660563915774,101.886852914503,107.13759962732,-5.25074671281653,-134,2122476,#FFF0DE,#FFE7C9,#FFECD4
690,Camden Heide,Texas,2.972719,-0.12377641,2.84894259,1190,2.35610403172719,0.113023927443249,2.46912795917044,122.600082805239,104.994163174526,17.6059196307138,77,1911497,#FFE1BD,#F9FBFD,#FFECD4
691,Barry Dunning Jr.,Pittsburgh,2.2049386,0.63684477,2.84178337,1680,3.11540819034822,1.46587117202302,4.58127936237124,109.872067994895,105.413752257759,4.45831573713575,-63,1895222,#FFE9CE,#FFF4E6,#FFECD4
692,Ty Pence,Illinois State,1.4884336,1.3531331,2.8415667,1234,2.46314300967597,0.0510209884237815,2.51416399809976,107.846417098314,97.1043119539019,10.7421051444124,117,2097919,#FFF0DE,#FFE7CA,#FFECD4
693,Christian Reeves,College of Charleston,1.0041272,1.8276325,2.8317597,1084,2.11446254117824,1.7109363020054,3.82539884318364,105.27343830296,104.662309970863,0.611128332096422,28,1917803,#FFF5E8,#FFDFB7,#FFECD5
694,Amari McCottry,Saint Louis,0.18120421,2.6488535,2.83005771,1320,1.14147779044119,2.04485783055618,3.18633562099737,114.325112203018,96.2786023448738,18.0465098581437,224,2325457,#FFFDFA,#FFD197,#FFECD5
695,Elmarko Jackson,Kansas,1.5994756,1.2288585,2.8283341,982,0.390133399761732,1.88614526571294,2.27627866547467,117.747852219637,98.065940754597,19.6819114650399,58,2119864,#FFEFDB,#FFE9CF,#FFECD5
696,Alex Huibregtse,Bradley,2.8694222,-0.043086059,2.826336141,1720,3.03996871971064,-0.472769328032076,2.56719939167857,108.623234277594,103.117043508074,5.50619076952035,147,1608264,#FFE2BF,#FDFDFE,#FFECD5
697,Kennard Davis Jr.,BYU,1.8685191,0.95579421,2.82431331,1600,1.8437559717173,0.856911547411227,2.70066751912853,120.33165492954,98.5107996625705,21.82085526697,163,2113939,#FFECD5,#FFEED9,#FFECD5
698,Bukky Oboye,Santa Clara,0.9688649,1.8550341,2.823899,1034,3.4871680525247,2.14109816399393,5.62826621651864,114.197605444751,100.963716123741,13.23388932101,80,2110377,#FFF5E9,#FFDFB6,#FFECD5
699,Jordan Clayton,Northwestern,1.2983513,1.5240716,2.8224229,916,1.51561855881212,0.864496192699003,2.38011475151113,116.125136659231,97.1571564325696,18.9679802266613,83,2144295,#FFF2E2,#FFE4C3,#FFECD5
700,Chauncey Wiggins,Florida State,2.5979615,0.22306106,2.82102256,1586,3.86696271809245,-0.0550846791504784,3.81187803894197,112.527898720488,101.85895824589,10.6689404745975,12,1925546,#FFE5C5,#FFFBF6,#FFECD5
701,Ryan Mela,Providence,2.2239386,0.59324194,2.81718054,1542,2.05614048905093,0.832600455289366,2.8887409443403,116.335595611183,107.980606281839,8.35498932934429,-16,2298454,#FFE9CD,#FFF4E7,#FFECD5
702,Kayden Mingo,Penn State,2.394363,0.42212756,2.81649056,1528,2.52606161818955,2.3958489729808,4.92191059117035,110.003020683714,113.830107286694,-3.82708660297908,-160,2506624,#FFE7C9,#FFF7EE,#FFECD5
703,Travis Perry,Ole Miss,1.4551986,1.3582885,2.8134871,999,1.12290894300595,1.51435129738916,2.63726024039511,111.752045069371,99.0100872881012,12.74195778127,27,2319784,#FFF0DE,#FFE7CA,#FFECD5
704,Kolby King,Utah State,2.8429818,-0.03576596,2.80721584,1083,3.37933229448667,0.40015372251726,3.77948601700393,119.328317201084,104.470176925966,14.8581402751182,118,1908698,#FFE3C0,#FDFDFE,#FFECD5
705,Sebastian Williams-Adams,Auburn,1.2319362,1.5667007,2.7986369,1566,0.905354938350992,2.82201411970934,3.72736905806033,120.03906585385,103.984220749913,16.0548451039372,19,2547354,#FFF2E3,#FFE4C2,#FFECD5
706,Jelani Hamilton,Georgia State,2.2664676,0.52540147,2.79186907,1408,1.51992909486436,0.950777433822733,2.47070652868709,102.362283340536,109.713747287092,-7.35146394655599,-35,2099044,#FFE8CC,#FFF5EA,#FFECD5
707,Mike Walz,Richmond,2.2446128,0.54572145,2.79033425,1116,2.32574352646317,0.928337675392627,3.2540812018558,109.508425100067,110.26958819001,-0.761163089942585,2,1897993,#FFE9CD,#FFF5E9,#FFECD5
708,Conrad Martinez,High Point,2.8294707,-0.040372614,2.789098086,1260,2.87763374366532,-0.640381211950213,2.23725253171511,114.694430881092,104.16070038282,10.5337304982723,213,2098983,#FFE3C0,#FDFDFE,#FFECD5
709,Sonny Wilson,Toledo,3.4808554,-0.69555984,2.78529556,2062,3.48469212137704,-0.025423775989981,3.45926834538706,111.243953145075,108.916689794956,2.32726335011844,55,2121782,#FFDCB1,#DFEBF5,#FFECD5
710,Pop Isaacs,Texas A&M,3.2293494,-0.44718093,2.78216847,1251,3.01984571679637,0.64258438934516,3.66243010614153,118.483490418651,106.666713582363,11.8167768362878,93,1924195,#FFDFB7,#EAF2F9,#FFECD5
711,Julius Halaifonua,Georgetown,2.4041193,0.37495608,2.77907538,1064,4.79614593715781,0.995758774178652,5.79190471133646,109.767592951144,104.904480866355,4.86311208478916,-3,2313804,#FFE7C9,#FFF8F0,#FFECD5
712,Barry Evans,VCU,1.460283,1.3159725,2.7762555,1512,1.51037639149812,0.91210949417898,2.4224858856771,114.221778228448,100.235939320769,13.9858389076791,149,1927927,#FFF0DE,#FFE8CB,#FFECD5
713,Simeon Cottle,Kennesaw State,3.075994,-0.30836301,2.76763099,861,3.20589744357653,-0.181801489848455,3.02409595372807,108.832548705921,106.267016259713,2.56553244620765,36,1948656,#FFE0BA,#F0F6FA,#FFECD5
714,TJ Williams,Wichita State,2.6083755,0.1566983,2.7650738,1144,1.67776010931989,0.258363750037343,1.93612385935724,117.26811776324,103.14462244071,14.1234953225299,166,2281211,#FFE5C5,#FFFCF8,#FFECD5
715,Isaac Jack,Pacific,1.9217918,0.83818717,2.75997897,1121,2.15726397921824,-0.105747164924995,2.05151681429325,110.804325044405,100.544791697362,10.2595333470429,78,1895742,#FFECD4,#FFF0DE,#FFECD6
716,Lateef Patrick Jr,Stephen F. Austin,2.1760594,0.58180652,2.75786592,1484,2.11995435613268,-0.266396027384995,1.85355832874768,113.224221272033,99.9624265607523,13.2617947112806,245,2549892,#FFE9CE,#FFF4E8,#FFECD6
717,Brandon Rechsteiner,Colorado State,3.2698937,-0.51410876,2.75578494,1485,3.22486799019482,-0.170560502213418,3.0543074879814,118.073280088153,108.047126587497,10.0261535006566,118,2099468,#FFDFB6,#E7F0F8,#FFECD6
718,Travis Harper II,Tennessee State,3.3727507,-0.62108233,2.75166837,1628,3.53675522472906,-1.20325008107983,2.33350514364923,110.249174439259,106.590157315447,3.6590171238116,173,1725979,#FFDDB4,#E2EDF6,#FFECD6
719,Mahmoud Fofana,Cal State Northridge,1.8002003,0.94714122,2.74734152,1834,2.30071522808431,0.338068858861898,2.63878408694621,106.143427230954,104.879452667353,1.26397456360068,63,1894969,#FFEDD7,#FFEEDA,#FFECD6
720,Lamar Washington,Georgia Tech,1.0218023,1.7248018,2.7466041,1512,1.65390756649046,2.13703984061196,3.79094740710242,103.370958303753,104.978369730064,-1.6074114263116,-123,1924192,#FFF5E8,#FFE1BB,#FFECD6
721,Jayden Ndjigue,Massachusetts,0.64762257,2.097103,2.74472557,1550,0.584970925100144,0.583122293588374,1.16809321868852,105.868710397053,100.991848770174,4.87686162687939,127,2152574,#FFF8F0,#FFDAAD,#FFEDD6
722,Mekhi Mason,Wake Forest,2.0876031,0.65415177,2.74175487,1126,1.47529256704205,1.54236304242268,3.01765560946473,116.007319197811,104.701722020082,11.3055971777287,33,1898739,#FFEAD0,#FFF3E5,#FFEDD6
723,Scotty Washington,High Point,2.5207664,0.21508901,2.73585541,1068,2.16375393766934,-0.372670228234291,1.79108370943504,117.490828448815,102.370574107958,15.1202543408572,262,1720865,#FFE6C7,#FFFBF6,#FFEDD6
724,Tyler Hendricks,Utah Valley,1.8133528,0.92174008,2.73509288,1334,2.21241688902488,0.211729216015505,2.42414610504039,109.30133342718,98.8142797926614,10.4870536345189,178,1935170,#FFEDD6,#FFEFDB,#FFEDD6
725,Jaidon Lipscomb,Cleveland State,2.7966236,-0.069404016,2.727219584,1500,3.35945827875892,0.707737631331917,4.06719591009084,107.404313116357,116.521992012398,-9.11767889604085,-113,2126097,#FFE3C1,#FBFDFE,#FFEDD6
726,Carson Towt,Notre Dame,1.2817953,1.4375685,2.7193638,1346,1.43477857368899,1.70188251008877,3.13666108377775,108.621154406522,105.167332828166,3.45382157835539,-71,1608576,#FFF2E2,#FFE6C7,#FFEDD6
727,Chance Moore,West Virginia,1.5045146,1.20942,2.7139346,898,0.806925302116446,1.00319560583265,1.8101209079491,111.802614168061,99.924527384222,11.878086783839,-7,1687713,#FFF0DD,#FFEACF,#FFEDD6
728,Andrew Meadow,Boise State,2.8738031,-0.16123775,2.71256535,1488,2.13030451853173,-0.188459261343239,1.94184525718849,114.36105491817,104.598698699449,9.76235621872146,61,2090932,#FFE2BF,#F7FAFC,#FFEDD6
729,Ryan Beasley,San Francisco,2.4615406,0.2472633,2.7088039,1724,3.37619971548304,0.539946388563836,3.91614610404688,107.438209175787,107.541526403232,-0.103317227445698,-7,2169496,#FFE6C8,#FFFAF5,#FFEDD6
730,Justin Neely,UNC Greensboro,2.7588635,-0.05245571,2.70640779,1826,2.95481822272121,1.06381577292613,4.01863399564733,105.46304233312,116.630026492318,-11.1669841591978,-126,1723517,#FFE4C1,#FCFDFE,#FFEDD6
731,Ethan Potter,Utah Tech,3.0492932,-0.34385575,2.70543745,1703,3.89793582723854,-0.174007681577884,3.72392814566066,106.200022364078,110.728799466767,-4.52877710268846,-27,1949299,#FFE1BB,#EFF5FA,#FFEDD6
732,Thomas Batties II,Harvard,1.6919623,1.0106567,2.702619,1508,2.26455464796587,0.794948599465912,3.05950324743178,106.809777807903,104.081362426411,2.72841538149184,87,2111762,#FFEED9,#FFEDD7,#FFEDD6
733,"Jamie Kaiser, Jr.",Butler,1.8450065,0.84919003,2.69419653,1528,1.78757534282219,0.584388571635601,2.37196391445779,113.775175378054,103.321765413819,10.4534099642359,20,2110182,#FFECD6,#FFF0DD,#FFEDD7
734,Silas Sunday,Hofstra,0.41948492,2.2668172,2.68630212,1054,0.234443145877325,1.49367446553478,1.72811761141211,114.650598393144,99.3445227826127,15.3060756105316,175,1890624,#FFFAF5,#FFD8A6,#FFEDD7
735,Jack Campion,SIU Edwardsville,1.2313281,1.4536427,2.6849708,1393,1.02355938385911,0.654541911159365,1.67810129501847,101.669741711283,100.944430696602,0.725311014680519,129,1926194,#FFF2E3,#FFE5C6,#FFEDD7
736,Kyan Evans,North Carolina,0.96124517,1.7227859,2.68403107,998,0.690070836649211,0.267674023279842,0.957744859929053,115.157986903419,91.0954867559971,24.0625001474219,194,2122486,#FFF5E9,#FFE1BB,#FFEDD7
737,Anton Bonke,Charlotte,1.5051912,1.1775948,2.682786,1375,1.85819015219047,1.36435012551507,3.22254027770555,111.305672600165,106.930824721469,4.3748478786958,48,2298431,#FFF0DD,#FFEAD1,#FFEDD7
738,Dashon Gittens,Sacred Heart,2.5059794,0.1750183,2.6809977,1834,2.78936469827483,0.31763001044649,3.10699470872132,108.215372223956,113.783561921398,-5.56818969744133,7,1949395,#FFE6C7,#FFFBF8,#FFEDD7
739,Tuongthach Gatkek,Arkansas-Little Rock,0.89370634,1.7847893,2.67849564,1443,0.579798544669737,1.25535479832904,1.83515334299878,102.032682730528,109.157896011679,-7.12521328115077,0,1689179,#FFF6EB,#FFE0B9,#FFEDD7
740,Christian Harmon,Arkansas State,2.9761837,-0.29828054,2.67790316,1528,2.88625136406499,-0.828339278929551,2.05791208513544,111.696687617108,104.817998043048,6.87868957405984,156,2539281,#FFE1BD,#F1F6FB,#FFEDD7
741,Devan Cambridge,UCF,1.9305117,0.7466082,2.6771199,993,1.56961001529356,1.43308217668998,3.00269219198353,117.856706072876,105.458002235969,12.3987038369068,36,1317336,#FFECD4,#FFF2E1,#FFEDD7
742,Donovan Draper,Navy,0.68352087,1.9885196,2.67204047,1288,0.424456528923081,2.03910959304885,2.46356612197193,105.591046626123,103.781073869911,1.80997275621191,129,2119572,#FFF8EF,#FFDCB1,#FFEDD7
743,Semetri (TT) Carr,California,1.9132714,0.75002375,2.66329515,798,1.04518918082043,0.211678790642566,1.256867971463,115.201103310644,100.159175893995,15.041927416649,89,2507001,#FFECD4,#FFF2E1,#FFEDD7
744,DJ Hall,Texas State,2.2227119,0.43902078,2.66173268,1540,2.84006353340616,0.445764305923377,3.28582783932954,102.846106667997,107.376932872443,-4.53082620444545,30,2505169,#FFE9CD,#FFF7ED,#FFEDD7
745,Samson Aletan,Yale,1.3416927,1.3194113,2.661104,1135,1.22611472652435,0.741868125003587,1.96798285152793,117.520678394743,104.248717926914,13.2719604678287,134,2143595,#FFF1E1,#FFE8CB,#FFEDD7
746,Sincere Parker,Memphis,1.9611843,0.69517694,2.65636124,1093,2.16188613953809,1.14940048629616,3.31128662583425,106.436238085878,103.823860765055,2.61237732082251,-15,1927187,#FFEBD3,#FFF3E3,#FFEDD7
747,Chrishawn Christmas,Stephen F. Austin,0.86749384,1.7865931,2.65408694,1514,1.16170831746802,-0.185656109660106,0.976052207807918,112.769105746298,96.6826280200963,16.0864777262017,264,2137468,#FFF6EB,#FFE0B9,#FFEDD7
748,Niko Rocak,UC Davis,0.65335199,1.9975978,2.65094979,1307,1.27419190919513,0.929019071086378,2.20321098028151,103.88561119092,104.259527616522,-0.373916425601761,64,1611547,#FFF8F0,#FFDCB1,#FFEDD7
749,Jack Doumbia Jr.,Towson,-0.23779491,2.8878518,2.65005689,1190,0.376650707060102,1.92927256107719,2.30592326813729,101.759333583127,96.4379106622453,5.32142292088129,53,1917706,#F7FAFC,#FFCD8E,#FFEDD7
750,Terrance Arceneaux,NC State,1.2106171,1.4358096,2.6464267,812,-0.357621953615524,1.47148841324273,1.11386645962721,119.259281188013,102.644419537916,16.614861650097,17,1890527,#FFF3E4,#FFE6C7,#FFEDD7
751,Langston Reynolds,Minnesota,1.7124102,0.93314101,2.64555121,1666,2.54884001927736,1.24936611594732,3.79820613522468,110.994951466714,101.678048733975,9.31690273273871,-5,1913192,#FFEED9,#FFEEDA,#FFEDD7
752,Andrew Osasuyi,Saint Bonaventure,0.3261593,2.3187503,2.6449096,614,-0.503950760917598,2.4901223045603,1.9861715436427,112.102825821505,102.697987306583,9.40483851492115,41,2541349,#FFFBF7,#FFD7A4,#FFEDD7
753,Maleek Arington,Seattle,0.34640409,2.2980827,2.64448679,1629,0.615244657850861,1.57197444030195,2.18721909815281,99.074005642111,95.2339025153077,3.84010312680328,30,1926233,#FFFBF7,#FFD7A5,#FFEDD7
754,Andrija Bukumirović,Tennessee-Martin,1.705624,0.93798419,2.64360819,1503,2.27465299296999,0.466862048606186,2.74151504157618,102.026230417753,99.8134464971307,2.21278392062269,125,2311785,#FFEED9,#FFEEDA,#FFEDD7
755,Dre Bullock,Hawaii,0.81170506,1.8297422,2.64144726,1579,0.607812841688798,1.15532494477468,1.76313778646348,105.349046394726,98.9992058231554,6.3498405715704,196,1917690,#FFF7ED,#FFDFB7,#FFEDD7
756,Damon Nicholas Jr.,Sam Houston State,1.1899391,1.44889,2.6388291,1496,0.875148921538326,0.304416512073096,1.17956543361142,110.813343703688,101.57545694638,9.23788675730748,117,1688549,#FFF3E4,#FFE6C6,#FFEDD7
757,Marcell McCreary,UT Arlington,1.5138753,1.1248279,2.6387032,1505,1.99417870643883,0.636216731414935,2.63039543785376,100.771815710866,100.585343365945,0.186472344920507,42,1921652,#FFF0DD,#FFEBD3,#FFEDD7
758,Rich Smith,Abilene Christian,0.98662169,1.6506836,2.63730529,1579,1.89664868579196,1.02128386035511,2.91793254614707,96.5235791798866,103.567264517322,-7.04368533743528,-56,1910131,#FFF5E9,#FFE2BE,#FFEDD7
759,Tyler Tejada,Towson,2.1700619,0.46723187,2.63729377,1808,3.30974314127091,0.518670465126202,3.82841360639711,101.095639849028,102.152902567008,-1.05726271798037,-13,2118559,#FFE9CE,#FFF6EC,#FFEDD7
760,Tae Dozier,Northern Kentucky,1.5677604,1.0678281,2.6355885,1638,2.05010539175808,2.05732797856275,4.10743337032083,108.640401211148,108.560575958258,0.0798252528905641,37,2549978,#FFEFDC,#FFECD5,#FFEDD7
761,Jamar Brown,UCLA,1.6909268,0.94368538,2.63461218,916,1.23504726968522,0.662882551324713,1.89792982100994,116.510096798774,99.117911057721,17.3921857410534,112,2137293,#FFEED9,#FFEEDA,#FFEDD7
762,Armani Mighty,Mercer,1.7245537,0.90736188,2.63191558,1643,1.03162839575226,1.10725003949718,2.13887843524944,113.593005461672,107.663150456264,5.92985500540737,128,1908246,#FFEED8,#FFEFDB,#FFEDD7
763,Jalen Speer,Marshall,2.9264701,-0.29625362,2.63021648,1799,3.44675694842461,0.0723424376281879,3.5190993860528,110.524477668459,109.495723406279,1.02875426217985,83,1606360,#FFE2BE,#F1F6FB,#FFEDD7
764,Baraka Okojie,Mercer,2.8624801,-0.23338976,2.62909034,1785,3.41815025636052,-0.114150042298108,3.30400021406242,109.557947623215,109.88714728802,-0.329199664805935,27,2118623,#FFE2BF,#F4F8FB,#FFEDD8
765,Landen Joseph,Marshall,2.7532578,-0.13153929,2.62171851,957,2.96025709403489,1.15297134945816,4.11322844349306,112.693490978112,112.80368762638,-0.110196648267324,23,2560961,#FFE4C2,#F8FBFD,#FFEDD8
766,Carey Booth,Colorado State,2.2530732,0.36656304,2.61963624,1295,2.12274259081121,0.996025857434404,3.11876844824561,117.168593536187,109.027830492159,8.14076304402793,101,2092614,#FFE8CD,#FFF8F0,#FFEDD8
767,Narit Chotikavanic,Stephen F. Austin,2.1727479,0.44663026,2.61937816,1162,2.73874250914781,-0.555921572020477,2.18282093712733,111.038036741563,100.860235933036,10.1778008085266,180,2339605,#FFE9CE,#FFF7ED,#FFEDD8
768,Jack Benter,Purdue,1.9423135,0.6762168,2.6185303,794,3.21330197306243,0.658094037031303,3.87139601009374,123.458314103769,99.210993401362,24.2473207024074,107,2334059,#FFEBD3,#FFF3E4,#FFEDD8
769,Toyaz Solomon,UNC Asheville,1.3635608,1.249415,2.6129758,1686,0.714419855727131,1.3109638443645,2.02538370009164,104.244524632455,107.360163075555,-3.11563844309979,-7,2126265,#FFF1E0,#FFE9CE,#FFEDD8
770,Frankquon Sherman,Kennesaw State,1.4940087,1.113299,2.6073077,1443,2.23214252019737,1.08009955820642,3.3122420784038,106.841674134462,106.553165585882,0.28850854858018,33,2142730,#FFF0DD,#FFEBD3,#FFEDD8
771,Dominic Parolin,Boise State,1.6259596,0.9777679,2.6037275,844,0.807495735817571,1.05488926676928,1.86238500258685,116.119758449693,102.245578141305,13.8741803083887,29,1617618,#FFEFDA,#FFEED8,#FFEDD8
772,Trey Parker,Seton Hall,-0.34507087,2.9393651,2.59429423,792,-0.283677607967019,2.0598572557104,1.77617964774339,103.841664983873,89.3861446290099,14.4555203548635,50,2291870,#F4F8FC,#FFCC8C,#FFEDD8
773,Jeremiah Johnson,Campbell,3.0939765,-0.50266881,2.59130769,1512,2.52720869621794,-0.512043067942092,2.01516562827585,112.265657090954,110.233182858505,2.03247423244857,58,2302975,#FFE0BA,#E8F0F8,#FFEED8
774,Dezdrick Lindsay,Oregon,1.2404966,1.3481146,2.5886112,1090,0.831897750802186,1.3811279277353,2.21302567853749,112.0436889256,100.955711510825,11.0879774147746,27,2306694,#FFF2E3,#FFE7CA,#FFEED8
775,Cedric Taylor III,Howard,0.63501257,1.9509934,2.58600597,1204,1.04702184642036,0.86809723328916,1.91511907970952,103.99571921123,98.2138264229671,5.78189278826274,242,2160905,#FFF8F0,#FFDDB3,#FFEED8
776,Josh Omojafo,South Florida,1.9768536,0.60752626,2.58437986,1590,3.02336521405006,0.0253853808338921,3.04875059488396,113.34670078837,98.2377779710155,15.1089228173549,177,1955594,#FFEBD3,#FFF4E7,#FFEED8
777,Drew Steffe,Southern Illinois,1.0476315,1.5344229,2.5820544,1685,0.880191835386513,0.246050569407852,1.12624240479436,101.488575947097,97.1901723701675,4.29840357692942,83,2342586,#FFF4E7,#FFE4C3,#FFEED8
778,Petar Majstorovic,Long Beach State,1.6537883,0.92658024,2.58036854,1695,1.34068118535612,0.87848686136033,2.21916804671645,104.949845306266,107.941987911359,-2.9921426050928,-9,2324482,#FFEEDA,#FFEFDA,#FFEED8
779,Nick Pringle,Arkansas,0.72255729,1.8559159,2.57847319,1112,0.565363435311326,0.996356332206362,1.56171976751769,119.958772756272,96.1360968341584,23.8226759221132,149,1603582,#FFF7EF,#FFDFB6,#FFEED8
780,Jasper Johnson,Kentucky,2.357371,0.22077094,2.57814194,724,2.2892873313268,-0.137671250870605,2.15161608045619,116.725421496949,99.9252157136396,16.8002057833092,67,2506864,#FFE7CA,#FFFBF6,#FFEED8
781,Jordan Marsh,USC,1.9647662,0.61272213,2.57748833,879,1.58803829808983,0.816528422332909,2.40456672042274,110.579075023845,103.560821208206,7.01825381563872,20,2127610,#FFEBD3,#FFF4E7,#FFEED8
782,Greedy Williams,UNC Wilmington,1.9335115,0.64068943,2.57420093,1534,2.33840374083976,-0.385714471072453,1.95268926976731,110.087590758104,99.7567605560857,10.3308302020185,232,1926211,#FFECD4,#FFF3E6,#FFEED8
783,Josh Smith,Liberty,2.6836899,-0.11088787,2.57280203,689,1.64805765779332,0.171243644135681,1.819301301929,122.766847968329,108.98769171699,13.7791562513386,114,1599428,#FFE4C3,#F9FBFD,#FFEED8
784,RJ Johnson,Kennesaw State,2.8016356,-0.23094898,2.57068662,1558,2.84092176761687,0.308133313836135,3.14905508145301,110.685933947311,108.486675842108,2.19925810520245,73,2142719,#FFE3C0,#F4F8FB,#FFEED8
785,Treyson Anderson,North Dakota State,1.6105232,0.95880853,2.56933173,981,2.70134389860058,0.788560933334125,3.48990483193471,112.075227695803,102.896883586472,9.17834410933063,144,2313631,#FFEFDB,#FFEED9,#FFEED8
786,Don McHenry,Utah,3.8382901,-1.2789924,2.5592977,1702,4.1710690098475,0.0900347612989586,4.26110377114646,111.86750367463,111.303283728935,0.564219945694755,-127,2144371,#FFD9AA,#C4DAEE,#FFEED9
787,Jaylen Washington,Texas-Rio Grande Valley,2.5831727,-0.027366014,2.555806686,1390,3.29240600719416,-0.206993939933556,3.0854120672606,111.547112387903,104.89513782451,6.65197456339313,118,2314365,#FFE5C5,#FDFEFE,#FFEED9
788,Kobe MaGee,Florida State,2.3723731,0.17786376,2.55023686,1189,1.92135215367927,0.345827060741032,2.2671792144203,115.476473296514,103.716209033906,11.7602642626077,83,1910950,#FFE7CA,#FFFBF8,#FFEED9
789,Chase McCarty,Houston,0.90939082,1.639846,2.54923682,630,2.23932717021979,0.504952368918281,2.74427953913807,113.865777203847,90.4956194410047,23.3701577628422,98,2287714,#FFF6EA,#FFE2BF,#FFEED9
790,Ethan Burg,Tennessee,0.54061235,2.0056731,2.54628545,468,1.18395085433977,-0.127004979032438,1.05694587530733,114.709919044437,87.1996484693468,27.5102705750903,84,2505206,#FFF9F3,#FFDCB0,#FFEED9
791,Justin Menard,Marist,1.9433374,0.59932111,2.54265851,1481,2.21896069617837,-0.28669060550063,1.93227009067774,101.45499282201,98.000785260407,3.45420756160256,163,2297036,#FFEBD3,#FFF4E7,#FFEED9
792,Cayden Vasko,Wofford,2.3487439,0.19170594,2.54044984,1695,2.62324473775225,0.491087427020346,3.11433216477259,109.973509488128,111.70706898003,-1.73355949190235,59,2110219,#FFE8CA,#FFFBF7,#FFEED9
793,Terrence Brown,Utah,2.0135288,0.52217623,2.53570503,1757,2.85549820451562,1.34209752362804,4.19759572814366,109.279964488951,107.890183010773,1.38978147817772,-124,2092097,#FFEBD2,#FFF6EA,#FFEED9
794,Tre Singleton,Northwestern,0.6650378,1.869545,2.5345828,1376,1.45772166687077,1.94647837087688,3.40420003774765,110.998510809593,101.078768313657,9.91974249593559,-22,2567231,#FFF8F0,#FFDEB6,#FFEED9
795,KC Ugwuakazi,Merrimack,0.0087896192,2.5224141,2.5312037192,941,-0.136462698468104,3.05417162092325,2.91770892245515,106.652908417324,101.329972375829,5.32293604149532,67,2152581,#FFFEFE,#FFD39C,#FFEED9
796,Quinn Woidke,Kent State,2.874337,-0.34623256,2.52810444,1112,3.59208335014741,-0.230449061986931,3.36163428816048,109.518301956262,107.823832888621,1.69446906764048,43,2550195,#FFE2BF,#EFF5FA,#FFEED9
797,Isaac Hawkins,Utah Valley,1.1890407,1.3353079,2.5243486,710,3.42101723767322,1.11294536580063,4.53396260347385,106.054370792053,100.576213656493,5.47815713555992,61,2543932,#FFF3E4,#FFE8CB,#FFEED9
798,Yoav Berman,Queens,2.3571699,0.16626394,2.52343384,1718,2.39112001524546,0.415075225478526,2.80619524072399,115.792635353525,112.257938703831,3.53469664969317,120,2314230,#FFE7CA,#FFFCF8,#FFEED9
799,Tuburu Naivalurua,Oakland,2.5176068,0.003936858,2.521543658,1788,2.63092639144062,1.31398161639016,3.94490800783078,113.930892871475,114.587146671003,-0.656253799528317,-67,2133117,#FFE6C7,#FFFEFE,#FFEED9
800,Aaron McBride,Loyola Marymount,0.58356217,1.935206,2.51876817,1380,0.208792584260935,0.790577948893545,0.99937053315448,103.996781552963,99.4225733436829,4.57420820927962,81,2099457,#FFF9F2,#FFDDB3,#FFEED9
801,Colin Porter,Liberty,2.4623808,0.056221343,2.518602143,1600,2.19415657570592,0.027796000046066,2.22195257575198,113.456876757798,108.444191998259,5.01268475953909,117,1909863,#FFE6C8,#FFFEFC,#FFEED9
802,Rakim Chaney,Valparaiso,1.3619861,1.1495967,2.5115828,1528,2.01827726574476,1.15826357858676,3.17654084433152,104.638718453922,103.922298906474,0.716419547448077,9,2536612,#FFF1E0,#FFEBD2,#FFEED9
803,German Plotnikov,Hofstra,1.6110128,0.89310281,2.50411561,1614,1.27334550819112,-0.228121640537893,1.04522386765323,112.374063569958,100.972457042651,11.4016065273067,201,1890525,#FFEFDB,#FFEFDC,#FFEED9
804,Hudson Mayes,UC San Diego,1.5630732,0.9394948,2.502568,1375,2.38502179588203,0.525650803930463,2.91067259981249,105.361934441653,101.662012222964,3.6999222186896,71,2505186,#FFEFDC,#FFEEDA,#FFEED9
805,Jeremy Dent-Smith,Stanford,1.9254031,0.5706218,2.4960249,1114,1.63112221277325,0.624953356205587,2.25607556897883,112.26688714149,103.214333832515,9.0525533089749,51,1937073,#FFECD4,#FFF5E8,#FFEED9
806,Jordan Derkack,Dayton,0.80300886,1.6929669,2.49597576,1186,0.918144318050672,1.04182391454297,1.95996823259364,107.852837983901,95.5297071140668,12.323130869834,96,1949311,#FFF7ED,#FFE1BD,#FFEED9
807,Leland Walker,Wyoming,2.6418915,-0.14624537,2.49564613,1481,3.23574823856004,0.449442465730824,3.68519070429086,111.059612303396,108.581944996554,2.47766730684278,21,1930393,#FFE5C4,#F8FAFD,#FFEED9
808,Myron Amey Jr.,Loyola Marymount,1.5603301,0.92964394,2.48997404,1636,1.81528001232378,1.08551874384832,2.9007987561721,104.339686496039,104.440834387978,-0.101147891939468,-5,1728018,#FFEFDC,#FFEFDA,#FFEEDA
809,Adlan Elamin,Utah State,1.4704297,1.0187498,2.4891795,1052,1.04955860707968,0.832667324791053,1.88222593187073,121.343192772628,99.485380160222,21.8578126124063,171,2531883,#FFF0DE,#FFEDD7,#FFEEDA
810,Karon Boyd,Wichita State,1.3109196,1.1781557,2.4890753,1786,1.34366128712254,-0.00685757755666233,1.33680370956588,111.262127835797,98.0499132776324,13.2122145581649,216,1919982,#FFF2E1,#FFEAD1,#FFEEDA
811,Myles Rigsby,Tulsa,1.7781259,0.70622316,2.48434906,850,2.07584248850236,0.240961518065949,2.31680400656831,113.280548921001,105.859390701551,7.42115821945002,55,2114144,#FFEDD7,#FFF2E3,#FFEEDA
812,Freddie Dilione V,Penn State,2.2900113,0.18486239,2.47487369,1464,2.77330158462145,1.31076579385359,4.08406737847504,110.858972233419,111.68158378153,-0.822611548111762,-127,2092649,#FFE8CC,#FFFBF7,#FFEEDA
813,Milos Ilic,California,0.92834666,1.5463686,2.47471526,918,0.772580725600346,1.2428434753667,2.01542420096705,111.353280483115,98.6435392647638,12.7097412183516,44,1688706,#FFF5EA,#FFE4C2,#FFEEDA
814,C.J. Anthony,Iona,1.9413078,0.53167159,2.47297939,1703,2.21461476051337,-0.137511554104512,2.07710320640885,103.98333535258,105.321220417458,-1.33788506487715,81,1725184,#FFECD4,#FFF5EA,#FFEEDA
815,Kareem Rozier,Winthrop,2.8304666,-0.35785648,2.47261012,1700,2.13693921945103,-0.469912797824711,1.66702642162632,112.257163308092,107.607367443356,4.64979586473533,161,1894267,#FFE3C0,#EEF4FA,#FFEEDA
816,Zawdie Jackson,Florida International,2.3069613,0.16525004,2.47221134,1558,2.70946375672148,-0.343895836056625,2.36556792066485,103.635095428025,103.732464144962,-0.0973687169373294,6,1948204,#FFE8CB,#FFFCF8,#FFEEDA
817,Victor Panov,Drexel,1.1450672,1.3209673,2.4660345,1424,1.63376279541137,0.241654486882567,1.87541728229393,102.511575328656,101.110848155114,1.40072717354223,87,1911665,#FFF3E5,#FFE8CB,#FFEEDA
818,Dola Adebayo,George Mason,1.2237577,1.2385712,2.4623289,484,-0.535696817815585,0.883323259697457,0.347626441881872,117.026516248835,103.19774100068,13.8287752481551,64,1701853,#FFF3E3,#FFE9CE,#FFEEDA
819,Sean Stewart,Oregon,0.79586116,1.6639593,2.45982046,1200,0.770795556528379,2.06211551471444,2.83291107124282,108.878435122188,105.728452219517,3.14998290267057,-121,2138836,#FFF7ED,#FFE2BE,#FFEEDA
820,Tre Dinkins,George Washington,3.3858167,-0.93000276,2.45581394,1158,3.16427320248234,-0.775161278096757,2.38911192438559,116.267032056552,107.296330216548,8.97070184000366,137,1911409,#FFDDB4,#D4E4F2,#FFEEDA
821,Cole Certa,Notre Dame,3.1791495,-0.73028938,2.44886012,1419,3.28901809279964,-0.621295969597168,2.66772212320247,112.933034574666,106.272036344519,6.66099823014714,-17,2283121,#FFDFB8,#DDEAF5,#FFEEDA
822,Tijan Saine Jr.,Weber State,3.7141158,-1.2653381,2.4487777,1756,4.47676214155449,-0.612393340404604,3.86436880114989,107.247729227553,112.689869025961,-5.44213979840804,-8,1914182,#FFDAAC,#C5DBEE,#FFEEDA
823,Kahmare Holmes,Wofford,2.0451763,0.39989376,2.44507006,1390,2.5372953023399,1.23091717743213,3.76821247977204,109.261392507678,110.830876434292,-1.56948392661425,66,2285477,#FFEAD1,#FFF8EF,#FFEEDA
824,Jamichael Davis,Rutgers,1.3334058,1.1115965,2.4450023,1444,2.18728293598995,0.974203346979498,3.16148628296945,103.454971912986,105.590921207723,-2.13594929473706,-99,2106177,#FFF1E1,#FFEBD3,#FFEEDA
825,Isaac Traudt,Creighton,2.2739146,0.170218,2.4441326,1004,1.84389179530125,-0.657532863235475,1.18635893206578,113.023089059482,101.762710112336,11.2603789471457,35,1895641,#FFE8CC,#FFFCF8,#FFEEDA
826,Arlandus Keyes,Mount St. Mary's,1.0604993,1.3832508,2.4437501,1480,1.45833102047026,0.748358952811623,2.20668997328189,99.1927464967864,104.766567816854,-5.57382132006765,-7,2306704,#FFF4E7,#FFE7C9,#FFEEDA
827,Myles Colvin,Wake Forest,1.433744,1.0078787,2.4416227,1573,1.98275289616373,1.89578585740288,3.87853875356662,111.61802658311,104.0845583539,7.53346822921088,-25,2106197,#FFF0DF,#FFEDD7,#FFEEDA
828,David Coit,Maryland,3.476334,-1.0356532,2.4406808,1496,3.66993860889365,0.541080103847507,4.21101871274116,108.590158365173,110.919694080896,-2.32953571572212,-141,1945180,#FFDCB2,#CFE1F1,#FFEFDA
829,Solomon Washington,Maryland,0.46662151,1.9707555,2.43737701,1294,0.0192683944838856,2.34164080067236,2.36090919515625,106.193094732462,106.190796801391,0.00229793107102694,-168,1895646,#FFFAF4,#FFDDB2,#FFEFDA
830,Zaon Collins,Fresno State,1.4528537,0.97832167,2.43117537,1350,0.926626211850667,1.1694459131527,2.09607212500336,105.977413146792,103.876176266555,2.10123688023647,28,2321402,#FFF0DE,#FFEED8,#FFEFDA
831,Isaiah Watts,Maryland,0.78700321,1.643831,2.43083421,946,-1.01845313304866,1.63948022078346,0.621027087734806,111.617143956081,103.204153755813,8.41299020026869,4,2093279,#FFF7ED,#FFE2BF,#FFEFDA
832,Mercy Miller,Houston,1.9951022,0.43537314,2.43047534,606,2.84564445486015,0.949895668549987,3.79554012341014,118.227292759888,99.9260663262104,18.3012264336776,55,2287715,#FFEBD2,#FFF7EE,#FFEFDA
833,Justin Abson,Georgia,0.025578997,2.3976873,2.423266297,626,0.183765904704574,2.2321186951151,2.41588459981968,111.442914679675,99.4640002245127,11.9789144551628,43,1909557,#FFFEFE,#FFD5A1,#FFEFDB
834,Isaiah Brickner,Idaho,1.5262008,0.89672987,2.42293067,1120,2.07510444344291,0.236014184092872,2.31111862753578,109.931382805704,104.473476540572,5.45790626513181,104,1917752,#FFF0DD,#FFEFDC,#FFEFDB
835,MJ Williams,Eastern Kentucky,2.084879,0.32835715,2.41323615,1248,2.50376736699028,1.08432022534048,3.58808759233076,107.938275868074,112.757497175455,-4.81922130738177,-48,2550852,#FFEAD0,#FFF9F2,#FFEFDB
836,Cooper Noard,Cornell,4.2238843,-1.8133207,2.4105636,1350,5.18382742851695,-0.912463503299957,4.27136392521699,114.510586628565,117.375405618811,-2.8648189902458,4,1936759,#FFD5A1,#ACCBE7,#FFEFDB
837,Abdi Bashir Jr.,Kansas State,3.0973576,-0.69330632,2.40405128,840,4.56881160915436,-0.737842422897053,3.8309691862573,112.207506500074,102.792635691409,9.41487080866537,69,2143422,#FFE0BA,#DFEBF5,#FFEFDB
838,Divine Ugochukwu,Michigan State,1.609256,0.79452064,2.40377664,587,2.64832391716282,0.342863329798856,2.99118724696168,116.399690856027,93.707656835607,22.6920340204202,106,2319605,#FFEFDB,#FFF1E0,#FFEFDB
839,Malik Messina-Moore,Xavier,2.1686663,0.23497692,2.40364322,1957,2.72230278585995,0.655617332012288,3.37792011787224,111.561018542114,105.365701675022,6.19531686709225,-20,1917657,#FFE9CE,#FFFAF5,#FFEFDB
840,Kanaan Carlyle,Florida Atlantic,1.4192234,0.98032664,2.39955004,1489,1.47263356813306,0.328015297241317,1.80064886537438,107.666980638004,101.140288644619,6.52669199338543,63,2092657,#FFF1DF,#FFEED8,#FFEFDB
841,Joel Foxwell,Portland,2.0755338,0.32028651,2.39582031,2002,2.6788593587348,0.848972483429749,3.52783184216455,102.251898933447,108.394749723571,-6.14285079012358,-148,2539446,#FFEAD1,#FFF9F2,#FFEFDB
842,Cam Cole,Navy,0.61177076,1.7804726,2.39224336,983,0.626564574474395,0.561037977379161,1.18760255185356,110.314222309293,97.1897922350512,13.1244300742418,239,2119569,#FFF9F1,#FFE0B9,#FFEFDB
843,Augusto Cassia,Ole Miss,0.98719926,1.4022252,2.38942446,516,-0.462786437026548,0.671914994958656,0.209128557932108,117.011227578716,97.1465838773308,19.8646437013849,38,2092573,#FFF5E9,#FFE6C8,#FFEFDB
844,D.J. Smith,Campbell,2.3334181,0.051918308,2.385336408,1988,2.77393209092248,0.168450741232733,2.94238283215522,107.843351529491,108.411381792332,-0.568030262841313,-5,1725962,#FFE8CB,#FFFEFC,#FFEFDB
845,Josh Baldwin,Cornell,2.0171247,0.35900078,2.37612548,867,3.23777255415605,0.291825148427413,3.52959770258346,120.655896324514,109.46512105111,11.1907752734037,89,1936756,#FFEBD2,#FFF8F1,#FFEFDB
846,CJ Gunn,DePaul,0.75580785,1.6194083,2.37521615,1501,1.17467139624245,1.60137953877998,2.77605093502243,105.165568355079,99.8428275039596,5.32274085111971,8,1916394,#FFF7EE,#FFE3BF,#FFEFDB
847,Jeremiah Williams,Georgetown,1.2384302,1.1344578,2.372888,1132,1.05258060205739,1.44523735218498,2.49781795424236,111.193862302235,104.098139454452,7.0957228477831,-13,1600168,#FFF2E3,#FFEBD2,#FFEFDB
848,Ben Gold,Marquette,1.3414025,1.0307979,2.3722004,1490,0.99419035630196,1.05321378354247,2.04740413984443,107.953884194061,101.794143081311,6.15974111275037,-11,1908383,#FFF1E1,#FFEDD6,#FFEFDB
849,RJ Smith,DePaul,0.9935298,1.3709915,2.3645213,1466,1.11316578365028,0.338531726482928,1.4516975101332,106.216393081365,97.1914210487749,9.02497203258998,37,1933860,#FFF5E9,#FFE7C9,#FFEFDB
850,Vladimer Salaridze,Youngstown State,2.040324,0.32390076,2.36422476,740,2.83263144529158,0.676924820922608,3.50955626621419,106.239475715644,110.986609763596,-4.74713404795131,0,1945362,#FFEBD1,#FFF9F2,#FFEFDB
851,Kavion McClain,Monmouth,2.2273829,0.1334946,2.3608775,664,2.62446319755817,-0.493712610047763,2.13075058751041,107.710054287599,101.65700173579,6.05305255180912,48,2125314,#FFE9CD,#FFFCF9,#FFEFDB
852,Connor Igoe,Columbia,1.5930713,0.76768581,2.36075711,886,3.00429736226682,0.846826378050166,3.85112374031698,107.855397388142,105.722702935775,2.13269445236657,55,2492587,#FFEFDB,#FFF1E1,#FFEFDB
853,Jonathan Powell,North Carolina,1.3875462,0.97303417,2.36058037,882,1.49626251462907,0.382164059933512,1.87842657456258,114.770333539786,97.4861797699806,17.284153769805,91,2305894,#FFF1E0,#FFEED9,#FFEFDB
854,Julius Thedford,Memphis,1.3484393,1.0048731,2.3533124,988,1.92970577787653,0.986043700972776,2.9157494788493,106.800315759989,101.707784780038,5.09253097995059,3,2335763,#FFF1E1,#FFEDD7,#FFEFDC
855,Kellen Pickett,Wright State,0.86249355,1.4894325,2.35192605,1266,0.677089418474281,1.32447499781406,2.00156441628834,111.520993425649,103.842686946448,7.67830647920045,143,2472215,#FFF6EB,#FFE5C5,#FFEFDC
856,Nolan Hodge,UNC Wilmington,2.7712902,-0.4304021,2.3408881,1651,3.33971740079293,-0.575788190746633,2.76392921004629,110.639816246017,104.776845481872,5.86297076414493,164,1909332,#FFE3C1,#EBF2F9,#FFEFDC
857,William Kyle III,Syracuse,0.53972365,1.7997952,2.33951885,1524,1.49768189394616,2.76938641732017,4.26706831126632,107.681735989824,102.057149501405,5.62458648841917,-36,1897861,#FFF9F3,#FFE0B8,#FFEFDC
858,Will Heimbrodt,Seattle,-1.4058369,3.741532,2.3356951,1652,-1.61170772185896,3.45979637951528,1.84808865765631,100.806469976162,94.913666727238,5.89280324892366,64,2113991,#D4E4F2,#FFBE6D,#FFEFDC
859,Shawn Jones Jr.,Mississippi State,0.15859173,2.1729869,2.33157863,1447,-0.0601128631447903,2.64453203792146,2.58441917477667,106.698637978214,102.370423644872,4.32821433334207,-72,1915442,#FFFDFB,#FFD9AA,#FFEFDC
860,Cliff Davis,James Madison,3.1500577,-0.81972203,2.33033567,1710,3.08717871404869,-0.658053778554523,2.42912493549417,109.041925315429,109.705588103632,-0.663662788203445,85,2100338,#FFE0B9,#D9E7F4,#FFEFDC
861,Reece Robinson,North Texas,0.42916421,1.8942501,2.32341431,1191,0.858926895536225,0.507831483399992,1.36675837893622,103.095547212053,94.3901809409691,8.70536627108426,99,2301678,#FFFAF5,#FFDEB5,#FFEFDC
862,Evan Ipsaro,Miami (OH),2.5426166,-0.22312515,2.31949145,524,2.8109399299054,-1.00050762490836,1.81043230499704,110.498407286531,101.5707954716,8.92761181493138,95,2137340,#FFE6C6,#F4F8FC,#FFEFDC
863,Malachi Palmer,Villanova,1.528452,0.7867552,2.3152072,978,0.816683196047648,-0.0579537751221738,0.758729420925474,119.774224771257,98.0376801351609,21.736544636096,100,2313626,#FFF0DD,#FFF1E0,#FFEFDC
864,Chase Forte,Boston College,0.58754583,1.7276584,2.31520423,1217,-0.127580545821601,1.45383155039593,1.32625100457433,102.441163104805,100.114717811913,2.32644529289168,-26,2100343,#FFF9F1,#FFE1BB,#FFEFDC
865,Pearson Carmichael,Boise State,1.7274026,0.58477416,2.31217676,926,0.260681449396598,0.00956658898036047,0.270248038376959,117.669006870676,101.214946270617,16.4540606000595,126,2305532,#FFEED8,#FFF4E8,#FFEFDC
866,Efrem Johnson,Clemson,1.6516866,0.66045708,2.31214368,1165,1.38477757797863,0.426149839932305,1.81092741791093,112.571113027253,95.8427802109527,16.7283328163,84,1924352,#FFEEDA,#FFF3E5,#FFEFDC
867,Jakobi Heady,Bethune-Cookman,2.5449059,-0.23527583,2.30963007,1966,2.83735886931351,-0.73007993773763,2.10727893157588,102.885598650888,107.07094389802,-4.18534524713268,2,2100628,#FFE6C6,#F4F8FB,#FFEFDC
868,Kaden Cooper,Louisiana Tech,-0.32350199,2.6298176,2.30631561,1110,-0.0942200214502868,1.84750333032697,1.75328330887669,98.4090859074162,100.218216725853,-1.80913081843699,24,2126317,#F5F9FC,#FFD198,#FFEFDC
869,Jakub Necas,Duquesne,0.52210656,1.7837108,2.30581736,1290,0.341571862554532,0.877450911288312,1.21902277384284,108.911342201805,100.789371776591,8.1219704252141,83,2112624,#FFF9F3,#FFE0B9,#FFEFDC
870,Cris Carroll,Youngstown State,0.8877263,1.4049279,2.2926542,1558,1.81872274167682,0.970759794143016,2.78948253581984,103.373924237356,104.881024911522,-1.50710067416517,32,2311388,#FFF6EB,#FFE6C8,#FFEFDC
871,Michael Rataj,Baylor,2.2828032,0.0087370239,2.2915402239,1284,1.77160912033585,0.721192805263431,2.49280192559929,120.657389547668,108.595413240367,12.0619763073008,59,1912256,#FFE8CC,#FFFEFE,#FFEFDD
872,Ja'Borri McGhee,Mississippi State,2.0491191,0.24122103,2.29034013,1264,0.633762189262591,0.644979951186901,1.27874214044949,112.317889342747,104.499591576064,7.81829776668301,-26,2321242,#FFEAD1,#FFFAF5,#FFEFDD
873,Shammah Scott,Akron,3.1238689,-0.83725087,2.28661803,1522,3.39849700060719,-1.25934394661278,2.13915305399441,118.762599137444,105.712833527946,13.0497656094983,237,1890656,#FFE0B9,#D8E7F3,#FFF0DD
874,Corey Thomas,Bradley,0.90403353,1.3798063,2.28383983,990,0.591618898292305,0.65398680311107,1.24560570140338,110.376224948786,101.665614803747,8.710610145039,84,2269288,#FFF6EA,#FFE7C9,#FFF0DD
875,Taj DeGourville,San Diego State,0.45699236,1.8266828,2.28367516,1087,-0.0759198091393784,1.31120233450109,1.23528252536172,110.11469522552,96.0380614528397,14.0766337726804,111,2285497,#FFFAF4,#FFDFB7,#FFF0DD
876,Johnny Kinziger,Illinois State,1.3344256,0.94861124,2.28303684,1704,0.483584492350041,0.083862921822167,0.567447414172208,106.881385087758,100.31908302029,6.56230206746724,130,2097921,#FFF1E1,#FFEEDA,#FFF0DD
877,Miles Heide,San Diego State,0.38183,1.897586,2.279416,1020,-0.0285157629888821,0.94523450375402,0.916718740765138,107.070402844031,94.1847048719273,12.8856979721034,63,2092588,#FFFBF6,#FFDEB5,#FFF0DD
878,Jovan Milicevic,Xavier,2.4413576,-0.16247526,2.27888234,1558,3.02442106936015,1.06269324753407,4.08711431689422,113.261999008013,108.920210879429,4.34178812858355,0,2316938,#FFE7C8,#F7FAFC,#FFF0DD
879,Kezza Giffa,Ole Miss,2.2829869,-0.00451209,2.27847481,740,1.48023308415754,0.504020509295897,1.98425359345343,112.612363118376,100.110964564751,12.5013985536251,46,2110389,#FFE8CC,#FEFEFE,#FFF0DD
880,Noah Ross,UNC Wilmington,1.406786,0.86649644,2.27328244,1470,1.07280785817178,0.0588891367545138,1.13169699492629,110.898491437394,101.231794027802,9.66669740959207,189,1909333,#FFF1DF,#FFF0DD,#FFF0DD
881,Jadrian Tracey,VCU,1.9717695,0.30047487,2.27224437,1284,1.87449347359656,0.731140246035437,2.605633719632,115.322061552688,103.785637053967,11.5364244987216,146,1612070,#FFEBD3,#FFF9F3,#FFF0DD
882,Jack Karasinski,Bellarmine,4.7121901,-2.441156,2.2710341,1507,4.83793136329177,-0.55080302297688,4.28712834031489,117.115070656432,123.799557176623,-6.68448652019078,-6,1890306,#FFD096,#8FB9DE,#FFF0DD
883,Blake Harper,Creighton,1.6263315,0.64199165,2.26832315,992,1.5374153532385,0.60355990222246,2.14097525546096,112.712156199631,101.782688282233,10.9294679173986,38,2270228,#FFEFDA,#FFF3E6,#FFF0DD
884,Jalen Hampton,Arkansas State,1.602231,0.66521178,2.26744278,1380,1.13819880677047,0.868758993170726,2.00695779994119,110.586707232536,106.397822078846,4.18888515369074,94,1926203,#FFEFDB,#FFF3E5,#FFF0DD
885,Chandler Cuthrell,Elon,1.8890952,0.37749156,2.26658676,1490,2.93688904098914,0.590413245770382,3.52730228675952,106.736282755074,111.19977693334,-4.46349417826546,5,2110183,#FFECD5,#FFF8F0,#FFF0DD
886,Jurian Dixon,UC Irvine,1.5072562,0.75763212,2.26488832,1768,2.04609437655195,-0.451284161259865,1.59481021529209,101.364741177206,95.9426495198473,5.42209165735857,167,2111158,#FFF0DD,#FFF1E1,#FFF0DD
887,Jaylen Crocker-Johnson,Minnesota,0.68166589,1.5764564,2.25812229,1220,1.33491628587913,1.47099200196096,2.8059082878401,108.550358225165,100.13559029366,8.41476793150473,39,2146970,#FFF8EF,#FFE3C1,#FFF0DD
888,Jaden Brownell,USC,1.5690086,0.68900924,2.25801784,612,-0.159231045260562,0.638218812244607,0.478987766984045,112.777599605575,102.896341947071,9.88125765850438,13,1701030,#FFEFDC,#FFF3E4,#FFF0DD
889,KyeRon Lindsay-Martin,UAB,2.0394538,0.21818655,2.25764035,1098,1.57883356545379,0.127364032601463,1.70619759805526,114.16079507758,106.316331154105,7.8444639234744,92,1895175,#FFEBD1,#FFFBF6,#FFF0DD
890,JJ Mandaquit,Washington,1.0973152,1.1581117,2.2554269,738,1.99944161269367,0.577448484947128,2.5768900976408,109.244969890768,98.3502900194199,10.8946798713478,44,2532529,#FFF4E6,#FFEBD1,#FFF0DD
891,DJ Armstrong,UMBC,1.9940534,0.25546604,2.24951944,1642,2.79468200410349,-1.51178589396427,1.28289611013922,105.396120550474,102.891918778844,2.50420177162995,213,2169823,#FFEBD2,#FFFAF5,#FFF0DD
892,Brant Byers,Miami (OH),2.4342983,-0.18503704,2.24926126,1658,1.32036742016595,-0.931439923333605,0.388927496832349,116.238915173571,104.308396153885,11.9305190196861,246,2320433,#FFE7C9,#F6F9FC,#FFF0DD
893,Austin Benigni,Navy,2.3033303,-0.058994327,2.244335973,1884,2.15625417263226,-0.545790908852687,1.61046326377957,106.080321438981,102.979460809,3.10086062998043,235,1913805,#FFE8CB,#FCFDFE,#FFF0DD
894,Chris Bell,California,1.8467697,0.39566838,2.24243808,1505,1.79946892219827,0.24965234864594,2.04912127084421,112.475026300433,100.856665252101,11.6183610483323,117,1909608,#FFECD6,#FFF8EF,#FFF0DD
895,Dylan Williamson,Towson,2.3665848,-0.12943711,2.23714769,1905,2.07996891356513,-0.447169066119568,1.63279984744556,102.853550688509,101.263141882563,1.59040880594552,47,1909402,#FFE7CA,#F9FBFD,#FFF0DD
896,Owen Dease,Valparaiso,2.0902578,0.14589086,2.23614866,1456,2.26116754151249,-0.684489770774656,1.57667777073784,106.322941132347,103.272077309644,3.05086382270299,52,1695183,#FFEAD0,#FFFCF9,#FFF0DD
897,Maki Johnson,East Tennessee State,1.8178973,0.41716773,2.23506503,1206,0.602907604847426,0.110232980946883,0.713140585794309,112.780415278059,104.676992389422,8.10342288863706,177,2126368,#FFEDD6,#FFF7EE,#FFF0DD
898,Victor Valdes,Troy,0.90619004,1.3284825,2.23467254,1568,1.48588970480272,0.82368521609896,2.30957492090168,108.801657605124,104.634345951157,4.16731165396711,109,2114182,#FFF6EA,#FFE8CB,#FFF0DD
899,"Corey Floyd, Jr.",Providence,2.4835711,-0.25117629,2.23239481,1107,1.01656864549798,0.188160843689049,1.20472948918703,120.398424149742,109.853602683183,10.5448214665593,28,1697099,#FFE6C8,#F3F7FB,#FFF0DD
900,Kowacie Reeves Jr.,Georgia Tech,1.5550975,0.67256668,2.22766418,1566,2.46012513254695,0.93793543594029,3.39806056848724,104.920085859744,104.226008925754,0.694076933989773,-48,1689174,#FFEFDC,#FFF3E4,#FFF0DD
901,Marvin McGhee IV,UC Santa Barbara,1.7218413,0.4979084,2.2197497,956,1.42599769531461,0.185856599888573,1.61185429520318,112.253501557768,106.651930234275,5.6015713234933,66,2303088,#FFEED8,#FFF6EB,#FFF0DE
902,Javan Simmons,Ohio,2.7769532,-0.55933962,2.21761358,1428,2.44755117263115,0.114731580631813,2.56228275326296,109.15004885586,112.495211962436,-3.34516310657611,-30,1891869,#FFE3C1,#E5EFF7,#FFF0DE
903,Tavarus Webb,Georgia Southern,2.5557652,-0.34626145,2.20950375,2037,2.72479539129588,0.541468107709841,3.26626349900572,108.277418463884,113.557369464816,-5.27995100093168,3,1740096,#FFE5C6,#EFF5FA,#FFF0DE
904,Sheldon Williams,Texas A&M-Corpus Christi,0.97942143,1.2291942,2.20861563,1294,0.743005502518642,0.636223588495881,1.37922909101452,105.025172023246,101.01776134792,4.00741067532533,63,2305463,#FFF5E9,#FFE9CF,#FFF0DE
905,Tobi Lawal,Virginia Tech,1.3453544,0.86246529,2.20781969,1144,1.5761598352868,1.56596282613457,3.14212266142137,112.047695097785,105.990147626024,6.0575474717607,-22,1920043,#FFF1E1,#FFF0DD,#FFF0DE
906,Jahari Williamson,Kent State,2.9590649,-0.75203424,2.20703066,1434,3.37182791335436,-0.736212591294979,2.63561532205938,111.25012769301,106.765190075231,4.48493761777942,84,2117914,#FFE2BD,#DCE9F5,#FFF0DE
907,Gavin Walsh,UNC Wilmington,1.10628,1.0998921,2.2061721,550,0.302063023578728,-0.524077029744544,-0.222014006165816,117.779942091694,99.404051636003,18.3758904556909,156,2119921,#FFF4E6,#FFECD4,#FFF0DE
908,Dasear Haskins,Saint Joseph's,1.2529583,0.95304198,2.20600028,1482,1.83834528003458,0.479820600907479,2.31816588094206,106.903655822718,100.23705997938,6.66659584333851,88,2134484,#FFF2E3,#FFEED9,#FFF0DE
909,Brody Whitaker,Valparaiso,1.8612511,0.33001339,2.19126449,1334,2.14426690362388,-0.451111714492319,1.69315518913156,106.298308377409,102.70324534909,3.59506302831829,51,2286445,#FFECD5,#FFF9F2,#FFF0DE
910,Ahmad Nowell,VCU,2.2932625,-0.10539839,2.18786411,518,1.75009403956774,0.0936759225829014,1.84376996215064,117.275423605822,105.448585161796,11.8268384440258,50,2313593,#FFE8CC,#FAFCFD,#FFF0DE
911,Nils Machowski,Wofford,2.675605,-0.490591,2.185014,1793,2.94060854702315,-0.0842865280864923,2.85632201893665,108.540763662121,112.493809340269,-3.95304567814856,34,2106183,#FFE4C3,#E8F1F8,#FFF0DE
912,Aiden Tobiason,Temple,2.6143859,-0.43401558,2.18037032,1818,2.75550491278115,-0.0511138480125195,2.70439106476863,109.251169668494,108.746252891011,0.504916777483055,47,2287297,#FFE5C5,#EBF2F9,#FFF0DE
913,Jaden Toombs,SMU,1.8450258,0.33503948,2.18006528,866,2.08203798451611,1.19880568425282,3.28084366876893,119.543812491779,105.165485505209,14.3783269865694,-26,2503228,#FFECD6,#FFF9F1,#FFF0DE
914,Roman Siulepa,Pittsburgh,1.3493903,0.82812961,2.17751991,1428,2.30167084576608,1.46366906802025,3.76533991378632,108.861697838683,105.177631468662,3.68406637002137,-41,2538953,#FFF1E1,#FFF0DE,#FFF0DE
915,Cian Medley,Kent State,1.9121482,0.26282677,2.17497497,1844,1.27792106354991,0.0998028385261373,1.37772390207604,111.908400119838,107.280863207663,4.6275369121749,129,2134408,#FFECD4,#FFFAF4,#FFF0DE
916,Dante Allen,Miami (Fla.),1.151648,1.0136076,2.1652556,1128,1.31661154373925,0.516775741758014,1.83338728549726,117.001792657422,97.5086765539183,19.4931161035036,101,2507062,#FFF3E5,#FFEDD7,#FFF0DE
917,Darryl Simmons II,Saint Bonaventure,3.1997907,-1.0366133,2.1631774,2010,3.66514328889587,-0.793450804260789,2.87169248463508,111.974072092065,108.048827808465,3.92524428360035,63,2126150,#FFDFB8,#CFE1F1,#FFF0DE
918,Brent Bland,Saint Peter's,1.3181965,0.84480232,2.16299882,1544,2.89841338305387,0.512838430126379,3.41125181318025,100.531978016656,105.368760634971,-4.83678261831533,15,1700527,#FFF2E1,#FFF0DE,#FFF0DE
919,Tyrin Jones,UNLV,1.0768366,1.084932,2.1617686,1374,0.858002161557945,2.2703221258494,3.12832428740734,111.465640962746,108.90186396693,2.56377699581583,-8,2550758,#FFF4E7,#FFECD4,#FFF0DE
920,Chandler Pigge,Harvard,0.97296313,1.185627,2.15859013,1522,1.42261142221517,0.706209936952348,2.12882135916751,104.937176529822,102.395171304214,2.54200522560815,75,1897500,#FFF5E9,#FFEAD0,#FFF0DE
921,Jamari McDowell,Kansas,1.1619265,0.99648095,2.15840745,980,0.920128160194829,0.705860367348109,1.62598852754294,115.546278683321,92.6334188574658,22.9128598258551,107,2119860,#FFF3E5,#FFEDD8,#FFF0DE
922,JJ Harper,Liberty,1.2883442,0.86754765,2.15589185,1300,2.63028254442602,0.857238895536556,3.48752143996258,111.050193192931,106.898619017084,4.15157417584695,54,1909455,#FFF2E2,#FFF0DD,#FFF0DF
923,Tayshawn Comer,Nevada,1.6563211,0.49025401,2.14657511,1446,1.46261194285379,0.252554211184629,1.71516615403841,111.721253248551,103.050376152596,8.67087709595522,114,1930391,#FFEEDA,#FFF6EB,#FFF0DF
924,Hamad Mousa,Cal Poly,2.6870538,-0.55784318,2.12921062,1798,3.32118198074558,-0.00386165695597615,3.3173203237896,107.722587068223,112.198949158804,-4.47636209058129,-36,2305451,#FFE4C3,#E5EFF7,#FFF1DF
925,Liam Campbell,Saint Mary's,1.5419978,0.58370481,2.12570261,754,2.02371545719469,-0.735475318772932,1.28824013842176,114.678704966559,95.5295371925417,19.1491677740175,132,2268747,#FFEFDC,#FFF4E8,#FFF1DF
926,Will Hornseth,Northern Iowa,1.028112,1.0957545,2.1238665,1436,2.07598235831344,0.438985647901689,2.51496800621512,104.987020773805,95.4323499293377,9.55467084446729,122,2279660,#FFF4E8,#FFECD4,#FFF1DF
927,Elias Rapieque,Kansas State,1.2230385,0.88982629,2.11286479,580,0.717880250482332,0.75822580870826,1.47610605919059,115.198707400995,104.157405678475,11.0413017225194,27,2510655,#FFF3E3,#FFEFDC,#FFF1DF
928,Ahmad Robinson,UAB,1.0470576,1.0579537,2.1050113,1100,0.838036724923009,0.507372318361277,1.34540904328429,107.691140986688,103.104888789425,4.58625219726314,62,2117051,#FFF4E7,#FFECD5,#FFF1DF
929,Kareem Stagg,Georgia,1.1439556,0.95808712,2.10204272,728,1.0201310026105,0.764698414043319,1.78482941665382,120.042317025613,99.9859790817636,20.0563379438496,88,2477835,#FFF3E5,#FFEED9,#FFF1DF
930,Joshua Ingram,Lehigh,1.0388617,1.0623729,2.1012346,1903,1.31385908063278,0.594160201987291,1.90801928262007,101.491781751023,106.650792667738,-5.15901091671576,14,2099013,#FFF4E7,#FFECD5,#FFF1DF
931,Isaac Garrett,Oakland,1.887443,0.21172169,2.09916469,1371,2.79159893869794,1.54289005171088,4.33448899040882,112.706041379881,112.750769007476,-0.0447276275947761,-51,2474144,#FFECD5,#FFFBF6,#FFF1DF
932,Jaden Jackson,South Dakota State,1.3576022,0.73794439,2.09554659,1599,1.29828986608106,0.471657904019319,1.76994777010038,106.785705786549,106.814033953414,-0.0283281668649549,22,2307448,#FFF1E0,#FFF2E2,#FFF1DF
933,Wilson Dubinsky,Marshall,2.2364237,-0.14120076,2.09522294,1032,1.61827597747595,-1.09118972716963,0.527086250306324,111.25855281058,105.071019425845,6.18753338473501,97,2153841,#FFE9CD,#F8FBFD,#FFF1DF
934,A'lahn Sumler,Charleston Southern,2.4626768,-0.3681127,2.0945641,1544,3.02023628644491,-0.740412167094454,2.27982411935046,104.071619454374,108.182538549343,-4.11091909496915,25,1926381,#FFE6C8,#EEF4FA,#FFF1DF
935,Ace Valentine,UMBC,2.5682392,-0.47996885,2.08827035,1578,2.31955885103298,-1.33873349627593,0.980825354757053,108.687413629626,105.217538117135,3.46987551249029,229,2126088,#FFE5C6,#E9F1F8,#FFF1E0
936,Keyshuan Tillery,Cincinnati,0.67445635,1.4138003,2.08825665,660,-0.10667604758146,0.565701367450376,0.459025319868916,109.04258443045,93.5590037374983,15.4835806929521,39,2492970,#FFF8F0,#FFE6C7,#FFF1E0
937,Riley Mulvey,Siena,1.4447049,0.63784138,2.08254628,674,1.42683104101593,-0.464479520037792,0.962351520978135,111.256328905454,103.088018231176,8.16831067427803,94,1687490,#FFF0DF,#FFF4E6,#FFF1E0
938,Taylor Bol Bowen,Alabama,0.30334295,1.775741,2.07908395,950,0.469889921214153,1.9755924048763,2.44548232609046,119.704441954094,101.862849317564,17.84159263653,7,2120172,#FFFCF8,#FFE0B9,#FFF1E0
939,Dillon Battie,Wichita State,0.05902684,2.0190442,2.07807104,779,0.898712957068192,1.11853066472924,2.01724362179743,104.022566611131,95.2434879027199,8.77907870841066,52,2287296,#FFFEFD,#FFDCB0,#FFF1E0
940,Brandin Cummings,Pittsburgh,3.1158773,-1.0382938,2.0775835,805,2.87734071089853,-0.257883971496141,2.61945673940239,112.856575899488,109.054143078797,3.80243282069115,-6,2295729,#FFE0BA,#CFE1F1,#FFF1E0
941,Andrew Holifield,Lamar,0.95681799,1.1162132,2.07303119,1437,1.05084129800717,1.20529916706848,2.25614046507565,101.841408461654,108.610005201093,-6.76859673943904,-50,2331495,#FFF5E9,#FFEBD3,#FFF1E0
942,Gavin Griffiths,Temple,0.026829059,2.04391,2.070739059,1426,0.630498164364169,2.03383761472319,2.66433577908736,107.254753329392,105.114092118424,2.14066121096854,67,2107279,#FFFEFE,#FFDBAF,#FFF1E0
943,Jackson Hicke,Princeton,2.0547444,0.015849343,2.070593743,1560,2.66273944667251,0.439325883230159,3.10206532990267,103.593380744076,109.650726988337,-6.05734624426111,-83,2124861,#FFEAD1,#FFFEFE,#FFF1E0
944,Daniel Jacobsen,Purdue,0.77158578,1.2875847,2.05917048,774,2.85022370109869,2.29264873875654,5.14287243985522,117.853907543396,103.874339860649,13.979567682747,15,2334062,#FFF7ED,#FFE8CC,#FFF1E0
945,Trent Noah,Kentucky,0.79188134,1.2656486,2.05752994,488,0.470419009802651,0.674071951117856,1.14449096092051,113.456152495379,92.0138622239314,21.4422902714475,66,2319783,#FFF7ED,#FFE9CD,#FFF1E0
946,Tyren Moore,Georgia Southern,3.1968209,-1.1408786,2.0559423,1866,2.93942805777808,-0.405568362579566,2.53385969519851,108.501234905803,113.642623062109,-5.14138815630587,10,1895948,#FFDFB8,#CADEEF,#FFF1E0
947,Chandler Jackson,Milwaukee,2.4247623,-0.37275807,2.05200423,924,1.70702353187484,0.189290080785834,1.89631361266068,111.869584885726,112.046388044861,-0.176803159134686,27,1911366,#FFE7C9,#EDF4FA,#FFF1E0
948,Paul Djobet,Omaha,1.6433109,0.40634888,2.04965978,1035,1.79926600118809,0.277228045330954,2.07649404651904,104.94111754654,108.405366916931,-3.46424937039038,17,2118687,#FFEEDA,#FFF8EF,#FFF1E0
949,Eli Shetlar,Drake,1.8978524,0.15096095,2.04881335,1524,2.33705226960193,0.191928370296585,2.52898063989851,107.510496676521,108.775743259837,-1.26524658331562,-16,2133593,#FFECD4,#FFFCF9,#FFF1E0
950,Josh Reed,Penn State,2.0010816,0.044983306,2.046064906,1519,2.43630232172142,0.886302528073716,3.32260484979513,109.985584624414,111.186939550068,-1.20135492565421,-146,1908270,#FFEBD2,#FFFEFD,#FFF1E0
951,Davion Sykes,Southern Illinois,0.22619142,1.8131148,2.03930622,1032,0.00959507959260947,0.770909990507644,0.780505070100254,103.216564722671,95.1320482789257,8.08451644374578,68,1890898,#FFFCF9,#FFDFB8,#FFF1E0
952,Morgan Safford,Kent State,1.7046119,0.33212049,2.03673239,1732,1.88698605796147,0.210695265484433,2.0976813234459,110.726328519619,106.770843586861,3.9554849327577,84,1321429,#FFEED9,#FFF9F2,#FFF1E0
953,Jalen Haralson,Notre Dame,1.135905,0.89760897,2.03351397,1214,2.27492981868689,0.600328038584906,2.8752578572718,106.101285183981,104.064105066043,2.03718011793803,-93,2483783,#FFF3E5,#FFEFDC,#FFF1E0
954,Matthew Mors,South Dakota State,1.7218851,0.31059608,2.03248118,1400,1.73233806002761,0.286723834000379,2.01906189402799,108.894343573317,107.120058397631,1.77428517568627,54,1687619,#FFEED8,#FFF9F2,#FFF1E0
955,Sincere Malone,Nicholls State,0.79006117,1.2408751,2.03093627,1800,1.66833871242424,0.725818857204865,2.3941575696291,101.882289656031,106.989578865045,-5.10728920901455,-53,1936951,#FFF7ED,#FFE9CE,#FFF1E0
956,Dylan Andrews,Boise State,2.0668301,-0.038034902,2.028795198,1465,1.44252837695627,0.0790032771410166,1.52153165409728,113.992978102255,105.192071098357,8.80090700389835,46,1898034,#FFEAD1,#FDFDFE,#FFF1E0
957,Kalen Garry,South Dakota State,1.9835903,0.044685447,2.028275747,1474,2.29463618666409,-0.0777166761163844,2.21691951054771,107.282115429595,108.609786228582,-1.32767079898701,6,1897865,#FFEBD3,#FFFEFD,#FFF1E0
958,Cooper Schwieger,Wake Forest,1.6711219,0.34926349,2.02038539,1122,0.93549947216097,0.974916854244062,1.91041632640503,114.931986547287,105.512757001406,9.41922954588119,-15,2117918,#FFEED9,#FFF8F1,#FFF1E1
959,Landon Wolf,Illinois State,1.7547017,0.26405255,2.01875425,1184,1.53689238292621,0.145170975082636,1.68206335800885,109.539472126246,102.679039114237,6.8604330120084,74,1718531,#FFEDD8,#FFFAF4,#FFF1E1
960,Justin Wright,UNC Asheville,1.9209311,0.096549232,2.017480332,1656,1.47769191212775,-0.0206990370323631,1.45699287509539,105.414727976494,106.819134700003,-1.40440672350854,24,1611880,#FFECD4,#FFFDFB,#FFF1E1
961,Xander Pintelon,Florida Atlantic,0.72421129,1.2914289,2.01564019,1004,0.361796555757993,0.943578051794304,1.3053746075523,108.98613394674,101.151764745434,7.83436920130616,67,2550737,#FFF7EE,#FFE8CC,#FFF1E1
962,Jaiden Glover-Toscano,Saint Joseph's,1.5176216,0.49514592,2.01276752,1578,2.03443376065619,-0.164661643483601,1.86977211717259,106.400642096816,100.21955212881,6.18108996800586,83,2322672,#FFF0DD,#FFF6EB,#FFF1E1
963,Anias Futrell,Lindenwood,0.84818528,1.1544218,2.00260708,1768,1.37074483756705,1.03025100076598,2.40099583833302,99.8406586062205,105.122112151549,-5.28145354532834,45,2150135,#FFF6EC,#FFEBD2,#FFF1E1
964,Javon Jackson,Murray State,1.8249723,0.17575902,2.00073132,1504,2.28066595913157,0.279416445080186,2.56008240421176,112.314932713877,108.104938024679,4.20999468919769,69,1894497,#FFEDD6,#FFFBF8,#FFF1E1
965,Austin Swartz,Creighton,1.9607368,0.035741274,1.996478074,1118,2.59785780808132,0.584516138498335,3.18237394657965,110.740226168947,105.846493989193,4.89373217975448,-40,2319602,#FFEBD3,#FFFEFD,#FFF1E1
966,Caleb Williams,Georgetown,1.7969487,0.19924083,1.99618953,1656,2.53175550700626,0.397134092089801,2.92888959909607,110.581897376958,104.036324351258,6.54557302570022,-6,2313798,#FFEDD7,#FFFBF7,#FFF1E1
967,Elijah Perryman,Utah State,0.58713434,1.4056816,1.99281594,782,2.26537742482497,1.6992861224767,3.96466354730167,111.793954315393,99.2092067129932,12.5847476023997,81,2531885,#FFF9F1,#FFE6C8,#FFF1E1
968,Jo'el Emanuel,William & Mary,1.9183594,0.072604914,1.990964314,1218,0.896472321431524,0.125105487349783,1.02157780878131,112.859705845428,105.640296817218,7.21940902820979,84,1934520,#FFECD4,#FFFDFC,#FFF1E1
969,Cooper Bowser,Furman,1.4875679,0.50258696,1.99015486,1053,2.79299072064036,0.0695015672596145,2.86249228789997,104.49256044416,106.862534698522,-2.36997425436172,-17,2146838,#FFF0DE,#FFF6EB,#FFF1E1
970,Josh Holloway,Texas A&M,0.81906407,1.1710866,1.99015067,780,0.49812061273268,0.986352614866194,1.48447322759887,116.184825769665,97.7048313947744,18.4799943748909,92,2106226,#FFF6EC,#FFEAD1,#FFF1E1
971,Michael Eley,Hampton,3.1360043,-1.1488388,1.9871655,718,4.20450820729827,-0.233638871092043,3.97086933620622,108.522160724005,113.506251046122,-4.98409032211622,-15,1921725,#FFE0B9,#CADEEF,#FFF1E1
972,Sean Newman Jr.,San Diego State,2.2987781,-0.31338535,1.98539275,847,0.621352460072697,-0.0830672998665497,0.538285160206148,113.904975013937,101.914007487287,11.9909675266499,79,2107458,#FFE8CC,#F0F6FA,#FFF1E1
973,AJ Bates,Louisiana Tech,1.9622121,0.02077896,1.98299106,1724,1.83901529177172,-0.215309620074225,1.6237056716975,103.710160185119,104.265756863217,-0.555596678098014,49,2307384,#FFEBD3,#FFFEFE,#FFF2E1
974,All Wright,Xavier,2.742217,-0.75988076,1.98233624,1296,3.16286425537392,-0.294125800702086,2.86873845467184,113.179337322451,107.504328864604,5.67500845784719,-11,2324122,#FFE4C2,#DCE9F4,#FFF2E1
975,Kevair Kennedy,Merrimack,1.488662,0.48195752,1.97061952,1986,2.06652630413325,-0.0444962741994926,2.02203002993376,104.927773844319,103.407156103091,1.52061774122771,110,2566998,#FFF0DE,#FFF6EC,#FFF2E1
976,Adrian McIntyre,San Diego,2.3539322,-0.39372455,1.96020765,1322,3.3589850097504,-0.0788309088982656,3.28015410085213,106.010217261045,111.357230250085,-5.34701298904012,-88,2170197,#FFE7CA,#ECF3F9,#FFF2E1
977,Jake Heidbreder,Fresno State,1.3463157,0.60459753,1.95091323,1876,1.66378144471275,0.282755259809086,1.94653670452183,101.873108148062,102.228197929361,-0.355089781299545,-25,1688619,#FFF1E1,#FFF4E7,#FFF2E2
978,Jaylen Smith,East Tennessee State,1.6056889,0.34086163,1.94655053,1326,0.627874945778588,0.414244522010531,1.04211946778912,110.536490012554,105.525239176252,5.01125083630234,130,2107334,#FFEFDB,#FFF9F1,#FFF2E2
979,Zyree Collins,Austin Peay,1.1211579,0.82337652,1.94453442,1552,1.06611063475306,0.689399540769601,1.75551017552266,108.814610121141,104.409470729986,4.40513939115581,148,2474113,#FFF4E6,#FFF0DE,#FFF2E2
980,Tahlan Pettway,Western Carolina,2.1890012,-0.2513963,1.9376049,1052,2.75572108526848,-0.372164601038864,2.38355648422961,109.134746289812,108.428737467074,0.706008822737836,34,2532787,#FFE9CE,#F3F7FB,#FFF2E2
981,Gus Yalden,Vermont,2.340335,-0.40362778,1.93670722,1283,3.53473976152341,-0.571463690196887,2.96327607132652,107.332422826236,109.608518577649,-2.2760957514129,190,2093088,#FFE8CB,#ECF3F9,#FFF2E2
982,Kael Combs,Iowa,0.7900072,1.1438276,1.9338348,1334,1.23064956410078,0.591490208081168,1.82213977218195,116.22465949288,95.2103609090029,21.0142985838769,150,2118750,#FFF7ED,#FFEBD2,#FFF2E2
983,Efe Demirel,Grand Canyon,0.17353513,1.7595809,1.93311603,1226,0.665495582689611,0.865825102072777,1.53132068476239,107.832451213406,96.0159911417012,11.8164600717052,117,2478447,#FFFDFB,#FFE0BA,#FFF2E2
984,Adam Hinton,Cornell,2.9061337,-0.97858248,1.92755122,1190,3.1034575569808,-0.0941270554278018,3.009330501553,117.859871470339,116.233956586686,1.62591488365351,75,1936762,#FFE2BE,#D2E3F2,#FFF2E2
985,Nick Ellington,George Mason,-0.26205145,2.1874238,1.92537235,622,-0.00479668705614569,0.247119030507597,0.242322343451452,105.268283298979,94.849947239603,10.4183360593757,73,1936957,#F7FAFC,#FFD9A9,#FFF2E2
986,Kaden Metheny,Liberty,3.1050619,-1.1810023,1.9240596,1663,3.11902632714191,-0.981842366330884,2.13718396081103,115.197978999692,110.238470707416,4.95950829227656,126,1607446,#FFE0BA,#C8DDEF,#FFF2E2
987,Raysean Seamster,UT Arlington,0.47052215,1.4535069,1.92402905,1516,0.628277669395116,1.0927103385268,1.72098800792191,100.924414989606,100.481585373919,0.44282961568689,29,2299492,#FFFAF4,#FFE5C6,#FFF2E2
988,Eric Freeny,UCLA,0.21469215,1.7082487,1.92294085,452,-1.01549496989694,-0.245719422575064,-1.261214392472,118.208592845589,91.4650809876732,26.7435118579162,51,2321464,#FFFCFA,#FFE1BC,#FFF2E2
989,Jalen Shelley,Loyola Marymount,0.47036108,1.4520236,1.92238468,1317,0.620360812978467,0.861100314765815,1.48146112774428,103.561335426086,101.631707583965,1.92962784212158,24,2328171,#FFFAF4,#FFE6C6,#FFF2E2
990,David Fuchs,San Francisco,0.99731754,0.91933069,1.91664823,1141,2.24087321170489,0.699369041098316,2.9402422528032,105.868549099375,105.123576464734,0.744972634641039,10,2125980,#FFF5E8,#FFEFDB,#FFF2E2
991,Grant Asman,Lipscomb,0.77862055,1.1367882,1.91540875,1532,1.7602651055376,0.976891359684824,2.73715646522242,105.883537377382,105.308336064636,0.575201312746354,28,1726242,#FFF7ED,#FFEBD2,#FFF2E2
992,ND Okafor,Washington State,0.51681041,1.3964169,1.91322731,1244,0.404046273139099,1.52140204156959,1.92544831470869,110.763105024503,106.372475312136,4.39062971236701,19,1908910,#FFF9F3,#FFE6C8,#FFF2E2
993,Christian Gurdak,Virginia Tech,0.30354402,1.6041933,1.90773732,873,1.51133633415229,0.0875356265030571,1.59887196065535,109.857077221309,95.4520208327531,14.4050563885559,59,2481295,#FFFCF8,#FFE3C0,#FFF2E2
994,TJ Hurley,Vermont,2.5791847,-0.68129859,1.89788611,1626,2.9897568389839,-1.36185590779259,1.6279009311913,106.104391976638,107.770270482423,-1.66587850578495,131,1925054,#FFE5C5,#DFEBF5,#FFF2E2
995,Jose Roberto Tanchyn,UMBC,0.55995945,1.3368442,1.89680365,910,-0.263242815937307,0.334464882574982,0.0712220666376751,111.335167150835,102.932109429915,8.4030577209198,183,2161207,#FFF9F2,#FFE8CA,#FFF2E2
996,Aleksas Bieliauskas,Wisconsin,1.2669163,0.629601,1.8965173,1136,0.739675011884193,0.805793043837131,1.54546805572132,123.036914758312,101.908790188411,21.128124569901,73,2491503,#FFF2E2,#FFF4E6,#FFF2E2
997,Jaiun Simon,Dayton,0.48548272,1.4103726,1.89585532,984,1.17139753753691,0.949771862174621,2.12116939971153,107.80464855899,95.9501183685851,11.8545301904052,52,2119734,#FFFAF4,#FFE6C8,#FFF2E2
998,Marcus Banks,Massachusetts,2.174095,-0.27901175,1.89508325,1898,2.76784524775687,-0.386978993972758,2.38086625378411,106.693264850056,107.541635614041,-0.848370763984563,65,1725592,#FFE9CE,#F2F7FB,#FFF2E2
999,Orlando Lovejoy,Detroit,1.4104727,0.47965879,1.89013149,1654,1.92510111328429,1.0006626816821,2.92576379496639,105.243030834775,108.912368379326,-3.66933754455112,-58,1930434,#FFF1DF,#FFF6EC,#FFF2E2
1000,Samuel Dada,Western Carolina,1.7665011,0.11596717,1.88246827,1004,1.86490844243655,1.09162970451115,2.9565381469477,112.903728197735,112.758881710978,0.144846486756944,33,2473112,#FFEDD7,#FFFDFA,#FFF2E3
1001,Kolton Mitchell,Idaho,2.0568682,-0.17908831,1.87777989,1584,1.8467787913145,0.0446626657670069,1.89144145708151,106.966442464441,107.031967856239,-0.0655253917975163,55,2092791,#FFEAD1,#F6F9FC,#FFF2E3
1002,Tamario Adley,Central Michigan,2.0994347,-0.22171203,1.87772267,1470,2.26294772266888,0.800666572119038,3.06361429478791,105.987707900559,112.578526381773,-6.59081848121461,-62,2138717,#FFEAD0,#F4F8FC,#FFF2E3
1003,Francis Folefac,Siena,0.33111128,1.5399594,1.87107068,1522,1.50251977626639,0.538716751294213,2.0412365275606,103.862777950088,102.019067033842,1.8437109162454,112,2506627,#FFFBF7,#FFE4C3,#FFF2E3
1004,Jared Turner,Old Dominion,1.528594,0.34140405,1.86999805,1187,0.682177698550934,0.0568804643588425,0.739058162909776,105.142441322979,107.622153209284,-2.47971188630542,14,1889834,#FFF0DD,#FFF9F1,#FFF2E3
1005,Michael Cooper,Wright State,2.8374457,-0.96949163,1.86795407,1254,2.35416966621843,-0.359069652429456,1.99510001378897,113.515819651985,109.139555891227,4.37626376075799,90,2472209,#FFE3C0,#D2E3F2,#FFF2E3
1006,Elijah Elliott,New Mexico State,1.7982443,0.069605142,1.867849442,945,1.23250005462729,0.200764013593852,1.43326406822114,112.034416291863,107.986888039405,4.04752825245875,79,1602759,#FFEDD7,#FFFDFC,#FFF2E3
1007,Ryan Kalambay,Detroit,-0.040680673,1.9072267,1.866546027,1042,-0.176237786054267,1.52473660158585,1.34849881553158,108.334083858675,104.228235205183,4.1058486534916,37,2319571,#FDFEFE,#FFDEB4,#FFF2E3
1008,Enel St. Bernard,Indiana State,0.15808364,1.7050331,1.86311674,886,-0.0583028350385048,1.61035268078038,1.55204984574188,105.003265928868,104.122839786618,0.880426142249791,0,2503126,#FFFDFB,#FFE1BC,#FFF2E3
1009,DJ Richards,McNeese State,2.1569075,-0.29427532,1.86263218,1163,0.536582510740066,-0.393669637939632,0.142912872800434,111.594005338751,101.672521700213,9.92148363853764,202,1908588,#FFE9CF,#F1F6FB,#FFF2E3
1010,Tey Barbour,Harvard,2.0672775,-0.2085044,1.8587731,1540,2.58476221518479,-0.182307180224011,2.40245503496078,106.90757079081,103.909787955537,2.99778283527294,88,2292721,#FFEAD1,#F5F9FC,#FFF2E3
1011,Jaylin Henderson,Portland State,0.80264702,1.0514578,1.85410482,1854,1.31100252670016,0.680194663397235,1.9911971900974,102.349470202522,100.819659504304,1.52981069821876,86,2107459,#FFF7ED,#FFECD6,#FFF2E3
1012,Keaton Norris,Samford,1.6657306,0.18756147,1.85329207,1577,1.69932264879769,-0.52868724161948,1.17063540717821,108.671278876359,106.051919605285,2.61935927107462,103,1702441,#FFEEDA,#FFFBF7,#FFF2E3
1013,Brandon Noel,Ohio State,1.6029978,0.2499038,1.8529016,525,0.803784396631846,-0.279862302791908,0.523922093839938,119.236311067559,104.097794867621,15.1385161999374,62,1608265,#FFEFDB,#FFFAF5,#FFF2E3
1014,Davion Hill,Ball State,1.8989455,-0.046992432,1.851953068,1294,1.94629500568272,0.672691011176118,2.61898601685884,102.137582350875,109.222098156294,-7.08451580541973,-45,2506666,#FFECD4,#FCFDFE,#FFF2E3
1015,Nojus Indrusaitis,Pittsburgh,1.616402,0.23527719,1.85167919,1252,2.35362832775016,1.12890641524279,3.48253474299296,110.128571101028,106.076764085712,4.05180701531558,-32,2264328,#FFEFDB,#FFFAF5,#FFF2E3
1016,Sam Silverstein,Illinois-Chicago,0.76328518,1.085703,1.84898818,1133,0.229059589451205,1.02514108275824,1.25420067220945,108.612010507889,102.559063334431,6.05294717345819,14,1605350,#FFF7EE,#FFECD4,#FFF2E3
1017,Elijah Saunders,Maryland,1.5974817,0.25125717,1.84873887,1691,2.26140031680469,0.772716131433359,3.03411644823805,106.668272785709,107.116251914301,-0.447979128591847,-158,1890322,#FFEFDB,#FFFAF5,#FFF2E3
1018,Ethan Roberts,Penn,2.2583911,-0.41212278,1.84626832,1192,1.42314219971917,-0.266724361311246,1.15641783840793,107.170270840047,105.856553360491,1.31371747955646,14,1933824,#FFE8CC,#ECF3F9,#FFF2E3
1019,Peter Bandelj,Cal Poly,2.1316078,-0.28756485,1.84404295,1764,1.82571417213342,-0.25800641295645,1.56770775917697,105.659018362223,109.364264663786,-3.7052463015631,-11,2318756,#FFEACF,#F1F6FB,#FFF2E3
1020,Melih Tunca,Penn State,2.0846051,-0.25138751,1.83321759,1193,1.3085919569189,0.594528461399532,1.90312041831843,112.40163839397,111.89938726414,0.502251129829401,-80,2506625,#FFEAD0,#F3F7FB,#FFF2E3
1021,Kayvaun Mulready,Georgetown,0.95430511,0.87625461,1.83055972,878,1.24544621965528,1.7091514623273,2.95459768198258,109.901119126359,102.813639339719,7.08747978664033,-26,2313816,#FFF5E9,#FFEFDC,#FFF3E3
1022,Omaha Biliew,Wake Forest,0.95286295,0.87610075,1.8289637,1119,0.924003455822599,0.829633354619864,1.75363681044246,113.290827503496,102.144521300038,11.146306203458,34,2099049,#FFF5E9,#FFEFDC,#FFF3E3
1023,Jackson Paveletzke,Ohio,2.9789238,-1.1550388,1.823885,1952,3.44932698360891,-0.477159921910477,2.97216706169843,106.66564010678,112.455715843479,-5.79007573669863,-92,1889966,#FFE1BD,#CADEEF,#FFF3E3
1024,Aidan Hadaway,Ohio,1.3423885,0.48060149,1.82298999,1718,1.48667125385886,0.657039756545112,2.14371101040397,107.147002876731,109.493169751938,-2.34616687520766,-2,1916861,#FFF1E1,#FFF6EC,#FFF3E3
1025,Jakevion Buckley,New Orleans,0.59227591,1.2306208,1.82289671,1913,0.56044355400401,0.941470537287019,1.50191409129103,103.916032962506,106.510290822978,-2.59425786047192,-65,1948695,#FFF9F1,#FFE9CF,#FFF3E3
1026,Zaire Williams,Mercer,1.8686704,-0.04800372,1.82066668,1510,1.98508713789894,0.0288637434481944,2.01395088134713,111.524285028408,108.740991887761,2.78329314064774,76,1687536,#FFECD5,#FCFDFE,#FFF3E3
1027,Quion Williams,Arkansas-Pine Bluff,1.4101345,0.41017274,1.82030724,1926,1.78928258473358,0.686614397647919,2.4758969823815,100.184254402441,114.246415185928,-14.0621607834865,-186,1923950,#FFF1DF,#FFF7EF,#FFF3E4
1028,Yaphet Moundi,San Jose State,0.59998771,1.2182329,1.81822061,544,1.22844498510175,0.509116486879717,1.73756147198146,106.428272851193,108.975343798925,-2.5470709477323,-17,2297038,#FFF9F1,#FFEACF,#FFF3E4
1029,Ben Vander Wal,Furman,1.8577571,-0.042537205,1.815219895,1481,1.29561091649755,0.288832477481506,1.58444339397905,108.096135079544,106.958467679928,1.13766739961592,25,1908364,#FFECD5,#FDFDFE,#FFF3E4
1030,Todd Brogna,Merrimack,0.21788403,1.5951117,1.81299573,1582,0.546722665482817,1.12000007435246,1.66672273983527,102.95834581203,101.518322715864,1.44002309616538,78,2140414,#FFFCFA,#FFE3C0,#FFF3E4
1031,Styles Phipps,Pepperdine,1.6302001,0.18095069,1.81115079,1800,2.81375436941351,1.00234887770677,3.81610324712027,99.9939760924597,111.937795774411,-11.9438196819508,-203,2283671,#FFEFDA,#FFFBF7,#FFF3E4
1032,Brayden Fagbemi,UC Davis,0.88010362,0.93044462,1.81054824,1380,0.994284504523387,0.474926579312238,1.46921108383563,102.037306962403,105.05140444342,-3.01409748101626,-4,2153918,#FFF6EB,#FFEEDA,#FFF3E4
1033,Omer Mayer,Purdue,2.2592455,-0.45098778,1.80825772,784,1.86962910355675,-0.0137747981658839,1.85585430539087,124.834735404702,105.277764471515,19.5569709331874,64,2486713,#FFE8CC,#EAF2F9,#FFF3E4
1034,Ben Oosterbaan,St. Thomas (MN),0.94185797,0.86508915,1.80694712,1270,1.08001766524103,0.111165026349562,1.19118269159059,111.520260664737,102.810010911909,8.71024975282822,173,2106781,#FFF5EA,#FFF0DD,#FFF3E4
1035,Tyler Spratt,Detroit,2.1341977,-0.3323095,1.8018882,1306,2.27263014959372,0.255719313180021,2.52834946277374,109.418313604862,109.706308823336,-0.287995218473913,4,2301672,#FFEACF,#EFF5FA,#FFF3E4
1036,Mike Williams III,Seton Hall,0.19449267,1.6022815,1.79677417,1152,0.73920889704499,1.17551359339064,1.91472249043563,105.844390473464,93.2678364749973,12.576553998467,44,2098797,#FFFDFA,#FFE3C0,#FFF3E4
1037,Torey Alston,Middle Tennessee,0.59361286,1.2008759,1.79448876,1457,1.00913153003926,1.01276170869712,2.02189323873639,105.831293153633,105.474357098114,0.356936055518853,-9,2110420,#FFF9F1,#FFEAD0,#FFF3E4
1038,Erik Pratt,Stony Brook,1.8903885,-0.098363854,1.792024646,1686,1.89206239539211,0.189945378956795,2.08200777434891,103.921773118814,108.699656411785,-4.77788329297095,-13,1895644,#FFECD5,#FAFCFD,#FFF3E4
1039,Nicholas Shogbonyo,Texas A&M-Corpus Christi,1.1412362,0.63639893,1.77763513,1178,1.06227092746063,-0.327024995501587,0.73524593195904,103.06009263031,100.836951735249,2.22314089506135,51,2306705,#FFF3E5,#FFF4E6,#FFF3E4
1040,Arnas Sakenis,SIU Edwardsville,-0.068897887,1.846167,1.777269113,1234,0.72229091954953,-0.0162579253776664,0.706032994171863,97.9158992034664,97.6976557127643,0.218243490702053,84,1933140,#FCFDFE,#FFDFB7,#FFF3E4
1041,Tom Beattie,UC San Diego,0.49430312,1.2810632,1.77536632,1780,2.06613602237429,0.342440819727072,2.40857684210136,101.156982473601,98.7960543934006,2.3609280802005,91,2114815,#FFFAF4,#FFE8CD,#FFF3E4
1042,Tylik Weeks,Southern Mississippi,1.3444164,0.42189905,1.76631545,1961,1.6485650887915,-0.0640324189732061,1.5845326698183,103.394502833564,104.527061496008,-1.13255866244417,52,2496768,#FFF1E1,#FFF7EE,#FFF3E4
1043,Noah Feddersen,North Dakota State,1.2819535,0.47818214,1.76013564,1119,1.50174658173436,-0.189189138933406,1.31255744280095,108.797254299492,103.767735568378,5.02951873111386,106,1932417,#FFF2E2,#FFF6EC,#FFF3E4
1044,Austin Williford,Saint Joseph's,0.46076103,1.2992588,1.76001983,1344,0.675813801949852,0.828580214773532,1.50439401672338,106.16479269266,99.5624194784951,6.60237321416473,52,2486700,#FFFAF4,#FFE8CC,#FFF3E4
1045,Nils Cooper,UC Davis,1.5797555,0.18014561,1.75990111,1110,1.45367369810887,0.574840125591186,2.02851382370005,105.895516769631,108.81717910612,-2.92166233648863,12,2098968,#FFEFDC,#FFFBF7,#FFF3E4
1046,Amari Reed,UT Arlington,-0.29533216,2.0521284,1.75679624,508,-2.16108936749618,0.586373646711569,-1.57471572078461,106.706490816336,92.3429193116088,14.3635715047273,92,2540427,#F6F9FC,#FFDBAF,#FFF3E4
1047,Dasonte Bowen,Saint Bonaventure,1.683504,0.072893566,1.756397566,1900,1.93447218195797,0.0762923339934751,2.01076451595144,111.123559751839,107.351841983435,3.77171776840437,40,1896057,#FFEED9,#FFFDFC,#FFF3E4
1048,Roberts Blums,Davidson,1.9154727,-0.16156201,1.75391069,1066,3.05809817822082,-0.370178831944236,2.68791934627659,108.296377466961,102.592417757875,5.70395970908666,65,2306471,#FFECD4,#F7FAFC,#FFF3E4
1049,Daimion Collins,South Florida,0.64489655,1.1076328,1.75252935,798,0.292631224199227,1.09954168606868,1.3921729102679,112.791942016561,103.11763667685,9.67430533971139,55,1687391,#FFF8F0,#FFEBD3,#FFF3E5
1050,Jabez Jenkins,Belmont,-0.18252721,1.9323736,1.74984639,1312,-0.350103952632074,0.777210830081016,0.427106877448942,114.5922503728,99.1127645635262,15.4794858092737,147,2311328,#F9FBFD,#FFDDB3,#FFF3E5
1051,Achor Achor,Mississippi State,0.40374186,1.3436655,1.74740736,1032,-0.374407577936485,2.31330940065312,1.93890182271663,109.794485743939,104.185559962656,5.60892578128247,-80,1894336,#FFFBF6,#FFE7CA,#FFF3E5
1052,Darren Harris,Duke,1.2710044,0.47499289,1.74599729,568,2.25383449248973,-0.591686660350391,1.66214783213934,116.61249461266,90.4055710755422,26.2069235371176,136,2319987,#FFF2E2,#FFF6EC,#FFF3E5
1053,Elijah Malone,Colorado,0.4413495,1.3046284,1.7459779,700,-0.0152029787389042,0.750848215982894,0.735645237243989,112.705457705679,103.41239450508,9.29306320059839,21,2317075,#FFFAF5,#FFE8CC,#FFF3E5
1054,Timotej Malovec,Miami (Fla.),1.2786328,0.46473694,1.74336974,846,0.584999421846808,0.0061558253924586,0.591155247239266,119.166137931385,99.7591206867051,19.4070172446798,177,2507187,#FFF2E2,#FFF7EC,#FFF3E5
1055,Christian Henry,Fordham,0.538443,1.2025938,1.7410368,1286,0.685546729456254,0.564551256247215,1.25009798570347,101.590773507218,99.7811627268655,1.80961078035285,66,2283307,#FFF9F3,#FFEAD0,#FFF3E5
1056,Christian Bliss,Delaware,1.7638968,-0.024924566,1.738972234,1920,2.68084573133094,0.877168967436247,3.55801469876718,100.744154680897,113.075145841494,-12.3309911605971,-189,2097929,#FFEDD7,#FDFEFE,#FFF3E5
1057,Matas Deniusas,Tennessee-Martin,0.93553396,0.79682885,1.73236281,1354,1.81156263010845,0.10582163540828,1.91738426551673,101.157565257314,101.558922500551,-0.401357243237066,112,2505178,#FFF5EA,#FFF1DF,#FFF3E5
1058,Jordan Battle,Old Dominion,1.9719796,-0.24109147,1.73088813,1871,2.83511232182484,0.156883731104314,2.99199605292916,102.545367521414,110.13242952946,-7.58706200804617,-86,1702408,#FFEBD3,#F3F8FB,#FFF3E5
1059,Jordan Frison,Chattanooga,2.6008964,-0.87069951,1.73019689,1554,3.72350854265624,-0.213976286159134,3.50953225649711,103.927303732486,114.270541762507,-10.3432380300211,-77,2126360,#FFE5C5,#D7E6F3,#FFF3E5
1060,Jerrell Bellamy,Troy,1.0973651,0.63198171,1.72934681,861,0.834519125960574,0.499414479994054,1.33393360595463,112.939289255935,104.624044425092,8.31524483084392,111,2114199,#FFF4E6,#FFF4E6,#FFF3E5
1061,Thierry Darlan,Santa Clara,0.65309047,1.0667068,1.71979727,1034,0.638291704403524,1.11369494945058,1.7519866538541,117.682259541937,102.679327793367,15.0029317485698,120,2536840,#FFF8F0,#FFECD5,#FFF3E5
1062,Davian Brown,Montana State,1.8423369,-0.13561193,1.70672497,758,2.91657141051152,-0.66092912017347,2.25564229033805,108.23135587541,104.48950068379,3.7418551916202,55,2353459,#FFECD6,#F8FBFD,#FFF3E5
1063,Jordan Mason,Temple,1.2309928,0.47230158,1.70329438,1722,1.43876436464029,-0.136204335198746,1.30256002944154,109.152844501204,105.726263206331,3.4265812948731,105,1890897,#FFF2E3,#FFF6EC,#FFF3E5
1064,Chase Johnston,High Point,2.4332875,-0.73378296,1.69950454,646,4.00302803888864,-0.86176021223838,3.14126782665026,116.593051241478,106.880764567295,9.71228667418289,124,1469586,#FFE7C9,#DDEAF5,#FFF3E5
1065,Joshua O'Garro,Cal State Northridge,1.0759611,0.62266414,1.69862524,1995,1.26794098770438,0.546918755504891,1.81485974320927,105.507244455,107.670577531518,-2.16333307651813,17,1602934,#FFF4E7,#FFF4E6,#FFF3E5
1066,Jacob Bannarbie,UNLV,1.2912848,0.40672632,1.69801112,802,0.762293883253733,1.15170645293847,1.9140003361922,116.669690642083,108.124234843666,8.54545579841655,60,2126212,#FFF2E2,#FFF8EF,#FFF3E5
1067,Robert Hinton,Harvard,0.9140956,0.78174589,1.69584149,1524,1.57821137482521,0.369383547962489,1.9475949227877,102.794986920642,102.66428892435,0.130697996291596,43,2292701,#FFF6EA,#FFF1E0,#FFF3E5
1068,Braden Hausen,High Point,1.2508726,0.44027368,1.69114628,1142,1.56491460747189,-0.805248600651341,0.759666006820547,115.745961694078,100.89962265396,14.846339040118,271,2321245,#FFF2E3,#FFF7ED,#FFF3E5
1069,Imanuel Zorgvol,Youngstown State,-0.47680366,2.1671271,1.69032344,712,-0.824252870021472,2.06524092857963,1.24098805855816,106.418535750276,104.06623544846,2.35230030181603,-12,1727644,#F0F6FA,#FFD9AA,#FFF3E5
1070,Jan Vide,Loyola Marymount,0.80378875,0.88100227,1.68479102,1261,-0.0160867864061469,0.0775763967961442,0.0614896103899974,107.364993997524,102.342906387329,5.02208761019574,48,2106228,#FFF7ED,#FFEFDC,#FFF3E6
1071,Kaleb Banks,DePaul,0.83955303,0.84466365,1.68421668,854,0.738285942561763,-0.0288370229130826,0.709448919648681,104.556409575123,98.7990991956097,5.75731037951319,31,1916395,#FFF6EC,#FFF0DE,#FFF3E6
1072,Shane Blakeney,Drexel,0.57635331,1.1058838,1.68223711,1804,1.05348098733812,0.608917939975767,1.66239892731388,100.428229983167,103.149662328017,-2.72143234484938,23,1910949,#FFF9F2,#FFEBD3,#FFF3E6
1073,Braden Sparks,Fairfield,2.1136704,-0.43242058,1.68124982,1876,3.08379647165131,-0.951538091654116,2.13225837999719,104.612667353472,108.006933580211,-3.3942662267388,88,1926311,#FFEAD0,#EBF2F9,#FFF3E6
1074,Harlan Obioha,West Virginia,-0.85159815,2.5321517,1.68055355,1028,0.0278678708831639,0.568212193256483,0.596080064139647,102.923573050893,88.043777628021,14.8797954228718,84,1925357,#E5EFF7,#FFD39C,#FFF3E6
1075,Brett White,Oakland,2.2133382,-0.53356587,1.67977233,1310,1.55000036451111,0.0775988408153996,1.62759920532651,116.318306705152,111.404663017237,4.91364368791465,66,2474149,#FFE9CD,#E6EFF7,#FFF3E6
1076,Tae Simmons,San Diego State,0.97359492,0.70203386,1.67562878,762,1.04601001452651,0.0523206184570948,1.09833063298361,110.87026780709,97.1450151603538,13.7252526467364,64,2487207,#FFF5E9,#FFF2E3,#FFF4E6
1077,Djahi Binet,Southern Mississippi,0.84287143,0.83066014,1.67353157,1575,1.90889921077913,0.318739673921133,2.22763888470026,100.912777416503,102.696654662476,-1.78387724597309,27,2118863,#FFF6EC,#FFF0DE,#FFF4E6
1078,Oskar Giltay,Stanford,-0.9056349,2.5769088,1.6712739,754,-0.314771848078192,2.5616930237797,2.24692117570151,107.101271845678,98.7087632383579,8.39250860732064,-9,2484137,#E3EEF7,#FFD29A,#FFF4E6
1079,LJ Hackman,Western Kentucky,0.58850034,1.081389,1.66988934,1170,0.700625098902591,0.602216182936883,1.30284128183947,106.557019487761,103.02730806132,3.52971142644143,52,2504108,#FFF9F1,#FFECD4,#FFF4E6
1080,Jack Collins,Monmouth,0.8139711,0.85545158,1.66942268,1787,-0.165478038125927,0.683433517084767,0.517955478958839,102.980088237388,103.69113352091,-0.711045283521416,13,1925673,#FFF7EC,#FFF0DD,#FFF4E6
1081,Lassina Traore,Texas,0.59990597,1.0686105,1.66851647,584,-1.06851899354708,0.839914105450516,-0.228604888096568,118.719895735968,103.673353160851,15.0465425751164,46,1722932,#FFF9F1,#FFECD5,#FFF4E6
1082,Braedan Lue,Kennesaw State,0.44443444,1.2213031,1.66573754,1496,0.70776784308642,1.39529291783095,2.10306076091737,108.1379110271,107.066895837697,1.07101518940247,37,2334144,#FFFAF5,#FFE9CF,#FFF4E6
1083,Cam'Ron Fletcher,High Point,1.8291819,-0.16348969,1.66569221,838,1.91925802486019,0.765506056189282,2.68476408104947,117.721265961046,110.356453455321,7.36481250572458,120,1602304,#FFEDD6,#F7FAFC,#FFF4E6
1084,Brandon Mitchell-Day,Dartmouth,0.021807571,1.6389632,1.660770771,1248,0.213500116939298,1.25361760843012,1.46711772536942,98.7393916441171,107.324244658759,-8.58485301464162,-69,1932309,#FFFEFE,#FFE2BF,#FFF4E6
1085,Grant Newell,Western Kentucky,1.1151643,0.5417167,1.656881,1398,1.72095708870777,-0.110031095754682,1.61092599295309,106.500017674439,104.197129853142,2.30288782129759,51,1908909,#FFF4E6,#FFF5E9,#FFF4E6
1086,Brian Moore Jr.,Grand Canyon,2.0783651,-0.4220893,1.6562758,1373,1.28298504327381,-0.299421814911597,0.983563228362209,110.85061582493,101.028528800219,9.82208702471061,118,1909074,#FFEAD0,#EBF3F9,#FFF4E6
1087,Jadis Jones,Lindenwood,1.5730907,0.078676607,1.651767307,1590,2.40586544869533,-0.212643784127379,2.19322166456795,100.087823433326,104.997907332025,-4.91008389869825,25,2319958,#FFEFDC,#FFFDFB,#FFF4E6
1088,Zach Davis,Memphis,0.18681631,1.4647481,1.65156441,1104,-0.683018169020391,1.43711918922702,0.754101020206631,107.62505852583,102.441820775014,5.18323775081575,12,1917733,#FFFDFA,#FFE5C5,#FFF4E6
1089,Shilo Jackson,Le Moyne,1.0422484,0.60754056,1.64978896,1400,1.84701662169633,-0.212129525814018,1.63488709588231,100.685500581404,106.868202232337,-6.18270165093291,14,2117024,#FFF4E7,#FFF4E7,#FFF4E6
1090,Carl Cherenfant,McNeese State,0.38681379,1.2620755,1.64888929,819,-0.265369156063859,0.854758896286404,0.589389740222545,114.06005344968,96.8775491649473,17.182504284733,117,2096193,#FFFBF6,#FFE9CD,#FFF4E6
1091,Colin Smith,UC Santa Barbara,1.8152456,-0.17169679,1.64354881,1498,1.89037761494281,-1.05048993672925,0.839887678213565,110.092768066719,105.205462655146,4.88730541157301,136,1897598,#FFEDD6,#F7FAFC,#FFF4E6
1092,Sergej Macura,Mississippi State,0.76457262,0.8770781,1.64165072,916,0.430252426943954,0.786864932631373,1.21711735957533,111.5042310614,102.843696954766,8.66053410663385,-13,2506917,#FFF7EE,#FFEFDC,#FFF4E6
1093,Garrett Sundra,Notre Dame,-0.063841353,1.7049854,1.641144047,916,-0.0246648748354891,0.125043944291859,0.10037906945637,108.249217369454,96.5715469299227,11.6776704395314,33,2283123,#FDFDFE,#FFE1BC,#FFF4E6
1094,Ethan Copeland,Stetson,1.9889826,-0.34808032,1.64090228,1712,2.15981367202224,0.179248522920333,2.33906219494258,103.954380748698,113.597351655054,-9.64297090635535,-106,2536198,#FFEBD2,#EFF5FA,#FFF4E6
1095,Dayton Forsythe,Oklahoma,1.6648088,-0.028730518,1.636078282,816,0.390097088987619,-0.0447071748480555,0.345389914139564,118.213146466192,104.952706720718,13.2604397454735,37,2280425,#FFEEDA,#FDFEFE,#FFF4E6
1096,Abdul Momoh,Illinois-Chicago,0.20619603,1.4291507,1.63534673,1251,0.416049621525839,0.708446041069261,1.1244956625951,107.308659394392,99.8654000329538,7.44325936143807,85,1687640,#FFFCFA,#FFE6C7,#FFF4E6
1097,MJ Thomas,New Orleans,1.4233958,0.20848782,1.63188362,1508,1.72882203106593,0.624983424590882,2.35380545565681,105.117672745492,110.234595197112,-5.11692245162061,-76,2329985,#FFF1DF,#FFFBF6,#FFF4E6
1098,Shawn Phillips Jr.,Missouri,-0.3813795,2.012089,1.6307095,1012,-0.593596570369397,2.27739993944274,1.68380336907335,115.806643626676,101.052015039135,14.754628587541,16,1912208,#F3F7FB,#FFDCB0,#FFF4E6
1099,Hunter Erickson,Hawaii,0.62603044,1.0000869,1.62611734,1718,0.719661976863707,-0.00170665524145221,0.717955321622255,104.749640468151,98.786114182855,5.96352628529643,211,1589544,#FFF8F1,#FFEDD8,#FFF4E6
1100,DeShawn Gory,Fresno State,1.00287,0.6205803,1.6234503,1592,1.2632561023948,0.981870363025425,2.24512646542022,104.429792037548,104.993659750937,-0.563867713388833,-63,2543794,#FFF5E8,#FFF4E6,#FFF4E6
1101,Greg Gordon,Long Island,1.2428083,0.3803433,1.6231516,1988,1.58739215189706,0.389026510867098,1.97641866276415,102.857864448821,105.246138687528,-2.38827423870684,75,2114126,#FFF2E3,#FFF8F0,#FFF4E6
1102,Jayden Epps,Mississippi State,1.616993,0.0034189996,1.6204119996,1473,1.54649172178199,0.779141533608049,2.32563325539004,108.769799863586,106.427909572616,2.34189029096965,-138,1909621,#FFEFDB,#FFFEFE,#FFF4E6
1103,Jalen Haynes,Southern Illinois,0.32384067,1.2908316,1.61467227,1108,0.871834075046123,0.527506945400703,1.39934102044683,101.716668813983,97.487957761823,4.22871105215989,45,2563448,#FFFBF7,#FFE8CC,#FFF4E7
1104,Danilo Jovanovich,Milwaukee,1.8014718,-0.18753038,1.61394142,850,2.75930808259803,-0.0188109369214045,2.74049714567663,106.039870127468,110.331518041411,-4.29164791394296,-62,1945157,#FFEDD7,#F6F9FC,#FFF4E7
1105,Daniel Rivera,UAB,0.46329603,1.146767,1.61006303,1578,1.03421030446456,0.55921006455117,1.59342036901573,105.618162383504,103.560863243367,2.05729914013617,30,1927161,#FFFAF4,#FFEBD2,#FFF4E7
1106,Tanner Toolson,TCU,1.6633279,-0.060305315,1.603022585,1256,1.61868540714314,0.36733793453991,1.98602334168305,113.345309065129,100.82926439226,12.5160446728694,25,1906893,#FFEEDA,#FCFDFE,#FFF4E7
1107,Jack Stanton,Princeton,1.480147,0.12041432,1.60056132,1136,2.21643208985121,-0.249701285644419,1.96673080420679,102.850839520821,108.1147807838,-5.26394126297942,-64,2306442,#FFF0DE,#FFFCFA,#FFF4E7
1108,Max Green,Northwestern,1.2818562,0.315626,1.5974822,554,0.34644667862057,0.503903837547591,0.850350516168162,115.743902698652,101.814153970212,13.9297487284394,60,2299338,#FFF2E2,#FFF9F2,#FFF4E7
1109,Quel'Ron House,Southern Illinois,0.063563218,1.5327059,1.596269118,1549,1.01141680213494,0.664592431042507,1.67600923317745,98.7825208777147,97.3893391669547,1.39318171076004,21,2303546,#FFFEFD,#FFE4C3,#FFF4E7
1110,Jaden Daughtry,Marist,-1.4306098,3.0266784,1.5960686,1054,-2.03333921284373,1.8677757598985,-0.165563452945232,100.317202856354,96.6027382115336,3.71446464482078,71,1917761,#D4E4F2,#FFCA89,#FFF4E7
1111,Tahj Staveskie,Incarnate Word,2.1727725,-0.57990352,1.59286898,1643,2.93674883077697,-0.369806079139597,2.56694275163737,104.992520042677,112.678994622598,-7.68647457992078,-85,1697774,#FFE9CE,#E4EEF7,#FFF4E7
1112,Eli Ellis,South Carolina,1.9748996,-0.38517485,1.58972475,1264,0.840123106905168,0.441561966861466,1.28168507376663,113.37147391692,108.133822590195,5.23765132672436,-9,2480429,#FFEBD3,#EDF4F9,#FFF4E7
1113,Mookie Cook,San Francisco,1.2633707,0.32589974,1.58927044,846,0.688845082549863,1.31241317259165,2.00125825514151,111.330722235388,109.414023971462,1.91669826392631,-8,2112558,#FFF2E3,#FFF9F2,#FFF4E7
1114,"Dennis Parker, Jr.",Radford,1.1529656,0.43191237,1.58487797,1621,1.3604513220068,0.392963700360993,1.75341502236779,105.275402709318,109.522754878574,-4.24735216925607,14,2092553,#FFF3E5,#FFF7EE,#FFF4E7
1115,Chase Thompson,Clemson,0.3485255,1.2357837,1.5843092,484,0.0235103163407746,-0.385034437693315,-0.36152412135254,113.242323555219,92.8242943506539,20.4180292045654,80,2475394,#FFFBF7,#FFE9CE,#FFF4E7
1116,Jefferson De La Cruz Monegro,Cal State Fullerton,1.3396798,0.24194048,1.58162028,1286,1.55857294365442,0.0364861795949003,1.59505912324932,104.976128321924,105.455160598461,-0.479032276537117,17,1903772,#FFF1E1,#FFFAF5,#FFF4E7
1117,Carson Schwieger,Queens,2.4150185,-0.83579116,1.57922734,1398,2.3276185609616,-0.769716683405386,1.55790187755621,117.013360110338,112.94549407307,4.06786603726863,121,2125325,#FFE7C9,#D8E7F3,#FFF4E7
1118,Tyler Thompson,Montana,0.72205708,0.85394858,1.57600566,1618,-0.138673850105718,0.289936907486806,0.151263057381087,107.134001962582,104.17249670804,2.9615052545412,47,2331405,#FFF7EF,#FFF0DD,#FFF4E7
1119,Amir Lindsey,Albany,2.735276,-1.1600861,1.5751899,1830,3.31163440115721,-0.876669542329205,2.43496485882801,100.86581115562,113.337494951354,-12.4716837957346,-117,2284666,#FFE4C2,#C9DEEF,#FFF4E7
1120,Jeremiah Davis,Montana State,0.94909319,0.62584275,1.57493594,1144,1.11088560034569,1.00541493861706,2.11630053896275,108.974711803297,105.163721880048,3.8109899232488,35,2302205,#FFF5E9,#FFF4E6,#FFF4E7
1121,Larry Hughes II,Cal State Northridge,1.7386879,-0.16844627,1.57024163,1882,2.37937024776806,-0.102660611151727,2.27670963661633,105.985470192848,107.994811115353,-2.00934092250489,22,1927157,#FFEDD8,#F7FAFC,#FFF4E7
1122,Marcus Wilson,UC Davis,1.4280658,0.14009021,1.56815601,1470,1.39989422650896,0.027624346880067,1.42751857338903,105.127188438242,106.664823846161,-1.53763540791907,26,2282764,#FFF1DF,#FFFCF9,#FFF4E7
1123,Aaron Hunkin-Claytor,Hawaii,0.083813132,1.4839966,1.567809732,727,-0.514868129370496,-0.881473954853123,-1.39634208422362,105.83348284226,94.3504128808249,11.4830699614347,118,2306124,#FFFEFD,#FFE5C5,#FFF4E7
1124,Avantae Parker,Queens,1.4063311,0.16080363,1.56713473,1294,2.06475530245813,1.40556998077977,3.4703252832379,113.629173443993,117.598723442115,-3.96954999812229,-33,2106234,#FFF1DF,#FFFCF8,#FFF4E7
1125,Josh Ward,Cal State Fullerton,0.91004736,0.65483922,1.56488658,1900,1.63038652555664,1.11673804601754,2.74712457157419,102.653184740187,107.753339483959,-5.10015474377186,-50,2322188,#FFF6EA,#FFF3E5,#FFF4E7
1126,Austin Parks,Toledo,0.95022913,0.60815169,1.55838082,1416,1.45967446026631,0.791094380018423,2.25076884028473,111.322703584614,106.525827705365,4.79687587924891,97,2113938,#FFF5E9,#FFF4E7,#FFF4E7
1127,Gianni Hunt,East Texas A&M,0.94104019,0.61321555,1.55425574,1655,1.8371687875037,0.707627231201514,2.54479601870521,98.6493163790198,108.29523281844,-9.64591643942011,-122,1320995,#FFF5EA,#FFF4E7,#FFF4E7
1128,Taison Chatman,Ohio State,1.3011815,0.24991265,1.55109415,600,1.3056798515113,0.00732933003606401,1.31300918154736,119.422991917684,101.133513246429,18.2894786712553,32,2113934,#FFF2E2,#FFFAF5,#FFF4E7
1129,Devin Williams,Florida Atlantic,-0.049671597,1.5968239,1.547152303,1327,0.779391958778934,1.24408628589738,2.02347824467631,103.468710977258,101.720396926087,1.74831405117075,5,2106224,#FDFEFE,#FFE3C0,#FFF4E8
1130,Alex Wilkins,Furman,1.4535817,0.091235449,1.544817149,1574,1.58773954676199,-0.209123901615749,1.37861564514624,108.521111897346,105.667141920841,2.85396997650496,125,2495558,#FFF0DE,#FFFDFB,#FFF4E8
1131,Sean Logan,Davidson,-1.8124341,3.3512309,1.5387968,618,-2.27723792177225,2.62818241255941,0.35094449078716,103.864545750639,93.1895158048709,10.6750299457686,7,1925901,#C8DDEF,#FFC57C,#FFF4E8
1132,Roderick Coffee III,Grambling,0.83056016,0.70729771,1.53785787,1742,0.932634115943468,-0.402635948917634,0.529998167025834,96.7119723009763,103.727771811102,-7.01579951012585,26,2161125,#FFF6EC,#FFF2E3,#FFF4E8
1133,Jalen Reece,LSU,1.6888996,-0.15403824,1.53486136,1292,1.15156205327596,0.970183888270031,2.12174594154599,115.313343504839,107.77080199945,7.54254150538847,-63,2486086,#FFEED9,#F7FAFC,#FFF4E8
1134,Hunter Adam,Davidson,1.3901972,0.14444163,1.53463883,732,2.15778277492323,0.0544513802994456,2.21223415522267,107.537942058551,104.492456325004,3.04548573354673,31,2116918,#FFF1E0,#FFFCF9,#FFF4E8
1135,JT Pettigrew,Valparaiso,0.11338078,1.4193784,1.53275918,1518,1.22212775144083,0.920425228003249,2.14255297944407,102.646046614417,102.662513189784,-0.0164665753669135,-2,2536614,#FFFDFC,#FFE6C7,#FFF4E8
1136,Brian Taylor,East Tennessee State,1.5908318,-0.059247436,1.531584364,1813,1.62908817950247,-0.405105661456245,1.22398251804623,108.588691082603,104.514708566965,4.07398251563751,164,1905968,#FFEFDB,#FCFDFE,#FFF4E8
1137,Tidjiane Dioumassi,Western Carolina,2.0426936,-0.51382256,1.52887104,1146,1.34577938793254,-0.573087965554564,0.772691422377975,110.643270315823,110.965666795874,-0.322396480051035,23,2122106,#FFEBD1,#E7F0F8,#FFF4E8
1138,Ahmet Jonovic,Bradley,0.23851104,1.2896064,1.52811744,1349,0.254920588475417,0.930252037066259,1.18517262554168,109.152048079632,103.23612079674,5.91592728289148,86,1981623,#FFFCF9,#FFE8CC,#FFF4E8
1139,Alden Applewhite,Georgia Southern,2.1406197,-0.6138616,1.5267581,1984,2.39991277311808,-0.498658647031091,1.90125412608699,108.04393186347,112.398354516876,-4.35442265340553,23,1698687,#FFEACF,#E2EDF6,#FFF4E8
1140,Blair Thompson,Columbia,1.4769876,0.04351873,1.52050633,1414,1.96817547091293,0.29821492276558,2.26639039367852,106.516130036658,108.91854602939,-2.40241599273288,-18,1930366,#FFF0DE,#FFFEFD,#FFF5E8
1141,Michael Gray Jr.,Wichita State,0.78579007,0.73052441,1.51631448,1424,0.72569201059924,-0.00962032415421338,0.716071686445027,108.455430606138,97.6215100788151,10.833920527323,149,1695270,#FFF7ED,#FFF2E2,#FFF5E8
1142,Gytis Nemeiksa,Hawaii,0.61009753,0.90458675,1.51468428,1308,-0.0322805986203412,-0.277014376467628,-0.309294975087969,103.311472266121,99.8218684547638,3.489603811357,101,2149056,#FFF9F1,#FFEFDB,#FFF5E8
1143,Brendan Terry,Southeast Missouri State,0.75745371,0.75395099,1.5114047,1374,1.07386283966303,0.357965908183517,1.43182874784655,101.323209913262,105.718408214538,-4.39519830127628,35,2321231,#FFF7EE,#FFF2E1,#FFF5E8
1144,Shelton Williams-Dryden,West Georgia,1.798426,-0.28971242,1.50871358,1894,1.58042226589452,0.182522382393785,1.7629446482883,102.476888822272,110.953752872732,-8.47686405045993,-91,2352243,#FFEDD7,#F1F6FB,#FFF5E8
1145,Cam Gillus,Howard,0.88560811,0.61981883,1.50542694,1702,1.3005285015991,-0.930723625530439,0.369804876068663,102.472294906513,99.1321374007817,3.34015750573162,239,2099012,#FFF6EB,#FFF4E6,#FFF5E8
1146,AC Bryant,Jacksonville State,1.4331472,0.068849778,1.501996978,1342,1.77287695884891,-0.14320608730987,1.62967087153904,102.170583382313,106.194884204955,-4.02430082264273,6,2143491,#FFF0DF,#FFFDFC,#FFF5E8
1147,Jovan Jester Jr.,UC Irvine,-0.89896821,2.3968109,1.49784269,864,-0.674096144573306,2.32736288277574,1.65326673820244,99.6861181901345,97.370637246647,2.31548094348754,31,2282262,#E4EEF7,#FFD5A1,#FFF5E8
1148,Zach Bloch,Northern Colorado,1.7813162,-0.28402199,1.49729421,1720,1.66857855991864,0.07708730604317,1.74566586596181,111.022187992853,108.546701959099,2.47548603375312,90,1701563,#FFEDD7,#F2F6FB,#FFF5E8
1149,Garrett Johnson,George Washington,2.5928897,-1.0974454,1.4954443,1134,2.65287182859146,-0.67498283846367,1.97788899012779,118.39621282163,109.689046301566,8.70716652006425,140,1698630,#FFE5C5,#CCDFF0,#FFF5E8
1150,Gicarri Harris,Purdue,1.215785,0.27922784,1.49501284,880,2.38218019577983,1.16328301968904,3.54546321546887,115.10522115449,105.253866902,9.85135425248986,-24,2334058,#FFF3E4,#FFFAF4,#FFF5E8
1151,Ty-Laur Johnson,San Diego,0.50455518,0.97852453,1.48307971,1130,1.39739984127441,1.47851165813734,2.87591149941176,102.097526308506,112.76062252886,-10.663096220354,-119,2115899,#FFFAF3,#FFEED8,#FFF5E9
1152,Tre-Vaughn Minott,Portland State,0.45114682,1.0297965,1.48094332,1418,0.571175368069974,0.752839542783993,1.32401491085397,102.491928455353,102.510948667504,-0.0190202121514771,35,1625447,#FFFAF5,#FFEDD6,#FFF5E9
1153,AJ Levine,Penn,-0.37464532,1.8524226,1.47777728,1164,0.860120919110579,1.67966514997912,2.5397860690897,101.878299138204,102.577868876226,-0.699569738021677,-3,2313806,#F3F8FB,#FFDFB6,#FFF5E9
1154,Josh Rivera,Seton Hall,0.53463441,0.9412785,1.47591291,568,0.169780809301534,-0.291964823106089,-0.122184013804555,112.330050793898,89.7932608017222,22.5367899921761,58,1933161,#FFF9F3,#FFEEDA,#FFF5E9
1155,Tyrell Ward,VCU,0.37975452,1.0866209,1.46637542,643,0.0533824829317474,-0.225846875415799,-0.172464392484052,110.271666427273,96.4809181160049,13.7907483112682,82,1912215,#FFFBF6,#FFECD4,#FFF5E9
1156,Ryan Sabol,Buffalo,3.1353283,-1.6782426,1.4570857,1873,3.6549074963719,-1.17539511919029,2.47951237718161,110.268105479767,111.881407297636,-1.6133018178685,20,2134479,#FFE0B9,#B2CFE8,#FFF5E9
1157,Jordan Brathwaite,Yale,2.0562413,-0.60217097,1.45407033,847,2.11621700303779,-0.260494836805943,1.85572216623184,121.017706793065,110.138794405353,10.8789123877116,110,2345899,#FFEAD1,#E3EDF7,#FFF5E9
1158,Michael McNair,Boston University,2.9871668,-1.5331489,1.4540179,1938,3.48409404686197,-0.560471199956805,2.92362284690517,110.37569746375,116.544343802755,-6.16864633900411,7,2109106,#FFE1BC,#B8D3EA,#FFF5E9
1159,Carmelo Pacheco,UCF,3.2915559,-1.8408577,1.4506982,809,2.03642869733568,-1.28273627522075,0.753692422114926,118.601686366276,107.685872126477,10.9158142397986,36,2140152,#FFDEB6,#AACAE6,#FFF5E9
1160,Isaac Taveras,Southern Mississippi,-0.32141285,1.7710092,1.44959635,947,-0.715285514636169,2.16860117692101,1.45331566228484,105.608078158915,103.520971579364,2.08710657955178,32,2160639,#F5F9FC,#FFE0BA,#FFF5E9
1161,Lino Mark,Rutgers,0.68526626,0.75985203,1.44511829,838,-0.171373332699016,1.03368478840172,0.862311455702701,108.981455098388,104.154222380205,4.82723271818313,-56,2474211,#FFF8EF,#FFF1E1,#FFF5E9
1162,Braden East,Lamar,0.1505542,1.2906418,1.441196,1144,1.61835842402448,1.53821886138633,3.15657728541081,100.456652511873,105.991260558965,-5.53460804709134,17,2331483,#FFFDFB,#FFE8CC,#FFF5E9
1163,Mason Klabo,Illinois State,1.5972061,-0.15735092,1.43985518,766,2.05060786724946,-0.41698852486654,1.63361934238292,110.634467723627,102.973198620131,7.66126910349552,53,2481869,#FFEFDB,#F7FAFC,#FFF5E9
1164,J.R. Konieczny,Florida Gulf Coast,0.62880708,0.81093706,1.43974414,1634,1.32379020514678,0.897622752018549,2.22141295716533,103.123295136465,107.29347229343,-4.17017715696484,-11,1694305,#FFF8F1,#FFF1DF,#FFF5E9
1165,Uriyah Rojas,Wyoming,1.5039703,-0.06694166,1.43702864,874,1.89182640753025,-0.596747646044836,1.29507876148542,111.399055213885,105.045162586834,6.35389262705128,66,1937071,#FFF0DD,#FBFDFE,#FFF5E9
1166,Tyeree Bryan,Texas Tech,0.92684588,0.50905594,1.43590182,918,0.362680279768398,0.524894277611109,0.887574557379507,118.085200238735,97.8135939620995,20.2716062766354,77,1892535,#FFF5EA,#FFF6EB,#FFF5E9
1167,Noah Williamson,Alabama,0.40499609,1.0308688,1.43586489,456,-2.75200239882442,0.712992524693559,-2.03900987413086,126.832935892552,101.433132006585,25.3998038859677,40,1924279,#FFFBF6,#FFEDD6,#FFF5E9
1168,Grant Stubblefield,Omaha,0.40368349,1.030209,1.43389249,1294,1.21269376258707,1.41443774284114,2.62713150542821,104.358161017786,108.099584100398,-3.74142308261163,-3,2110355,#FFFBF6,#FFEDD6,#FFF5E9
1169,Julius Mims,New Mexico State,1.2456422,0.18665065,1.43229285,1362,1.49343452667802,0.345720829397201,1.83915535607522,106.772273572337,110.661798763398,-3.88952519106118,-31,2116971,#FFF2E3,#FFFBF7,#FFF5E9
1170,Lewis Walker,North Carolina A&T,2.7906793,-1.3591251,1.4315542,1660,3.10158732757126,-0.777010773603123,2.32457655396814,105.089732515702,114.111107958793,-9.0213754430917,-84,2326233,#FFE3C1,#C0D8ED,#FFF5E9
1171,Bubu Benjamin,George Washington,0.65538762,0.77570702,1.43109464,959,0.341157829928781,0.493262520516445,0.834420350445226,116.944580968859,101.183142530726,15.7614384381335,107,2128750,#FFF8F0,#FFF1E0,#FFF5E9
1172,Justin Rochelin,Pacific,0.19028011,1.2335943,1.42387441,1402,0.608616795467855,1.14362455104554,1.75224134651339,107.77643013749,102.685915174437,5.09051496305226,7,1716944,#FFFDFA,#FFE9CE,#FFF5E9
1173,Keeyan Itejere,Rhode Island,-0.038633286,1.4604209,1.421787614,1512,0.0291779940442814,1.1182680837662,1.14744607781049,103.652385650465,99.8028047090081,3.84958094145671,50,1698663,#FDFEFE,#FFE5C6,#FFF5E9
1174,JJ Starling,Syracuse,0.51422565,0.90343706,1.41766271,1496,0.332775720298892,0.658107831892872,0.990883552191765,107.762758329869,100.858467644029,6.90429068583995,-39,1890469,#FFF9F3,#FFEFDB,#FFF5E9
1175,Javion Guy-King,Central Arkansas,0.67679314,0.73126178,1.40805492,1224,0.606399789750927,0.868874886134175,1.4752746758851,109.240351791022,105.260651262798,3.97970052822336,54,2153817,#FFF8F0,#FFF2E2,#FFF5EA
1176,Christian Williams,Cal State Fullerton,0.467716,0.9377652,1.4054812,1617,0.77314815940969,1.0011222590238,1.77427041843349,103.582676812959,106.027035537026,-2.44435872406781,1,2483460,#FFFAF4,#FFEEDA,#FFF5EA
1177,Hamed Olayinka,Florida International,-0.79557779,2.1953956,1.39981781,1253,-0.364872083990228,1.22944741181708,0.864575327826856,102.995446486986,103.198116466512,-0.202669979526537,6,2116988,#E7F0F8,#FFD9A9,#FFF5EA
1178,Brandon Benjamin,Fairfield,1.3084013,0.090084667,1.398485967,1688,2.31525126802152,0.236639617155608,2.55189088517713,104.51070752032,109.951901580691,-5.44119406037014,37,2471917,#FFF2E2,#FFFDFB,#FFF5EA
1179,Carson Johnson,Denver,4.0463224,-2.6487187,1.3976037,1812,3.60851580654081,-0.981181851869479,2.62733395467133,114.836124300219,121.46377171759,-6.62764741737114,-90,2298133,#FFD7A5,#85B4DB,#FFF5EA
1180,Marvin McGhee III,Texas-Rio Grande Valley,1.2301607,0.16682015,1.39698085,1578,1.81458783079776,-0.372932804079907,1.44165502671786,106.907397951745,102.659557145522,4.24784080622331,88,1890675,#FFF2E3,#FFFCF8,#FFF5EA
1181,Andrej Shoshkikj,Stony Brook,0.68615505,0.70789353,1.39404858,1313,2.18236538623654,0.620438238403173,2.80280362463971,100.638010991722,106.28509289832,-5.64708190659819,-30,2477828,#FFF8EF,#FFF2E3,#FFF5EA
1182,TJ Nadeau,Detroit,2.2296328,-0.84168282,1.38794998,1358,3.28054933841064,-0.390220009247993,2.89032932916265,107.893999224173,109.679377110324,-1.78537788615034,-33,2319572,#FFE9CD,#D8E7F3,#FFF5EA
1183,Johnathan Lawson,Arkansas-Little Rock,1.5926403,-0.20651463,1.38612567,1821,2.47963862454346,0.318035778739334,2.79767440328279,97.0931100551683,113.567697005109,-16.4745869499411,-189,1701163,#FFEFDB,#F5F9FC,#FFF5EA
1184,Kenyon Goodin,Bellarmine,3.0014117,-1.6156419,1.3857698,1610,2.26994469625431,-0.571192091031263,1.69875260522305,115.80516519913,120.315005351017,-4.50984015188729,9,2140005,#FFE1BC,#B5D1E9,#FFF5EA
1185,AJ Storr,Ole Miss,1.6863217,-0.30103964,1.38528206,1594,2.43929198935138,1.45623153112787,3.89552352047925,108.770359846709,106.677169864823,2.09318998188621,-123,1908697,#FFEED9,#F1F6FB,#FFF5EA
1186,Harry Rouhliadeff,Hawaii,1.2500357,0.1336333,1.383669,1280,1.80067720726283,-0.727927336752018,1.07274987051081,106.620767793846,99.9842242220444,6.63654357180111,157,1899398,#FFF2E3,#FFFCF9,#FFF5EA
1187,Sam Brown,Davidson,0.90893761,0.46827507,1.37721268,1120,-0.310126200867535,-0.519770169585313,-0.829896370452848,107.169323388235,99.9944260989465,7.17489728928883,78,2143462,#FFF6EA,#FFF6EC,#FFF5EA
1188,Rich Rolf,Youngstown State,1.2580377,0.11727525,1.37531295,1309,2.00534304715687,0.207135499301231,2.2124785464581,105.499527026438,105.552330432548,-0.0528034061105354,42,1908633,#FFF2E3,#FFFCFA,#FFF5EA
1189,Finley Woodward,IU Indy,2.4070973,-1.0334165,1.3736808,1743,2.92097400855167,0.207551642162854,3.12852565071452,107.085867934179,117.208735339406,-10.1228674052273,-132,1908371,#FFE7C9,#CFE1F1,#FFF5EA
1190,Kam Burton,Stephen F. Austin,2.2182846,-0.84652559,1.37175901,967,2.75487157483412,-1.6817763216163,1.07309525321782,112.12965130394,100.851456289494,11.2781950144462,151,2112580,#FFE9CD,#D8E7F3,#FFF6EA
1191,Tyler Betsey,Syracuse,2.4529791,-1.08242,1.3705591,922,1.53001536067528,-0.0389740760783946,1.49104128459688,114.731195741987,108.283165860482,6.44802988150475,1,2321261,#FFE6C8,#CDE0F0,#FFF6EA
1192,Peitok Machar,McNeese State,1.0320715,0.33561301,1.36768451,652,0.215559913214396,0.0118067665423492,0.227366679756745,117.660219138297,99.7174558140474,17.9427633242496,115,2564512,#FFF4E8,#FFF9F1,#FFF6EA
1193,Luke Moore,Central Arkansas,0.33108441,1.034473,1.36555741,1684,0.276720527993991,0.0964959303166112,0.373216458310602,108.323381681496,100.686367485078,7.63701419641787,154,2559457,#FFFBF7,#FFEDD6,#FFF6EA
1194,Elzie Harrington,San Diego State,0.373421,0.9890728,1.3624938,816,0.298387474228589,-0.272286211838489,0.0261012623900999,106.664913297071,94.351623392487,12.3132899045843,58,2487208,#FFFBF6,#FFEDD8,#FFF6EA
1195,Luke Hunger,George Washington,1.5486354,-0.1890432,1.3595922,1054,1.86672815533419,-0.792939272562705,1.07378888277149,115.164734530252,103.227613486912,11.9371210433405,106,1924060,#FFEFDC,#F6F9FC,#FFF6EA
1196,Parker Friedrichsen,Davidson,1.3693673,-0.010446835,1.358920465,1300,1.99994571723432,0.00950986919095467,2.00945558642527,104.778581773542,104.626099273157,0.15248250038431,-32,2125516,#FFF1E0,#FEFEFE,#FFF6EA
1197,Matt Hayman,Arkansas State,1.2222557,0.13560944,1.35786514,1204,1.58734146181146,-0.265416236942778,1.32192522486868,107.339965374486,106.250659632619,1.08930574186747,50,1925489,#FFF3E3,#FFFCF9,#FFF6EA
1198,AJ Rohosy,Stanford,0.35250748,1.0036543,1.35616178,1079,-0.000803132970571135,1.15295288916178,1.15214975619121,114.415346914757,102.707694175028,11.7076527397294,63,1907393,#FFFBF7,#FFEDD7,#FFF6EA
1199,Evan Chatman,UAB,0.084615991,1.2678562,1.352472191,1590,1.34725298951103,0.792872354035267,2.1401253435463,104.189305108782,101.872307431539,2.31699767724296,60,2491800,#FFFEFD,#FFE9CD,#FFF6EA
1200,Dalton Scantlebury,Penn,-0.32605005,1.6744428,1.34839275,701,-0.400232849545085,0.435128990066076,0.0348961405209909,105.089816936144,97.2025583141205,7.88725862202362,54,2532443,#F5F8FC,#FFE2BD,#FFF6EB
1201,Brandon Williams,UCLA,0.8196142,0.52542448,1.34503868,648,-0.359494188894659,0.240489140405859,-0.1190050484888,120.119509866327,98.7267380262492,21.392771840078,68,2106208,#FFF6EC,#FFF5EA,#FFF6EB
1202,Rashad King,LSU,0.21210415,1.1156983,1.32780245,1022,0.342170218325669,1.20521956370368,1.54738978202935,109.685753570464,104.556610045189,5.12914352527438,-62,1889832,#FFFCFA,#FFEBD3,#FFF6EB
1203,Marcus Hall,Green Bay,2.4058423,-1.0787252,1.3271171,1617,2.2074562151533,-0.343112754494894,1.86434346065841,110.839753898295,113.648826701639,-2.80907280334366,-29,2093339,#FFE7C9,#CDE0F0,#FFF6EB
1204,Jamai Felt,Temple,-0.81059528,2.1350599,1.32446462,662,-0.496509480699541,0.991400177338041,0.4948906966385,107.683535745627,100.933617718403,6.74991802722424,27,1890448,#E6EFF7,#FFDAAB,#FFF6EB
1205,Jae'Coby Osborne,New Mexico State,1.2140526,0.11036917,1.32442177,1134,0.543603038208588,-0.437421018128178,0.10618202008041,109.949011271729,107.004293590323,2.94471768140543,38,2325492,#FFF3E4,#FFFDFA,#FFF6EB
1206,Max Weisbrod,Northern Iowa,0.5946218,0.72964368,1.32426548,1352,1.09037989866963,-0.499525306756444,0.590854591913181,105.701505389407,93.5119755816984,12.1895298077083,178,1903490,#FFF9F1,#FFF2E2,#FFF6EB
1207,Jaeden Mustaf,Georgia Tech,0.92839896,0.39171778,1.32011674,1416,1.77795058967864,0.159332026600392,1.93728261627903,102.92928393775,105.020264573209,-2.09098063545885,-126,2304014,#FFF5EA,#FFF8EF,#FFF6EB
1208,Lamin Sabally,Iona,1.4878944,-0.16829468,1.31959972,1615,2.13111297145282,0.750533434760997,2.88164640621382,103.444876307628,110.44638840027,-7.00151209264215,-33,1687799,#FFF0DE,#F7FAFC,#FFF6EB
1209,Scooter Williams Jr.,Louisiana Tech,0.62725764,0.69205146,1.3193091,898,1.49980387185666,0.0699600399553038,1.56976391181196,100.438032150749,103.093016035537,-2.65498388478835,5,2345892,#FFF8F1,#FFF3E4,#FFF6EB
1210,Blake Barkley,East Tennessee State,1.5090126,-0.19407172,1.31494088,1509,2.13135679497223,-0.317860692587678,1.81349610238455,108.064205661691,105.29935562224,2.76485003945108,125,2144293,#FFF0DD,#F6F9FC,#FFF6EB
1211,Chol Machot,College of Charleston,-0.56053038,1.8752706,1.31474022,1066,-0.360067587860515,2.95556342512329,2.59549583726277,104.935588260388,106.404345915639,-1.46875765525094,3,2509286,#EEF4FA,#FFDEB6,#FFF6EB
1212,Keith Palek III,Missouri State,1.1364504,0.17357339,1.31002379,1737,1.69163214732113,0.422761394382349,2.11439354170348,105.946960776125,109.123515380456,-3.17655460433046,-27,1732468,#FFF3E5,#FFFCF8,#FFF6EB
1213,Andy Johnson,Illinois-Chicago,0.42759077,0.88006142,1.30765219,1592,1.31592527325372,0.124353867608415,1.44027914086214,105.02820519179,99.6735931186163,5.35461207317355,58,2531850,#FFFAF5,#FFEFDC,#FFF6EB
1214,Chisom Okpara,Stanford,0.69601539,0.60850376,1.30451915,850,0.582788007604627,0.393992805260796,0.976780812865423,109.840080350792,102.868174326412,6.97190602437963,69,1897499,#FFF8EF,#FFF4E7,#FFF6EB
1215,Isaiah Gaines,Southeastern Louisiana,0.21351639,1.0886936,1.30220999,1406,0.700769005807013,0.53184334355677,1.23261234936378,97.3668601289942,105.351701276464,-7.98484114746936,-72,1941973,#FFFCFA,#FFECD4,#FFF6EB
1216,Jayland Randall,New Mexico State,1.2930025,0.0068780365,1.2998805365,965,1.48067650575151,-0.174561223974557,1.30611528177695,107.738138155413,106.635192625303,1.10294553011019,47,1948170,#FFF2E2,#FFFEFE,#FFF6EB
1217,Luke Wilson,Appalachian State,-0.050217071,1.3482601,1.298043029,1408,0.639906641767034,1.03110359943973,1.67101024120677,103.954752125264,103.223303561907,0.731448563357162,80,2127609,#FDFEFE,#FFE7CA,#FFF6EB
1218,Isaiah Coleman,Oklahoma State,0.16468151,1.1325073,1.29718881,1130,-0.486659971838226,0.97048305552667,0.483823083688444,111.887432410033,104.473506337129,7.41392607290456,-10,2101704,#FFFDFB,#FFEBD2,#FFF6EB
1219,William Kermoury,Northeastern,2.4908686,-1.2005041,1.2903645,1280,2.94310056926047,-0.38232935441339,2.56077121484708,106.499312101414,114.945415562288,-8.44610346087409,-76,2112342,#FFE6C7,#C8DDEF,#FFF6EB
1220,Isaiah Walker,Xavier,1.7056022,-0.41880882,1.28679338,950,1.82324272780015,-0.206743389125714,1.61649933867444,110.890274966523,108.27135764273,2.6189173237926,-97,1725430,#FFEED9,#EBF3F9,#FFF6EB
1221,Ziare Wells,Oakland,1.1433322,0.14242156,1.28575376,1485,1.11868284541673,0.970481096334062,2.0891639417508,113.350125183168,111.289576645372,2.06054853779578,4,2353491,#FFF3E5,#FFFCF9,#FFF6EB
1222,Wilson Jacques,Fresno State,-0.32033127,1.6047712,1.28443993,1482,-0.182633497321019,1.52402139565978,1.34138789833876,104.762187643019,102.692117293368,2.07007034965119,1,2543791,#F5F9FC,#FFE3C0,#FFF6EB
1223,Rihards Vavers,Washington State,2.5295861,-1.2512165,1.2783696,1218,2.60586638796765,-0.0608782783905513,2.5449881095771,111.335342889477,111.256857355012,0.0784855344650337,-27,2153485,#FFE6C6,#C5DBEE,#FFF6EC
1224,Kameron Taylor,UNC Asheville,1.4744051,-0.19866449,1.27574061,1727,1.68226106931721,0.516891885601232,2.19915295491844,104.007875397618,109.941743326312,-5.93386792869388,-47,2337868,#FFF0DE,#F5F9FC,#FFF6EC
1225,Alijah Arenas,USC,0.3365294,0.93787645,1.27440585,678,-1.42361817643455,0.347170452726861,-1.07644772370769,108.553241412806,101.306967027377,7.24627438542913,-32,2485210,#FFFBF7,#FFEEDA,#FFF6EC
1226,Dylan James,Georgia,-0.51724274,1.7897277,1.27248496,896,-0.815376272919662,1.77685723254247,0.961480959622804,113.446806781058,101.152140048319,12.2946667327389,18,2098963,#EFF5FA,#FFE0B9,#FFF6EC
1227,Magoon Gwath,San Diego State,-1.1281043,2.3956756,1.2675713,806,-0.672961987653588,1.22575508250262,0.55279309484903,103.388279059487,93.7319431512544,9.65633590823275,14,2092598,#DDEAF5,#FFD5A1,#FFF6EC
1228,Jaylon Johnson,Radford,1.5002764,-0.23689266,1.26338374,1536,0.562572944719963,0.0808391874756501,0.643412132195613,105.059797314773,109.992997905728,-4.93320059095574,7,1946932,#FFF0DD,#F4F8FB,#FFF6EC
1229,Madden Collins,American,1.1351877,0.11880655,1.25399425,1111,2.71630767624357,0.700088251643294,3.41639592788687,101.383882965543,111.055376988121,-9.67149402257736,-45,2478256,#FFF3E5,#FFFCFA,#FFF6EC
1230,Antonio Chandler,Siena,0.89298204,0.36066363,1.25364567,1037,1.06925863770872,-0.803920730610532,0.265337907098184,108.35897129627,102.398844286993,5.96012700927731,92,1395258,#FFF6EB,#FFF8F0,#FFF6EC
1231,Angelo Brizzi,Buffalo,1.2550991,-0.0015246562,1.2535744438,1561,1.37043044505073,0.578216211981008,1.94864665703174,110.878913404312,113.470944335805,-2.59203093149285,18,1706626,#FFF2E3,#FEFEFE,#FFF6EC
1232,Braxton Stacker,Southeast Missouri State,0.0053628162,1.2473751,1.2527379162,1541,0.185613224339048,-0.368279823249948,-0.1826665989109,99.1866563169403,100.825006742859,-1.63835042591882,62,2143409,#FFFEFE,#FFE9CE,#FFF6EC
1233,Po'Boigh King,Sam Houston State,2.7538372,-1.5012781,1.2525591,1442,3.0082552153887,-0.925214829619229,2.08304038576947,110.644363651399,109.369956200788,1.27440745061111,38,2160436,#FFE4C2,#BAD4EB,#FFF6EC
1234,Andrija Jelavic,Kentucky,0.24518562,1.0026373,1.24782292,830,0.971091402074292,1.19946248782507,2.17055388989936,113.248437616851,99.0868419001218,14.1615957167292,31,2506861,#FFFCF9,#FFEDD7,#FFF6EC
1235,Mynor Strong,Toledo,0.52261122,0.72458458,1.2471958,962,-0.664189698261352,0.316848526319523,-0.347341171941829,116.036551930844,103.818751694061,12.2178002367827,112,2488777,#FFF9F3,#FFF2E2,#FFF6EC
1236,Dylan Grant,Rutgers,0.57205573,0.67409089,1.24614662,1326,0.768969253659052,0.500279678262432,1.26924893192148,105.80919042381,103.808390532147,2.00079989166349,-70,2292684,#FFF9F2,#FFF3E4,#FFF6EC
1237,Andrija Grbovic,Arizona State,0.65044096,0.5936941,1.24413506,1148,0.741348210022016,0.665043406244192,1.40639161626621,110.423962731422,102.079812418645,8.34415031277724,-31,2548108,#FFF8F0,#FFF4E7,#FFF6EC
1238,Derrian Ford,Temple,2.7053611,-1.4630683,1.2422928,1768,2.62427276091377,-0.959665023744203,1.66460773716957,110.254234452645,109.076237376773,1.17799707587192,57,1895224,#FFE4C3,#BCD5EB,#FFF6EC
1239,Elijah Lewis,Marist,0.38638047,0.85493635,1.24131682,1160,1.17083072851132,-0.788781079786818,0.382049648724507,98.9426424084674,96.1339527755695,2.80868963289793,114,1916929,#FFFBF6,#FFF0DD,#FFF6EC
1240,Theo Seng,Troy,1.2131953,0.026392029,1.239587329,1284,1.87127327299517,-0.717976475126608,1.15329679786857,108.025264391864,104.448616772311,3.57664761955334,42,1682539,#FFF3E4,#FFFEFD,#FFF6EC
1241,Micah Octave,Florida A&M,0.24017286,0.99667651,1.23684937,1272,0.285190756140337,1.04014615859329,1.32533691473363,97.4255228762044,107.37019636625,-9.94467349004531,26,2134399,#FFFCF9,#FFEDD8,#FFF6EC
1242,Avery Thomas II,Louisiana Tech,-0.11126472,1.3463458,1.23508108,1251,0.36289327999402,1.08701977032736,1.44991305032138,101.25024468124,101.867811615368,-0.617566934128,-2,2532390,#FBFCFE,#FFE7CA,#FFF6EC
1243,Daeshun Ruffin,Jackson State,2.0584352,-0.82455345,1.23388175,1680,2.7056068543036,-0.48702975610884,2.21857709819476,97.088312186006,116.335081337472,-19.2467691514656,-224,1687086,#FFEAD1,#D9E7F4,#FFF6EC
1244,Dovydas Butka,Campbell,1.0008378,0.23198839,1.23282619,1732,1.06881179771101,0.278046309820772,1.34685810753178,108.038210943171,109.561749725351,-1.52353878217988,-34,2292699,#FFF5E8,#FFFBF5,#FFF6EC
1245,Seydou Traore,Utah,-0.0040310694,1.2366097,1.2325786306,1532,0.200238971668502,2.0294348138931,2.2296737855616,108.684465821905,107.741355251962,0.943110569942807,-138,2147079,#FEFEFE,#FFE9CE,#FFF6EC
1246,Damon Wilkinson,South Dakota State,1.6895682,-0.45724497,1.23232323,1214,2.63957818883897,0.114174050986007,2.75375223982498,108.351847023072,110.649194733851,-2.29734771077916,-1,2099294,#FFEED9,#EAF2F8,#FFF6EC
1247,Declan Wucherpfennig,Fairfield,1.2061782,0.026069459,1.232247659,1774,2.20248837127369,-0.622796148570074,1.57969222270362,104.239502765791,107.35474484206,-3.1152420762689,85,2501054,#FFF3E4,#FFFEFD,#FFF6EC
1248,Brady Koehler,Notre Dame,-0.030830965,1.2613849,1.230553935,828,-0.246188959099582,2.13087286915533,1.88468391005575,109.596500149736,106.686736312817,2.90976383691945,-57,2483782,#FEFEFE,#FFE9CD,#FFF6EC
1249,Jayden Brewer,Western Michigan,-0.047146204,1.2772078,1.230061596,1306,-0.325897353986781,1.34032849622402,1.01443114223724,102.611669096389,109.736871436924,-7.12520234053564,-86,1948104,#FDFEFE,#FFE9CD,#FFF6EC
1250,Luke Williams,Charleston Southern,1.9663148,-0.7399691,1.2263457,982,1.8191127445805,-1.53294227519965,0.286170469380855,106.959129525476,106.537131225677,0.421998299798632,16,2152668,#FFEBD3,#DDEAF5,#FFF6EC
1251,Luke Almodovar,Southeast Missouri State,1.4529777,-0.22763566,1.22534204,1470,1.30762552508008,-0.551268629891738,0.75635689518834,104.753112738089,105.849510977102,-1.09639823901295,93,2569019,#FFF0DE,#F4F8FB,#FFF6EC
1252,JaVar Daniel,West Georgia,-0.12633189,1.3507207,1.22438881,994,0.264434842734869,2.08813575015782,2.35257059289269,101.370296150804,109.748885870366,-8.3785897195616,-44,2199187,#FBFCFD,#FFE7CA,#FFF6EC
1253,Augustinas Kiudulas,Colorado State,0.58624039,0.63553684,1.22177723,736,1.157335596168,-0.117279757074214,1.04005583909379,110.412517397296,105.137528105123,5.27498929217256,23,2133592,#FFF9F2,#FFF4E6,#FFF6EC
1254,Cole McCormick,Central Arkansas,1.3848952,-0.16346181,1.22143339,1198,1.13687056956129,0.262074446419549,1.39894501598084,111.279761172218,106.143962421757,5.13579875046066,84,2292841,#FFF1E0,#F7FAFC,#FFF6EC
1255,Damoni Harrison,Charlotte,2.9785176,-1.7620999,1.2164177,942,3.04805825979343,-1.30342713745205,1.74463112234138,114.388944498244,113.380928683451,1.00801581479266,15,2302965,#FFE1BD,#AECDE7,#FFF7EC
1256,Keith McKnight,Quinnipiac,0.69378224,0.51963309,1.21341533,1344,1.44915168669294,0.493813255022393,1.94296494171533,102.601399229906,106.325718397551,-3.72431916764517,22,2559867,#FFF8EF,#FFF6EA,#FFF7ED
1257,Justin Mullins,Northwestern,0.39237842,0.82083174,1.21321016,524,-0.410589523995617,0.523531670403581,0.112942146407964,112.797302424888,103.574855717392,9.2224467074961,11,1903453,#FFFBF6,#FFF0DF,#FFF7ED
1258,Nikolaos Chitikoudis,Robert Morris,0.25445637,0.9467519,1.20120827,1308,1.00130224153961,0.591186834112593,1.5924890756522,108.196356497563,106.940325530793,1.25603096676972,40,2126124,#FFFCF9,#FFEEDA,#FFF7ED
1259,Caleb Van De Griend,Idaho State,1.181686,0.014944673,1.196630673,904,2.28406176200494,0.769380591872402,3.05344235387734,106.905724723919,114.493428839962,-7.58770411604244,40,1936043,#FFF3E4,#FFFEFE,#FFF7ED
1260,Kasen Jennings,Appalachian State,0.84341783,0.35223548,1.19565331,1646,1.0394499584135,-0.0971003145846226,0.942349643828881,103.25199712603,103.526232656152,-0.274235530122424,72,1599780,#FFF6EC,#FFF8F1,#FFF7ED
1261,AJ Lopez,Richmond,2.3250932,-1.1304945,1.1945987,1404,2.87933098072978,0.340224809498266,3.21955579022804,110.514500147345,112.854382970014,-2.33988282266904,-29,1687513,#FFE8CB,#CBDFF0,#FFF7ED
1262,Randy Brady,South Alabama,0.14559369,1.0426141,1.18820779,1372,-0.136235935075172,0.77416841767653,0.637932482601359,104.432884451471,105.186723994924,-0.753839543453538,68,1682419,#FFFDFB,#FFEDD6,#FFF7ED
1263,Andrija Vukovic,Oklahoma State,0.98206961,0.20207381,1.18414342,758,1.4944052720236,0.140205509326737,1.63461078135034,114.693240306323,102.553220673868,12.1400196324556,45,2308327,#FFF5E9,#FFFBF7,#FFF7ED
1264,"Ryan Jackson, Jr.",William & Mary,0.73441488,0.44643107,1.18084595,974,0.295275645242033,0.136754275329366,0.432029920571399,111.87662682337,104.0056502606,7.8709765627698,74,2284682,#FFF7EE,#FFF7ED,#FFF7ED
1265,Xzavier Long,Hampton,0.26848049,0.91165039,1.18013088,1732,0.511402555065287,0.575622373110529,1.08702492817582,98.1491705048177,107.042743915716,-8.89357341089825,-86,1697772,#FFFCF9,#FFEFDB,#FFF7ED
1266,Jamal West Jr.,UTEP,0.35661667,0.82216402,1.17878069,1486,0.928030376895133,1.06245193158069,1.99048230847582,97.711183686754,107.720614344286,-10.009430657532,-138,1606123,#FFFBF7,#FFF0DE,#FFF7ED
1267,Maxim Logue,Florida Atlantic,0.60410892,0.57121921,1.17532813,515,0.411256442125801,0.260805732001686,0.672062174127487,111.658763403411,102.872378589997,8.7863848134133,36,2315148,#FFF9F1,#FFF5E8,#FFF7ED
1268,Michael Duax,Florida Gulf Coast,0.46030906,0.71052361,1.17083267,1363,0.124455285035039,0.993644775209775,1.11810006024481,104.893074295968,108.798439595665,-3.90536529969674,-55,1718536,#FFFAF4,#FFF2E3,#FFF7ED
1269,Ryan Soulis,Columbia,-0.017198446,1.1853727,1.168174254,816,-0.22383960038651,0.79552758536177,0.57168798497526,109.557449041364,103.009639085767,6.54780995559694,64,2106658,#FEFEFE,#FFEAD0,#FFF7ED
1270,Dante Harris,Tennessee State,1.3334561,-0.16532875,1.16812735,1702,1.12778701207615,-0.73498317055008,0.392803841526066,109.577431681954,107.113979068396,2.46345261355769,149,1607814,#FFF1E1,#F7FAFC,#FFF7ED
1271,Tate McCubbin,Austin Peay,0.019477728,1.1447079,1.164185628,1548,-0.188317141465401,0.331784242786948,0.143467101321547,106.790772723929,103.236558628985,3.55421409494472,95,2334129,#FFFEFE,#FFEBD2,#FFF7ED
1272,Stevie Elam,Milwaukee,1.4966164,-0.33251333,1.16410307,1136,1.70264730317996,0.470397673621386,2.17304497680134,106.93465409857,112.592475277256,-5.6578211786863,-43,2480414,#FFF0DD,#EFF5FA,#FFF7ED
1273,Kam Woods,USC,0.59228907,0.57125692,1.16354599,1036,0.777399307326133,1.26933044301438,2.04672975034051,108.072879146427,102.086869025596,5.98601012083171,-104,1952897,#FFF9F1,#FFF5E8,#FFF7ED
1274,Adam Olsen,South Alabama,1.4890015,-0.32589089,1.16311061,1814,1.60906030862323,-1.05899084880147,0.55006945982176,105.537103661346,105.220794346973,0.316309314373275,99,2494549,#FFF0DE,#F0F5FA,#FFF7ED
1275,Elijah Jones,UTEP,0.84735855,0.3143369,1.16169545,1334,1.07648063084642,0.447060600187187,1.52354123103361,102.506960533016,108.200362866813,-5.6934023337974,-44,2144235,#FFF6EC,#FFF9F2,#FFF7ED
1276,AJ Swinton,Florida State,0.52140722,0.63409717,1.15550439,724,-0.249123761446473,1.52172503963215,1.27260127818567,115.563515689173,103.882182828544,11.6813328606283,30,2305488,#FFF9F3,#FFF4E6,#FFF7ED
1277,Kyle Pulliam,William & Mary,0.8851622,0.27030625,1.15546845,1286,1.43139770714015,0.686419810110248,2.1178175172504,106.048944059706,106.351054230031,-0.302110170325487,29,1910134,#FFF6EB,#FFFAF4,#FFF7ED
1278,Nick Coval,Davidson,1.7667354,-0.61257909,1.15415631,936,1.54615160730678,-0.752814236317897,0.793337370988884,109.043659596999,105.643392853576,3.40026674342322,57,2306458,#FFEDD7,#E2EDF6,#FFF7ED
1279,Raúl Villar,Charlotte,1.4529928,-0.30156529,1.15142751,618,1.3517355237578,0.0368474051676099,1.38858292892541,108.584517087716,112.55658878108,-3.97207169336355,-23,2541054,#FFF0DE,#F1F6FB,#FFF7ED
1280,Damari Wheeler-Thomas,North Dakota State,1.6318518,-0.48964366,1.14220814,1490,2.85852661508205,-0.956624231127173,1.90190238395488,109.062357425959,103.99867197557,5.06368545038833,141,1932407,#FFEFDA,#E8F1F8,#FFF7EE
1281,Christian May,UNC Wilmington,1.061639,0.080523443,1.142162443,1505,1.16832606769173,0.00960453310098551,1.17793060079272,110.297600029626,104.534629782788,5.76297024683752,141,1909403,#FFF4E7,#FFFDFB,#FFF7EE
1282,Viljami Vartiainen,Weber State,2.3027624,-1.1667178,1.1360446,1342,2.42862232670231,-0.689794607469131,1.73882771923318,110.591961615097,111.971983549624,-1.3800219345268,61,2148445,#FFE8CC,#C9DDEF,#FFF7EE
1283,Justice Shoats,Siena,0.50764723,0.62521815,1.13286538,1948,0.225794914928125,-0.494765062126189,-0.268970147198064,107.317158318256,103.014912527563,4.30224579069332,234,1953952,#FFFAF3,#FFF4E6,#FFF7EE
1284,Ashton Walker,La Salle,0.28619301,0.84653526,1.13272827,1441,1.12254600196423,0.602013886274386,1.72455988823861,100.279515650062,105.548890070886,-5.26937442082409,-135,2505876,#FFFCF8,#FFF0DE,#FFF7EE
1285,Martel Williams,California Baptist,0.42947837,0.7000303,1.12950867,1800,0.358732093427194,-0.83837509493881,-0.479643001511616,104.197113055581,98.2774952139244,5.91961784165609,171,1602965,#FFFAF5,#FFF2E3,#FFF7EE
1286,Ross Candelino,Lipscomb,1.7113095,-0.58658417,1.12472533,1154,2.3443551974502,-0.642675488238826,1.70167970921137,109.123863472903,108.035637204696,1.08822626820635,23,1930478,#FFEED9,#E4EEF7,#FFF7EE
1287,Triston Wilson,Presbyterian,0.8425459,0.28151868,1.12406458,1580,1.04918687492096,-0.121401463801945,0.927785411119014,102.268928205068,107.425784701547,-5.15685649647841,0,2349850,#FFF6EC,#FFFAF4,#FFF7EE
1288,Kael Robinson,Northern Kentucky,0.82349376,0.2999858,1.12347956,1336,1.85187795920172,0.200943171090658,2.05282113029238,106.680160464602,105.851763231939,0.82839723266237,84,2321112,#FFF6EC,#FFF9F3,#FFF7EE
1289,Damien King,Tennessee-Martin,-0.098933252,1.2194574,1.120524148,600,1.18079323496772,0.216142079478351,1.39693531444607,98.4143456805005,97.2856974866837,1.12864819381682,75,2505182,#FCFDFE,#FFEACF,#FFF7EE
1290,Tai Turnage,Quinnipiac,1.2371622,-0.11716101,1.12000119,608,1.1443644892572,-0.697559136434087,0.446805352823111,106.984185571984,104.207436541685,2.77674903029839,50,2559864,#FFF2E3,#F9FBFD,#FFF7EE
1291,DeAndre Craig,Fort Wayne,1.6660428,-0.55122989,1.11481291,1486,1.17640437891608,0.173351902913815,1.3497562818299,106.881789892115,112.192184019675,-5.3103941275598,-60,2111027,#FFEEDA,#E5EFF7,#FFF7EE
1292,Cord Stansberry,Western Carolina,1.4600884,-0.34770374,1.11238466,1546,1.5612047744271,-0.407737935513162,1.15346683891393,108.572484892548,108.85873287664,-0.286247984091093,22,1917660,#FFF0DE,#EFF5FA,#FFF7EE
1293,Riley Fox,Yale,2.4856805,-1.3748625,1.110818,820,3.2835964409769,-1.51519295009294,1.76840349088397,118.331868510596,109.52087864322,8.81098986737554,102,2345914,#FFE6C7,#C0D8EC,#FFF7EE
1294,Isaiah Johnson-Arigu,St. Thomas (MN),1.0608341,0.042464381,1.103298481,1116,0.507574804376598,0.239186343426866,0.746761147803465,113.020832381758,107.646782534035,5.37404984772301,102,2319566,#FFF4E7,#FFFEFD,#FFF7EE
1295,Tre Beard,Cleveland State,3.7071753,-2.6043462,1.1028291,1550,3.82845499140561,-0.260943242967909,3.5675117484377,108.771454192287,124.003435560121,-15.2319813678331,-208,2539380,#FFDAAC,#87B5DC,#FFF7EE
1296,Qadir Martin,Mercyhurst,0.54619974,0.55554571,1.10174545,1656,0.732989210942954,0.739402643408811,1.47239185435177,101.690946757388,109.478991031959,-7.78804427457123,10,2287899,#FFF9F2,#FFF5E9,#FFF7EE
1297,Darren Buchanan Jr.,Rutgers,1.0131921,0.084745211,1.097937311,1340,0.711209453637596,0.692767781043903,1.4039772346815,107.395202002154,107.57155739411,-0.176355391956595,-117,1890360,#FFF5E8,#FFFDFB,#FFF7EE
1298,Isaiah Sy,Oregon State,0.9852703,0.1124062,1.0976765,1556,1.1226690634357,0.545329759279677,1.66799882271538,104.920340723511,106.41285478651,-1.49251406299975,-42,2315186,#FFF5E9,#FFFDFA,#FFF7EE
1299,Brett Decker Jr.,Liberty,2.9698744,-1.8739912,1.0958832,1618,3.21068044901444,-1.64201228912589,1.56866815988855,116.09366612633,110.205219939606,5.88844618672308,140,2301113,#FFE1BD,#A9C9E6,#FFF7EE
1300,Kalifa Sakho,Houston,0.0040357037,1.0902843,1.0943200037,651,-0.293567787044042,0.626809968339102,0.33324218129506,117.004127934592,94.3268359491457,22.6772919854459,63,2120109,#FFFEFE,#FFECD4,#FFF7EE
1301,Mayar Wol,Bowling Green,1.3129648,-0.2198782,1.0930866,1054,1.08854114356825,0.0510026786224563,1.13954382219071,107.462043364129,105.795856911809,1.66618645232,55,2106723,#FFF2E1,#F4F8FC,#FFF7EE
1302,Dani Pounds,Tennessee Tech,0.52239862,0.5694472,1.09184582,798,0.752805918108673,0.466704553687958,1.21951047179663,104.045731396486,110.126995799468,-6.08126440298118,0,2134261,#FFF9F3,#FFF5E8,#FFF7EE
1303,"Darin Smith, Jr.",Central Connecticut,2.1387723,-1.0499379,1.0888344,1542,2.33466655767637,-1.41463034348062,0.920036214195755,105.712145481571,112.371967021234,-6.65982153966347,49,2107891,#FFEACF,#CEE1F1,#FFF7EE
1304,Jaden Harris,Kennesaw State,1.5905859,-0.50344248,1.08714342,784,0.315018501939803,-1.14142647352489,-0.826407971585087,115.544439420623,104.741113844542,10.8033255760811,117,2110330,#FFEFDB,#E7F0F8,#FFF7EE
1305,"Rob Lee, Jr.",Lamar,1.865064,-0.77845844,1.08660556,1394,3.21901790191218,-0.930536852719841,2.28848104919234,102.038140431377,106.548731352692,-4.51059092131476,-13,2138719,#FFECD5,#DBE8F4,#FFF7EE
1306,Kerr Kriisa,Cincinnati,0.48549925,0.59909856,1.08459781,712,1.74605993912749,-0.652054875617736,1.09400506350975,98.0545340431239,92.7672231316798,5.28731091144406,49,1589695,#FFFAF4,#FFF4E7,#FFF7EE
1307,Bradyn Hubbard,Abilene Christian,-0.34895512,1.4334799,1.08452478,1466,-0.299759391158328,0.576967801951504,0.277208410793176,97.2135839987326,102.505090966914,-5.29150696818154,-21,2313792,#F4F8FB,#FFE6C7,#FFF7EE
1308,Dominic Pangonis,Wright State,1.4081183,-0.32448848,1.08362982,1529,0.622096805147549,-0.33728634777081,0.284810457376739,112.975837326976,105.220611847084,7.75522547989247,156,2321428,#FFF1DF,#F0F5FA,#FFF7EE
1309,Jaylen Searles,Nicholls State,0.54140501,0.54200294,1.08340795,1366,1.236672444442,0.532217600271569,1.76889004471357,102.994628289873,109.686468144576,-6.69183985470316,-68,2116984,#FFF9F3,#FFF5E9,#FFF7EE
1310,Josh Odunowo,UMBC,1.2478346,-0.16689715,1.08093745,1086,-0.228412272791807,-1.55926984671923,-1.78768211951104,110.770128067284,104.733680638811,6.03644742847309,191,1637512,#FFF2E3,#F7FAFC,#FFF7EE
1311,Ryan Agarwal,Stanford,0.32403728,0.7505022,1.07453948,1170,-0.919623650993892,0.718439724222354,-0.201183926771538,111.268397211336,102.208489760997,9.05990745033971,23,1903956,#FFFBF7,#FFF2E1,#FFF7EF
1312,Rodney Brown Jr.,Loyola Marymount,1.3302034,-0.25908095,1.07112245,1665,1.54077925192527,-0.810995070615715,0.729784181309553,103.593365336677,102.781569145997,0.811796190679681,20,2099869,#FFF1E1,#F3F7FB,#FFF7EF
1313,Mason Gibson,Texas A&M-Corpus Christi,0.55340953,0.51489423,1.06830376,974,0.458976712471237,-0.294334424103454,0.164642288367783,102.584437767923,100.918354397273,1.66608337065037,55,1704955,#FFF9F2,#FFF6EA,#FFF7EF
1314,Jahvin Carter,Middle Tennessee,1.6267267,-0.55934117,1.06738553,1314,1.69246824268706,-0.256485340596423,1.43598290209064,107.063858127154,107.569556841026,-0.505698713872205,-18,2303024,#FFEFDA,#E5EFF7,#FFF8EF
1315,Isaiah Elohim,Florida Atlantic,0.72442417,0.34281877,1.06724294,1530,1.15135752625513,-0.152454936327178,0.998902589927951,105.099395312081,102.518092776145,2.58130253593609,11,2328170,#FFF7EE,#FFF9F1,#FFF8EF
1316,Jaden Winston,Manhattan,1.619337,-0.55473949,1.06459751,1884,2.11384530849688,0.0738124668134258,2.1876577753103,101.937370639073,117.273797308854,-15.336426669781,-152,2351158,#FFEFDB,#E5EFF7,#FFF8EF
1317,Bilal Abdur-Rahman,Alabama A&M,1.4865918,-0.42406443,1.06252737,550,1.07482971928341,-0.612424964402822,0.462404754880584,104.869533189412,112.202089114938,-7.33255592552584,35,2143519,#FFF0DE,#EBF3F9,#FFF8EF
1318,Kohl Rosario,Kansas,0.13252128,0.92429536,1.05681664,553,0.482570285919926,-0.0616518651610831,0.420918420758843,109.69226414469,92.1953056276594,17.496958517031,34,2483810,#FFFDFC,#FFEFDB,#FFF8EF
1319,Josh Pascarelli,Colorado State,1.8743427,-0.81794227,1.05640043,1114,2.59950857572464,-0.490905921578217,2.10860265414643,111.584870031186,108.649228248299,2.93564178288679,16,2119119,#FFECD5,#D9E7F4,#FFF8EF
1320,Isaiah Malone,Florida Gulf Coast,-0.51221123,1.5623123,1.05010107,1272,0.823001963442432,1.64639451940939,2.46939648285182,101.275734867188,105.648330344785,-4.37259547759665,-2,2532375,#EFF5FA,#FFE4C2,#FFF8EF
1321,Collin Kuhl,Stetson,0.42938984,0.62064427,1.05003411,1240,1.30646249251501,0.434384669832185,1.74084716234719,102.301267794455,110.257685989388,-7.9564181949336,-63,2106232,#FFFAF5,#FFF4E6,#FFF8EF
1322,Andrew Alekseyenko,Colgate,1.5116671,-0.46259284,1.04907426,1615,1.65313364742503,-0.0870350128730009,1.56609863455203,107.628999424416,111.05100116563,-3.42200174121401,53,2474939,#FFF0DD,#E9F1F8,#FFF8EF
1323,Ariel Bland,Bethune-Cookman,0.13504553,0.9104858,1.04553133,1100,0.13543812602056,1.08086163858997,1.21629976461054,102.03354202778,107.583436914809,-5.54989488702955,-52,1736926,#FFFDFC,#FFEFDB,#FFF8EF
1324,Julen Iturbe,American,0.88038817,0.160786,1.04117417,1327,1.40670189724824,-0.122869506926849,1.2838323903214,107.089622198543,108.616712905403,-1.52709070685959,60,2321215,#FFF6EB,#FFFCF8,#FFF8EF
1325,Juanse Gorosito,San Diego,1.5138656,-0.47692805,1.03693755,1306,2.40196296435536,-0.0163731269159779,2.38558983743938,103.420357489787,111.778386059,-8.35802856921346,-80,1908548,#FFF0DD,#E9F1F8,#FFF8EF
1326,Babatunde Durodola,Temple,1.2124826,-0.17578114,1.03670146,978,1.02976146680253,0.335741789715743,1.36550325651827,111.356378369443,111.420229677673,-0.0638513082294789,50,2305465,#FFF3E4,#F6FAFC,#FFF8EF
1327,Albert Vargas,Robert Morris,1.4670909,-0.43364224,1.03344866,1054,1.8918294883459,-0.395145985312223,1.49668350303367,111.124693784102,107.227857426774,3.89683635732785,81,2324584,#FFF0DE,#EBF2F9,#FFF8EF
1328,Davion Bailey,Incarnate Word,1.9455105,-0.9136228,1.0318877,1650,1.94565026993558,-0.0594510162878182,1.88619925364776,104.722788007746,114.068181201523,-9.34539319377712,-106,2125367,#FFEBD3,#D5E5F2,#FFF8EF
1329,Kwo Agwa,Texas-Rio Grande Valley,0.42538433,0.605112,1.03049633,523,0.494511315503884,0.444977818954707,0.939489134458591,104.528889375822,102.664963599828,1.86392577599368,-29,2152579,#FFFAF5,#FFF4E7,#FFF8EF
1330,Justin Thomas,Bowling Green,-0.5946395,1.6223844,1.0277449,1255,-0.988021821039717,0.562357215330419,-0.425664605709298,102.711860125962,99.5937992896246,3.11806083633779,79,1905981,#EDF3F9,#FFE3BF,#FFF8EF
1331,Anthony Nimani,Cornell,2.1452771,-1.117904,1.0273731,620,2.16172504263238,-0.965265173187742,1.19645986944464,120.918319876361,113.869749177691,7.04857069867058,43,2287708,#FFEACF,#CBDFF0,#FFF8EF
1332,Jacob Beccles,Cornell,1.8452481,-0.8189968,1.0262513,1130,2.22373729306333,0.117851484176032,2.34158877723936,114.489826040791,114.007611342413,0.48221469837848,12,2125880,#FFECD6,#D9E7F4,#FFF8EF
1333,Tanner Hayhurst,Southern Utah,2.091669,-1.0697791,1.0218899,1527,2.05228843564356,-1.29098383684194,0.761304598801621,104.932835781332,111.298170352579,-6.36533457124679,-52,1906895,#FFEAD0,#CEE0F0,#FFF8EF
1334,Dontrez Williams,Lindenwood,-0.96429846,1.9853978,1.02109934,1677,-1.04273546019461,1.52310846014194,0.480372999947321,99.8961760954531,103.187322557717,-3.29114646226359,74,2313766,#E2EDF6,#FFDCB1,#FFF8EF
1335,Leo Beath,UC San Diego,-0.057583464,1.0780924,1.020508936,1708,-0.132643121932424,0.389034677403623,0.256391555471199,105.520058437363,100.889256410389,4.63080202697395,122,1942020,#FDFDFE,#FFECD5,#FFF8EF
1336,Jalen Quinn,Drake,1.3998596,-0.38373034,1.01612926,1860,1.86858924415271,0.184364273801151,2.05295351795386,106.561664390396,111.293984145612,-4.73231975521673,-99,1890379,#FFF1E0,#EDF4F9,#FFF8EF
1337,Breylin Garcia,South Carolina Upstate,0.10478955,0.91037005,1.0151596,504,0.430053026678488,0.547012224401242,0.97706525107973,99.8440196132538,103.690888523563,-3.8468689103087,-1,2345232,#FFFDFC,#FFEFDB,#FFF8EF
1338,Griffen Goodbary,Drake,0.93472582,0.079257565,1.013983385,657,1.77756185127449,-0.455817657986381,1.32174419328811,107.792562913664,107.705772233094,0.0867906805705143,10,2480436,#FFF5EA,#FFFDFB,#FFF8EF
1339,Justin McBride,James Madison,1.7070332,-0.69960312,1.00743008,1392,2.11713216923085,-0.107324493804825,2.00980767542603,106.957518646037,113.349063572607,-6.39154492657004,10,2105469,#FFEED9,#DFEBF5,#FFF8F0
1340,Alyn Breed,NC State,0.30204254,0.70507383,1.00711637,546,0.964784110477192,0.421229912566107,1.3860140230433,113.359146674781,99.7584264657854,13.6007202089958,41,1600753,#FFFCF8,#FFF2E3,#FFF8F0
1341,Montavious Myrick,Eastern Kentucky,1.2431445,-0.23614507,1.00699943,1468,0.897924570705467,0.131431991532079,1.02935656223755,108.015654828888,115.718758193059,-7.70310336417097,-102,1714355,#FFF2E3,#F4F8FB,#FFF8F0
1342,Vincent Brady II,High Point,0.63008874,0.37423377,1.00432251,630,-0.293506999685064,-0.205755603812601,-0.499262603497665,113.725479656018,103.719432016855,10.0060476391621,117,1890447,#FFF8F1,#FFF8F0,#FFF8F0
1343,Asa Thomas,Furman,1.6080597,-0.6059467,1.002113,1138,2.70053070913235,-0.356556607395341,2.34397410173701,106.77000579813,108.512797669608,-1.74279187147748,32,2118358,#FFEFDB,#E3EDF6,#FFF8F0
1344,Rashund Washington Jr,Illinois-Chicago,0.77086175,0.23081028,1.00167203,1258,1.51081515491631,-0.17770802956533,1.33310712535098,106.489796116345,101.457050993916,5.03274512242859,52,2531853,#FFF7ED,#FFFBF6,#FFF8F0
1345,Boden Skunberg,Illinois State,0.92273533,0.077899175,1.000634505,1399,1.51576191330824,-0.198462031198794,1.31729988210944,106.931138447329,102.992082678513,3.93905576881661,38,1612276,#FFF5EA,#FFFDFB,#FFF8F0
1346,Brady Shoulders,Mercer,0.32506736,0.67509023,1.00015759,1518,0.344328221709204,0.958851784550176,1.30318000625938,108.849180520974,109.444336306544,-0.595155785570411,3,2313611,#FFFBF7,#FFF3E4,#FFF8F0
1347,Joson Sanon,St. John's,0.33559702,0.66362295,0.99921997,1292,0.0160367108595394,0.587839801660188,0.603876512519727,115.146246121047,96.4670727965527,18.6791733244939,158,2322695,#FFFBF7,#FFF3E5,#FFF8F0
1348,Aidan Burke,UC San Diego,1.3266988,-0.32906258,0.99763622,1192,1.0542179279704,-0.358988280078221,0.695229647892184,106.858450451345,102.76870905101,4.08974140033453,64,2136060,#FFF2E1,#EFF5FA,#FFF8F0
1349,Legend Geeter,Detroit,1.2205311,-0.22371801,0.99681309,1262,1.41772648162339,0.471666804704757,1.88939328632815,107.998091056299,110.526934261794,-2.52884320549578,-19,1687604,#FFF3E3,#F4F8FC,#FFF8F0
1350,Nick Janowski,St. Thomas (MN),1.5045034,-0.50846982,0.99603358,1682,2.17315184277319,-0.693990375872665,1.47916146690052,110.787596108571,104.976044666257,5.81155144231471,202,2291439,#FFF0DD,#E7F0F8,#FFF8F0
1351,Nassim Mashhour,Oakland,2.4175017,-1.4229548,0.9945469,458,0.437069139901127,-0.383590296330554,0.0534788435705731,122.04705120636,115.034741359392,7.01230984696815,-16,2320911,#FFE7C9,#BDD6EC,#FFF8F0
1352,Jordan McCullum,East Tennessee State,-0.38756567,1.380279,0.99271333,1152,-0.717578528466747,0.844961988869329,0.127383460402582,108.147845815564,101.321738379154,6.82610743641028,116,2350513,#F3F7FB,#FFE7C9,#FFF8F0
1353,Jerone Morton,Washington State,2.3021895,-1.3190134,0.9831761,1329,2.3893117261009,-0.00427174544828889,2.38503998065261,112.04174926987,114.785619403291,-2.74387013342072,-90,2132537,#FFE8CC,#C2D9ED,#FFF8F0
1354,Devon Malcolm,California Baptist,-0.89317007,1.8752592,0.98208913,779,0.4093935978953,1.78595696781427,2.19535056570957,100.263731225009,100.493827715054,-0.230096490044529,34,2282117,#E4EEF7,#FFDEB6,#FFF8F0
1355,Carlos Hart,Eastern Michigan,0.056626289,0.9250151,0.981641389,962,0.431924132446857,0.244497850956288,0.676421983403145,101.301823270007,101.561766605016,-0.259943335009094,19,2167935,#FFFEFD,#FFEFDA,#FFF8F0
1356,Connor Turnbull,Evansville,-1.0111762,1.9905922,0.979416,494,-2.0500355086011,1.68998213584018,-0.360053372760923,92.0552299089551,107.03017086001,-14.9749409510547,-56,1895635,#E0ECF6,#FFDCB1,#FFF8F0
1357,Jason Schofield,Marist,-0.18507289,1.1635505,0.97847761,690,1.49839515470003,0.0407687428855393,1.53916389758556,95.3265873634232,96.8688112885298,-1.5422239251066,46,2119117,#F9FBFD,#FFEAD1,#FFF8F0
1358,Brian Waddell,Bellarmine,2.8702241,-1.8940162,0.9762079,1598,2.52922122153948,-0.345292696228203,2.18392852531127,115.761407424598,123.307645218002,-7.5462377934034,-94,1693951,#FFE2BF,#A8C9E5,#FFF8F0
1359,Jacoi Hutchinson,Longwood,0.88163616,0.085931116,0.967567276,1480,1.10943031511516,-0.38662882896615,0.722801486149009,101.548911945051,108.025117488653,-6.47620554360118,31,2099646,#FFF6EB,#FFFDFB,#FFF8F0
1360,Bryson Dawkins,Youngstown State,0.59014861,0.37695652,0.96710513,1382,0.572849886213428,-0.366899094422451,0.205950791790977,105.281080744647,103.354679280809,1.92640146383816,47,1916165,#FFF9F1,#FFF8F0,#FFF8F0
1361,Tennessee Rainwater,Le Moyne,0.77324791,0.19311435,0.96636226,1301,0.572792253292935,-0.54083545602306,0.0319567972698754,103.976038464467,107.171511237655,-3.19547277318841,71,2116989,#FFF7ED,#FFFBF7,#FFF8F0
1362,Eli Rice,Penn State,0.47525987,0.48942733,0.9646872,984,-0.154800119081012,0.107745362843775,-0.0470547562372371,111.700107234746,105.925615530225,5.77449170452147,-45,2094422,#FFFAF4,#FFF6EB,#FFF8F0
1363,Coleton Benson,New Orleans,2.4598384,-1.495195,0.9646434,1998,2.29921608806289,-1.05255155504186,1.24666453302103,104.898011956193,109.94876759726,-5.0507556410665,-94,1933814,#FFE6C8,#BAD4EB,#FFF8F0
1364,Antonio Chol,New Mexico,1.4102964,-0.44718855,0.96310785,1398,0.65740472113355,-0.258962034581685,0.398442686551865,115.851460155263,103.636758696245,12.2147014590181,172,1890494,#FFF1DF,#EAF2F9,#FFF8F0
1365,Gabe Dynes,USC,-1.9808584,2.9408754,0.960017,587,-0.876351631168649,0.488703695691738,-0.387647935476911,105.749651807001,95.2079664006912,10.5416854063094,-24,2117042,#C3DAED,#FFCC8C,#FFF8F0
1366,CJ Shaw,UC Santa Barbara,2.1466682,-1.187028,0.9596402,1494,2.44122855939256,-1.10936143764296,1.3318671217496,110.508681854343,110.828910384327,-0.320228529983568,53,2480418,#FFE9CF,#C8DDEF,#FFF8F0
1367,Aidan Mahaney,UC Santa Barbara,1.9425122,-0.98302412,0.95948808,1760,2.5970987215388,-1.25063292552492,1.34646579601388,107.184138756463,109.263104631788,-2.07896587532541,57,1908434,#FFEBD3,#D2E3F2,#FFF8F0
1368,Jeremiah Jenkins,Brown,-0.21179007,1.1704334,0.95864333,1313,0.576565340153197,1.28892118991124,1.86548653006443,95.734225587919,104.973281862738,-9.23905627481927,-80,2287288,#F8FBFD,#FFEAD1,#FFF8F0
1369,Bryce Dortch,Rutgers,-0.68914492,1.6425296,0.95338468,724,-1.56306410152318,1.09009401809246,-0.472970083430721,107.429635469889,100.152351187806,7.2772842820833,15,2292682,#EAF2F9,#FFE2BF,#FFF8F0
1370,Evan Otten,Idaho State,-0.60151657,1.551803,0.95028643,721,-1.41996894814467,2.32955089822696,0.909581950082285,108.426154426645,114.357152454873,-5.93099802822792,-135,2092803,#EDF3F9,#FFE4C2,#FFF8F0
1371,Eddie Ricks III,James Madison,0.75140225,0.19505301,0.94645526,1417,1.21003782780873,0.245630635591855,1.45566846340059,104.659617374859,110.932343641116,-6.27272626625623,-33,2132546,#FFF7EE,#FFFBF7,#FFF8F0
1372,Gavin Sykes,Long Beach State,2.0144014,-1.0681072,0.9462942,1568,2.58207286118567,-1.54059006322074,1.04148279796494,102.636979001128,107.859059783186,-5.22208078205872,-68,2505240,#FFEBD2,#CEE0F0,#FFF8F0
1373,Yame Butler,Butler,1.090734,-0.14807147,0.94266253,731,0.966859177002828,0.432656555319703,1.39951573232253,110.219919338014,107.966374243909,2.25354509410525,-1,1910948,#FFF4E6,#F8FAFD,#FFF8F1
1374,Sadiq White Jr.,Syracuse,-0.44708567,1.389253,0.94216733,786,-0.192451993384414,1.64629192664791,1.45383993326349,105.294442090724,102.826678612005,2.46776347871818,-45,2531808,#F1F6FB,#FFE7C8,#FFF8F1
1375,Mason Miller,Murray State,1.2899508,-0.35019754,0.93975326,1292,0.750095187266262,-0.529496229571019,0.220598957695243,115.299040831866,107.315611878592,7.98342895327322,89,1702065,#FFF2E2,#EEF5FA,#FFF8F1
1376,Buddy Hammer Jr.,North Texas,-0.017894976,0.95704336,0.939148384,654,0.453442976940201,0.321182148394992,0.774625125335193,100.603148365978,98.6499055552199,1.95324281075808,-3,2561230,#FEFEFE,#FFEED9,#FFF8F1
1377,Asim Jones,Quinnipiac,1.1065544,-0.16810396,0.93845044,1566,2.19601567495382,-0.523895108730081,1.67212056622374,101.302614986914,106.170297275418,-4.86768228850438,20,2333138,#FFF4E6,#F7FAFC,#FFF8F1
1378,Rahmir Barno,Florida Gulf Coast,0.51932421,0.41709062,0.93641483,1786,0.936192238559773,0.249546139252387,1.18573837781216,104.129276815822,107.885352267281,-3.75607545145911,6,2126241,#FFF9F3,#FFF7EE,#FFF8F1
1379,Ahmad Henderson II,Illinois-Chicago,0.71437832,0.2165632,0.93094152,1158,1.48113897301107,-0.0719238274123069,1.40921514559877,101.929388833976,102.212539747978,-0.283150914002817,25,2143455,#FFF8EF,#FFFBF6,#FFF8F1
1380,Will Johnston,Richmond,2.2417379,-1.3111071,0.9306308,1468,1.74034723371951,-0.646460704748824,1.09388652897069,109.810335945676,111.630626591002,-1.82029064532607,-12,1931593,#FFE9CD,#C3D9ED,#FFF8F1
1381,Niccolo Moretti,Florida Atlantic,0.79667729,0.13297257,0.92964986,1439,0.136714621889465,-0.472160451017162,-0.335445829127697,106.399143127746,103.41810032126,2.98104280648603,17,1990479,#FFF7ED,#FFFCF9,#FFF8F1
1382,Jeremy Elyzee,Southeastern Louisiana,-0.054035318,0.9799907,0.925955382,1469,-0.0176446818133738,0.443218252679635,0.425573570866261,97.3599867524272,105.099572977581,-7.73958622515349,-92,2313655,#FDFDFE,#FFEED8,#FFF8F1
1383,Justin Ray,Monmouth,1.2821174,-0.35783165,0.92428575,1606,2.01881970749589,-0.545353630519733,1.47346607697615,103.953723884705,103.864564346386,0.0891595383186949,46,2314232,#FFF2E2,#EEF4FA,#FFF8F1
1384,Wilhelm Breidenbach,Grand Canyon,-0.20779385,1.1302727,0.92247885,625,-0.595968400403772,0.339518510381926,-0.256449890021847,107.131435772628,96.5197193598531,10.6117164127748,79,1702088,#F8FBFD,#FFEBD3,#FFF8F1
1385,Tate Sage,Iowa,1.2247173,-0.30405948,0.92065782,831,2.11397198753795,-0.290371442037751,1.8236005455002,117.498478842759,101.04434826401,16.4541305787486,82,2505015,#FFF3E3,#F1F6FA,#FFF8F1
1386,Gavin Gores,Wyoming,0.64195407,0.27719375,0.91914782,776,1.06496471424659,0.0271823122337623,1.09214702648035,113.319541818343,106.34785185076,6.97168996758299,44,2506835,#FFF8F0,#FFFAF4,#FFF8F1
1387,Faizon Fields,Milwaukee,-0.10381078,1.0220622,0.91825142,740,-0.357396030418693,0.422645484880459,0.0652494544617659,100.49844203208,107.721801979364,-7.22335994728407,-64,1931328,#FBFDFE,#FFEDD7,#FFF8F1
1388,KJ Debrick,North Carolina A&T,-0.33425848,1.2507564,0.91649792,531,-0.0447868713468562,1.14711403456002,1.10232716321316,101.09593735258,108.540208336349,-7.44427098376848,-23,2116897,#F4F8FC,#FFE9CE,#FFF8F1
1389,"Will James, Jr.",Toledo,0.75165118,0.16347222,0.9151234,510,0.0199086665310445,-0.0453890291860989,-0.0254803626550544,115.200542086203,105.550973491675,9.64956859452803,42,2488774,#FFF7EE,#FFFCF8,#FFF9F1
1390,Quante Berry,Memphis,-0.54716425,1.4608988,0.91373455,978,0.430683064585489,1.69581400342933,2.12649706801481,100.499104413632,101.370002945397,-0.870898531765052,-40,1890530,#EEF4FA,#FFE5C6,#FFF9F1
1391,Rashaan Mbemba,Colorado State,0.75086623,0.1620526,0.91291883,569,0.730770126834892,0.204787554210674,0.935557681045566,113.839089661334,111.528576845525,2.31051281580932,-13,2122487,#FFF7EE,#FFFCF8,#FFF9F1
1392,Turner Buttry,Eastern Kentucky,3.0117219,-2.0995371,0.9121848,1363,2.95042915610168,-1.31249050800262,1.63793864809906,109.440149716581,116.066750142403,-6.62660042582224,-47,1930390,#FFE1BC,#9EC3E3,#FFF9F1
1393,Josiah LeGree,Morehead State,0.64348992,0.2639417,0.90743162,879,0.771240059028571,0.170410816064214,0.941650875092784,103.963902648432,109.064891117424,-5.10098846899254,4,2327045,#FFF8F0,#FFFAF4,#FFF9F1
1394,Braeden Speed,Loyola Maryland,2.115386,-1.2098128,0.9055732,1718,3.03595950394901,-0.623136343914294,2.41282316003471,102.355211112488,115.57104981856,-13.2158387060722,-110,2281623,#FFEAD0,#C7DCEF,#FFF9F1
1395,Eemeli Yalaho,Washington State,1.8748647,-0.97176731,0.90309739,1530,2.14501848153383,-0.00146940049738302,2.14354908103645,110.971830385643,112.397808740124,-1.42597835448128,-70,2125066,#FFECD5,#D2E3F2,#FFF9F1
1396,Eric Dibami,Florida International,-0.88481566,1.7876678,0.90285214,1464,0.0124250490885874,1.49045523986044,1.50288028894902,102.372739002237,102.875511581679,-0.502772579442268,30,2541652,#E4EEF7,#FFE0B9,#FFF9F1
1397,Jermaine Ballisager Webb,Portland,1.1122967,-0.21015361,0.90214309,1128,2.01496235172468,0.456510762217054,2.47147311394174,100.189174758551,109.849088643909,-9.65991388535774,-120,1924188,#FFF4E6,#F5F9FC,#FFF9F1
1398,Jordan Ellerbee,Florida Gulf Coast,1.6302258,-0.7351108,0.895115,1542,2.04954830157225,-0.486983376637714,1.56256492493453,105.909758729296,108.985308215167,-3.07554948587119,25,2535041,#FFEFDA,#DDEAF5,#FFF9F1
1399,Youri Fritz,Northeastern,0.39412152,0.49904568,0.8931672,1121,0.154857474210884,0.306243302430821,0.461100776641704,105.26079654904,112.466929725877,-7.20613317683712,-73,1911411,#FFFBF6,#FFF6EB,#FFF9F1
1400,Roddie Anderson III,Xavier,0.51101902,0.38152927,0.89254829,1398,1.35726892483825,1.60300996376918,2.96027888860743,109.661071268252,109.135207317111,0.52586395114127,-92,1924051,#FFF9F3,#FFF8F0,#FFF9F1
1401,Johnny Radford,Eastern Washington,0.96500594,-0.074318853,0.890687087,1065,0.665786341629069,-0.277141310085498,0.38864503154357,110.621679790945,109.25730803389,1.36437175705484,63,2550534,#FFF5E9,#FBFCFE,#FFF9F1
1402,Kobi Williams,Missouri State,1.7501599,-0.86496222,0.88519768,1798,2.08248466127437,-0.799045395698305,1.28343926557607,106.970305782074,109.240564568104,-2.27025878602909,-1,2143980,#FFEDD8,#D7E6F3,#FFF9F1
1403,Jonah Butler,Stony Brook,0.33163317,0.55327709,0.88491026,588,0.286997076960004,0.189043756743304,0.476040833703308,106.210442705252,104.344372274978,1.86607043027449,16,2477825,#FFFBF7,#FFF5E9,#FFF9F1
1404,Ose Okojie,Howard,0.20441849,0.67665235,0.88107084,1342,1.21237076872104,-0.426529828505634,0.78584094021541,101.618559132201,98.6461378071672,2.9724213250341,177,1936261,#FFFCFA,#FFF3E4,#FFF9F1
1405,Jordan Pyke,Incarnate Word,1.8130377,-0.93309317,0.87994453,1044,2.53964105674965,-0.0860227766361912,2.45361828011346,105.022867818134,114.923698724797,-9.90083090666356,-82,2138760,#FFEDD6,#D4E4F2,#FFF9F1
1406,TJ Wainwright,Pacific,1.208748,-0.3324291,0.8763189,1649,1.32696611924507,-0.216084321148167,1.1108817980969,108.0144419312,104.217480294297,3.79696163690229,47,1930367,#FFF3E4,#EFF5FA,#FFF9F2
1407,Nakavieon White,Georgia Southern,1.1355236,-0.25974766,0.87577594,1276,0.0760116752196552,0.717561389308764,0.793573064528419,110.346093587186,114.735530142189,-4.38943655500366,-7,2281060,#FFF3E5,#F3F7FB,#FFF9F2
1408,Montana Wheeler,Bradley,1.5304084,-0.65635177,0.87405663,1216,1.72877113564519,-1.14433457615507,0.584436559490123,108.33705056478,105.009464390229,3.32758617455038,58,2474408,#FFF0DD,#E0ECF6,#FFF9F2
1409,Elijah Strong,South Carolina,1.1228742,-0.24974483,0.87312937,944,0.919766972995655,0.70182523443423,1.62159220742988,111.657026344447,106.900133513757,4.7568928306901,-26,2128762,#FFF4E6,#F3F7FB,#FFF9F2
1410,Jermaine O'Neal Jr.,SMU,0.61031421,0.26269088,0.87300509,874,0.231626355093547,0.638609789580091,0.870236144673638,117.421780412879,103.588715569028,13.8330648438514,32,2503225,#FFF9F1,#FFFAF4,#FFF9F2
1411,Markhi Strickland,North Dakota State,0.84825827,0.018838731,0.867097001,1321,0.529924835502196,-0.736019434987914,-0.206094599485718,112.785168166718,103.375289797681,9.40987836903646,183,1612489,#FFF6EC,#FFFEFE,#FFF9F2
1412,Nathan Claerbaut,Central Michigan,0.54641452,0.31933697,0.86575149,1458,0.904754536909146,0.643576394618791,1.54833093152794,105.149693439389,110.996735914825,-5.84704247543653,-77,1734667,#FFF9F2,#FFF9F2,#FFF9F2
1413,George Marshall,Morehead State,1.6832174,-0.81766462,0.86555278,1574,2.29305934543119,-0.208687574500239,2.08437177093095,104.582999227239,114.760848186594,-10.1778489593545,-65,2132547,#FFEED9,#D9E7F4,#FFF9F2
1414,Sam Towns,Bowling Green,-0.41516054,1.280538,0.86537746,1690,0.161102311655635,0.890131210894622,1.05123352255026,102.953546661822,100.316684643657,2.63686201816424,76,1609716,#F2F7FB,#FFE8CD,#FFF9F2
1415,Elijah Chol,UC Irvine,-0.66518787,1.5274232,0.86223533,670,-1.47482549623388,0.0979358656751685,-1.37688963055872,106.786711397773,93.792081887024,12.9946295107493,78,1904045,#EBF2F9,#FFE4C3,#FFF9F2
1416,Jackson Munro,Dartmouth,1.3304935,-0.47136512,0.85912838,1096,2.10723201615813,-0.103922613056764,2.00330940310137,102.909765897575,112.685626466073,-9.77586056849871,-83,1932314,#FFF1E1,#E9F1F8,#FFF9F2
1417,Nick Jones,Wagner,0.13536558,0.72320452,0.8585701,1508,0.282328731541981,0.307803297309408,0.590132028851389,100.166560520614,108.529901494021,-8.36334097340683,-13,2569020,#FFFDFC,#FFF2E2,#FFF9F2
1418,Boden Kapke,Boston College,-0.10163352,0.95953981,0.85790629,1390,1.13496299797169,0.503143967093318,1.63810696506501,97.6764701288841,100.43295312486,-2.75648299597614,-120,2092580,#FBFDFE,#FFEED9,#FFF9F2
1419,Bahsil Laster,UT Arlington,-0.48777597,1.3426092,0.85483323,970,-1.05447061741952,-0.469533128082063,-1.52400374550158,102.518663927635,95.5228628576463,6.99580106998913,88,2540417,#F0F5FA,#FFE7CA,#FFF9F2
1420,Jaquan Womack,Towson,-0.85062842,1.7052893,0.85466088,949,-0.673350109584878,0.845650509713375,0.172300400128497,102.026658725946,98.0272097698305,3.99944895611563,60,2550059,#E5EFF7,#FFE1BC,#FFF9F2
1421,Victory Onuetu,Hofstra,-0.99784895,1.8515904,0.85374145,932,-0.86487730280598,2.11460325364186,1.24972595083588,109.266961843525,102.367013553484,6.8999482900409,68,2485508,#E1ECF6,#FFDFB6,#FFF9F2
1422,Xavier Lipscomb,Mount St. Mary's,1.222164,-0.36909773,0.85306627,1718,1.73130072960715,-0.507980410566457,1.22332031904069,98.5589747755115,107.802269097151,-9.24329432163993,-72,1594831,#FFF3E3,#EEF4FA,#FFF9F2
1423,Richard Goods,Stony Brook,0.39426494,0.45854417,0.85280911,1245,0.548074166620506,0.849205254274863,1.39727942089537,104.770869152398,110.101988063137,-5.33111891073916,-35,2273129,#FFFBF6,#FFF7ED,#FFF9F2
1424,David Thomas,Richmond,0.40885996,0.44340767,0.85226763,724,-0.170328009443359,-0.621086502949579,-0.791414512392939,108.125350000624,102.081694195503,6.0436558051207,44,2161316,#FFFAF5,#FFF7ED,#FFF9F2
1425,C.J. O'Hara,Green Bay,0.97191067,-0.12066403,0.85124664,1688,1.07029309379288,0.144717349448484,1.21501044324137,108.702149576115,110.915888537562,-2.21373896144679,-30,2302985,#FFF5E9,#F9FBFD,#FFF9F2
1426,Trent Johnson,Houston Christian,1.0703095,-0.22139473,0.84891477,1485,2.12179379376881,-0.223690365739106,1.89810342802971,98.7394585544435,111.623234369727,-12.8837758152833,-129,2092809,#FFF4E7,#F4F8FC,#FFF9F2
1427,Jace Posey,TCU,0.76443325,0.082288127,0.846721377,524,-1.15766309397941,-0.0729593612926226,-1.23062245527204,116.885439083528,103.510724168634,13.3747149148936,0,2099007,#FFF7EE,#FFFDFB,#FFF9F2
1428,Joseph Grahovac,Saint Bonaventure,0.32569421,0.51883431,0.84452852,988,0.180596369077904,1.38202363424581,1.56262000332371,113.063992997752,108.865165143052,4.19882785469952,39,2541331,#FFFBF7,#FFF6EA,#FFF9F2
1429,Xavier Booker,UCLA,0.40164042,0.44251753,0.84415795,1084,2.11691289381874,0.965256629296737,3.08216952311548,112.397051305136,104.069107500392,8.32794380474353,3,2119936,#FFFBF6,#FFF7ED,#FFF9F2
1430,Tajavis Miller,New Mexico,0.13678239,0.70609939,0.84288178,802,0.228295609059845,0.598580409757914,0.826876018817758,107.658616339172,98.8965852051373,8.7620311340343,57,1932406,#FFFDFB,#FFF2E3,#FFF9F2
1431,Andrea Holden,Wright State,-1.1253319,1.9658598,0.8405279,782,-0.336880743151282,1.67356304191751,1.33668229876623,103.420211544484,101.328954905994,2.09125663848924,27,2320400,#DDEAF5,#FFDDB2,#FFF9F2
1432,Willie Williams,Northwestern State,-0.29086889,1.1302121,0.83934321,1236,0.308980932118195,0.524814754255384,0.833795686373579,97.2709115407517,105.854014568718,-8.58310302796617,-65,2313592,#F6F9FC,#FFEBD3,#FFF9F2
1433,Bradey Henige,California Baptist,-0.26966832,1.1089994,0.83933108,1073,-0.614259116371849,-0.764709298043256,-1.37896841441511,105.49156837947,98.5070356322188,6.98453274725096,104,2282119,#F6FAFC,#FFEBD3,#FFF9F2
1434,Taj Manning,Kansas State,-0.88029947,1.7160835,0.83578403,1131,0.388545375629746,1.08739839655761,1.47594377218735,104.858697757454,100.002489280516,4.85620847693717,-80,1910323,#E4EEF7,#FFE1BC,#FFF9F2
1435,Jamison Guerra,Idaho State,2.1302163,-1.295951,0.8342653,1248,2.69248519225763,-0.456995503063705,2.23548968919393,107.284574472723,115.07212292336,-7.78754845063629,-87,2472220,#FFEACF,#C3DAED,#FFF9F2
1436,Caleb Shaw,Grand Canyon,0.30238789,0.52934215,0.83173004,770,1.45566858960889,-0.183269505023091,1.2723990845858,104.640274537645,93.7164626271757,10.9238119104691,74,1913195,#FFFCF8,#FFF5EA,#FFF9F2
1437,DJ Thomas,West Virginia,0.93348309,-0.10740952,0.82607357,820,1.13580694036286,-0.700224550649579,0.435582389713277,111.72809309921,98.4802616425275,13.2478314566829,64,2505107,#FFF5EA,#FAFBFD,#FFF9F2
1438,Apostolos Roumoglou,Richmond,-0.65883752,1.4831371,0.82429958,686,-0.175944904643958,0.393593635330344,0.217648730686386,103.558005714545,99.1195690788292,4.43843663571564,47,1912266,#EBF2F9,#FFE5C5,#FFF9F2
1439,Malek Gomma,Weber State,0.74136028,0.082271459,0.823631739,1340,0.16830769433233,-0.479955929975545,-0.311648235643215,109.449524262184,108.563085783241,0.886438478943186,65,2113992,#FFF7EE,#FFFDFB,#FFF9F2
1440,Gus Etchison,Idaho State,1.7141729,-0.89086294,0.82330996,669,3.88199098799725,-0.193788014546251,3.688202973451,105.8438562524,114.703056468792,-8.85920021639106,-22,1695200,#FFEED9,#D6E5F3,#FFF9F2
1441,Alex Williams,Duquesne,2.0086066,-1.1895521,0.8190545,920,2.45300212220046,0.0645671612044212,2.51756928340488,109.157407640847,111.392280560569,-2.23487291972277,-22,1687994,#FFEBD2,#C8DDEF,#FFF9F2
1442,Mike Loughnane,Northeastern,2.1759162,-1.357129,0.8187872,1669,2.14344062402827,-0.0535521027297634,2.08988852129851,105.561782998045,117.917479114641,-12.3556961165967,-161,2116903,#FFE9CE,#C0D8ED,#FFF9F2
1443,Jack Janicki,Wisconsin,-0.42627022,1.2443087,0.81803848,732,-0.686260244222315,0.686764680338554,0.000504436116239571,114.361287292246,98.1234298481655,16.2378574440805,61,2093086,#F2F7FB,#FFE9CE,#FFF9F2
1444,Julien Gomez,Texas-Rio Grande Valley,1.2713475,-0.45650385,0.81484365,1168,1.81763667398171,-0.433939435750987,1.38369723823072,109.096649298703,106.138916719565,2.95773257913772,71,2534677,#FFF2E2,#EAF2F8,#FFF9F2
1445,KJ Tenner,Murray State,1.078453,-0.26526949,0.81318351,965,2.28809715857304,-0.3021744687321,1.98592268984094,108.522111893422,109.377193744416,-0.8550818509935,-18,2305893,#FFF4E7,#F2F7FB,#FFF9F2
1446,Ryan Curry,Army,1.6397771,-0.82724899,0.81252811,1712,2.38105756159426,-0.306366552786551,2.07469100880771,98.3064280557647,115.625445670521,-17.3190176147566,-161,2143633,#FFEEDA,#D9E7F4,#FFF9F2
1447,Dayan Nessah,Cleveland State,1.5683607,-0.75990721,0.80845349,1132,1.71397094664377,0.751498318816403,2.46546926546018,110.367779836543,120.498683300884,-10.1309034643418,-103,2299979,#FFEFDC,#DCE9F4,#FFF9F3
1448,Hosana Kitenge,UC Santa Barbara,-0.033026316,0.84096483,0.807938514,1041,-0.388323686055309,0.95138641174189,0.563062725686581,107.141654679653,110.200542716296,-3.05888803664345,57,1324341,#FEFEFE,#FFF0DE,#FFF9F3
1449,Nasir Mann,Queens,2.2598948,-1.4585724,0.8013224,1779,2.37134127636006,0.284282837794403,2.65562411415446,114.419783187601,117.984058166421,-3.56427497882068,-17,2126406,#FFE8CC,#BCD5EB,#FFF9F3
1450,Te'Jon Sawyer,Montana,0.40987328,0.38547761,0.79535089,1518,-0.231384705893094,0.477488999391857,0.246104293498763,103.916970269478,106.82452981178,-2.90755954230264,-34,1615169,#FFFAF5,#FFF8EF,#FFF9F3
1451,Zion Sensley,UC Santa Barbara,1.1290518,-0.33489737,0.79415443,1280,1.0646848348812,-0.166922261314182,0.897762573567016,110.970592189009,110.590572979805,0.380019209203697,53,2305476,#FFF3E6,#EFF5FA,#FFF9F3
1452,Isaiah Abraham,Georgetown,0.1996999,0.59340649,0.79310639,1116,0.439538612336995,0.391314699092865,0.83085331142986,109.988957114853,101.723395675087,8.26556143976644,-3,2313596,#FFFDFA,#FFF4E7,#FFF9F3
1453,Jack Payne,Idaho,0.48655205,0.30630888,0.79286093,1148,0.445381724865589,-0.0741493912755303,0.371232333590059,103.081546865489,106.655806331493,-3.57425946600372,2,1921971,#FFFAF4,#FFF9F3,#FFF9F3
1454,Jalen Pitre,Tennessee State,0.042463644,0.74676434,0.789227984,1280,0.698467021671174,-0.235724587714485,0.462742433956689,106.003900051539,103.457001855442,2.54689819609686,124,1917658,#FFFEFE,#FFF2E1,#FFF9F3
1455,Bol Dengdit,UC San Diego,0.25008282,0.53866637,0.78874919,1281,0.792027213735122,-0.392661457653098,0.399365756082024,103.360921487453,100.022502895085,3.3384185923687,67,1909596,#FFFCF9,#FFF5EA,#FFF9F3
1456,Ja'Corey Robinson,Austin Peay,0.24727983,0.53905087,0.7863307,818,0.223121921851813,0.804403444233495,1.02752536608531,109.062311346318,105.182461325022,3.87985002129583,63,2474115,#FFFCF9,#FFF5EA,#FFF9F3
1457,DaMariee Jones,Southern,1.0122681,-0.2262232,0.7860449,1270,1.20684907396887,0.0170806181407555,1.22392969210962,103.574288069788,112.235518504591,-8.66123043480331,-29,2168928,#FFF5E8,#F4F8FC,#FFF9F3
1458,Kamari Lands,Middle Tennessee,0.66089688,0.12287513,0.78377201,1458,1.85197367819983,0.604589596295169,2.456563274495,102.963237737225,108.821749758192,-5.85851202096721,-93,1895650,#FFF8F0,#FFFCFA,#FFF9F3
1459,Chance Trujillo,Utah Tech,1.6824761,-0.90351868,0.77895742,1782,2.10171618114434,-0.614945026485167,1.48677115465917,106.339916282205,111.068807613633,-4.7288913314274,-43,1720452,#FFEED9,#D5E5F3,#FFF9F3
1460,Tomas Thrastarson,Washington State,0.34925082,0.42681183,0.77606265,729,0.107860738253602,-0.174723553398839,-0.0668628151452373,108.27507788808,105.341953863667,2.93312402441301,12,2282762,#FFFBF7,#FFF7EE,#FFF9F3
1461,Nick Dorn,Indiana,1.4750233,-0.69982121,0.77520209,1156,1.4091125903504,-0.307739129160466,1.10137346118994,117.188074025752,103.239075471288,13.9489985544632,28,2147098,#FFF0DE,#DEEBF5,#FFF9F3
1462,Jayce Nathaniel,Illinois-Chicago,0.49058661,0.28239176,0.77297837,1068,1.21317129503944,-0.19394592823286,1.01922536680658,105.960239991092,102.711730923895,3.24850906719716,19,2319952,#FFFAF4,#FFFAF4,#FFF9F3
1463,Andre Henry,UC Irvine,0.77075345,-0.0017346954,0.7690187546,1184,1.18181913445393,-0.65578228461144,0.526036849842487,103.067068035241,101.292803306308,1.77426472893287,69,1591590,#FFF7ED,#FEFEFE,#FFF9F3
1464,Alex Chaikin,UC San Diego,1.1362166,-0.3687244,0.7674922,1442,0.813470796759896,-1.09425298082714,-0.280782184067239,104.161511093377,102.41045046065,1.75106063272696,103,2313887,#FFF3E5,#EEF4FA,#FFF9F3
1465,Madison Durr,UNC Wilmington,0.90801365,-0.14115103,0.76686262,1070,1.62127408946665,-0.75776899554536,0.863505093921294,106.56627270334,105.471697853558,1.09457484978142,65,1925393,#FFF6EA,#F8FBFD,#FFF9F3
1466,Troy Cicero Jr.,Loyola Maryland,0.80922223,-0.050152875,0.759069355,708,0.556967177124137,-0.234042488474557,0.32292468864958,107.928548785967,108.129117653974,-0.200568868006834,66,2106672,#FFF7ED,#FCFDFE,#FFFAF3
1467,Logan Imes,Notre Dame,0.17329392,0.58211141,0.75540533,1090,-0.247293394069247,0.960814933851807,0.713521539782561,111.562057020102,104.959976835903,6.60208018419925,-44,2092615,#FFFDFB,#FFF4E8,#FFFAF3
1468,Javon Ruffin,Bowling Green,0.68990091,0.065190673,0.755091583,1183,0.562144937957415,-0.69580134930741,-0.133656411349994,106.020132841486,101.949742916553,4.07038992493296,83,1720266,#FFF8EF,#FFFDFC,#FFFAF3
1469,Kamrin Oriol,North Florida,2.9559205,-2.2008874,0.7550331,1946,3.60111025195507,-0.488528137183329,3.11258211477174,104.927496367447,123.534620481718,-18.6071241142705,-325,2282767,#FFE2BD,#9AC0E1,#FFFAF3
1470,Mohammad Habhab,Eastern Michigan,-0.55477354,1.3090923,0.75431876,1852,0.0153724468795888,1.73541842054746,1.75079086742705,99.8869718960963,106.002317455372,-6.11534555927569,-92,2311739,#EEF4FA,#FFE8CC,#FFFAF3
1471,Seth Amunrud,Montana State,1.6659881,-0.91219876,0.75378934,814,1.56171765986767,-0.246147691107732,1.31556996875994,111.685694836404,110.221198255695,1.46449658070831,48,2568043,#FFEEDA,#D5E5F2,#FFFAF3
1472,Cameron Fens,South Dakota,0.017525883,0.73611949,0.753645373,1334,0.606022917467166,1.04362415324145,1.64964707070862,102.275457558566,111.25003004833,-8.97457248976441,-36,1933809,#FFFEFE,#FFF2E2,#FFFAF3
1473,N'famara Dabo,Brown,-0.59687677,1.3501691,0.75329233,966,0.641452345461532,1.16437958909323,1.80583193455476,94.2119604715665,105.128882940187,-10.9169224686205,-97,2110966,#EDF3F9,#FFE7CA,#FFFAF3
1474,Xavier Hall,Indiana State,0.37670406,0.37576775,0.75247181,1442,1.24322491667919,-0.794802587186163,0.448422329493023,101.628138227563,102.67298201236,-1.04484378479703,-24,1933322,#FFFBF6,#FFF8F0,#FFFAF3
1475,Hayden Wood,Jacksonville,1.8098262,-1.0638983,0.7459279,1354,1.81213759567639,-0.243686670072445,1.56845092560394,104.664562061552,113.105052002877,-8.44048994132547,-61,2474833,#FFEDD6,#CEE0F0,#FFFAF3
1476,Ryan Dufault,St. Thomas (MN),2.1146502,-1.3693333,0.7453169,914,2.29058098151612,-0.636120084022422,1.6544608974937,113.677547944192,113.628549057406,0.0489988867863556,34,1726448,#FFEAD0,#C0D8EC,#FFFAF3
1477,Zaide Lowery,Marquette,-0.057454426,0.79978834,0.742333914,466,-0.200442287295233,-0.296631881136213,-0.497074168431446,102.506869116109,97.3590314166795,5.14783769942935,21,2128699,#FDFDFE,#FFF1DF,#FFFAF3
1478,Fatt Hill,George Mason,0.1818859,0.55691491,0.73880081,896,0.462722467731996,0.881565146092901,1.3442876138249,109.870835696675,104.869655595733,5.00118010094202,29,2292687,#FFFDFA,#FFF5E9,#FFFAF4
1479,Mike Woods,Navy,-0.0051749527,0.74339228,0.7382173273,1162,0.506821917485356,-0.615221115958865,-0.108399198473508,102.572575697942,102.206923224487,0.365652473455524,124,1913814,#FEFEFE,#FFF2E2,#FFFAF4
1480,Salim London,UAB,-0.11870466,0.85649398,0.73778932,1050,-0.283179694579346,-0.06977452242256,-0.352954217001906,106.528384353766,100.339831566395,6.1885527873706,69,2491802,#FBFCFD,#FFF0DD,#FFFAF4
1481,Yann Farell,Sacred Heart,1.9717751,-1.2358796,0.7358955,1645,2.18699485968795,-0.995953229346868,1.19104163034109,107.015432363541,115.655129284054,-8.63969692051247,-64,1927928,#FFEBD3,#C6DCEE,#FFFAF4
1482,Landon Seaman,Cal State Fullerton,1.8712959,-1.1355418,0.7357541,1272,1.84790124906964,-0.77725279764349,1.07064845142615,108.48480250271,110.210661578774,-1.72585907606355,29,2181262,#FFECD5,#CBDEEF,#FFFAF4
1483,Jacob Walker,Sam Houston State,1.5864542,-0.85279739,0.73365681,1336,1.36596383876882,-0.277020046311767,1.08894379245706,111.957330463277,109.025667580681,2.93166288259616,52,2550315,#FFEFDB,#D7E6F3,#FFFAF4
1484,Josiah Hammons,Illinois-Chicago,2.030385,-1.3006711,0.7297139,746,2.05185304732612,-0.48720437349862,1.5646486738275,109.994374508305,108.075599552272,1.91877495603305,26,2161665,#FFEBD2,#C3DAED,#FFFAF4
1485,Bernie Blunt,Mercyhurst,1.7788491,-1.0510414,0.7278077,1654,2.0592585061838,-1.36114208566091,0.698116420522888,100.991470686842,109.427871201053,-8.43640051421104,15,1683618,#FFEDD7,#CEE1F1,#FFFAF4
1486,Jayden Jackson,California Baptist,0.35390909,0.37273784,0.72664693,1348,0.0947227863112125,-0.874513909782903,-0.779791123471691,102.938828582842,99.9051796123597,3.03364897048248,131,1688535,#FFFBF7,#FFF8F0,#FFFAF4
1487,Ernest Shelton,Merrimack,1.1978016,-0.47749963,0.72030197,1998,1.94999679358808,-0.601019115259535,1.34897767832854,104.321705821083,105.636603113359,-1.31489729227634,52,2138384,#FFF3E4,#E9F1F8,#FFFAF4
1488,D'Aundre Samuels,Houston Christian,0.09369733,0.62578514,0.71948247,1111,0.0398552170755306,0.718231086869573,0.758086303945104,99.7281979136029,110.626476645489,-10.8982787318864,-71,2138682,#FFFEFC,#FFF4E6,#FFFAF4
1489,Andrew Ball,Monmouth,0.32846346,0.38758958,0.71605304,1157,0.548971427440938,0.146367441976845,0.695338869417783,106.497322240089,102.504395366067,3.99292687402237,92,1925672,#FFFBF7,#FFF8EF,#FFFAF4
1490,Myles Rice,Maryland,-0.75592687,1.4691307,0.71320383,476,-1.01097280883332,0.633686912882825,-0.377285895950493,95.7523530336032,102.834441485768,-7.08208845216428,-104,1681122,#E8F1F8,#FFE5C5,#FFFAF4
1491,Legend Smiley,San Francisco,1.5428223,-0.82987213,0.71295017,1158,1.89776465142875,-0.690542610417082,1.20722204101167,110.540817651346,107.797904743451,2.74291290789459,5,2477455,#FFEFDC,#D9E7F4,#FFFAF4
1492,Jackson Rasmussen,Idaho,0.18684179,0.52048604,0.70732783,1709,-0.354469177687639,-0.399965288662165,-0.754434466349804,107.255457281011,103.765842736804,3.48961454420755,94,2481333,#FFFDFA,#FFF6EA,#FFFAF4
1493,Jon Carroll,Morehead State,1.3605168,-0.65333624,0.70718056,1262,1.51392770768495,0.291076183443862,1.80500389112882,105.409152960757,115.745696309802,-10.3365433490449,-63,2550003,#FFF1E0,#E1ECF6,#FFFAF4
1494,Logan McIntire,Central Michigan,1.8137082,-1.1107401,0.7029681,1214,1.91973444040383,-0.19091258482292,1.72882185558091,107.391205277174,113.289310097386,-5.89810482021185,-53,1909579,#FFEDD6,#CCDFF0,#FFFAF4
1495,Brody Rowbury,Idaho,0.65803579,0.04291935,0.70095514,1376,0.663415835545068,-0.137851269439574,0.525564566105495,105.026761823657,105.374887061334,-0.34812523767731,50,1923942,#FFF8F0,#FFFEFD,#FFFAF4
1496,Parker Gerrits,Washington State,0.78290891,-0.082098482,0.700810428,482,0.526242216724171,-0.0791212765583015,0.447120940165869,111.299534042354,108.127447663462,3.17208637889266,-17,2093262,#FFF7ED,#FBFCFD,#FFFAF4
1497,Simon Hildebrandt,Washington State,0.98728522,-0.28933939,0.69794583,778,0.394051489034818,-0.0813067924333389,0.312744696601479,113.273921636964,109.248399637111,4.02552199985302,23,2321217,#FFF5E9,#F1F6FB,#FFFAF4
1498,Danny Carbuccia,Massachusetts,1.3980856,-0.70084838,0.69723722,1562,1.5097989473896,-0.361994508954827,1.14780443843477,107.232728321572,109.500401042321,-2.26767272074957,24,2472222,#FFF1E0,#DEEBF5,#FFFAF4
1499,Derin Saran,UC Irvine,-1.2790214,1.9719092,0.6928878,1712,-0.66606449006146,0.46312093194772,-0.202943558113741,99.2189144364808,94.8125932432537,4.40632119322706,128,2111155,#D8E7F3,#FFDDB2,#FFFAF4
1500,Jason Nelson,Youngstown State,0.10569746,0.58579245,0.69148991,1282,-0.247107908509851,0.344324715337893,0.0972168068280421,105.448739600951,102.645060886625,2.80367871432659,63,1701888,#FFFDFC,#FFF4E8,#FFFAF4
1501,Adria Rodriguez,Washington State,-0.76616465,1.4566648,0.69050015,1050,-0.285366488357557,1.35497826010668,1.06961177174912,105.421155796799,105.648540806625,-0.227385009825065,-30,2506888,#E8F0F8,#FFE5C6,#FFFAF4
1502,Joey Chammaa,Arkansas State,1.1927386,-0.50268196,0.69005664,649,3.10935991179846,-0.493220637400818,2.61613927439764,100.646311885965,105.345619219836,-4.69930733387112,17,2153999,#FFF3E4,#E8F0F8,#FFFAF4
1503,Shon Abaev,Cincinnati,-0.74815419,1.4353394,0.68718521,687,-0.679115152510462,0.280667399033652,-0.398447753476809,102.254884612284,93.6379155757642,8.61696903651971,68,2492962,#E8F1F8,#FFE6C7,#FFFAF4
1504,Tommy Kamarad,Winthrop,0.085527457,0.59994851,0.685475967,993,0.235251511081102,0.127524813540129,0.362776324621231,108.005539063915,105.666850957757,2.33868810615734,28,1933792,#FFFEFD,#FFF4E7,#FFFAF4
1505,Bryce Eaton,Saint Peter's,1.0514036,-0.36942366,0.68197994,1250,1.77345210337744,-0.492791056911898,1.28066104646555,102.237861901093,106.233849673304,-3.99598777221131,25,2110194,#FFF4E7,#EEF4FA,#FFFAF4
1506,Adam Harakow,Wyoming,1.4305813,-0.75580232,0.67477898,975,1.2954786893383,0.00691208581085533,1.30239077514916,114.716756265622,110.203000734489,4.5137555311332,47,2098197,#FFF1DF,#DCE9F5,#FFFAF4
1507,Tyler Mrus,BYU,1.1805431,-0.50665361,0.67388949,465,-0.583578822429747,-0.531366845833138,-1.11494566826289,124.889595766291,101.199480391682,23.6901153746088,94,1910969,#FFF3E4,#E7F0F8,#FFFAF5
1508,Deshaun Jackson Jr.,Mercyhurst,0.13896791,0.5308509,0.66981881,1158,-0.65091100307215,0.12092704886373,-0.52998395420842,104.255433838094,107.435922809879,-3.18048897178476,49,2287898,#FFFDFB,#FFF5EA,#FFFAF5
1509,RJ Johnson,Rhode Island,0.7056911,-0.036193778,0.669497322,1234,0.908987848752826,-0.359175667342369,0.549812181410456,101.841849470218,101.65440540241,0.187444067808062,4,1892539,#FFF8EF,#FDFDFE,#FFFAF5
1510,Sam Donald,Bellarmine,1.1611851,-0.49498471,0.66620039,1276,1.11164160044262,-0.166876307013247,0.944765293429376,114.893623500083,117.494677500796,-2.60105400071335,-8,2552852,#FFF3E5,#E8F0F8,#FFFAF5
1511,Cam McDowell,Tarleton State,0.5158098,0.1503643,0.6661741,765,0.29698078803793,-0.0356008788538046,0.261379909184126,103.198004091556,105.514523052244,-2.31651896068739,6,1705344,#FFF9F3,#FFFCF9,#FFFAF5
1512,Ryan Myers,Western Kentucky,1.4119929,-0.74939364,0.66259926,1212,2.75069095958856,-0.898084928649451,1.85260603093911,103.908425849016,104.013238298474,-0.104812449457614,35,1602907,#FFF1DF,#DCE9F5,#FFFAF5
1513,John Broom,South Alabama,0.97750126,-0.32506269,0.65243857,623,-1.58370661521607,-0.455620844999073,-2.03932746021514,110.283380942523,113.078750682594,-2.7953697400712,-2,2144554,#FFF5E9,#F0F5FA,#FFFAF5
1514,Percy Daniels,Tulane,0.068342071,0.58111573,0.649457801,854,-0.646380223804063,1.53816898153794,0.891788757733879,108.815811207873,110.507440411631,-1.69162920375836,-102,1913001,#FFFEFD,#FFF5E8,#FFFAF5
1515,James Okonkwo,Utah,-0.30841536,0.95764035,0.64922499,1062,-0.279819510588204,1.08217177416419,0.802352263575986,108.038493487263,106.722621295785,1.31587219147726,-122,1698336,#F5F9FC,#FFEED9,#FFFAF5
1516,Tamaury Releford,Morehead State,-0.82276284,1.4714622,0.64869936,688,-0.305815911165835,-0.0290390207826899,-0.334854931948525,98.4020240208746,104.899663348928,-6.49763932805354,-13,2125534,#E6EFF7,#FFE5C5,#FFFAF5
1517,Jonah Hinton,Rhode Island,0.02397765,0.62449674,0.64847439,1567,0.783078185301423,-0.572059128911913,0.21101905638951,100.786880486302,97.4696264563194,3.31725402998295,73,1891712,#FFFEFE,#FFF4E6,#FFFAF5
1518,Johan Nziemi,Longwood,0.47531286,0.17245575,0.64776861,1258,0.805423968805639,-0.231502622309088,0.573921346496551,99.7496492511107,108.523754273677,-8.77410502256635,-18,2133736,#FFFAF4,#FFFCF8,#FFFAF5
1519,Kade Sebastian,American,0.2651458,0.38133668,0.64648248,1072,0.518795002305356,-0.367082252944701,0.151712749360655,104.582379655377,106.025937121177,-1.44355746579956,9,2478271,#FFFCF9,#FFF8F0,#FFFAF5
1520,Preston Fowler,James Madison,0.51339355,0.13301892,0.64641247,1242,0.362412046380455,-0.400219032369537,-0.0378069859890812,107.342849116401,108.212480891426,-0.869631775024593,46,2549994,#FFF9F3,#FFFCF9,#FFFAF5
1521,Dan Gherezgher,Northern Kentucky,1.8819661,-1.243032,0.6389341,1645,1.97163068500326,-0.139683430653575,1.83194725434969,109.604593330248,110.169021294832,-0.564427964584091,47,1920423,#FFECD5,#C6DBEE,#FFFAF5
1522,Sebastian Akins,Wake Forest,0.22580786,0.4116517,0.63745956,896,0.476361100432524,0.912059183780859,1.38842028421338,111.069474133195,103.220330121999,7.84914401119658,4,2306685,#FFFCFA,#FFF7EE,#FFFAF5
1523,Casmir Chavis,UT Arlington,-0.50343205,1.1399866,0.63655455,1376,-0.376402250708691,0.769365484399494,0.392963233690804,99.2110191671958,100.714082724968,-1.50306355777264,-9,2302256,#EFF5FA,#FFEBD2,#FFFAF5
1524,Ivan Juric,Penn State,1.3119319,-0.6861332,0.6257987,1340,0.490577141936614,0.469943797822916,0.96052093975953,114.232515450269,113.626926175959,0.605589274309626,-97,2506621,#FFF2E1,#DFEBF5,#FFFAF5
1525,Jacob Conner,Dayton,-0.4928006,1.1129709,0.6201703,934,-0.25038200909971,0.708456564272373,0.458074555172663,104.49531228264,98.30320290113,6.19210938150959,53,1925051,#F0F5FA,#FFEBD3,#FFFAF5
1526,Troy Glover II,Bowling Green,-0.14828118,0.76615356,0.61787238,1182,-0.325786374585197,0.525929520485896,0.200143145900699,106.351013144926,101.603030106685,4.74798303824082,66,2101746,#FAFCFD,#FFF1E1,#FFFAF5
1527,Fabian Flores,DePaul,-1.1023189,1.7192063,0.6168874,482,0.35456100681973,0.417306154386912,0.771867161206642,101.532659938694,92.6928908314265,8.83976910726736,1,2543744,#DEEAF5,#FFE1BC,#FFFAF5
1528,Anthony Finkley,Saint Joseph's,-0.12887926,0.74568456,0.6168053,1022,-0.417502446841755,-0.435256552151465,-0.85275899899322,100.847300770587,100.996970770422,-0.149669999835034,57,2134483,#FBFCFD,#FFF2E1,#FFFAF5
1529,Marcus Kell,Western Carolina,1.2616163,-0.64765828,0.61395802,1498,0.930916497047062,-0.678488101904325,0.252428395142737,109.454027784782,110.65182428759,-1.19779650280776,10,1946856,#FFF2E3,#E1ECF6,#FFFAF5
1530,Dusty Stromer,Grand Canyon,0.038801794,0.57331586,0.612117654,1246,-0.333947368737848,-0.447833922574329,-0.781781291312177,106.672673754683,98.5179194990966,8.15475425558596,114,2105893,#FFFEFE,#FFF5E8,#FFFAF5
1531,Giovanni Emejuru,East Carolina,0.35290198,0.25915642,0.6120584,1707,0.825329361541699,1.08336881412575,1.90869817566745,100.206629236264,109.581395498185,-9.3747662619208,-166,1688553,#FFFBF7,#FFFAF4,#FFFAF5
1532,Mostapha El Moutaouakkil,Jacksonville State,-0.7513415,1.3473978,0.5960563,1478,-0.599778997198448,0.684195882508949,0.0844168853105015,101.605063964669,104.809962938893,-3.20489897422469,-2,2277281,#E8F1F8,#FFE7CA,#FFFBF6
1533,Daniel Johnson,Hampton,-0.35562796,0.94827633,0.59264837,1284,-0.410589940879924,0.453185386769133,0.0425954458892098,98.9508143815914,106.511624316977,-7.56080993538527,-61,2273130,#F4F8FB,#FFEEDA,#FFFBF6
1534,Xavier Amos,Loyola Chicago,-0.11798114,0.70599672,0.58801558,826,0.263546122184334,-0.312023154684579,-0.0484770325002446,101.994898757134,104.600901530378,-2.6060027732435,-65,1945179,#FBFCFD,#FFF2E3,#FFFBF6
1535,Ryan Crotty,Oklahoma State,0.56207574,0.024102233,0.586177973,464,-0.345721826463685,-0.686043712286584,-1.03176553875027,114.488649478362,104.560261066246,9.92838841211614,25,2533163,#FFF9F2,#FFFEFE,#FFFBF6
1536,Jonathan Griman,California Baptist,-0.75575576,1.3416373,0.58588154,1138,-0.723490848496322,0.189944387661831,-0.533546460834491,104.981313143789,98.3745299097857,6.60678323400355,113,2120080,#E8F1F8,#FFE7CA,#FFFBF6
1537,DA Houston,Texas A&M-Corpus Christi,0.13260672,0.45320748,0.5858142,876,-0.100132929427701,-0.054364883077225,-0.154497812504926,101.667956144623,102.185415448001,-0.51745930337741,18,1606057,#FFFDFC,#FFF7ED,#FFFBF6
1538,Kenyon Aguino,Montana,-0.056290809,0.64158646,0.585295651,1255,0.541039040922559,0.00247002199852658,0.543509062921085,102.878841083778,103.366408155387,-0.487567071608885,9,2538894,#FDFDFE,#FFF3E6,#FFFBF6
1539,Trevon Blassingame,Idaho,-0.14548937,0.72860651,0.58311714,900,-0.645452077302719,0.139424596454488,-0.50602748084823,107.036657707375,102.121677117657,4.91498058971827,29,1934522,#FAFCFD,#FFF2E2,#FFFBF6
1540,Jacolb Fredson-Cole,McNeese State,-0.55434483,1.1362669,0.58192207,996,-0.260074998008909,1.40775547038951,1.1476804723806,107.896684147785,100.592157256555,7.30452689123031,49,2126320,#EEF4FA,#FFEBD2,#FFFBF6
1541,Rob Diaz,Long Beach State,0.091168967,0.48932926,0.580498227,1177,1.23229717771608,1.35212212845409,2.58441930617017,98.67172851539,109.526277191824,-10.8545486764338,-97,2172905,#FFFEFC,#FFF6EB,#FFFBF6
1542,Felix Kossaras,Colorado,0.83482436,-0.25902538,0.57579898,781,0.264558257780148,0.0717980031590641,0.336356260939212,115.185797075836,107.535372835977,7.65042423985935,29,2317068,#FFF6EC,#F3F7FB,#FFFBF6
1543,Ramon Walker Jr.,Houston,0.65162783,-0.07702321,0.57460462,473,0.304827576178877,-0.507682337014564,-0.202854760835688,118.460551197562,97.7674953961946,20.693055801367,68,1694226,#FFF8F0,#FBFCFD,#FFFBF6
1544,David Castillo,Kansas State,0.71215653,-0.13915176,0.57300477,1652,1.22403059048758,-0.265920886538064,0.958109703949519,108.337471648861,104.664339831453,3.67313181740856,-97,2313647,#FFF8EF,#F8FBFD,#FFFBF6
1545,Omari Witherspoon,Pittsburgh,-0.46994196,1.0422961,0.57235414,1486,-0.415266232340029,1.79217901557678,1.37691278323675,108.988261591334,104.704325640069,4.28393595126486,-48,2538944,#F0F6FA,#FFEDD6,#FFFBF6
1546,Collin Mulholland,Chattanooga,1.1775829,-0.60525267,0.57233023,674,0.247709564518659,0.021501188447575,0.269210752966234,105.42324310121,115.283363007854,-9.86011990664386,21,2113895,#FFF3E4,#E3EDF7,#FFFBF6
1547,Dok Muordar,Monmouth,-0.72533462,1.2850961,0.55976148,656,-1.15966535620281,0.229452107787257,-0.930213248415553,105.075193739259,100.807356431406,4.26783730785341,33,1912976,#E9F1F8,#FFE8CC,#FFFBF6
1548,Austin Hunt,Harvard,0.40844457,0.15090796,0.55935253,484,-0.476389080464669,-0.237836538583998,-0.714225619048666,104.338331593397,104.363666322603,-0.0253347292059614,38,2292720,#FFFBF5,#FFFCF9,#FFFBF6
1549,Josiah Davis,Cal State Northridge,0.99719521,-0.43845881,0.5587364,2062,1.80255549490035,0.156287863766876,1.95884335866723,104.426081351189,109.260547212371,-4.83446586118199,-33,1912260,#FFF5E8,#EAF2F9,#FFFBF6
1550,Maban Jabriel,Queens,1.8118322,-1.2538831,0.5579491,1148,1.72148346240533,0.154655967154747,1.87613942956007,114.954244837523,118.787970624066,-3.83372578654309,-61,2314228,#FFEDD6,#C5DBEE,#FFFBF6
1551,Landon Lewis,Brown,-0.20586018,0.76356675,0.55770657,1042,0.688560496657272,0.29943882523665,0.987999321893922,93.8430777211237,104.96361672359,-11.1205390024664,-82,1926074,#F8FBFD,#FFF1E1,#FFFBF6
1552,Jac Mani,Fresno State,-0.52773639,1.0849584,0.55722201,500,-0.749718032954908,-0.222504872076633,-0.972222905031542,104.625008231342,97.9775891601696,6.64741907117208,46,1942786,#EFF5FA,#FFECD4,#FFFBF6
1553,Deywilk Tavarez,Loyola Chicago,0.56734736,-0.011406915,0.555940445,1246,0.763027161932321,-0.107003483336961,0.65602367859536,101.725796547995,109.24575422772,-7.51995767972475,-87,2144427,#FFF9F2,#FEFEFE,#FFFBF6
1554,Dylan Brumfield,Southern Mississippi,0.16547556,0.38955962,0.55503518,1831,0.109904265048273,0.41878610257258,0.528690367620853,103.581471804475,105.93204810991,-2.35057630543498,18,2496771,#FFFDFB,#FFF8EF,#FFFBF6
1555,Logan Kinsey,Denver,2.1526187,-1.5977172,0.5549015,1497,1.65112342724661,-0.578697985310408,1.07242544193621,115.090328184275,119.134467574962,-4.04413939068706,-47,1913271,#FFE9CF,#B5D1E9,#FFFBF6
1556,Amar Amkou,Florida Atlantic,1.2508263,-0.700442,0.5503843,502,0.579990099873255,-0.24051747661293,0.339472623260325,113.130170983012,109.117695765397,4.01247521761552,24,2313709,#FFF2E3,#DEEBF5,#FFFBF6
1557,Masai Troutman,George Mason,0.038220992,0.5117392,0.549960192,1214,0.763332578958169,0.0198777859034008,0.783210364861569,106.631922409714,100.838927978067,5.7929944316472,75,1889830,#FFFEFE,#FFF6EB,#FFFBF6
1558,Tye Dorset,Merrimack,0.42195994,0.12775076,0.5497107,1970,0.903188053637152,0.100386613386349,1.0035746670235,104.336879155215,104.701057870356,-0.364178715140806,67,2289539,#FFFAF5,#FFFCFA,#FFFBF6
1559,Kyler D'Augustino,IU Indy,2.1845668,-1.6356926,0.5488742,1752,3.34519068013276,-0.434660753283062,2.9105299268497,104.36977415095,117.236429191362,-12.8666550404116,-166,2173111,#FFE9CE,#B4D0E9,#FFFBF6
1560,Yohan Traore,Butler,2.2678454,-1.7201584,0.547687,1088,2.0383750470133,-0.57583865988718,1.46253638712612,114.660922997387,111.717250303105,2.94367269428184,-46,1905717,#FFE8CC,#B0CEE8,#FFFBF6
1561,AJ Casey,Evansville,0.75122303,-0.20569388,0.54552915,1522,1.87919875146804,1.24438182934769,3.12358058081573,96.9029343836228,115.444123600903,-18.5411892172805,-289,1945154,#FFF7EE,#F5F9FC,#FFFBF6
1562,Aly Tounkara,Arkansas State,-1.5049396,2.0446599,0.5397203,958,-1.41042381893132,0.662537558616015,-0.747886260315305,106.357270150476,99.7866205648421,6.57064958563388,74,2319961,#D1E3F1,#FFDBAF,#FFFBF6
1563,Kiwane Garris Jr,Cal State Fullerton,1.1984033,-0.65896292,0.53944038,839,1.60357027741796,-0.36166643695545,1.24190384046251,107.219648814184,109.484494806945,-2.26484599276087,-3,2483450,#FFF3E4,#E0ECF6,#FFFBF6
1564,Franck Emmou,Texas State,2.2477843,-1.7100931,0.5376912,1102,1.09395761618584,-1.54906701108866,-0.45510939490282,109.091385792972,109.289190713718,-0.197804920746214,68,2126105,#FFE9CD,#B0CEE8,#FFFBF7
1565,Tucker Anderson,Utah State,1.2813022,-0.74434745,0.53695475,476,1.10450503958988,-0.650409559416752,0.454095480173127,113.599591346378,107.040878844328,6.55871250204954,20,2153822,#FFF2E2,#DCE9F5,#FFFBF7
1566,Mathis Courbon,Murray State,1.1971667,-0.66273908,0.53442762,886,0.719540178297239,-0.394362477066136,0.325177701231102,114.278604451833,109.829574244504,4.44903020732974,24,2481894,#FFF3E4,#E0ECF6,#FFFBF7
1567,Isaiah Stafford,Southern Illinois,0.38016346,0.15259072,0.53275418,498,-1.02484625927901,-0.395160492203119,-1.42000675148213,104.820481601885,102.751225420896,2.06925618098872,-2,1688623,#FFFBF6,#FFFCF9,#FFFBF7
1568,Dante Censori-Hercules,Portland,0.61296508,-0.080212388,0.532752692,1126,0.713498794044986,0.247051585952011,0.960550379996998,104.796298625216,107.996580600779,-3.20028197556337,-73,2539445,#FFF9F1,#FBFCFD,#FFFBF7
1569,Etienne Strothers,Hampton,-0.046721018,0.57435448,0.527633462,962,-0.742682454656428,0.572698854792745,-0.169983599863683,102.505951139936,107.924391747901,-5.41844060796461,-25,2127611,#FDFEFE,#FFF5E8,#FFFBF7
1570,Jaylen Peterson,Presbyterian,-0.32088374,0.84850747,0.52762373,1520,-0.281176540651526,1.15340675688604,0.872230216234517,100.460827307257,109.787741839115,-9.32691453185845,-77,1930111,#F5F9FC,#FFF0DD,#FFFBF7
1571,Charlie Williams,Lipscomb,0.19298015,0.33370143,0.52668158,1116,0.75587331874579,0.67763007605119,1.43350339479698,102.69007800151,108.164904105362,-5.47482610385164,-41,1890309,#FFFDFA,#FFF9F2,#FFFBF7
1572,Andrej Kostic,Kansas State,2.2777951,-1.7512542,0.5265409,578,0.598008337413169,-0.33216904762037,0.265839289792799,117.809949188346,116.609401105315,1.20054808303163,-20,2510653,#FFE8CC,#AECDE7,#FFFBF7
1573,Redd Thompson Jr.,Longwood,1.3997145,-0.87624532,0.52346918,1088,0.700256762590765,-1.86856884513502,-1.16831208254425,105.789711566407,107.509427066901,-1.71971550049448,98,2280667,#FFF1E0,#D6E6F3,#FFFBF7
1574,Pape N'Diaye,Xavier,-1.1742081,1.6947263,0.5205182,461,-0.42211512723407,1.18153526753509,0.759420140301017,105.528619509874,102.758301443157,2.77031806671673,-58,2345782,#DBE9F4,#FFE1BD,#FFFBF7
1575,Ryan Abelman,Northern Arizona,0.85348569,-0.34095562,0.51253007,1463,0.878364555437749,0.225036715382474,1.10340127082022,102.282535909139,113.617449293829,-11.3349133846901,-119,1909639,#FFF6EC,#EFF5FA,#FFFBF7
1576,Iaroslav Niagu,Jacksonville State,-1.1423659,1.6529421,0.5105762,965,-0.862834227060403,0.904011512844828,0.0411772857844254,99.5598336560824,100.285721597764,-0.725887941681125,-3,1920564,#DCE9F5,#FFE2BE,#FFFBF7
1577,Cameron Faas,Fresno State,-0.047980341,0.55815705,0.510176709,1018,-0.32926145190302,-0.303650591165577,-0.632912043068598,102.955327614844,100.78314090555,2.17218670929331,36,2137299,#FDFEFE,#FFF5E9,#FFFBF7
1578,Allen Strothers,East Tennessee State,-0.5591471,1.0677129,0.5085658,1164,-0.238952179820764,0.72603318909833,0.487081009277566,106.552503171541,102.454211822585,4.09829134895556,77,1707265,#EEF4FA,#FFECD5,#FFFBF7
1579,Uzziah Buntyn,South Dakota,1.2355548,-0.72784298,0.50771182,1538,0.669549953837486,-0.731908789381516,-0.0623588355440301,105.799794802482,111.467414554514,-5.6676197520322,4,2550077,#FFF2E3,#DDEAF5,#FFFBF7
1580,Jalen Tot,Appalachian State,1.0845265,-0.57741474,0.50711176,1201,0.88890333370036,-1.16146957025715,-0.272566236556786,106.078324683738,104.778382542116,1.29994214162228,89,1920550,#FFF4E6,#E4EEF7,#FFFBF7
1581,Jeff Nwankwo,Oklahoma,0.24582571,0.25927697,0.50510268,465,-1.59049036428175,0.498465632018979,-1.09202473226277,119.211312016979,107.16882177652,12.0424902404593,20,2280418,#FFFCF9,#FFFAF4,#FFFBF7
1582,Greg Jones,American,0.74621036,-0.24498255,0.50122781,1562,0.761259155146371,-0.732195940832556,0.0290632143138145,103.459144791193,108.574279590978,-5.115134799785,6,2112592,#FFF7EE,#F3F8FB,#FFFBF7
1583,Franck Yetna,Texas A&M-Corpus Christi,0.66080598,-0.15968423,0.50112175,892,1.41594408474119,0.192312224601768,1.60825630934296,101.283232569665,106.523322119749,-5.24008955008417,-39,1927662,#FFF8F0,#F7FAFC,#FFFBF7
1584,Ben Bradford,Charlotte,0.70096991,-0.20027767,0.50069224,1544,1.19963215502342,-0.0596132987989945,1.14001885622443,108.004201994893,109.409775355366,-1.40557336047222,-41,2331204,#FFF8EF,#F5F9FC,#FFFBF7
1585,Joel Armotrading,Nevada,-1.0154962,1.5155673,0.5000711,521,-0.501137319535492,0.514022339261962,0.0128850197264699,104.143634196752,99.3647424392004,4.77889175755195,16,2120140,#E0ECF6,#FFE4C4,#FFFBF7
1586,Emondrek Erkins-Ford,Jacksonville State,0.92567621,-0.42590983,0.49976638,1043,0.722599520426127,0.399648827844371,1.1222483482705,106.332008715298,110.306833237184,-3.97482452188522,-27,2533450,#FFF5EA,#EBF2F9,#FFFBF7
1587,Joshua DeCady,Hofstra,-0.080306658,0.57853881,0.498232152,1198,-0.63210128735432,-0.363385459369285,-0.995486746723606,114.234180650019,100.252935107521,13.9812455424978,142,2291373,#FCFDFE,#FFF5E8,#FFFBF7
1588,Godslove Nwabude,Eastern Michigan,-0.87655956,1.3746035,0.49804394,926,-0.551200904245009,2.27924304771651,1.72804214347151,101.018476578468,104.185643971265,-3.16716739279732,-60,2283306,#E4EEF7,#FFE7C9,#FFFBF7
1589,Arman Madi,Sacramento State,0.62492527,-0.12890849,0.49601678,1146,0.831328602118462,0.926113118584001,1.75744172070246,103.034294181131,111.439191658314,-8.40489747718321,-78,2125339,#FFF8F1,#F9FBFD,#FFFBF7
1590,Justin Kirby,Miami (OH),0.99005286,-0.49524261,0.49481025,571,1.1465860059174,-0.842485349611953,0.304100656305445,114.32585099375,105.719320645953,8.60653034779735,49,2543686,#FFF5E9,#E8F0F8,#FFFBF7
1591,Biko Johnson,Idaho,0.16301417,0.32795485,0.49096902,1596,0.628803610724476,0.230571400910261,0.859375011634737,104.797965826874,105.489576939733,-0.691611112859603,47,2110364,#FFFDFB,#FFF9F2,#FFFBF7
1592,Anton Brookshire,Austin Peay,0.73821269,-0.2529826,0.48523009,1282,0.742589024620804,-0.460319776618899,0.282269248001905,107.364786743629,104.115335297618,3.24945144601032,116,1688259,#FFF7EE,#F3F7FB,#FFFBF7
1593,Ethan Duncan,Lipscomb,1.5824895,-1.099153,0.4833365,1075,1.83507256562584,-0.847584299145597,0.987488266480245,107.486650267117,108.822165364236,-1.33551509711936,48,1701843,#FFEFDB,#CCDFF0,#FFFBF7
1594,Jalen Griffith,Western Michigan,2.3287429,-1.8491789,0.479564,974,3.14217343193397,-0.906255168982221,2.23591826295175,106.551305664023,116.352703728898,-9.80139806487523,-85,2143488,#FFE8CB,#AACAE6,#FFFBF7
1595,Evan Haywood,Butler,1.0705366,-0.59216017,0.47837643,984,1.74740916200157,-0.181468015607,1.56594114639456,110.142102752144,107.268950148784,2.8731526033605,-33,2302156,#FFF4E7,#E3EEF7,#FFFBF7
1596,Scotty Middleton,Tulane,0.17573105,0.30146256,0.47719361,1382,0.144013960296385,0.10176110016807,0.245775060464454,103.094246731944,107.448879801556,-4.35463306961148,-47,2113933,#FFFDFB,#FFF9F3,#FFFBF7
1597,Cenker Evran,Texas A&M-Corpus Christi,-0.51287634,0.98425345,0.47137711,829,0.145327134994858,-0.566236637960273,-0.420909502965415,100.831377509554,97.8531352008609,2.97824230869291,52,1955614,#EFF5FA,#FFEED8,#FFFBF8
1598,Nasir Whitlock,Lehigh,1.6730122,-1.2044712,0.468541,1891,1.93586456805768,-1.05111363777335,0.884750930284339,102.173718277504,109.84822994524,-7.67451166773541,-23,2099015,#FFEED9,#C7DCEF,#FFFBF8
1599,Ring Malith,SIU Edwardsville,0.17452368,0.29261669,0.46714037,596,1.29886874340359,-0.498456930722883,0.800411812680705,97.6136997561493,104.432334275258,-6.81863451910897,21,2321370,#FFFDFB,#FFF9F3,#FFFBF8
1600,Ivan Njegovan,Ohio State,-0.5159342,0.9801424,0.4642082,551,0.0716900160003285,0.58041681171885,0.652106827719179,114.99197076581,98.5952037855247,16.3967669802853,14,2291218,#EFF5FA,#FFEED8,#FFFBF8
1601,Yohann Sissoko,Florida Atlantic,0.99375172,-0.53225345,0.46149827,466,-1.37918951235281,-0.455163500991549,-1.83435301334436,113.604979195666,109.933926423973,3.67105277169324,13,2550729,#FFF5E8,#E6EFF7,#FFFBF8
1602,Freddy Hicks,Tarleton State,0.21871715,0.24180541,0.46052256,1048,-1.11222037807252,0.501936841133275,-0.610283536939248,104.106980376917,108.488018066716,-4.38103768979974,-37,1600268,#FFFCFA,#FFFAF5,#FFFBF8
1603,Aidan Shaw,Boston College,-0.98755697,1.4374027,0.44984573,1302,-0.719516546449646,1.79581040064073,1.07629385419109,98.4566981216376,101.624846866329,-3.16814874469107,-116,1908654,#E1ECF6,#FFE6C7,#FFFCF8
1604,Emmett Marquardt,Eastern Washington,1.1769838,-0.73038665,0.44659715,804,0.488762797304542,0.252083755734669,0.740846553039211,111.161192835667,117.287722949767,-6.1265301140994,-64,2136420,#FFF3E4,#DDEAF5,#FFFCF8
1605,Armelo Boone,Western Kentucky,-0.51099687,0.95242032,0.44142345,1206,-0.735510262510841,1.38124781831541,0.645737555804571,105.725642954372,104.908567227104,0.817075727268413,21,2504113,#EFF5FA,#FFEED9,#FFFCF8
1606,Curtis Givens III,Memphis,1.3298901,-0.89166522,0.43822488,1128,1.52981325298698,-0.159479320722914,1.37033393226407,106.894921625991,107.837125368337,-0.942203742345371,-65,2281242,#FFF1E1,#D6E5F3,#FFFCF8
1607,Josiah Shackelford,Bowling Green,0.81733271,-0.3792726,0.43806011,1238,0.406116707202379,-0.456291494675167,-0.0501747874727874,107.180370086462,103.430284101009,3.75008598545306,89,2293424,#FFF7EC,#EDF4F9,#FFFCF8
1608,Jacob Dar,Seton Hall,0.82868779,-0.39170227,0.43698552,512,0.702489024222138,-0.144499505629196,0.557989518592942,108.519834025044,98.4748641173296,10.0449699077148,32,1947393,#FFF6EC,#EDF3F9,#FFFCF8
1609,Hasan Abdul Hakim,Memphis,-0.99578024,1.4299554,0.43417516,514,-2.07959178875213,0.608360897001296,-1.47123089175083,99.9913635001418,96.7780725717314,3.21329092841039,-8,2126004,#E1ECF6,#FFE6C7,#FFFCF8
1610,Damarius Owens,Marquette,0.055410981,0.37706624,0.432477221,820,0.0188102888608105,0.301056015663185,0.319866304523996,106.514961160257,101.650139896917,4.86482126333985,-47,2302586,#FFFEFD,#FFF8F0,#FFFCF8
1611,Isaiah Carr,Drake,-0.97938409,1.4095095,0.43012541,603,-1.01472247247398,1.899193868913,0.884471396439017,105.432983866062,107.793399698845,-2.36041583278279,-16,1912501,#E1ECF6,#FFE6C8,#FFFCF8
1612,Harrison Carrington,UC Irvine,0.24462306,0.18517592,0.42979898,942,1.79166538933672,-0.246470558823157,1.54519483051356,97.8182350743028,99.3905253080365,-1.57229023373361,40,1933865,#FFFCF9,#FFFBF7,#FFFCF8
1613,RaSheed Jones,Coastal Carolina,0.33710098,0.092377704,0.429478684,1972,0.445030592216107,0.148768563081608,0.593799155297715,97.746823799726,105.888291665687,-8.14146786596103,-80,1946868,#FFFBF7,#FFFDFB,#FFFCF8
1614,Lukas Walls,Radford,1.3590065,-0.93117764,0.42782886,1304,1.24418659951229,-0.663560304175586,0.580626295336699,105.919408708805,111.401290380478,-5.48188167167314,-1,2106225,#FFF1E0,#D4E4F2,#FFFCF8
1615,Trent Mosquera,Le Moyne,0.3601643,0.065386009,0.425550309,1738,0.291093100853129,0.433275664432716,0.724368765285844,101.870168666775,110.677385218969,-8.80721655219385,-18,1946960,#FFFBF7,#FFFDFC,#FFFCF8
1616,Camp Wagner,Indiana State,0.52444105,-0.10267257,0.42176848,1526,0.999742575521949,0.1551197929941,1.15486236851605,101.404223290269,106.752538857213,-5.34831556694388,-66,2127736,#FFF9F3,#FAFCFD,#FFFCF8
1617,Emmanuel Okorafor,Wichita State,-0.92378565,1.343026,0.41924035,882,0.513815533621963,1.33538451337323,1.8492000469952,102.791077112707,99.4251356557769,3.36594145693051,-1,1985761,#E3EDF7,#FFE7CA,#FFFCF8
1618,Angel Montas Jr.,UMass Lowell,1.6841439,-1.2674308,0.4167131,1424,1.72726330962997,-1.00214178876604,0.725121520863925,105.686846973838,114.524256807361,-8.83740983352295,16,1913024,#FFEED9,#C5DBEE,#FFFCF8
1619,Tyler Houser,Delaware,1.1077346,-0.69138203,0.41635257,1338,1.96636918389391,-0.742554749150893,1.22381443474302,102.09519310023,110.883855090256,-8.78866199002677,-68,1909448,#FFF4E6,#DFEBF5,#FFFCF8
1620,Kam Craft,Georgia Tech,1.6055277,-1.195082,0.4104457,1084,1.04550761031963,-0.498635048692417,0.546872561627211,108.14618969711,108.869424541112,-0.723234844002008,-9,1945237,#FFEFDB,#C8DDEF,#FFFCF8
1621,Truman Byrne,Central Arkansas,1.6220669,-1.2117858,0.4102811,883,0.789465092865735,-1.14844691945826,-0.35898182659252,116.385576217271,109.099834375173,7.28574184209796,89,2559449,#FFEFDB,#C7DCEE,#FFFCF8
1622,Simon Majok,Memphis,-0.14296316,0.55297882,0.41001566,543,-1.44175377219152,0.307693313951032,-1.13406045824049,111.470484482092,102.369818265311,9.10066621678083,21,2550749,#FAFCFD,#FFF5E9,#FFFCF8
1623,Parby Kabamba,Marist,-0.43803046,0.84615097,0.40812051,827,-0.217313897001511,-0.0457565379959846,-0.263070434997496,102.733395811474,96.1934290149283,6.53996679654534,119,2304233,#F1F6FB,#FFF0DE,#FFFCF8
1624,Chris Fields Jr.,Campbell,-0.72811031,1.1323217,0.40421139,823,-0.743790065484504,1.38273521591728,0.638945150432773,105.040384216635,106.470810898447,-1.43042668181212,-18,2125285,#E9F1F8,#FFEBD2,#FFFCF9
1625,Derrick Talton Jr,Buffalo,0.71753315,-0.32093695,0.3965962,1304,0.36050703224994,-0.237639455849843,0.122867576400097,109.595135203197,110.223220313248,-0.628085110050636,13,2472149,#FFF7EF,#F0F5FA,#FFFCF9
1626,Josh Ogundele,Hampton,0.067487924,0.32908912,0.396577044,756,0.272049994322415,-0.444676887773176,-0.172626893450761,102.074727188953,106.276413788984,-4.20168660003035,7,1599742,#FFFEFD,#FFF9F2,#FFFCF9
1627,Antoine Lorick III,Tennessee State,0.67115658,-0.27521549,0.39594109,1134,0.891090150301751,1.0600769066963,1.95116705699805,110.332044336365,111.417647523156,-1.0856031867909,64,2335901,#FFF8F0,#F2F7FB,#FFFCF9
1628,Ajay Sheldon,Ohio,0.54012337,-0.14460091,0.39552246,1652,0.125558544024595,0.25576054258571,0.381319086610304,108.088453060068,110.81856520414,-2.73011214407182,-47,1916859,#FFF9F3,#F8FAFD,#FFFCF9
1629,Tate Darner,Chattanooga,1.4833767,-1.0888484,0.3945283,1312,0.466790062190528,-0.606790429297061,-0.140000367106533,109.979064183078,114.339622933161,-4.36055875008334,18,2486745,#FFF0DE,#CDE0F0,#FFFCF9
1630,Adrian Myers,San Jose State,0.93321716,-0.54197027,0.39124689,1318,1.71551476541865,0.947822874961958,2.66333764038061,105.531010845724,117.532507596706,-12.0014967509813,-206,2125124,#FFF5EA,#E6EFF7,#FFFCF9
1631,Kendyl Sanders,Utah,0.13651549,0.2498476,0.38636309,1052,-0.0590937720246254,1.16748213001822,1.10838835799359,109.230094193115,109.157150867004,0.0729433261109635,-86,2474919,#FFFDFB,#FFFAF5,#FFFCF9
1632,Justice Williams,Western Michigan,1.5445066,-1.1597532,0.3847534,926,1.73667175131191,-1.21810467843379,0.518567072878126,105.808258457879,114.366842947467,-8.55858448958731,-62,1717512,#FFEFDC,#C9DEEF,#FFFCF9
1633,K'Jei Parker,Massachusetts,1.560756,-1.1767105,0.3840455,1220,3.31829629225151,-0.761237738955639,2.55705855329587,104.941614840418,109.987596579688,-5.0459817392702,-9,2161143,#FFEFDC,#C9DDEF,#FFFCF9
1634,Malek Abdelgowad,Southern,0.67364924,-0.28994992,0.38369932,770,1.63031914893267,-0.0325401104603045,1.59777903847237,103.231258869369,114.958000868624,-11.7267419992556,-55,2160061,#FFF8F0,#F1F6FB,#FFFCF9
1635,Chris Lockett,Jacksonville,1.0152112,-0.63459311,0.38061809,1226,0.590369491466556,-0.0501499999922932,0.540219491474263,104.071813093512,112.09015865694,-8.01834556342791,-73,2090934,#FFF5E8,#E1EDF6,#FFFCF9
1636,JaQualon Roberts,Davidson,-0.24978081,0.62869485,0.37891404,554,-1.43606805522578,0.575975057014575,-0.8600929982112,109.558120866185,103.797609885381,5.76051098080326,23,2115436,#F7FAFC,#FFF4E6,#FFFCF9
1637,Kaden Powers,Rutgers,-0.096936477,0.47415267,0.377216193,738,-0.532758223476424,0.176141467303987,-0.356616756172437,106.513656989309,102.801915364195,3.7117416251143,-66,2474220,#FCFDFE,#FFF6EC,#FFFCF9
1638,Sam Alamutu,Wright State,-0.15590928,0.53229765,0.37638837,615,-1.232390899124,0.936994567584511,-0.295396331539493,110.284663939347,107.569175900015,2.71548803933193,-4,1713513,#FAFCFD,#FFF5EA,#FFFCF9
1639,Learic Davis,South Carolina Upstate,-0.12233402,0.49827943,0.37594541,964,-0.417584129875862,-0.0863946452162024,-0.503978775092064,98.3113533372502,106.613089483665,-8.30173614641499,-36,1945204,#FBFCFD,#FFF6EB,#FFFCF9
1640,Trent Middleton Jr.,North Carolina A&T,1.1004614,-0.7250613,0.3754001,1434,0.840835336939729,-0.488357305314252,0.352478031625478,104.365574414416,113.140700710067,-8.77512629565149,-67,2125375,#FFF4E6,#DDEAF5,#FFFCF9
1641,Luke Jungers,Iona,1.0049952,-0.63199571,0.37299949,820,0.919651709309663,-1.08891247247419,-0.169260763164523,105.116572392045,107.928260270545,-2.81168787849961,44,1917953,#FFF5E8,#E2EDF6,#FFFCF9
1642,Guzman Vasilic,Cal Poly,0.92697842,-0.55442334,0.37255508,1238,0.848594151718103,-1.24816325735431,-0.399569105636209,108.074386587472,106.822606835753,1.25177975171931,57,2161093,#FFF5EA,#E5EFF7,#FFFCF9
1643,Tyler Kropp,Northwestern,0.14666061,0.22573384,0.37239445,586,-0.57811318390692,0.504952254859689,-0.0731609290472311,114.974789330145,105.210507484433,9.76428184571179,-19,2567230,#FFFDFB,#FFFBF6,#FFFCF9
1644,Patrick McMahon,Montana State,0.55310827,-0.18086528,0.37224299,1376,0.0967555840213244,0.032071679197869,0.128827263219193,107.749314158454,107.088478670201,0.66083548825322,3,1687103,#FFF9F2,#F6F9FC,#FFFCF9
1645,Cade Norris,Samford,0.93404435,-0.56244672,0.37159763,1606,1.24988134267722,-0.73065315859259,0.519228184084629,108.087995386366,108.8807925169,-0.792797130533329,31,2281150,#FFF5EA,#E5EFF7,#FFFCF9
1646,LJ Thomas,Old Dominion,0.72632664,-0.35684273,0.36948391,1422,-0.0357920194508093,0.222080667352846,0.186288647902037,105.595139353038,112.567764508449,-6.97262515541186,-59,1895215,#FFF7EE,#EEF4FA,#FFFCF9
1647,Josiah Parker,Florida Atlantic,0.15134942,0.21404393,0.36539335,1186,0.332193710644352,0.638268160473563,0.970461871117915,105.550800252534,106.905660052178,-1.35485979964478,-36,2550731,#FFFDFB,#FFFBF6,#FFFCF9
1648,Chris Mubiru,Northwestern State,0.14399103,0.2212382,0.36522923,1340,1.02775608412607,-0.0751347074744504,0.952621376651621,99.4033035776798,107.620528718361,-8.21722514068119,-72,2100345,#FFFDFB,#FFFBF6,#FFFCF9
1649,Marqueas Bell,Southeast Missouri State,0.99021018,-0.62672394,0.36348624,1172,0.532067801035496,-0.678271402603437,-0.146203601567941,106.544974622708,107.641206159113,-1.09623153640492,52,2143410,#FFF5E9,#E2EDF6,#FFFCF9
1650,Max Frazier,Central Connecticut,0.2319869,0.12870928,0.36069618,1320,0.582620638799114,0.920882264224009,1.50350290302312,105.228597724168,115.104686670671,-9.87608894650225,-10,2110189,#FFFCF9,#FFFCF9,#FFFCF9
1651,Robert Fields,Texas State,0.58906032,-0.22889391,0.36016641,750,0.00910347614961352,-0.282715384117482,-0.273611907967868,108.498156304475,109.025603686596,-0.527447382120805,32,2505167,#FFF9F1,#F4F8FB,#FFFCF9
1652,Walter Brown,UNLV,0.64294137,-0.28291958,0.36002179,1050,-0.351062845886325,0.439067012957835,0.0880041670715098,113.441626745741,108.343311049587,5.09831569615424,-5,2550762,#FFF8F0,#F2F6FB,#FFFCF9
1653,"Jerome Brewer, Jr.",La Salle,0.32922328,0.030553135,0.359776415,812,1.51901341751346,-0.669553641280785,0.84945977623267,99.671236672576,106.157648116506,-6.48641144393002,-64,1946435,#FFFBF7,#FFFEFD,#FFFCF9
1654,Noah Batchelor,Buffalo,1.5555167,-1.1959781,0.3595386,1571,1.03225442170993,-0.308090778737813,0.724163642972119,113.761626547144,114.593572910953,-0.831946363809211,48,1908702,#FFEFDC,#C8DDEF,#FFFCF9
1655,Bryce Cofield,Cal State Fullerton,-0.85191249,1.2103419,0.35842941,1317,-1.78284308503199,0.504658900035347,-1.27818418499664,104.986935944787,103.613727227079,1.37320871770805,15,2483449,#E5EFF7,#FFEACF,#FFFCF9
1656,Sola Adebisi,The Citadel,0.4652136,-0.10685894,0.35835466,1498,0.363065246428119,0.542482766739037,0.905548013167156,102.028031499287,116.172641261375,-14.1446097620876,-160,1974400,#FFFAF4,#FAFBFD,#FFFCF9
1657,Daniel Hankins-Sanford,Massachusetts,0.038458731,0.31956957,0.358028301,1486,-0.0361718930542673,0.0972386431134908,0.0610667500592234,105.536640706995,108.009239461382,-2.47259875438646,23,1917754,#FFFEFE,#FFF9F2,#FFFCF9
1658,Nate Brafford,Charleston Southern,0.025399584,0.33192446,0.357324044,1031,-0.15098169288324,-0.842434078689946,-0.993415771573186,102.084249837282,104.955704691288,-2.87145485400531,23,1895946,#FFFEFE,#FFF9F2,#FFFCF9
1659,Deuce Jones II,Saint Joseph's,0.36021801,-0.0032270829,0.3569909271,456,0.965262902607338,0.0968520033540569,1.06211490596139,101.441927595995,109.661101745691,-8.21917414969602,-17,2321194,#FFFBF7,#FEFEFE,#FFFCF9
1660,Cody Pennebaker,Lamar,0.52652848,-0.17978096,0.34674752,1337,1.23978493171224,0.0782963226339138,1.31808125434615,102.271868403633,107.529089741837,-5.25722133820372,-22,1948692,#FFF9F3,#F6F9FC,#FFFCF9
1661,Thomas Ndong,California Baptist,-1.2480372,1.5944199,0.3463827,936,-0.417173913551058,0.890369856484177,0.473195942933118,101.509770517346,100.129442392569,1.38032812477702,62,2126493,#D9E7F4,#FFE3C0,#FFFCF9
1662,Almar Atlason,Miami (OH),1.1481747,-0.80218941,0.34598529,982,0.973019232832324,-1.10820496535053,-0.135185732518209,114.322116442019,108.981847907583,5.34026853443621,102,2091389,#FFF3E5,#DAE8F4,#FFFCF9
1663,Geoff Sprouse,American,1.8815231,-1.5367903,0.3447328,1388,2.15846024787213,-0.716421165008269,1.44203908286386,106.014018429558,111.1540801353,-5.14006170574266,36,1924182,#FFECD5,#B8D3EA,#FFFCF9
1664,Gabe Cupps,Ohio State,0.086050506,0.25761477,0.343665276,658,-0.910192556768575,0.186151695158621,-0.724040861609954,118.213041991583,101.258251175036,16.9547908165476,30,2099636,#FFFEFD,#FFFAF4,#FFFCF9
1665,Mikale Stevenson,Fort Wayne,0.42830902,-0.088170031,0.340138989,1551,0.338031631013749,0.770886780233156,1.1089184112469,104.706245116645,112.028571337122,-7.32232622047708,-125,2144726,#FFFAF5,#FAFCFD,#FFFCF9
1666,Tyler Boston,Holy Cross,0.96163326,-0.62151822,0.34011504,1626,1.6187022723089,-0.476559329872731,1.14214294243617,98.8215163674212,112.028917741393,-13.2074013739722,-120,2299337,#FFF5E9,#E2EDF6,#FFFCF9
1667,Noah Barnett,Vermont,0.4221796,-0.083642265,0.338537335,1037,0.619821630862254,-0.798047448123027,-0.178225817260773,106.60790238062,107.110687759369,-0.502785378748771,45,2143479,#FFFAF5,#FBFCFD,#FFFCF9
1668,Ramone Seals,Kennesaw State,-0.27135293,0.60841185,0.33705892,626,0.164866597637653,-0.12093430114958,0.043932296488073,107.861189295826,100.620284842085,7.24090445374093,67,2334141,#F6F9FC,#FFF4E7,#FFFCFA
1669,Maguire Mitchell,IU Indy,1.1213688,-0.78491348,0.33645532,1500,1.3925383771049,0.117844967664493,1.5103833447694,107.421078207008,115.753911224159,-8.33283301715049,-88,2471964,#FFF4E6,#DBE8F4,#FFFCFA
1670,Sean Blake,Vermont,0.22466614,0.10572975,0.33039589,1534,0.414420239040335,-0.422512176225704,-0.00809193718536876,107.125776850535,108.060318477301,-0.934541626765828,151,2314352,#FFFCFA,#FFFDFA,#FFFCFA
1671,Edwin Suarez Jr.,Weber State,-0.23117023,0.55916908,0.32799885,1154,-0.854023673616103,1.10990570331914,0.255882029703041,108.630776121435,110.566223515976,-1.93544739454095,-7,2541451,#F8FAFD,#FFF5E9,#FFFCFA
1672,DJ Patrick,UNC Asheville,0.46567553,-0.1410112,0.32466433,1511,0.333791937530437,-0.206355294188138,0.127436643342299,104.680070366421,106.989393923767,-2.30932355734621,2,1695245,#FFFAF4,#F8FBFD,#FFFCFA
1673,Tama Isaac,UC Irvine,-0.87320122,1.1932034,0.32000218,1581,-0.592325651546754,-0.189038396500673,-0.781364048047427,99.4738523739043,96.3163574241604,3.15749494974387,121,2475004,#E4EEF7,#FFEAD0,#FFFCFA
1674,Logan Applegate,The Citadel,1.7517299,-1.4329209,0.318809,780,1.42767363691558,-0.321661885525443,1.10601175139014,106.14844483462,118.308120158894,-12.1596753242742,-14,1943079,#FFEDD8,#BDD6EC,#FFFCFA
1675,Ian Platteeuw,Davidson,0.34249412,-0.02473693,0.31775719,707,0.830694555739037,0.701069280029232,1.53176383576827,106.222966146084,111.258398324049,-5.03543217796483,-2,2505302,#FFFBF7,#FDFEFE,#FFFCFA
1676,Aaron Clark,Pepperdine,0.90405508,-0.58750699,0.31654809,1714,1.26838323333248,0.0454677997371445,1.31385103306962,101.676429408466,112.498184163946,-10.8217547554795,-187,2125515,#FFF6EA,#E4EEF7,#FFFCFA
1677,Anquan Hill,Sacred Heart,1.0055071,-0.68938285,0.31612425,1463,1.14271847436388,-0.895965914000614,0.246752560363267,105.996592535572,113.373990737373,-7.37739820180088,-24,1681739,#FFF5E8,#DFEBF5,#FFFCFA
1678,Jaden Steppe,Montana State,0.043226621,0.26741795,0.310644571,722,-1.09282842597691,0.783339732150479,-0.309488693826435,111.612984928207,108.691477568806,2.92150735940118,41,2321365,#FFFEFE,#FFFAF4,#FFFCFA
1679,Makhi Myles,Southeastern Louisiana,-1.1004528,1.4063795,0.3059267,1037,0.050767270972191,1.52245133529645,1.57321860626864,94.2261447849297,105.458185496664,-11.2320407117348,-89,2321244,#DEEAF5,#FFE6C8,#FFFCFA
1680,Noah Pagotto,East Texas A&M,0.54862034,-0.24509916,0.30352118,1336,1.88902157277854,0.366691483365553,2.25571305614409,97.8561576467038,111.114360046876,-13.2582024001721,-162,2132386,#FFF9F2,#F3F8FB,#FFFDFA
1681,Zacch Wiggins,Old Dominion,1.1645776,-0.86855661,0.29602099,1050,0.79656278989857,-1.1964104435392,-0.399847653640635,106.789835358882,110.490393576433,-3.70055821755089,-10,2567803,#FFF3E5,#D7E6F3,#FFFDFA
1682,Justin Begg,Sam Houston State,0.052225295,0.23737087,0.289596165,954,-0.758653545296306,-0.495543761750548,-1.25419730704685,111.921977465347,103.338905304548,8.5830721607989,82,2321350,#FFFEFD,#FFFAF5,#FFFDFA
1683,Ring Nyeri,Northern Colorado,-0.34694538,0.63633231,0.28938693,1334,-0.547115470310025,0.331498331957904,-0.215617138352121,108.74140094565,107.553436511891,1.18796443375928,32,2277269,#F4F8FB,#FFF4E6,#FFFDFA
1684,Devon Barnes,Ball State,0.76908832,-0.48201404,0.28707428,995,0.671941265944652,-0.444184163439614,0.227757102505037,97.3081067708168,109.295443774954,-11.9873370041375,-82,2149401,#FFF7ED,#E8F1F8,#FFFDFA
1685,Terrance Dixon Jr.,Southern,0.17800553,0.10858394,0.28658947,1196,1.05379182465704,-0.13617778148999,0.917614043167046,101.799157829014,109.86074025374,-8.06158242472581,-33,2128708,#FFFDFB,#FFFDFA,#FFFDFA
1686,Joe Sayler,South Dakota State,0.8219857,-0.53608749,0.28589821,1650,1.43214056730277,-1.00412445729037,0.428016110012403,105.464504251192,106.486880822401,-1.02237657120892,8,2099292,#FFF6EC,#E6EFF7,#FFFDFA
1687,Corey Dunning,Prairie View,-0.90680954,1.1902992,0.28348966,932,-2.1427969135285,0.566108935834993,-1.57668797769351,103.019277785781,104.920154478276,-1.9008766924947,22,2565491,#E3EEF7,#FFEAD0,#FFFDFA
1688,Joe Nugent,Holy Cross,1.4591618,-1.1805505,0.2786113,1040,1.11772170959615,-1.18602555658843,-0.0683038469922767,101.25919199571,112.783938207534,-11.5247462118237,-85,2119931,#FFF0DE,#C9DDEF,#FFFDFA
1689,Luke Flynn,Wofford,0.58975856,-0.31216899,0.27758957,882,-0.549943236488352,-1.05629308656385,-1.6062363230522,108.443616878684,107.439020212781,1.00459666590234,59,2285476,#FFF9F1,#F0F6FA,#FFFDFA
1690,Bruno Alocen,Indiana State,0.26361169,0.013591956,0.277203646,1114,0.28302060725726,-0.417743395396648,-0.134722788139387,102.524878363127,104.224799456399,-1.69992109327177,-24,2322668,#FFFCF9,#FFFEFE,#FFFDFA
1691,Ja'Juan Carr,Elon,1.93437,-1.6610535,0.2733165,1351,2.64026836957282,-0.442665227541095,2.19760314203173,107.938603717189,115.169949616158,-7.23134589896883,-42,1908361,#FFECD4,#B3D0E9,#FFFDFA
1692,Seth Hubbard,Milwaukee,1.1410705,-0.86955538,0.27151512,458,1.07515501518268,-0.500143175725372,0.57501183945731,105.958934946874,110.712557421305,-4.7536224744307,-39,1903777,#FFF3E5,#D7E6F3,#FFFDFA
1693,Michael Houge,Oakland,0.57776159,-0.30687122,0.27089037,1273,0.215104190418346,0.303390133288349,0.518494323706695,112.693964960415,112.25561649111,0.438348469305838,2,2137103,#FFF9F2,#F0F6FA,#FFFDFA
1694,Chris Davis Jr,College of Charleston,0.76649346,-0.49678309,0.26971037,912,0.798241206512819,-1.25308247306026,-0.454841266547439,107.793134860083,104.719898513478,3.07323634660492,59,2509278,#FFF7EE,#E8F0F8,#FFFDFB
1695,Momo Nkugwa,Vermont,0.11800712,0.15161816,0.26962528,575,-1.60160592271236,0.221827876131041,-1.37977804658132,110.068773578245,108.832870050679,1.23590352756606,21,2534668,#FFFDFC,#FFFCF9,#FFFDFB
1696,Carter Hopoi,Valparaiso,-0.43999132,0.70920519,0.26921387,780,-1.69045213620884,0.408445370025517,-1.28200676618332,109.315911676882,103.55310169965,5.76280997723255,70,2536616,#F1F6FB,#FFF2E3,#FFFDFB
1697,Ronald Jessamy,Cal State Bakersfield,-0.37174569,0.64072751,0.26898182,1410,-0.526832450915059,1.66071260654343,1.13388015562837,98.4830587992104,113.843129235087,-15.3600704358764,-137,2118548,#F3F8FB,#FFF3E6,#FFFDFB
1698,Isaiah Skinner,South Carolina Upstate,-0.59332095,0.86196688,0.26864593,1028,-0.252021529073088,0.591395647498114,0.339374118425027,97.3569924825202,105.674983497876,-8.31799101535536,-30,2345221,#EDF4F9,#FFF0DD,#FFFDFB
1699,Jayden Fort,Georgetown,0.070563055,0.19764266,0.268205715,752,0.165984787688048,-0.110239598223234,0.0557451894648138,110.340778322165,101.732705554295,8.60807276787043,-4,2313752,#FFFEFD,#FFFBF7,#FFFDFB
1700,Dontae Horne,Prairie View,0.55621127,-0.29061662,0.26559465,1860,0.370003706529988,-0.199591730251423,0.170411976278566,99.4416352742066,110.275992620941,-10.8343573467339,-5,2098960,#FFF9F2,#F1F6FB,#FFFDFB
1701,Ashton Hardaway,Memphis,-0.53596804,0.80153496,0.26556692,844,-0.0569780414423722,1.28988511873846,1.23290707729609,102.20383977886,103.755157931188,-1.55131815232752,-60,2096192,#EEF5FA,#FFF1DF,#FFFDFB
1702,Caleb Blackwell,UTEP,-0.068318839,0.33231347,0.263994631,1288,0.84927071770412,0.234367367695374,1.08363808539949,98.4257513923456,105.921840577179,-7.4960891848336,-91,1948178,#FCFDFE,#FFF9F2,#FFFDFB
1703,Trey Williams Jr,Missouri State,1.4607223,-1.2012159,0.2595064,1589,1.93296615937056,-0.626217625085267,1.30674853428529,106.717266194774,111.401480771315,-4.68421457654067,-5,2535235,#FFF0DE,#C8DDEF,#FFFDFB
1704,"Jason Thirdkill, Jr.",Jacksonville,-0.1401764,0.39959783,0.25942143,1120,0.228510092762686,0.877023051664974,1.10553314442766,101.120379275533,110.006014538974,-8.88563526344144,-72,1948699,#FAFCFD,#FFF8EF,#FFFDFB
1705,Luke Paragon,Brown,1.6560116,-1.398639,0.2573726,654,1.72789020029748,-0.93407077961862,0.793819420678857,105.458111310919,107.502850411965,-2.04473910104572,45,2110961,#FFEEDA,#BFD7EC,#FFFDFB
1706,Chuck Bailey III,Nevada,0.32595386,-0.072152178,0.253801682,967,0.700915112141323,-0.185622119617684,0.515292992523639,110.720022535547,101.597351509592,9.12267102595519,60,2143526,#FFFBF7,#FBFCFE,#FFFDFB
1707,Caden Diggs,UMBC,0.0079129228,0.24277466,0.2506875828,1114,-0.521713515076527,-0.949080986944189,-1.47079450202072,106.390960012863,104.381056502616,2.0099035102463,162,2333157,#FFFEFE,#FFFAF5,#FFFDFB
1708,Dorian Finister,Louisiana-Lafayette,0.76748655,-0.51865336,0.24883319,1612,1.58826991360053,0.103372533394433,1.69164244699496,98.4872093640943,111.426660408703,-12.9394510446092,-154,1910325,#FFF7EE,#E7F0F8,#FFFDFB
1709,Hudson Greer,Creighton,-0.25229242,0.49881646,0.24652404,456,-1.00885649902872,0.25338775306691,-0.755468745961812,108.858422694101,105.149433602802,3.70898909129886,-34,2540170,#F7FAFC,#FFF6EB,#FFFDFB
1710,Brendan Coyle,Siena,0.6811791,-0.4386444,0.2425347,1654,-0.417626307646091,-1.27059873081791,-1.688225038464,107.23056683797,103.64415256461,3.58641427335964,192,1921731,#FFF8EF,#EAF2F9,#FFFDFB
1711,Jamarion Davis-Fleming,Mississippi State,-0.35558407,0.59803107,0.242447,1148,-0.12953484510476,1.81024254255467,1.68070769744991,108.063770191187,107.60617169168,0.457598499507061,-127,2506897,#F4F8FB,#FFF4E7,#FFFDFB
1712,Bailey Nunn,Cal State Fullerton,0.91768008,-0.67761086,0.24006922,750,0.393159410061191,-0.790718115200986,-0.397558705139795,108.738065782093,107.31621300355,1.42185277854321,26,2119939,#FFF6EA,#E0EBF6,#FFFDFB
1713,Emmanuel Ogbole,Rutgers,-0.94100293,1.1797242,0.23872127,1021,-0.572986481588256,2.08279871593743,1.50981223434918,104.633686215893,106.212142280351,-1.5784560644577,-118,2107281,#E2EDF6,#FFEAD1,#FFFDFB
1714,Jadin Collins-Roberts,Marist,-0.76810362,1.0059645,0.23786088,1532,-0.220188854362681,-0.507181052269962,-0.727369906632643,96.4975125902662,97.1245221493236,-0.627009559057456,92,2119112,#E8F0F8,#FFEDD7,#FFFDFB
1715,Dylan Arnett,North Texas,-1.1590794,1.3951343,0.2360549,1378,-1.26472509910837,1.27251892449771,0.00779382538933976,99.1842031710509,99.9285143510049,-0.744311179954071,5,1913080,#DCE9F4,#FFE6C8,#FFFDFB
1716,Troy Hupstead,Texas Southern,0.32951252,-0.095697252,0.233815268,1220,0.148058281941879,-0.658874653674154,-0.510816371732276,100.73726592608,110.42514762007,-9.68788169399086,-62,1896315,#FFFBF7,#FAFCFD,#FFFDFB
1717,Romad Dean,Tulsa,1.8267046,-1.5929276,0.233777,802,1.42524165442945,-0.856082385547843,0.569159268881604,117.378850535384,113.594325321228,3.7845252141558,25,1913026,#FFEDD6,#B6D1E9,#FFFDFB
1718,Santiago Trouet,Arizona State,-0.47627365,0.70739162,0.23111797,1400,0.695319648806966,1.47382760401222,2.16914725281918,106.385332773015,105.099287607185,1.28604516583042,-141,2153994,#F0F6FA,#FFF2E3,#FFFDFB
1719,Masiah Gilyard,Temple,1.3431735,-1.1153433,0.2278302,860,0.371520238123441,-0.834144229761634,-0.462623991638193,108.590862958444,110.499602464291,-1.90873950584738,-15,2351175,#FFF1E1,#CBDFF0,#FFFDFB
1720,Corneilous Williams,North Alabama,0.63460146,-0.416374,0.21822746,1450,0.544817919757984,0.0203586949034633,0.565176614661447,98.9041946709659,116.892510624399,-17.9883159534335,-202,1912221,#FFF8F0,#EBF3F9,#FFFDFB
1721,Xavier Spencer,UMass Lowell,0.63132548,-0.41488669,0.21643879,1826,1.52028440421876,-0.367207333634572,1.15307707058419,99.4266828780826,113.123958949343,-13.6972760712602,-130,2550221,#FFF8F1,#ECF3F9,#FFFDFB
1722,Kaleb Brown,Robert Morris,-0.4083812,0.61984781,0.21146661,992,0.284879753167345,0.194499239858101,0.479378993025446,107.80066999641,105.541207519115,2.2594624772946,45,1688262,#F2F7FB,#FFF4E6,#FFFDFB
1723,Andrew Henderson,UC Riverside,0.12911299,0.080936029,0.210049019,1792,0.84230912099146,0.815314832559175,1.65762395355064,97.42015435625,111.319952981923,-13.899798625673,-224,2116991,#FFFDFC,#FFFDFB,#FFFDFB
1724,AJ Barnes,Southern,0.50607371,-0.29719415,0.20887956,1084,1.05302670045212,0.276163515508561,1.32919021596069,104.644186886218,114.318362657281,-9.67417577106326,-24,2331472,#FFFAF3,#F1F6FB,#FFFDFB
1725,Janko Bulajic,Lamar,-0.20050416,0.40658692,0.20608276,554,-0.346858311583443,0.00641098490186006,-0.340447326681583,101.710126058919,104.106878836727,-2.39675277780744,-27,1983166,#F9FBFD,#FFF8EF,#FFFDFB
1726,Josh Smith,West Georgia,0.88132352,-0.67779648,0.20352704,1403,0.484208781345904,-0.677539585802936,-0.193330804457032,102.360136606285,109.874761758891,-7.51462515260592,-58,2160430,#FFF6EB,#E0EBF6,#FFFDFB
1727,Dominick Stewart,Penn State,0.8132488,-0.61138124,0.20186756,1190,1.47815382028616,0.876803593409585,2.35495741369574,109.23377831123,114.364065680294,-5.13028736906398,-148,2303032,#FFF7EC,#E3EDF6,#FFFDFC
1728,Meechie White,Eastern Illinois,-0.79184283,0.993677,0.20183417,1544,0.967802090483158,0.656975170967284,1.62477726145044,90.8497335972624,106.206135107573,-15.3564015103105,-148,2493093,#E7F0F8,#FFEDD8,#FFFDFC
1729,Logan Woods,Wright State,0.83571983,-0.63487153,0.2008483,1022,-0.204249660872444,-0.712811909228903,-0.917061570101347,110.694603480246,106.318657334469,4.3759461457767,50,1925571,#FFF6EC,#E1EDF6,#FFFDFC
1730,JaJuan Nicholls,Tennessee Tech,1.4060962,-1.2057889,0.2003073,870,2.37850574070547,-0.32136718176103,2.05713855894444,103.133650284806,116.720024978826,-13.5863746940203,-62,2292735,#FFF1DF,#C7DCEF,#FFFDFC
1731,Roor Akhuar,Fordham,-0.65106776,0.84951942,0.19845166,685,0.063067261531654,0.195788042307767,0.258855303839421,103.244804067813,99.8460221079412,3.39878195987202,47,2503088,#EBF2F9,#FFF0DD,#FFFDFC
1732,Andres Marrero,Merrimack,0.84258893,-0.64645316,0.19613577,1480,0.863485145648009,-0.793118554400365,0.0703665912476437,106.190707318195,105.768707660402,0.421999657793193,86,1713485,#FFF6EC,#E1ECF6,#FFFDFC
1733,Jafeth Martinez,South Carolina Upstate,-1.3539789,1.5448506,0.1908717,928,-0.850210390322889,1.13481547250059,0.284605082177705,96.7974427983336,104.142310225673,-7.34486742733944,-29,2543746,#D6E5F3,#FFE4C2,#FFFDFC
1734,Emil Skytta,North Dakota State,-0.20213824,0.39264105,0.19050281,465,-0.388574074003797,-0.674354280023744,-1.06292835402754,112.054771873465,99.6999367716941,12.3548351017712,67,1910775,#F8FBFD,#FFF8EF,#FFFDFC
1735,Mekhi Conner,Sacred Heart,0.97725109,-0.78756753,0.18968356,1540,1.26613145080989,-0.263915045292163,1.00221640551772,105.889390041495,116.089847427045,-10.2004573855503,-63,2342511,#FFF5E9,#DAE8F4,#FFFDFC
1736,Churchill Abass,New Orleans,-1.0331409,1.2225693,0.1894284,1148,-0.487198430925671,1.90054201900596,1.41334358808029,102.934548160257,108.843191000787,-5.90864284053052,-86,2097918,#E0EBF6,#FFE9CF,#FFFDFC
1737,Daniel Egbuniwe,Saint Bonaventure,0.28184492,-0.093930243,0.187914677,1200,1.32673710287498,0.600159565957324,1.9268966688323,109.092389017471,110.180839641209,-1.08845062373828,-45,1910792,#FFFCF8,#FAFCFD,#FFFDFC
1738,Spencer Elliott,Charlotte,0.18101051,0.0066725483,0.1876830583,900,-0.824402586103479,0.387933132094865,-0.436469454008614,112.783106256443,109.480416247983,3.30269000846044,21,2096206,#FFFDFA,#FFFEFE,#FFFDFC
1739,Gus Larson,Queens,-0.16976703,0.35676711,0.18700008,662,-1.02980890249201,0.362249361167616,-0.667559541324398,115.659439737063,111.41439131803,4.24504841903273,18,1711867,#F9FBFD,#FFF8F1,#FFFDFC
1740,Keyon Kensie Jr.,Portland State,-1.0694221,1.2555455,0.1861234,1406,-0.760652333814383,1.27376001895728,0.5131076851429,100.963258000902,101.2796541473,-0.316396146398135,17,2154001,#DEEBF5,#FFE9CE,#FFFDFC
1741,Aginaldo Neto,Boise State,-0.92734296,1.1100837,0.18274074,979,-2.00821891751467,0.0705629128634905,-1.93765600465118,112.798171370386,99.9362193104493,12.8619520599366,75,2550175,#E3EDF6,#FFEBD3,#FFFDFC
1742,Reece Hagy,IU Indy,-0.43255638,0.61446524,0.18190886,566,-1.058017054082,-0.244362401436582,-1.30237945551858,109.883947271183,105.938662383011,3.9452848881713,16,2471963,#F2F6FB,#FFF4E7,#FFFDFC
1743,Connor Serven,Mercer,0.15529628,0.02503412,0.1803304,948,-0.131604582650027,0.0674603723238528,-0.0641442103261745,110.593863325552,108.863309693218,1.73055363233336,25,1604003,#FFFDFB,#FFFEFE,#FFFDFC
1744,Randall Pettus II,Elon,-0.087949446,0.26430504,0.176355594,1436,-0.282495930710742,0.460097757555618,0.177601826844875,107.871955284288,110.912674632989,-3.04071934870067,4,2093202,#FCFDFE,#FFFAF4,#FFFDFC
1745,Rhyjon Blackwell,Marist,0.36802342,-0.19317685,0.17484657,1519,0.528622122194532,-1.3606597384122,-0.832037616217663,101.449939735966,99.1525181377652,2.297421598201,124,1925445,#FFFBF6,#F6F9FC,#FFFDFC
1746,Ofri Naveh,Oral Roberts,-1.0922208,1.2655099,0.1732891,1498,-0.717963468646168,1.27016192814712,0.552198459500949,97.6489995091133,107.812365778485,-10.1633662693717,-120,2110915,#DEEAF5,#FFE9CD,#FFFDFC
1747,Akira Jacobs,Fordham,-0.14558016,0.31611004,0.17052988,1378,0.815570126282377,-0.613278461003534,0.202291665278844,100.783219162185,100.196365914549,0.586853247636476,20,2114817,#FAFCFD,#FFF9F2,#FFFDFC
1748,Grant Randall,Quinnipiac,0.51206238,-0.34218396,0.16987842,1734,1.99953548694984,-0.318924375698261,1.68061111125158,102.123312479604,105.637427375237,-3.51411489563298,19,2350354,#FFF9F3,#EFF5FA,#FFFDFC
1749,Valentino Pinedo,UNC Greensboro,0.38542819,-0.21557672,0.16985147,1382,-0.324216961311584,0.273515301566248,-0.0507016597453361,108.334276898836,114.780736453579,-6.4464595547423,-4,1916202,#FFFBF6,#F5F8FC,#FFFDFC
1750,Myles Stute,South Carolina,-0.1431276,0.30375646,0.16062886,1087,-0.914984409925483,0.818640502079845,-0.096343907845638,109.225934585266,105.560462483016,3.66547210225052,-42,1600085,#FAFCFD,#FFF9F3,#FFFDFC
1751,Stephen Williams,South Alabama,0.57831098,-0.41926725,0.15904373,710,0.539963363491927,0.412754418761676,0.952717782253603,107.421523043454,111.347118325138,-3.92559528168415,12,2494592,#FFF9F2,#EBF3F9,#FFFDFC
1752,Camaren Sparrow,Coppin State,-1.1453866,1.3039006,0.158514,495,-1.79606836442311,0.462394999545355,-1.33367336487775,92.7438812926585,106.738321491315,-13.9944401986569,-25,2092482,#DCE9F5,#FFE8CC,#FFFDFC
1753,JJ Kelly,Ohio,-0.051640975,0.20820572,0.156564745,1369,0.296904080607476,0.443165697600346,0.740069778207821,106.639396600968,109.377932513556,-2.73853591258739,-30,2532464,#FDFEFE,#FFFBF6,#FFFDFC
1754,Terry McMorris,Eastern Illinois,-0.69584737,0.85059186,0.15474449,1323,-0.78535950210518,0.625432461564413,-0.159927040540767,95.8673720656655,106.850609170646,-10.9832371049801,-100,2328280,#EAF2F8,#FFF0DD,#FFFDFC
1755,Scottie Hubbard,Old Dominion,-0.26087485,0.41494435,0.1540695,875,-1.85099009710625,-0.180047782277392,-2.03103787938364,108.409288861605,105.649379676377,2.7599091852283,29,2333160,#F7FAFC,#FFF7EE,#FFFDFC
1756,Mouhamed Sylla,Georgia Tech,-1.2822185,1.4355091,0.1532906,597,-0.78099574462538,1.39638359165716,0.615387847031781,100.295657862894,102.441106005138,-2.14544814224411,21,2474283,#D8E7F3,#FFE6C7,#FFFDFC
1757,Jacobe Coleman,Sam Houston State,0.92312988,-0.7759657,0.14716418,1104,2.32404099627369,-1.17342231872914,1.15061867754455,106.160866223167,107.098335396727,-0.937469173559724,-11,2550267,#FFF5EA,#DBE9F4,#FFFEFC
1758,Melian Martinez,Louisiana Tech,-1.1450141,1.2913413,0.1463272,745,-0.743093070737193,1.03935382909128,0.296260758354091,100.010993345534,100.734733560532,-0.723740214998547,8,1927930,#DCE9F5,#FFE8CC,#FFFEFC
1759,Carl Parrish,Presbyterian,1.0693929,-0.92427767,0.14511523,1729,1.50708822509356,-0.849494430100201,0.657593794993362,101.088985713103,108.906115446928,-7.81712973382496,-35,2150478,#FFF4E7,#D4E4F2,#FFFEFC
1760,Alex Cotton,Howard,0.24760004,-0.10494846,0.14265158,1228,-0.363482940510167,-1.43328154397539,-1.79676448448556,105.031276149236,101.445845966229,3.58543018300759,191,2128711,#FFFCF9,#FAFCFD,#FFFEFC
1761,Errol White,Lamar,-1.4258544,1.5682117,0.1423573,1060,-0.9492966038484,0.400811007650626,-0.548485596197774,97.5210523081775,101.199688367647,-3.678636059469,-1,1890636,#D4E4F2,#FFE4C1,#FFFEFC
1762,Jay Jones,Penn,-1.3447428,1.4853152,0.1405724,555,-0.74627253055728,0.05500738884772,-0.691265141709561,99.6995190353575,95.8636994447238,3.83581959063373,33,2532438,#D6E6F3,#FFE5C5,#FFFEFC
1763,Milos Nenadic,Lindenwood,-0.11369629,0.25276573,0.13906944,1568,0.0893768596518824,-0.544437851719598,-0.455060992067716,100.960126042675,103.995607760954,-3.03548171827963,83,1700055,#FBFCFE,#FFFAF5,#FFFEFC
1764,Jerrell Colbert,McNeese State,-1.2741313,1.4069333,0.132802,1000,-0.918409871359832,0.865032465294742,-0.0533774060650904,107.37698036718,99.2596243655171,8.1173560016626,111,1717515,#D8E7F3,#FFE6C8,#FFFEFD
1765,Tegra Izay,Southern Mississippi,0.245781,-0.11435499,0.13142601,583,-0.881292397542607,0.712496326778323,-0.168796070764284,107.833355373411,112.384936319159,-4.55158094574821,-28,1614752,#FFFCF9,#F9FBFD,#FFFEFD
1766,Aaron Franklin,Milwaukee,0.11461178,0.010980552,0.125592332,1338,0.517045900485226,0.855221495673908,1.37226739615913,103.546594975749,111.558937744697,-8.01234276894849,-114,2118910,#FFFDFC,#FFFEFE,#FFFEFD
1767,Darius Adams,Maryland,-0.27838523,0.4035079,0.12512267,1420,-0.214615376202874,0.923987955166094,0.70937257896322,104.377897417076,107.274783648646,-2.89688623157018,-164,2532367,#F6F9FC,#FFF8EF,#FFFEFD
1768,Daylen Berry,Winthrop,0.14420631,-0.019089672,0.125116638,1150,-0.57671414746627,-0.318100697858193,-0.894814845324463,110.52950826721,108.619884391604,1.90962387560578,25,1689251,#FFFDFB,#FEFEFE,#FFFEFD
1769,Chance Gladden,Boston University,1.4944872,-1.3729952,0.121492,1736,2.15044289154581,-1.0265601723678,1.12388271917801,108.26624811587,115.392260491629,-7.12601237575898,-26,2482546,#FFF0DD,#C0D8EC,#FFFEFD
1770,Josiah Sanders,Colorado,1.0194137,-0.8982811,0.1211326,944,0.701699199368443,-0.553412692189711,0.148286507178733,114.641361921023,109.480547905852,5.16081401517094,-41,2540158,#FFF5E8,#D5E5F3,#FFFEFD
1771,Miles Franklin,Columbia,-1.250073,1.3711394,0.1210664,1005,-0.332690038285565,0.71349171435209,0.380801676066525,102.599059226471,102.144780233402,0.454278993069135,25,2492589,#D9E7F4,#FFE7C9,#FFFEFD
1772,Jomo Goings,Long Island,-0.60723615,0.72723649,0.12000034,1820,-0.501850205091123,0.559625229485549,0.0577750243944259,103.232107434647,104.734504277934,-1.50239684328692,90,1716970,#ECF3F9,#FFF2E2,#FFFEFD
1773,Myles Parker,Marist,-1.0721607,1.188016,0.1158553,736,1.14776929853566,0.0982841809325101,1.24605347946817,95.9403876931546,98.2220605763617,-2.28167288320714,75,2536892,#DEEBF5,#FFEAD0,#FFFEFD
1774,KJ Greene,Tulane,0.56514574,-0.45172684,0.1134189,802,-0.60691161554387,-0.447554883448938,-1.05446649899281,108.097327424302,109.708434567397,-1.61110714309478,10,2289115,#FFF9F2,#EAF2F9,#FFFEFD
1775,Amir Jenkins,West Virginia,0.41708137,-0.30615779,0.11092358,798,-0.367884519111475,0.721707999802248,0.353823480690774,109.887786682919,105.036419331345,4.85136735157432,-18,2505103,#FFFAF5,#F0F6FA,#FFFEFD
1776,Zion Obanla,Maryland-Eastern Shore,-0.038035416,0.14782744,0.109792024,1073,1.56698199411122,-0.321622448903028,1.2453595452082,92.830129161911,108.639878270956,-15.809749109045,-79,2142605,#FDFEFE,#FFFCF9,#FFFEFD
1777,Connor Hollenbeck,Idaho State,1.5051468,-1.400203,0.1049438,1507,1.98187840783302,-0.0310738318267233,1.9508045760063,106.162513259788,116.847612423929,-10.685099164141,-114,1936041,#FFF0DD,#BED7EC,#FFFEFD
1778,Tony Osburn,Omaha,1.3701307,-1.2669529,0.1031778,1529,0.936295625330835,-0.591999150081114,0.344296475249721,102.788518924948,114.282899685233,-11.4943807602854,-111,1917966,#FFF1E0,#C5DBEE,#FFFEFD
1779,Christopher Nwuli,Rutgers,-0.11823132,0.21981791,0.10158659,482,-1.78156824491239,-0.155690235941499,-1.93725848085389,111.464588630032,104.851980552031,6.61260807800037,-28,2474221,#FBFCFD,#FFFBF6,#FFFEFD
1780,Jailen Bedford,Virginia Tech,1.3372463,-1.2365426,0.1007037,1348,1.57496615578557,0.091820381154876,1.66678653694044,113.718118046557,109.203370877533,4.51474716902345,-91,2110057,#FFF1E1,#C6DCEE,#FFFEFD
1781,Maximus Edwards,Duquesne,-0.18558719,0.28061043,0.09502324,578,-0.458819762703654,-0.674194440039213,-1.13301420274287,102.061621785465,105.25745859794,-3.19583681247473,0,1698809,#F9FBFD,#FFFAF4,#FFFEFD
1782,Alec Oglesby,Middle Tennessee,0.54147928,-0.44706693,0.09441235,1119,1.30085700628835,-0.77556693481808,0.52529007147027,104.612736245472,105.85828317105,-1.24554692557861,-25,1606026,#FFF9F3,#EAF2F9,#FFFEFD
1783,Kellan Boylan,Lipscomb,-0.60550308,0.69749511,0.09199203,636,-1.31826256435069,0.286094141972829,-1.03216842237786,105.305446447138,104.995781005477,0.309665441660911,-12,1921642,#ECF3F9,#FFF3E3,#FFFEFD
1784,Bryson Tucker,Washington,0.32767205,-0.23764483,0.09002722,772,-0.519769849743379,-0.29423166848345,-0.814001518226829,115.318019051414,103.181373850992,12.1366452004222,10,2302872,#FFFBF7,#F4F8FB,#FFFEFD
1785,Eli Beard,Drexel,0.99070215,-0.90111826,0.08958389,1388,2.06206062757552,-0.721945562842841,1.34011506473268,99.3020206447954,106.995430639392,-7.69340999459671,-5,2505023,#FFF5E9,#D5E5F3,#FFFEFD
1786,Zach Keller,Utah State,-0.22730179,0.31401046,0.08670867,776,-0.0025489449530261,-0.66110368747363,-0.663652632426656,115.2828039536,98.1935001201783,17.0893038334221,91,1904578,#F8FAFD,#FFF9F2,#FFFEFD
1787,Will Felton,North Carolina A&T,0.98548544,-0.90277518,0.08271026,758,1.02833967422811,-0.371919232950254,0.656420441277857,106.020640844202,117.316344120452,-11.2957032762498,-46,1716965,#FFF5E9,#D5E5F3,#FFFEFD
1788,Demarion Watson,North Texas,-2.0068702,2.0875211,0.0806509000000002,692,-2.23575660432987,1.55322931415787,-0.682527290171999,96.126720317148,95.2697578498063,0.85696246734166,14,1908249,#C2D9ED,#FFDBAD,#FFFEFD
1789,Chadlyn Traylor,College of Charleston,0.37173695,-0.29269249,0.07904446,882,0.987179046695223,-0.850064170508883,0.137114876186341,104.125923147037,104.59770605835,-0.471782911312379,-5,2509279,#FFFBF6,#F1F6FB,#FFFEFD
1790,Alphonzo Billups III,Longwood,-0.11941756,0.197517,0.07809944,1176,-0.418321700069393,0.346797896256203,-0.0715238038131896,101.358439942388,108.38316678447,-7.02472684208153,5,1920041,#FBFCFD,#FFFBF7,#FFFEFD
1791,Kilian Brockhoff,William & Mary,-0.83994138,0.90904374,0.06910236,1222,-0.299153432923166,1.18792175562572,0.888768322702553,104.583080124516,105.049987248862,-0.466907124346139,62,2125520,#E5EFF7,#FFEFDB,#FFFEFD
1792,Reis Jones,Charleston Southern,-0.97450074,1.0388729,0.0643721599999999,1002,-1.11723722904232,1.49708765906382,0.379850430021492,103.542274420299,111.154154118867,-7.61187969856816,-33,1932518,#E1ECF6,#FFEDD6,#FFFEFE
1793,Leroy Kelly IV,Tarleton State,-0.7118477,0.77600803,0.06416033,698,-1.07268978564665,0.308999020445049,-0.7636907652016,99.6726639503288,103.735007989412,-4.06234403908291,-16,2540336,#E9F1F8,#FFF1E0,#FFFEFE
1794,DJ Dudley,Louisiana Tech,0.48353208,-0.42000325,0.06352883,1546,0.788962197582125,-0.537900318026441,0.251061879555683,102.065743366188,104.898078278318,-2.83233491213024,7,2118743,#FFFAF4,#EBF3F9,#FFFEFE
1795,Andrew Alia,Drake,0.53829551,-0.47736677,0.06092874,1667,1.47280988345939,-0.472416087028527,1.00039379643086,103.796717707592,109.417346127101,-5.6206284195091,-87,1925553,#FFF9F3,#E9F1F8,#FFFEFE
1796,Justin Allen,Green Bay,1.340756,-1.2804707,0.0602852999999997,1330,1.2022290215605,-0.269521179919764,0.932707841640737,110.574539253925,114.172581036419,-3.59804178249383,-6,1943480,#FFF1E1,#C4DAEE,#FFFEFE
1797,Jay Rodgers,Central Connecticut,2.3660935,-2.3067613,0.0593321999999996,1392,2.75879702289381,-1.89638487357253,0.862412149321276,107.04693709785,115.624795179055,-8.5778580812049,15,1609006,#FFE7CA,#95BDE0,#FFFEFE
1798,Rolyns Aligbe,Southern Illinois,-0.9084439,0.96571687,0.0572729700000001,1340,0.431135988690491,1.17534312244727,1.60647911113776,100.158376118739,102.295768991173,-2.13739287243384,-26,2342581,#E3EEF7,#FFEED9,#FFFEFE
1799,Dez White,Oregon State,0.98216569,-0.92548896,0.05667673,1492,1.04265370914622,-0.0498087051732801,0.992845003972944,104.630010878518,110.922271945337,-6.29226106681895,-114,2125105,#FFF5E9,#D4E4F2,#FFFEFE
1800,Jerquarius Stanback,Alabama State,-1.0254363,1.080823,0.0553867000000001,1377,-1.0573973088594,0.777831455194408,-0.279565853664995,99.7068745784018,108.097597401822,-8.3907228234199,-15,2342861,#E0ECF6,#FFECD4,#FFFEFE
1801,Joshua Hughes,Evansville,0.056713608,-0.0031928562,0.0535207518,1418,0.890143613992649,-0.0416623611775092,0.848481252815139,98.4618379630598,113.764717558901,-15.302879595841,-249,2143529,#FFFEFD,#FEFEFE,#FFFEFE
1802,Mari Jordan,Radford,0.20793554,-0.15570772,0.05222782,674,0.68848692302882,-0.043792857704497,0.644694065324323,103.373023491862,111.321504069268,-7.94848057740583,-49,2098956,#FFFCFA,#F7FAFC,#FFFEFE
1803,Tay Smith,North Dakota State,0.50609708,-0.4540349,0.05206218,1024,1.37909509748841,-1.11608808954559,0.263007007942821,107.039844411666,104.206419813844,2.83342459782161,96,2130045,#FFFAF3,#EAF2F8,#FFFEFE
1804,Lase Olalere,Charleston Southern,-1.4131609,1.4615423,0.0483814,860,-1.77322742960712,1.00614092749202,-0.767086502115092,104.191511284572,102.613222227104,1.57828905746868,62,2152684,#D4E4F2,#FFE5C6,#FFFEFE
1805,Blaise Keita,Western Kentucky,-0.8148006,0.86125889,0.0464582899999999,684,-0.768945493267454,0.363160214691271,-0.405785278576183,105.907325581294,103.202755659015,2.70456992227901,14,1898630,#E6EFF7,#FFF0DD,#FFFEFE
1806,Alliou Fall,Iona,-2.4169069,2.4599363,0.0430293999999996,986,-2.5921370320005,0.185922685543044,-2.40621434645745,99.6038724405088,96.7555192843357,2.84835315617308,75,2549211,#B6D2EA,#FFD49F,#FFFEFE
1807,Trent Sisley,Indiana,-0.73085622,0.7722645,0.04140828,680,-0.867793456242328,-0.379350473636016,-1.24714392987834,112.885950824707,98.4967795787851,14.3891712459217,48,2506634,#E9F1F8,#FFF1E0,#FFFEFE
1808,Eren Banks,Appalachian State,-0.078820492,0.11685607,0.038035578,1168,-1.21008751090793,-0.624086510392679,-1.83417402130061,104.417407302203,103.686691373117,0.730715929085513,50,2106231,#FCFDFE,#FFFCFA,#FFFEFE
1809,Zavier Fitch,Wagner,0.77535137,-0.73779899,0.0375523800000002,556,-0.383542200894208,-0.588721158614105,-0.972263359508313,109.610771977177,114.217297958885,-4.60652598170754,-3,2304165,#FFF7ED,#DDEAF5,#FFFEFE
1810,AJ Dancler,Coastal Carolina,0.22037944,-0.18285796,0.03752148,1797,0.474782840648789,-0.290363520497203,0.184419320151585,97.1158864502896,105.612364291323,-8.49647784103351,-71,2110381,#FFFCFA,#F6F9FC,#FFFEFE
1811,Kerrington Kiel,Troy,-1.004492,1.0368054,0.0323134,858,-0.669384797640659,0.769464947021442,0.100080149380783,107.564914214552,102.093111890308,5.47180232424453,41,2114134,#E0ECF6,#FFEDD6,#FFFEFE
1812,Lavell Brodnex,Louisiana-Monroe,2.2410542,-2.2106554,0.0303987999999995,1383,2.32920142986176,-0.151783134385813,2.17741829547594,103.005447091369,124.074696269661,-21.0692491782916,-222,1910654,#FFE9CD,#99C0E1,#FFFEFE
1813,Jordan Mizell,Tarleton State,-1.2022742,1.230184,0.0279098,1370,-1.23212668482898,0.0116687636091382,-1.22045792121984,98.6977995383552,102.243160286639,-3.54536074828414,-28,2317055,#DBE8F4,#FFE9CF,#FFFEFE
1814,Armoni Zeigler,Ball State,-0.3593374,0.38040974,0.02107234,1549,-0.0627291865101559,0.497993565086624,0.435264378576468,97.1583586455623,108.457759404871,-11.2994007593082,-132,2137102,#F4F8FB,#FFF8F0,#FFFEFE
1815,Jacob Huggins,Princeton,0.20697852,-0.18650383,0.02047469,986,0.244148074448431,-0.0129982946466526,0.231149779801778,104.734882363912,108.638920407795,-3.9040380438828,-51,2124860,#FFFCFA,#F6F9FC,#FFFEFE
1816,Kaden Gumbs,Texas State,-0.5252085,0.54282359,0.0176150900000001,1446,-0.519607211173145,0.491896652529426,-0.0277105586437191,98.6682679504188,106.81397606991,-8.14570811949106,-26,2098961,#EFF5FA,#FFF5E9,#FFFEFE
1817,Toby Harris,Iona,0.91826709,-0.90602087,0.0122462200000001,1420,1.48595612405151,-1.31183594755989,0.174120176491623,102.857285097149,107.820545783859,-4.96326068671009,46,1717708,#FFF6EA,#D5E5F3,#FFFEFE
1818,DeMarco Johnson,Elon,0.60925707,-0.59967193,0.0095851400000001,682,-0.00395637597558909,1.25347362482457,1.24951724884898,110.427361623705,115.215461765486,-4.78810014178035,-61,2474916,#FFF9F1,#E3EEF7,#FFFEFE
1819,Owen Larson,Drake,0.94015447,-0.93098225,0.00917221999999995,1250,0.852339728127405,-0.494286806652975,0.35805292147443,105.948191897739,112.657890928102,-6.70969903036247,-102,2307458,#FFF5EA,#D4E4F2,#FFFEFE
1820,Zae Blake,Texas-Rio Grande Valley,0.24048911,-0.23169988,0.00878923000000001,896,-0.95763858817197,-0.625139067755187,-1.58277765592716,107.209270363953,104.252191160283,2.95707920367017,19,1890554,#FFFCF9,#F4F8FB,#FFFEFE
1821,Davante Hackett,Stonehill,0.45521786,-0.45099573,0.00422213000000005,1450,1.16756588686803,-0.446908600996975,0.72065728587106,94.7039138480837,108.336655103424,-13.63274125534,-64,2539309,#FFFAF4,#EAF2F9,#FFFEFE
1822,Jacoby Hill,Jacksonville State,0.58945225,-0.58538902,0.00406323000000008,1486,1.24161353892429,-0.838445788070768,0.403167750853518,101.827490577067,106.872094700683,-5.04460412361634,-27,2533452,#FFF9F1,#E4EEF7,#FFFEFE
1823,Abdulai Fanta Kabba,Western Carolina,-1.698698,1.6966981,-0.00199989999999972,804,-1.27823187699408,1.15538966973123,-0.122842207262846,103.451338508097,106.269796511438,-2.81845800334131,-27,2306698,#CCDFF0,#FFE1BC,#FEFEFE
1824,Reese Miller,William & Mary,1.6204826,-1.6238677,-0.00338510000000025,1313,1.40695287837424,-0.849102972216947,0.557849906157293,110.668598733666,110.798539906417,-0.129941172751424,0,1925322,#FFEFDB,#B4D1E9,#FEFEFE
1825,Jalin Holland,Colorado,-0.50070726,0.49437516,-0.00633209999999995,892,-1.23648197221625,1.37611867161172,0.139636699395463,112.80872836747,107.624380118727,5.18434824874321,-34,2540159,#F0F5FA,#FFF6EB,#FEFEFE
1826,Fedor Zugic,Creighton,0.39357441,-0.40144072,-0.00786631000000004,860,0.62404141771555,-0.356309922632987,0.267731495082562,107.512507922654,107.068878012428,0.443629910226528,-81,2315486,#FFFBF6,#ECF3F9,#FEFEFE
1827,Bowen Hardman,Akron,1.37921,-1.387629,-0.00841900000000018,1038,1.77431539250025,-2.18940769550197,-0.415092303001727,114.580413648838,104.444764418997,10.1356492298406,214,1917732,#FFF1E0,#BFD7EC,#FEFEFE
1828,Cam Gregory,Campbell,0.55223391,-0.56136786,-0.00913395000000006,1890,1.09486945547035,-0.372873700650226,0.721995754820124,107.421107012152,109.046788129218,-1.62568111706636,-35,1946940,#FFF9F2,#E5EFF7,#FEFEFE
1829,Augustus Gerhart,Penn,0.43238168,-0.44316872,-0.01078704,925,0.899038859421776,-0.33599979879355,0.563039060628226,104.584738272243,108.61510351056,-4.03036523831697,-24,2143465,#FFFAF5,#EAF2F9,#FEFEFE
1830,Kennedy Okpara,Lipscomb,-1.8955642,1.8816289,-0.0139353,650,-2.58813670597143,-0.119791729205262,-2.70792843517669,103.196048686939,96.1831070833325,7.01294160360677,33,2561044,#C6DBEE,#FFDEB5,#FEFEFE
1831,Nolan Dorsey,California,-0.18047246,0.16505171,-0.01542075,506,-1.28573414375987,-0.288191840458221,-1.57392598421809,108.250085414892,102.738146561802,5.51193885309011,13,1612366,#F9FBFD,#FFFCF8,#FEFEFE
1832,Colby Duggan,College of Charleston,1.0244363,-1.0481262,-0.0236899000000002,920,0.340955404663436,-1.77012464237788,-1.42916923771444,108.115034234051,105.552099405209,2.56293482884129,61,2143555,#FFF4E8,#CFE1F1,#FEFEFE
1833,Phat Phat Brooks,Central Michigan,0.27480113,-0.30038775,-0.02558662,1435,0.343419044430239,0.454642078456691,0.79806112288693,103.296271011319,112.797343515342,-9.50107250402294,-121,2293071,#FFFCF8,#F1F6FB,#FEFEFE
1834,Tyler Byrd,Alabama State,-0.49538093,0.46896202,-0.02641891,1272,-0.340182245171576,0.725602579114334,0.385420333942757,99.2541002768808,109.330712765929,-10.0766124890479,-32,2567989,#F0F5FA,#FFF6EC,#FEFEFE
1835,Tyler Powell,Eastern Washington,0.61350359,-0.64153631,-0.02803272,902,0.177518687059233,-0.0318974125176804,0.145621274541552,110.740198337626,111.741740514903,-1.00154217727639,-14,1720215,#FFF8F1,#E1ECF6,#FEFEFE
1836,Connor Dow,Oral Roberts,0.61859729,-0.64786867,-0.02927138,1710,0.77954885681806,0.472960504990307,1.25250936180837,100.27015840883,113.82704364363,-13.5568852347999,-172,2105467,#FFF8F1,#E1ECF6,#FEFEFE
1837,Olavi Suutela,Oregon State,-0.25312324,0.22224337,-0.03087987,960,0.636238108822325,-0.352248822193594,0.283989286628731,103.247145047591,104.832024511938,-1.58487946434749,-3,2540509,#F7FAFC,#FFFBF6,#FEFEFE
1838,Caleb Embeya,Towson,-0.81624391,0.78492421,-0.0313197000000001,1091,-0.501090799724004,1.05426350484484,0.55317270512084,102.034365786948,103.945361919567,-1.91099613261907,27,2311316,#E6EFF7,#FFF1E0,#FEFEFE
1839,Cole Bowser,Furman,-0.22960238,0.19715651,-0.03244587,706,-1.15868415685407,0.0472460297857506,-1.11143812706832,109.760208904496,106.001791138152,3.75841776634334,58,2495552,#F8FAFD,#FFFBF7,#FEFEFE
1840,Demitri Gardner,East Carolina,1.0978778,-1.1307418,-0.032864,868,0.421489908511745,-0.953449506838997,-0.531959598327251,106.170188577923,111.394129342702,-5.22394076477863,-35,1733391,#FFF4E6,#CBDFF0,#FEFEFE
1841,Darius Livingston,Robert Morris,-0.064310185,0.030247798,-0.034062387,1074,0.302008922964548,-0.0916889256058301,0.210319997358718,108.799560590142,106.083471512773,2.71608907736831,52,2504134,#FDFDFE,#FFFEFD,#FEFEFE
1842,Miles Klapper,Idaho,-0.16635929,0.12809772,-0.03826157,501,-1.24851204702825,-0.312196678169556,-1.56070872519781,109.08974440861,102.413588785202,6.67615562340842,42,2116975,#FAFBFD,#FFFCFA,#FEFEFE
1843,Micah Thomas,Northwestern State,1.0916516,-1.1301486,-0.038497,1514,0.836313138884388,-0.888501171274987,-0.0521880323905986,100.174021976425,111.551088655434,-11.3770666790082,-114,1730412,#FFF4E6,#CBDFF0,#FEFEFE
1844,Quaran McPherson,UAB,-0.38393949,0.33765373,-0.04628576,490,-0.325187394520565,-0.498552666949843,-0.823740061470408,107.655149498036,99.6762260960982,7.97892340193737,38,1702077,#F3F7FB,#FFF9F1,#FDFEFE
1845,Adriel Nyorha,South Florida,0.62474251,-0.67111136,-0.04636885,476,0.266393888543481,0.129486917386841,0.395880805930322,115.807826991485,108.728671407318,7.07915558416621,27,2560109,#FFF8F1,#E0ECF6,#FDFEFE
1846,Luke Gray,Oral Roberts,0.44587048,-0.49527853,-0.04940805,912,-0.139930784157403,0.403152747817983,0.26322196366058,105.521423627578,114.59947092945,-9.07804730187203,-43,2277264,#FFFAF5,#E8F0F8,#FDFEFE
1847,Lucas-Allan Lueth,Penn,-1.2633144,1.2137388,-0.0495755999999998,680,-1.82632647902535,-0.00784389594107704,-1.83417037496643,103.701430103958,98.2084568416907,5.49297326226699,52,2532442,#D9E7F4,#FFEACF,#FDFEFE
1848,Bryce Ford,Arizona State,0.68591284,-0.73870812,-0.0527952799999999,1062,0.128842511776495,-0.158861501877601,-0.0300189901011051,110.965005221525,103.535086752117,7.42991846940833,-14,2121781,#FFF8EF,#DDEAF5,#FDFEFE
1849,Veniamin Abosi,San Francisco,-0.0016534978,-0.051996374,-0.0536498718,678,-0.118422182961386,0.675259735550392,0.556837552589006,111.198936479906,109.419573937334,1.77936254257152,-19,2322773,#FEFEFE,#FCFDFE,#FDFEFE
1850,Sebastian Tidor,Portland State,-0.47046078,0.41596044,-0.05450034,543,-1.18277858132304,-0.74331019733422,-1.92608877865726,104.632748605941,98.520868918733,6.11187968720761,45,2305523,#F0F6FA,#FFF7EE,#FDFEFE
1851,Jacob Theodosiou,Loyola Maryland,-0.73566044,0.67878572,-0.0568747199999999,1032,-0.104550101411442,0.812606983164565,0.708056881753123,95.7232811923335,112.887766323468,-17.1644851311348,-76,2118751,#E8F1F8,#FFF3E4,#FDFEFE
1852,Quinton Perkins II,Mercer,1.0747541,-1.131891,-0.0571369000000002,1031,1.01325085679685,-0.874662872900947,0.138587983895905,110.664011313955,110.086932610618,0.577078703336809,16,2128757,#FFF4E7,#CBDEF0,#FDFEFE
1853,Thomas Bassong,Florida State,-0.57136296,0.51272279,-0.0586401700000001,1133,-0.579072849741977,0.933713983251107,0.35464113350913,111.477285596442,104.107580808524,7.36970478791847,-60,2550798,#EDF4FA,#FFF6EB,#FDFEFE
1854,Kyndall Davis,Texas State,-1.3647545,1.303462,-0.0612925000000002,1172,-1.38859184066888,0.254222816126967,-1.13436902454191,99.1063949208964,102.42909670878,-3.32270178788325,23,1620808,#D6E5F3,#FFE8CC,#FDFEFE
1855,Jaxon Ellingsworth,Arkansas State,0.76168803,-0.82385714,-0.06216911,1248,0.839183705504213,-0.481324837653441,0.357858867850772,108.182847917357,108.388368460959,-0.205520543602011,52,1916207,#FFF7EE,#D9E7F4,#FDFEFE
1856,Isaiah Manning,Sam Houston State,-0.30905649,0.24590962,-0.06314687,472,1.33461468809523,-0.343076170422292,0.991538517672934,103.675488579909,102.731527035338,0.943961544571281,-8,2099006,#F5F9FC,#FFFAF5,#FDFEFE
1857,Christian Winborne,Nicholls State,0.78937918,-0.85358299,-0.0642038100000001,1148,0.476077177387417,-0.58699176763839,-0.110914590250973,106.95892134369,110.346762734913,-3.38784139122283,-21,1910905,#FFF7ED,#D7E6F3,#FDFEFE
1858,Major Freeman,Charlotte,0.59710683,-0.66778009,-0.07067326,778,0.552722688691835,-0.516616076793241,0.0361066118985942,106.255032991144,109.871824883391,-3.6167918922474,-20,2311533,#FFF9F1,#E0ECF6,#FDFEFE
1859,Okku Federiko,Drake,0.12907457,-0.20231303,-0.07323846,1266,0.921528754758813,0.793400964650731,1.71492971940954,104.288963456879,112.848432938526,-8.55946948164734,-118,2399970,#FFFDFC,#F5F9FC,#FDFDFE
1860,Greyson Uelmen,North Dakota,1.2278687,-1.3013883,-0.0735196,1598,1.9081192554271,-0.290620889454574,1.61749836597253,101.696515540164,114.194556919083,-12.4980413789189,-116,2286436,#FFF2E3,#C3DAED,#FDFDFE
1861,Timo George,Portland,-0.70669233,0.62912447,-0.07756786,486,1.78284740562808,0.159116856140528,1.94196426176861,96.2496717555267,102.656454778915,-6.40678302338856,-19,2539449,#E9F1F8,#FFF4E6,#FDFDFE
1862,Chris Mpaka,Tarleton State,-1.5079154,1.4298098,-0.0781055999999998,746,-1.67350285559497,0.461500149766383,-1.21200270582858,102.462238273647,104.34333332312,-1.88109504947316,-15,2317062,#D1E3F1,#FFE6C7,#FDFDFE
1863,Ty Harper,Oral Roberts,0.94531548,-1.0273081,-0.0819926199999998,1502,1.03187565396879,-0.199611740346208,0.832263913622578,100.716349473154,113.638346760623,-12.9219972874691,-143,1620986,#FFF5EA,#D0E1F1,#FDFDFE
1864,Jaxson Bell,Army,0.42003427,-0.50207788,-0.08204361,1249,1.44551949853482,0.175665504805848,1.62118500334066,99.7410177331758,115.260567668181,-15.5195499350048,-92,2347038,#FFFAF5,#E8F0F8,#FDFDFE
1865,Donavin Young,Stanford,-0.17076613,0.078477498,-0.092288632,500,-0.550558092073894,0.505899029711671,-0.0446590623622226,110.987389533434,105.086610096264,5.9007794371704,-20,2275958,#F9FBFD,#FFFDFB,#FCFDFE
1866,Ja'Sean Glover,Omaha,0.3701332,-0.46350466,-0.09337146,1158,-0.167366005046506,-0.070827031223252,-0.238193036269758,102.870965782536,111.463252615998,-8.59228683346125,-67,1917960,#FFFBF6,#E9F1F8,#FCFDFE
1867,Taeshaud Jackson,Fairleigh Dickinson,-0.22320038,0.12972339,-0.09347699,1401,0.452793159592408,0.293267547705223,0.746060707297631,98.3367424138893,113.608446928551,-15.2717045146619,-145,1909428,#F8FAFD,#FFFCF9,#FCFDFE
1868,KJ Younger,UNC Greensboro,0.9472664,-1.0407674,-0.0935010000000001,1595,1.12437933376968,-0.276705410623048,0.847673923146632,105.784635396047,116.380056282436,-10.5954208863896,-100,2540609,#FFF5EA,#CFE1F1,#FCFDFE
1869,Jaxon Prunty,College of Charleston,0.67530364,-0.77184136,-0.09653772,850,-0.353159059251991,-1.11583459719557,-1.46899365644756,110.77763748658,106.800716728154,3.97692075842617,41,2302243,#FFF8F0,#DBE9F4,#FCFDFE
1870,Sebastian Mack,Missouri,-0.51557972,0.41470158,-0.10087814,504,-1.96254026267046,0.0344530481553789,-1.92808721451508,108.286532912645,104.550220404015,3.73631250863036,35,2106222,#EFF5FA,#FFF7EE,#FCFDFE
1871,Jameel Morris,Alcorn State,-0.29555821,0.19421015,-0.10134806,1538,-0.422030141439715,0.385332270612109,-0.0366978708276051,95.8545366439047,112.373344187144,-16.5188075432392,-204,2092096,#F6F9FC,#FFFBF7,#FCFDFE
1872,Michael Marcus Jr.,Appalachian State,-0.43068845,0.32868906,-0.10199939,1174,0.364557505914104,-0.237678613468859,0.126878892445245,103.194762526387,103.841770136553,-0.647007610165939,62,2302349,#F2F7FB,#FFF9F2,#FCFDFE
1873,KJ Cochran,Santa Clara,1.276118,-1.3783887,-0.1022707,710,1.6851470147752,-0.473412613498079,1.21173440127712,116.442263911752,111.434468912646,5.00779499910666,1,2536838,#FFF2E2,#BFD8EC,#FCFDFE
1874,Arden Conyers,Charlotte,0.85738531,-0.96083466,-0.10344935,1014,1.10314822574501,-1.20874442005671,-0.105596194311698,108.1543911583,109.314423913775,-1.16003275547509,-23,2092466,#FFF6EC,#D3E3F2,#FCFDFE
1875,Isaiah Kerr,Hawaii,-0.50496948,0.3987245,-0.10624498,1045,-0.342190838923819,-0.549192849632093,-0.891383688555913,103.792261575006,100.204403726575,3.5878578484301,98,1924310,#EFF5FA,#FFF8EF,#FCFDFE
1876,Gabe Oldham,Denver,0.6418455,-0.75374963,-0.11190413,1267,0.479087538612608,0.123862785251222,0.60295032386383,113.09486785225,117.975241799267,-4.88037394701772,-72,2493724,#FFF8F0,#DCE9F5,#FCFDFE
1877,Daniel Michelini-Jackson,Texas A&M-Corpus Christi,-0.38863483,0.27610702,-0.11252781,724,-1.18702659739715,-0.0127352239569072,-1.19976182135406,104.054108044024,103.267576430962,0.78653161306137,18,2558062,#F3F7FB,#FFFAF4,#FCFDFE
1878,Andrew Akuchie,Rice,-0.52221853,0.4057388,-0.11647973,690,0.3318466081123,0.0301867537713544,0.362033361883654,97.9394816204141,108.230355773997,-10.2908741535832,-72,1898737,#EFF5FA,#FFF8EF,#FCFDFE
1879,Joshua Beadle,Coastal Carolina,-0.56539539,0.44824207,-0.11715332,1764,-0.839876770162236,-0.377452088998703,-1.21732885916094,98.1878898354688,103.803528492828,-5.61563865735948,-28,1683871,#EEF4FA,#FFF7ED,#FCFDFE
1880,Kaspar Sepp,Cornell,0.44109891,-0.55918998,-0.11809107,862,1.82893233093178,0.438036540513069,2.26696887144485,109.6785652814,116.475950466752,-6.79738518535258,-78,2117919,#FFFAF5,#E5EFF7,#FCFDFE
1881,Jaion Pitt,Pacific,0.044418661,-0.16499781,-0.120579149,850,1.40593658096593,0.456247062894536,1.86218364386047,102.084826605701,108.377096526545,-6.29226992084406,-81,2539103,#FFFEFE,#F7FAFC,#FCFDFE
1882,Garrett Nuckolls,Portland,-1.0734102,0.94811401,-0.12529619,1450,-1.6565222301852,1.30321377766061,-0.353308452524595,103.781864632423,107.153413712194,-3.37154907977109,-83,2539450,#DEEBF5,#FFEEDA,#FCFDFE
1883,Spencer Ahrens,Boise State,0.12960846,-0.25554578,-0.12593732,642,-0.439209630568702,0.279796437858922,-0.15941319270978,112.147086252706,108.268843391123,3.87824286158334,-8,2550057,#FFFDFC,#F3F7FB,#FCFDFE
1884,Caelum Swanton-Rodger,Old Dominion,-0.72982951,0.59754736,-0.13228215,1084,-0.24115823499795,0.405297777460783,0.164139542462833,101.281751039651,109.328331875407,-8.04658083575644,-54,1908706,#E9F1F8,#FFF4E7,#FCFDFE
1885,Josh Ahayere,Colgate,-0.39187786,0.25910015,-0.13277771,1286,-0.13470962653541,0.00891923028859411,-0.125790396246816,106.165844404346,107.773744013152,-1.60789960880636,20,2334045,#F3F7FB,#FFFAF4,#FBFDFE
1886,Jonah Pierce,Presbyterian,-0.77378109,0.6369324,-0.13684869,1666,-0.72289810708569,1.11951075068251,0.396612643596816,99.873541805735,109.611350377719,-9.73780857198441,-68,1687641,#E7F0F8,#FFF4E6,#FBFDFE
1887,Marqui Worthy,UC Riverside,-0.046574751,-0.091788139,-0.13836289,1896,0.50230708814664,0.390166161583896,0.892473249730535,97.734748574548,110.175491915355,-12.4407433408067,-200,2152573,#FDFEFE,#FAFCFD,#FBFDFE
1888,Luka Toews,Boston College,-0.48130085,0.33566121,-0.14563964,1033,0.670120657661268,0.0522003313343656,0.722320988995634,98.5958508818576,100.354941240757,-1.75909035889902,-92,2303669,#F0F6FA,#FFF9F1,#FBFCFE
1889,Landren Blocker,Southeast Missouri State,-1.8433094,1.6942823,-0.1490271,921,-1.41545587688093,0.792197015396943,-0.623258861483987,97.5172121569286,100.439783863736,-2.92257170680782,33,2307386,#C7DCEF,#FFE1BD,#FBFCFE
1890,Isaac Munkadi,Fairfield,-1.2669125,1.117263,-0.1496495,484,-0.909097357414356,0.243219931918898,-0.665877425495458,100.79784756944,105.861742222495,-5.06389465305499,11,2320345,#D9E7F4,#FFEBD3,#FBFCFE
1891,Kaseem Watson,UTEP,0.2075506,-0.35789533,-0.15034473,1498,0.121184179191745,-0.0960980621616617,0.0250861170300836,100.292013351734,107.264939978288,-6.97292662655391,-90,1890676,#FFFCFA,#EEF4FA,#FBFCFE
1892,Sasa Ciani,Penn State,-1.3810554,1.2212256,-0.1598298,464,-2.52693032323698,-0.505805142466355,-3.03273546570333,103.523628059205,102.279996330176,1.2436317290293,-27,2149055,#D5E5F3,#FFE9CF,#FBFCFD
1893,Isaiah Lewis,Long Beach State,-0.58107982,0.42112213,-0.15995769,1174,-1.47963678559867,-0.138177366257147,-1.61781415185581,102.501368314593,106.62489213746,-4.12352382286691,-35,2313703,#EDF4F9,#FFF7EE,#FBFCFD
1894,Cole Hargrove,Providence,-0.33106214,0.17076014,-0.160302,665,-1.02166784632569,0.334556451972335,-0.687111394353356,111.259125806435,110.269855556382,0.989270250053087,-48,1910958,#F5F8FC,#FFFCF8,#FBFCFD
1895,Michael Jacobs,Southern,0.69613147,-0.85814239,-0.16201092,1714,0.498157063097931,-0.548924978530203,-0.0507679154322723,104.211783924951,112.009884247902,-7.79810032295036,-38,2331466,#FFF8EF,#D7E6F3,#FBFCFD
1896,Luke McEldon,Mount St. Mary's,-0.6135757,0.4505211,-0.1630546,1296,0.709730224623507,-0.516357891838896,0.193372332784611,96.3578395749124,103.906215063,-7.54837548808724,-29,2110378,#ECF3F9,#FFF7ED,#FBFCFD
1897,Brooklyn Hicks,Montana,-0.083664127,-0.079510466,-0.163174593,1155,-0.476313920643566,-0.0379231184074688,-0.514237039051035,103.562949050393,107.632800265479,-4.0698512150857,-32,2126214,#FCFDFE,#FBFCFD,#FBFCFD
1898,Curtis Williams Jr.,Tulane,0.14701855,-0.3129785,-0.16595995,1775,0.0719935003681343,0.44461655439198,0.516610054760114,104.161618490856,108.817710325006,-4.65609183415046,-83,2115895,#FFFDFB,#F0F6FA,#FBFCFD
1899,Britton Berrett,Utah Tech,1.004668,-1.1708741,-0.1662061,1202,0.749707322263551,-1.21469614046579,-0.464988818202242,109.127776263149,111.259120623081,-2.13134435993232,43,2321196,#FFF5E8,#C9DDEF,#FBFCFD
1900,Marvin Musiime-Kamali,Akron,0.25566094,-0.42315369,-0.16749275,464,0.166354293193043,0.223530516057216,0.389884809250259,117.234628899803,109.484869806235,7.7497590935687,20,2094970,#FFFCF9,#EBF3F9,#FBFCFD
1901,Pat Curtin,Bucknell,0.25714526,-0.42520786,-0.1680626,1138,-0.00596165499748419,0.373935602711278,0.367973947713794,100.469279018218,113.066563397646,-12.5972843794284,-58,2531873,#FFFCF9,#EBF2F9,#FBFCFD
1902,Tavaj Cope,New Orleans,0.37103733,-0.53930207,-0.16826474,1204,0.259786869226945,-0.491258578739955,-0.231471709513011,106.263927127257,108.486862148402,-2.22293502114452,-27,2489658,#FFFBF6,#E6EFF7,#FBFCFD
1903,Zaxton King,Missouri State,0.39770834,-0.56997623,-0.17226789,1372,0.86746614051432,-0.924149041166712,-0.056682900652392,104.318825773742,108.40082063052,-4.08199485677863,-28,2313693,#FFFBF6,#E4EEF7,#FBFCFD
1904,Kevon Vanderhorst,Drexel,-0.18681664,0.013944183,-0.172872457,1588,1.13403783620122,-0.869667115456898,0.264370720744326,97.9478998660293,102.565952639032,-4.61805277300222,-11,2307536,#F9FBFD,#FFFEFE,#FBFCFD
1905,Braden Appelhans,Drake,0.56116309,-0.73748596,-0.17632287,544,-0.0314858910167308,-0.91504025602451,-0.946526147041241,108.286369635958,109.492298676729,-1.20592904077121,16,1924343,#FFF9F2,#DDEAF5,#FBFCFD
1906,Jerry Easter II,USC,-0.089845106,-0.087592889,-0.177437995,855,-1.04067298713768,0.826909068521681,-0.213763918615995,110.221211166159,105.570307196873,4.65090396928654,-46,2485211,#FCFDFE,#FAFCFD,#FAFCFD
1907,Cayden Ward,Cal Poly,0.49206454,-0.67639119,-0.18432665,1774,0.657653898049635,-0.186597583205262,0.471056314844373,105.694567701379,112.277528405788,-6.58296070440934,-100,2318757,#FFFAF4,#E0EBF6,#FAFCFD
1908,Dionte Johnson,North Carolina Central,0.7421225,-0.92663225,-0.18450975,1476,1.55821243020306,0.111685497517165,1.66989792772023,97.2470979117566,119.21543012381,-21.9683322120534,-207,1896316,#FFF7EE,#D4E4F2,#FAFCFD
1909,Zaakir Williamson,Saint Peter's,-0.52887255,0.34430775,-0.1845648,990,0.161163656957256,0.137853402143929,0.299017059101185,99.11468094311,105.398526158732,-6.28384521562175,11,1687575,#EFF5FA,#FFF9F1,#FAFCFD
1910,Bradley Douglas,James Madison,1.1163612,-1.3027847,-0.1864235,1474,1.28197106890556,-1.07758892165709,0.204382147248463,106.030111257849,111.74575413475,-5.71564287690101,-33,2146972,#FFF4E6,#C3DAED,#FAFCFD
1911,Landon Clark,Princeton,0.09185918,-0.27880939,-0.18695021,1314,0.476986417008112,0.46916420197354,0.946150618981652,102.071508436169,111.205793307486,-9.1342848713178,-116,2505002,#FFFEFC,#F2F7FB,#FAFCFD
1912,Jahki Gupton,Saint Peter's,-1.5079346,1.3163633,-0.1915713,1150,-1.41968480335398,0.645720391492192,-0.773964411861786,100.791928168609,103.394378634393,-2.60245046578389,15,2540688,#D1E3F1,#FFE8CB,#FAFCFD
1913,Devin Brown,Davidson,-1.1242014,0.93151046,-0.19269094,1156,-0.221790125306907,0.320885444965717,0.0990953196588104,101.908551779303,102.067296219059,-0.158744439755854,-25,2505305,#DDEAF5,#FFEEDA,#FAFCFD
1914,Julien Soumaoro,Western Carolina,0.60280054,-0.79588428,-0.19308374,1168,1.82784025384346,-0.377742390945379,1.45009786289808,102.994544679159,112.13642203424,-9.14187735508092,-99,1706701,#FFF9F1,#DAE8F4,#FAFCFD
1915,Zander Carter,Liberty,-0.77516638,0.58169141,-0.19347497,557,-0.930298257065911,-0.149632621191754,-1.07993087825766,110.300126753127,104.275308689079,6.0248180640482,43,2533260,#E7F0F8,#FFF4E8,#FAFCFD
1916,Trey Simpson,Kennesaw State,0.023885467,-0.21756336,-0.193677893,1430,-0.188232747238524,0.955886782622208,0.767654035383684,109.470945825023,109.757393791014,-0.286447965990999,28,2540415,#FFFEFE,#F5F8FC,#FAFCFD
1917,Abou Magassa,Wyoming,-1.0904526,0.89592001,-0.19453259,464,-1.16374774743366,0.428766324746594,-0.734981422687069,108.550033116935,102.305075812973,6.24495730396173,23,2134401,#DEEAF5,#FFEFDC,#FAFCFD
1918,Ahamed Mohammed,Stephen F. Austin,0.051195142,-0.24676854,-0.195573398,798,-0.00493510620138693,-0.767298654756431,-0.772233760957818,109.221659797921,104.359242109989,4.86241768793163,32,1926321,#FFFEFD,#F3F8FB,#FAFCFD
1919,Caden Wilkins,Green Bay,-0.014460438,-0.18145114,-0.195911578,1076,-0.372514453002104,-0.103181334761404,-0.475695787763508,110.099961841345,110.025872122114,0.0740897192315071,79,2303001,#FEFEFE,#F6F9FC,#FAFCFD
1920,Chas Stinson,Stonehill,-1.4517664,1.2535266,-0.1982398,1438,-1.05197545947614,0.65541006698803,-0.396565392488114,91.9443061653873,105.212898406726,-13.2685922413386,-70,1923643,#D3E4F2,#FFE9CE,#FAFCFD
1921,TJ Johnson,VMI,1.0413444,-1.2426073,-0.2012629,1792,1.86729200883597,0.298065702303114,2.16535771113908,96.099661309384,121.687092657967,-25.5874313485827,-384,1925592,#FFF4E7,#C6DBEE,#FAFCFD
1922,Tre Green,Middle Tennessee,1.3022092,-1.5057528,-0.2035436,860,0.971176306564936,-0.640710458664928,0.330465847900009,108.804379109421,110.569020719445,-1.76464161002494,-40,1908601,#FFF2E2,#BAD4EB,#FAFCFD
1923,Hampton Sanders,Columbia,0.44617127,-0.65552068,-0.20934941,628,0.886286873841663,-0.285519253648015,0.600767620193648,106.764808280605,108.09633510296,-1.33152682235498,16,2117934,#FFFAF5,#E1ECF6,#FAFCFD
1924,Tom House,Furman,0.13191835,-0.34837612,-0.21645777,1204,0.186946808824976,-0.907840854799889,-0.720894045974913,104.641193480144,103.782787229519,0.85840625062521,78,1909086,#FFFDFC,#EFF5FA,#FAFBFD
1925,Tate Laczkowski,Army,-0.85776216,0.64070367,-0.21705849,1082,0.723388775511163,0.373569638868941,1.0969584143801,96.7055638149835,112.293870498432,-15.5883066834484,-123,2143643,#E5EFF7,#FFF3E6,#FAFBFD
1926,Cam Carroll,Rice,-0.33080357,0.10734038,-0.22346319,1164,-0.896052107115552,0.294585651585923,-0.601466455529629,105.574725562978,109.211266164973,-3.63654060199479,-28,2540366,#F5F8FC,#FFFDFA,#F9FBFD
1927,Brit Harris,Florida International,0.28331217,-0.50908165,-0.22576948,960,-0.313617179325501,0.493991866780532,0.180374687455031,103.909548849811,110.585858645189,-6.67630979537877,-48,1935840,#FFFCF8,#E7F0F8,#F9FBFD
1928,Justus McNair,Valparaiso,0.47414059,-0.70379474,-0.22965415,945,0.727943754749412,-0.466680347991699,0.261263406757714,104.500927154996,108.574792916713,-4.07386576171782,-30,2324121,#FFFAF4,#DEEBF5,#F9FBFD
1929,"Juan Cranford, Jr.",Eastern Kentucky,1.4465448,-1.6773055,-0.2307607,1360,1.6639845377342,-0.801862816643432,0.862121721090771,107.111674183186,116.836828127198,-9.72515394401232,-96,2319679,#FFF0DE,#B2CFE8,#F9FBFD
1930,Kymany Houinsou,Loyola Chicago,0.08115604,-0.31284138,-0.23168534,848,0.876609212168404,0.132959026780183,1.00956823894859,95.9891302617142,115.009935565926,-19.0208053042119,-163,1912956,#FFFEFD,#F0F6FA,#F9FBFD
1931,Christian Richardson,Omaha,-1.0325058,0.80074681,-0.23175899,591,-0.97950818584622,-0.0310942106898912,-1.01060239653611,105.381406056926,103.705577513669,1.67582854325619,34,2302581,#E0EBF6,#FFF1DF,#F9FBFD
1932,Cbo Newton,Abilene Christian,0.43626479,-0.6683443,-0.23207951,1282,-0.0217345687472802,-0.449543302484631,-0.471277871231911,98.8178986230595,106.44989266926,-7.63199404620025,-79,2144728,#FFFAF5,#E0ECF6,#F9FBFD
1933,Tyler Schmidt,Towson,0.22046662,-0.45324165,-0.23277503,658,-0.676012411528294,-0.212596645810828,-0.888609057339122,102.352133937489,108.146178374061,-5.79404443657208,-15,2324145,#FFFCFA,#EAF2F9,#F9FBFD
1934,Jordan Rogers,NJIT,-0.5581122,0.32478848,-0.23332372,1489,-0.131084627651679,0.195396313101865,0.0643116854501858,93.3269448761479,109.104952620987,-15.778007744839,-114,2337454,#EEF4FA,#FFF9F2,#F9FBFD
1935,Cheikh Sow,Idaho State,-0.82548454,0.59086652,-0.23461802,768,-2.46524544703598,0.844211476916379,-1.6210339701196,110.449437646699,110.044068859678,0.405368787020888,-75,2290522,#E6EFF7,#FFF4E8,#F9FBFD
1936,Jace Whiting,Weber State,-0.10784272,-0.13100925,-0.23885197,1045,0.187140526297836,-0.480769343938696,-0.29362881764086,104.678285669984,109.098254877825,-4.41996920784054,-3,1908613,#FBFDFE,#F9FBFD,#F9FBFD
1937,CJ Hardy,Cal State Bakersfield,0.64465225,-0.88464893,-0.23999668,1064,0.745705848930484,0.13300983587146,0.878715684801945,98.4471700813958,115.584506687526,-17.1373366061302,-123,2303080,#FFF8F0,#D6E5F3,#F9FBFD
1938,Mason Porter-Brown,Long Island,-0.046885038,-0.20000284,-0.246887878,1144,0.566241613866268,-0.239523558275588,0.32671805559068,102.449999235956,106.339534392773,-3.88953515681634,51,2559442,#FDFEFE,#F5F9FC,#F9FBFD
1939,Al Green,UNLV,1.7386974,-1.9860591,-0.2473617,621,0.554433468317329,-0.187920075747989,0.366513392569339,112.074322835194,115.799208411914,-3.72488557671995,-24,2307385,#FFEDD8,#A4C6E4,#F9FBFD
1940,Efeosa Oliogu-Elabor,Butler,-0.87075721,0.62179447,-0.24896274,704,-1.12685602505011,0.829384708275881,-0.297471316774225,108.892959758335,105.116786424603,3.77617333373121,-53,2472768,#E4EEF7,#FFF4E6,#F9FBFD
1941,Jaye Nash,Jacksonville State,-0.11374656,-0.13536871,-0.24911527,1282,-0.438347581559169,0.0413554211910452,-0.396992160368123,103.777680746291,107.203288454886,-3.42560770859528,-15,2349985,#FBFCFE,#F8FBFD,#F9FBFD
1942,Donald Hand Jr.,Boston College,-0.65544862,0.40441932,-0.2510293,1460,-1.43809734721115,0.191578278867305,-1.24651906834385,97.7879553551635,99.5801583654445,-1.792203010281,-102,1908254,#EBF2F9,#FFF8EF,#F9FBFD
1943,Jake Lemelman,Mercyhurst,0.93756795,-1.1888356,-0.25126765,1611,1.42396881146697,-1.28163761061712,0.142331200849856,100.961151883097,109.265364113468,-8.30421223037141,20,2287903,#FFF5EA,#C8DDEF,#F9FBFD
1944,Bryson Cokley,Elon,0.96313344,-1.2155838,-0.25245036,1396,2.54833417264697,-0.522321776962473,2.0260123956845,103.903591462568,113.741784933375,-9.83819347080712,-90,2321347,#FFF5E9,#C7DCEE,#F9FBFD
1945,Stephen Giwa,Rice,-0.68569458,0.43013301,-0.25556157,731,-0.429432345925239,0.825581801350851,0.396149455425611,104.867087627772,108.281132852353,-3.41404522458033,-41,1695186,#EAF2F9,#FFF7EE,#F9FBFD
1946,Harold Woods,Incarnate Word,0.022976436,-0.28148083,-0.258504394,1399,0.153736706269263,0.356228658539372,0.509965364808635,105.015730299014,113.661950021243,-8.64621972222896,-101,1889833,#FFFEFE,#F2F7FB,#F9FBFD
1947,Achile Spadone,Bucknell,-0.72188764,0.46295909,-0.25892855,1912,-0.131060981419487,0.859399214316323,0.728338232896836,94.3500785725794,111.722760707634,-17.3726821350545,-234,1925904,#E9F1F8,#FFF7EC,#F9FBFD
1948,Xander Alarie,Northeastern,-0.73844503,0.47410664,-0.26433839,536,-0.923860873519478,-0.0954731190783287,-1.01933399259781,104.71765046904,105.826787908096,-1.10913743905643,-8,2319604,#E8F1F8,#FFF6EC,#F9FBFD
1949,Cole Franklin,North Texas,-1.1053122,0.84096029,-0.26435191,1304,-0.495254632907028,1.21689218058263,0.721637547675603,99.8598546313799,101.277259398306,-1.41740476692599,-63,2349105,#DDEAF5,#FFF0DE,#F9FBFD
1950,Grant Polk,South Carolina,0.35229556,-0.61765712,-0.26536156,638,-0.0500380030298357,-0.974954195959874,-1.02499219898971,109.810359695993,107.855878453003,1.95448124299002,-13,2480422,#FFFBF7,#E2EDF6,#F8FBFD
1951,TJ Caldwell,Arkansas State,-0.015379926,-0.25070355,-0.266083476,1100,0.793953294534038,-0.247208936323535,0.546744358210503,103.000832045292,106.305826153332,-3.30499410803995,-7,1947754,#FEFEFE,#F3F7FB,#F8FBFD
1952,Doyel Cockrill III,Chicago State,1.5691971,-1.839526,-0.2703289,1096,2.25483424988304,-1.05967434497629,1.19515990490674,100.854825799564,118.239898270979,-17.3850724714151,7,2569040,#FFEFDC,#AACAE6,#F8FBFD
1953,Chandler Bing,Vanderbilt,0.8206546,-1.0931775,-0.2725229,816,-0.458901224534645,-0.224117244625577,-0.683018469160223,125.653944924514,104.694374173944,20.9595707505701,-35,2539397,#FFF6EC,#CDE0F0,#F8FBFD
1954,Tsvet Sotirov,Georgia Southern,-0.34716711,0.073441012,-0.273726098,638,-1.98738833917854,-1.08367117258864,-3.07105951176718,111.217405780453,106.674898089854,4.54250769059934,60,2134406,#F4F8FB,#FFFDFC,#F8FBFD
1955,DJ Stickman,Fresno State,-0.80262091,0.52781211,-0.2748088,511,-0.794627291781468,0.915242414003513,0.120615122222045,102.100189426758,103.431229580859,-1.33104015410073,-4,2543787,#E6F0F8,#FFF5EA,#F8FBFD
1956,Todd Jones Jr.,Louisiana-Lafayette,-0.93970723,0.66030925,-0.27939798,854,-1.64956242330694,1.18205426963801,-0.467508153668922,100.350670844895,110.8976380149,-10.5469671700047,-65,2324519,#E2EDF6,#FFF3E5,#F8FBFD
1957,Jojo Murphy,Seattle,-0.77078605,0.49042676,-0.28035929,776,0.087331412990944,0.168413185309215,0.255744598300159,97.2436283976472,98.537629388261,-1.29400099061375,-4,1938259,#E7F0F8,#FFF6EB,#F8FBFD
1958,Deangelo Elisee,Fort Wayne,-0.96658187,0.6824386,-0.28414327,670,-1.22812263938711,1.01267988568177,-0.215442753705339,104.369905564878,108.406658204224,-4.03675263934642,-5,1924183,#E2EDF6,#FFF3E4,#F8FBFD
1959,De'Vion Lavergne,Louisiana-Lafayette,-0.48138876,0.19674571,-0.28464305,1608,-0.272250798385692,0.104604978119097,-0.167645820266594,97.5161936138832,108.649446609959,-11.1332529960758,-97,2302249,#F0F6FA,#FFFBF7,#F8FBFD
1960,Tyler Doyle,Bellarmine,2.2546119,-2.543325,-0.2887131,1158,1.53102104064569,-0.795543103699723,0.735477936945967,117.511698977987,125.069681681083,-7.5579827030962,-51,2292843,#FFE8CD,#8AB7DD,#F8FAFD
1961,Mihailo Boskovic,BYU,-0.18257817,-0.10990918,-0.29248735,724,-0.0257721937500349,0.436116810147838,0.410344616397803,117.28746944573,103.881388663361,13.4060807823686,23,2313594,#F9FBFD,#F9FBFD,#F8FAFD
1962,Ben Eisendrath,Harvard,-1.0117792,0.7172472,-0.294532,1305,-0.880476288708189,1.2193255269219,0.338849238213714,105.091909697369,105.561110580722,-0.469200883353005,-16,2292702,#E0ECF6,#FFF2E3,#F8FAFD
1963,Jordan Lowery,UT Arlington,-0.77087743,0.4718789,-0.29899853,738,-0.968573001446045,-0.562445335036597,-1.53101833648264,98.007918951488,100.135886544003,-2.12796759251515,-2,2540409,#E7F0F8,#FFF6EC,#F8FAFD
1964,Biggie Patterson,Hofstra,-0.73632181,0.42821815,-0.30810366,998,-0.217812058571971,0.147152569613995,-0.0706594889579763,108.186271265091,102.941574340901,5.24469692419058,68,1910129,#E8F1F8,#FFF7EE,#F8FAFC
1965,Jalik Dunkley,Nicholls State,0.17155804,-0.48213544,-0.3105774,1438,0.5992468878809,-0.237296709424306,0.361950178456594,102.167971016394,109.503503025816,-7.33553200942232,-95,2567141,#FFFDFB,#E8F1F8,#F7FAFC
1966,Jalen Smith,Rice,0.60712501,-0.9217434,-0.31461839,1634,1.46677417869984,-0.433773644044672,1.03300053465516,101.578827476154,111.165266478091,-9.58643900193758,-151,1705467,#FFF9F1,#D4E4F2,#F7FAFC
1967,Harun Zrno,Rutgers,0.13822534,-0.4542204,-0.31599506,1060,-0.00637690806134197,-0.548793503563365,-0.555170411624707,105.786132944272,106.609705220456,-0.823572276184148,-124,2474219,#FFFDFB,#EAF2F8,#F7FAFC
1968,Rob Whaley Jr.,Kent State,-0.30333766,-0.013384477,-0.316722137,1265,0.244955967447079,0.443675214298038,0.688631181745117,106.779051081179,108.736202431324,-1.95715135014454,1,2126134,#F5F9FC,#FEFEFE,#F7FAFC
1969,Connor Amundsen,Dartmouth,1.3262321,-1.6438404,-0.3176083,1265,1.24460543663519,-1.09795320975172,0.146652226883468,101.925469228403,112.653739970169,-10.7282707417656,-101,2305785,#FFF2E1,#B3D0E9,#F7FAFC
1970,Jaden Vance,UC San Diego,-1.4141061,1.0937168,-0.3203893,502,-1.69087587445279,0.379897970393903,-1.31097790405889,100.072546123277,99.6142242128739,0.458321910403281,12,2505190,#D4E4F2,#FFECD4,#F7FAFC
1971,James O'Donnell,Portland,-0.71721208,0.39670157,-0.32051051,1233,0.201941092411025,0.291721139130471,0.493662231541496,100.225370079722,107.891555001117,-7.66618492139475,-128,2322772,#E9F1F8,#FFF8EF,#F7FAFC
1972,Filip Radaković,Tennessee-Martin,-0.18332815,-0.13870149,-0.32202964,1132,0.13071146012835,-1.59451353406942,-1.46380207394107,100.933555100782,99.2655298708954,1.6680252298866,117,2311798,#F9FBFD,#F8FBFD,#F7FAFC
1973,Wilguens Jr. Exacte,Drake,-0.32741206,0.0044289832,-0.3229830768,522,-0.779437615855809,-0.237558422488818,-1.01699603834463,108.002633689368,104.73809506757,3.26453862179801,34,1890576,#F5F8FC,#FFFEFE,#F7FAFC
1974,Cam Thrower,Penn,-0.32028589,-0.0049683379,-0.3252542279,672,-1.21478960544714,-0.794586228530434,-2.00937583397757,104.94681404088,100.612794599083,4.33401944179663,38,1918943,#F5F9FC,#FEFEFE,#F7FAFC
1975,Jeremiah Oden,San Diego State,-1.0639811,0.73808814,-0.32589296,696,-0.84730601641523,-0.168999630254672,-1.0163056466699,103.843684350691,95.5087606470205,8.33492370367082,41,1608380,#DFEBF5,#FFF2E2,#F7FAFC
1976,Trae English,Nicholls State,0.19882901,-0.52835964,-0.32953063,1540,0.641306162425326,0.00887058909986568,0.650176751525192,101.005041026843,110.179382663376,-9.17434163653374,-136,1701892,#FFFDFA,#E6F0F8,#F7FAFC
1977,Ben Tweedy,Colgate,0.83318167,-1.1630322,-0.32985053,1547,0.961248445782726,-1.22258104170137,-0.261332595918643,106.666037855168,110.518099377874,-3.85206152270552,22,2303000,#FFF6EC,#C9DEEF,#F7FAFC
1978,Chris Hodges,Montana State,-1.2285567,0.89833892,-0.33021778,1160,-1.51281774992681,0.0229678133759661,-1.48984993655085,106.327147773757,103.10728776826,3.21986000549677,41,1687616,#DAE8F4,#FFEFDC,#F7FAFC
1979,Seifeldin Hendawy,Winthrop,-0.72253868,0.38897187,-0.33356681,872,-1.15182021438318,-0.175166398757697,-1.32698661314088,107.933496641873,104.342862408353,3.59063423352017,21,2313678,#E9F1F8,#FFF8EF,#F7FAFC
1980,Ryan Cornish,USC,-0.36377828,0.026359928,-0.337418352,456,-0.242639559026525,-0.590341937284345,-0.832981496310871,108.107568654415,105.075768835592,3.03179981882276,-41,1713501,#F4F8FB,#FFFEFD,#F7FAFC
1981,Cobi Campbell,Troy,0.83358233,-1.1722263,-0.33864397,1442,1.37812247985311,-1.24328150691254,0.13484097294057,109.549467134687,107.089460315922,2.46000681876579,80,2318978,#FFF6EC,#C9DDEF,#F7FAFC
1982,Junjie Wang,San Francisco,0.31869544,-0.65775749,-0.33906205,1086,1.29036896674793,-0.14631541379625,1.14405355295168,106.616833832841,109.600610919862,-2.983777087021,-48,2169497,#FFFBF7,#E0ECF6,#F7FAFC
1983,Curt Lewis,Southern Mississippi,-0.27808286,-0.061124716,-0.339207576,1336,-0.607204735838087,-0.914905966637706,-1.52211070247579,103.21936506103,104.07403910485,-0.854674043820247,15,1408733,#F6F9FC,#FCFDFE,#F7FAFC
1984,John Christofilis,Seattle,0.23719763,-0.57965293,-0.3424553,838,-0.134886181777555,-1.77243685987675,-1.90732304165431,101.737341497497,96.0106138446643,5.72672765283286,68,1702071,#FFFCF9,#E4EEF7,#F7FAFC
1985,Jordan Crawford,South Dakota,0.74081762,-1.0863121,-0.34549448,1624,0.808104003462328,-1.06752091665512,-0.259416913192789,103.022140070904,112.239857748451,-9.21771767754627,-61,1917792,#FFF7EE,#CDE0F0,#F7FAFC
1986,Cameron Crawford,Duquesne,0.019971083,-0.36642001,-0.346448927,972,-0.963725489784582,-0.895673955107058,-1.85939944489164,110.392654243164,104.279773605979,6.11288063718554,49,1730406,#FFFEFE,#EEF4FA,#F7FAFC
1987,Jackson Holt,Eastern Kentucky,1.692394,-2.0395781,-0.3471841,1012,2.20114017608418,-0.960707845296584,1.2404323307876,107.418630612804,119.212693539418,-11.7940629266137,-103,1930395,#FFEED9,#A1C5E4,#F7FAFC
1988,Ethan Meuser,Stonehill,-1.5206962,1.17207,-0.3486262,658,-0.9240840633842,0.159384222152301,-0.764699841231899,86.1542543569635,101.849721389193,-15.6954670322297,-30,1923646,#D1E2F1,#FFEAD1,#F7FAFC
1989,Andres Burney,Georgia Southern,0.31302474,-0.66233258,-0.34930784,910,-0.582717243194664,-0.299273369987704,-0.881990613182368,112.05650827825,116.38747611954,-4.33096784129032,21,2091307,#FFFBF8,#E0ECF6,#F7FAFC
1990,Tay Mosher,East Texas A&M,-0.2672202,-0.082373869,-0.349594069,702,-0.272447736056312,-0.701055738922941,-0.973503474979253,103.79607034996,107.646711047209,-3.85064069724983,10,1702470,#F7FAFC,#FBFCFD,#F7FAFC
1991,Isaiah West,Belmont,-1.3735402,1.0233033,-0.3502369,906,-1.50127375904255,0.73675344293887,-0.764520316103676,108.839956479758,102.25653313158,6.58342334817767,-62,2115433,#D5E5F3,#FFEDD7,#F7FAFC
1992,Ryan Pettit,Lafayette,-0.65598222,0.30406363,-0.35191859,960,-0.0757331484377871,-0.168788916159441,-0.244522064597228,99.0146661114099,112.919320697665,-13.9046545862553,-82,1933146,#EBF2F9,#FFF9F3,#F7FAFC
1993,Jusaun Holt,Utah Tech,-0.13367031,-0.2201953,-0.35386561,1688,0.59192497179684,-0.0142298151267359,0.577695156670104,103.760768613201,111.467997410155,-7.70722879695358,-91,1700248,#FBFCFD,#F4F8FC,#F6FAFC
1994,Tyson Brown,Radford,-0.80953563,0.45082824,-0.35870739,1474,-1.54749992273558,-0.282294698609952,-1.82979462134553,105.239999035486,108.049423826464,-2.80942479097885,31,2125955,#E6F0F7,#FFF7ED,#F6F9FC
1995,Malachi Brown,Georgia State,0.21527007,-0.57741963,-0.36214956,1598,0.452332893526774,-0.291041849967308,0.161291043559467,95.580913265772,110.866573783315,-15.2856605175433,-178,2101705,#FFFCFA,#E4EEF7,#F6F9FC
1996,Martin Kalu,College of Charleston,-0.7064733,0.34254757,-0.36392573,1465,-0.533038377700723,-0.0732092964853868,-0.60624767418611,103.385127184142,104.963655084319,-1.57852790017698,7,2509283,#E9F1F8,#FFF9F1,#F6F9FC
1997,Jack Daugherty,Illinois State,-0.66161705,0.29681743,-0.36479962,488,-3.34634932291491,-0.902931499185322,-4.24928082210024,104.287880905048,98.6873695122735,5.60051139277421,53,2281149,#EBF2F9,#FFF9F3,#F6F9FC
1998,Jaehshon Thomas,Drake,0.89083006,-1.2585798,-0.36774974,1098,0.584179084127564,-1.04660360926313,-0.462424525135571,107.601501694649,111.74190822867,-4.14040653402139,-32,2331206,#FFF6EB,#C5DBEE,#F6F9FC
1999,Enzo Boudouma,New Orleans,-0.29582307,-0.072953229,-0.368776299,1024,-0.59358925585114,-0.36430122549808,-0.95789048134922,106.632576668543,106.854147401189,-0.22157073264637,13,2489663,#F6F9FC,#FBFCFE,#F6F9FC
2000,Tyler King,SIU Edwardsville,-0.053196366,-0.31574292,-0.368939286,962,1.02325718197199,-1.20103434889396,-0.177777166921972,97.6526149689075,102.705619612129,-5.05300464322128,42,2506838,#FDFEFE,#F0F6FA,#F6F9FC
2001,Logan Carey,Maine,-0.91781432,0.54715828,-0.37065604,1290,-0.680448324630349,0.1937099902033,-0.486738334427049,92.7357047440248,106.356630508756,-13.6209257647313,-60,2116957,#E3EEF7,#FFF5E9,#F6F9FC
2002,Jun Seok Yeo,Seattle,-1.0815088,0.7105359,-0.3709729,1629,-0.359192892400723,-0.052649913310772,-0.411842805711495,98.3459018159082,96.6468486272497,1.69905318865857,14,2105894,#DEEAF5,#FFF2E3,#F6F9FC
2003,Akai Fleming,Georgia Tech,-0.28058201,-0.09108192,-0.37166393,1374,-0.011628901994892,-0.00503481476194029,-0.0166637167568323,103.47710868226,105.315975061086,-1.83886637882535,-58,2474268,#F6F9FC,#FAFCFD,#F6F9FC
2004,Chudi Dioramma,Arkansas State,-0.67868042,0.30476675,-0.37391367,676,-0.515588288099426,-0.481492063105489,-0.997080351204914,106.829680644046,106.526775645196,0.30290499885004,12,2119968,#EAF2F9,#FFF9F3,#F6F9FC
2005,Edwin Daniel,La Salle,-2.3756513,2.0002484,-0.3754029,720,-2.1943087319775,1.90635492685707,-0.287953805120429,98.3354516418888,103.481617454072,-5.14616581218308,-63,2510375,#B7D3EA,#FFDCB1,#F6F9FC
2006,Malachi Davis,Long Island,-0.2818821,-0.096882378,-0.378764478,1842,-0.433744319242385,-0.849503768189793,-1.28324808743218,104.162580965595,105.016984869376,-0.854403903780954,118,2110073,#F6F9FC,#FAFCFD,#F6F9FC
2007,De'Undrae Perteete,UC Riverside,0.36975679,-0.75257062,-0.38281383,1252,1.17040246411672,-0.348808121865601,0.821594342251116,98.2015802699378,111.144561872168,-12.9429816022305,-162,2352337,#FFFBF6,#DCE9F5,#F6F9FC
2008,Peyton White,Nevada,0.15692574,-0.54397028,-0.38704454,784,0.0034047098888651,-1.53347439319399,-1.53006968330512,108.462382005462,103.596909116254,4.86547288920842,34,2545402,#FFFDFB,#E6EFF7,#F6F9FC
2009,Terrance Williams II,USC,0.48218798,-0.86983706,-0.38764908,703,-0.761185943765905,-0.413270563880394,-1.1744565076463,108.50971382721,106.02549049363,2.48422333357989,-59,1603844,#FFFAF4,#D7E6F3,#F6F9FC
2010,Caedin Hamilton,Marquette,-1.8029635,1.4148342,-0.3881293,736,-1.51698660375403,0.625171964449863,-0.891814639304169,102.405257870235,94.6038512736539,7.80140659658152,-11,2128695,#C9DDEF,#FFE6C7,#F6F9FC
2011,Egan Shields,Northern Colorado,0.072656606,-0.46363621,-0.390979604,860,0.682438293685881,-0.187488371224052,0.494949922461829,109.87878873866,108.603778717082,1.2750100215779,23,2118993,#FFFEFD,#E9F1F8,#F6F9FC
2012,Trey Fort,Michigan State,0.54540962,-0.93667236,-0.39126274,510,-0.552167402342164,0.302649864591884,-0.24951753775028,112.197274548199,103.882154407523,8.31512014067646,-1,1603155,#FFF9F2,#D4E4F2,#F6F9FC
2013,Terrance Jones,Manhattan,0.6598251,-1.0620593,-0.4022342,1534,1.19431006158664,-0.315063932999974,0.879246128586662,102.891806638883,118.07463832272,-15.1828316838372,-137,1717002,#FFF8F0,#CEE0F0,#F5F9FC
2014,Brennan Rigsby,Radford,0.078899038,-0.48596062,-0.407061582,1028,-0.656116711616085,-0.20051437129191,-0.856631082907995,104.005835601908,111.630306748571,-7.62447114666311,-36,1924171,#FFFEFD,#E8F1F8,#F5F9FC
2015,Asher Woods,Tulane,0.16926422,-0.57680448,-0.40754026,1716,0.42509870356418,-0.235803078578212,0.189295624985968,100.695005685286,108.295633124679,-7.60062743939347,-127,1909432,#FFFDFB,#E4EEF7,#F5F9FC
2016,Vuk Boskovic,San Diego,0.63812355,-1.0474365,-0.40931295,1078,0.863964694773009,0.0552802853604728,0.919244980133481,107.535592203017,115.018927679789,-7.48333547677253,-72,2533742,#FFF8F0,#CFE1F1,#F5F9FC
2017,TJ Long,Vermont,0.1145613,-0.52446298,-0.40990168,1315,-0.647973912022118,-0.705203278531175,-1.35317719055329,107.373319860925,109.854922181523,-2.48160232059709,88,1705477,#FFFDFC,#E7F0F8,#F5F9FC
2018,David Rochester,Brown,-1.3581159,0.94596016,-0.41215574,774,-0.998674790385157,-0.00661440005191069,-1.00528919043707,93.7786664338863,100.122295304947,-6.34362887106095,-39,2287294,#D6E5F3,#FFEEDA,#F5F9FC
2019,Malcolm Wrisby-Jefferson,Brown,-1.6366328,1.2207178,-0.415915,938,-1.40178792685346,0.763245025953291,-0.638542900900169,92.5834442828547,103.154686708659,-10.5712424258041,-100,2110959,#CEE0F0,#FFE9CF,#F5F9FC
2020,Jojo Anderson,Eastern Washington,1.0500992,-1.4706538,-0.4205546,1192,0.734763708014542,-0.224833090273922,0.50993061774062,111.630482788691,114.686209546544,-3.05572675785273,-49,1723785,#FFF4E7,#BBD5EB,#F5F9FC
2021,John Hugley IV,Duquesne,-0.014716843,-0.40659818,-0.421315023,733,1.37574035054459,-0.309685438545421,1.06605491199917,102.051010380075,108.330935426044,-6.27992504596928,-23,1599748,#FEFEFE,#ECF3F9,#F5F9FC
2022,Collin Metcalf,Maryland,-1.3799082,0.95817939,-0.42172881,654,-1.90634427333754,0.589076515773176,-1.31726775756437,105.788664578801,104.488516756658,1.30014782214225,-113,1889835,#D5E5F3,#FFEED9,#F5F9FC
2023,Niko Abusara,Dartmouth,-0.84741587,0.42533786,-0.42207801,608,-1.26225408959738,0.979260132560202,-0.282993957037177,102.60526387288,109.168440116148,-6.56317624326828,-56,2126156,#E5EFF7,#FFF7EE,#F5F9FC
2024,Jaden Alexander,Cal State Bakersfield,0.58706972,-1.0196044,-0.43253468,638,0.0690074738579982,-0.905042111771082,-0.836034637913084,102.118348864656,110.700911162597,-8.58256229794037,-39,1924163,#FFF9F2,#D0E2F1,#F5F8FC
2025,David Douglas Jr.,Fresno State,-0.064204378,-0.37538012,-0.439584498,563,0.378745352555075,-1.03146083719336,-0.652715484638283,102.912659300285,103.661606885414,-0.748947585129067,-32,2093340,#FDFDFE,#EDF4FA,#F5F8FC
2026,Mambourou Mara,Houston Christian,-1.6270499,1.1864843,-0.4405656,942,-2.0320260205776,2.09932337667047,0.06729735609287,98.2762028129254,108.623699357195,-10.34749654427,-99,2100316,#CEE0F0,#FFEAD0,#F5F8FC
2027,Christian King,Montana State,-0.028063865,-0.41376674,-0.441830605,1215,-0.773569492695016,0.0539879219297146,-0.719581570765301,108.294241192702,109.085360754435,-0.791119561733367,12,2125365,#FEFEFE,#ECF3F9,#F4F8FC
2028,Toneari Lane,San Diego,2.2384778,-2.68208,-0.4436022,1441,2.27239760643421,-1.28162894251283,0.990768663921374,106.125870547912,117.569657147973,-11.4437866000612,-156,1601885,#FFE9CD,#84B3DB,#F4F8FC
2029,Chris Komin,Northern Arizona,0.64493274,-1.0894573,-0.44452456,1239,1.38324612341296,1.14548415663946,2.52873028005243,101.387953890006,119.742151137768,-18.3541972477615,-179,2545377,#FFF8F0,#CDE0F0,#F4F8FC
2030,Jamar Franklin,Jacksonville State,0.70530824,-1.1510396,-0.44573136,592,-0.30127213416673,-1.18744579914036,-1.48871793330709,107.316342147066,105.055863080049,2.26047906701679,64,1926000,#FFF8EF,#CADEEF,#F4F8FC
2031,Kose Egbule,James Madison,-1.0603362,0.61359528,-0.44674092,605,-1.96513965515305,0.178706665361566,-1.78643298979148,107.840504357728,104.50627677975,3.33422757797768,48,2549987,#DFEBF5,#FFF4E7,#F4F8FC
2032,Joey Niesman,Fairleigh Dickinson,0.6247262,-1.0723695,-0.4476433,1612,1.55681119761475,-0.89918401848901,0.657627179125742,97.8560121716452,113.213136301772,-15.3571241301273,-145,2122669,#FFF8F1,#CDE0F0,#F4F8FC
2033,Keenan Garner,Central Michigan,0.27414217,-0.72245706,-0.44831489,1224,0.138199004568749,0.262549668906767,0.400748673475516,105.333230024082,114.558437476637,-9.22520745255466,-90,2275923,#FFFCF8,#DDEAF5,#F4F8FC
2034,Nigel Burris,Weber State,0.80390584,-1.253051,-0.44914516,1256,1.48302766593937,-0.33587869445546,1.14714897148391,107.902739739125,115.993890646064,-8.09115090693904,-25,1892859,#FFF7ED,#C5DBEE,#F4F8FC
2035,Noah Taitz,Utah Valley,-0.41164236,-0.038607196,-0.450249556,904,-0.836199887341348,-1.34722565533137,-2.18342554267272,107.188648491766,98.8771533787253,8.31149511304073,120,1602612,#F2F7FB,#FDFDFE,#F4F8FC
2036,Okechukwu Okeke,Albany,-0.074910461,-0.37542244,-0.450332901,1445,-0.195114985167073,0.736386955991462,0.541271970824388,103.257942734281,115.180105195366,-11.9221624610844,-88,2126093,#FCFDFE,#EDF4FA,#F4F8FC
2037,Matt Mayock,American,0.28103472,-0.7323836,-0.45134888,1434,0.566215709296942,-0.647612471715856,-0.0813967624189141,102.226878122689,110.358375075975,-8.13149695328559,-30,2112593,#FFFCF8,#DDEAF5,#F4F8FC
2038,Gabe Newhof,James Madison,-0.34195741,-0.11079453,-0.45275194,1004,-0.526700134167565,-0.412793788929435,-0.939493923097,108.16492522521,109.130452642038,-0.96552741682816,83,2550017,#F4F8FC,#F9FBFD,#F4F8FC
2039,Ayomi Odetoyinbo,Colgate,-1.280203,0.8269373,-0.4532657,530,-2.05240938830964,0.928732617928467,-1.12367677038117,103.720360527566,106.44271738679,-2.72235685922382,-45,2474938,#D8E7F3,#FFF0DE,#F4F8FC
2040,Jayden Johnson,South Carolina State,0.33085915,-0.78476399,-0.45390484,1481,0.833464279259778,-0.567848470807642,0.265615808452136,93.8063708424072,115.975524803233,-22.1691539608254,-178,2332406,#FFFBF7,#DBE8F4,#F4F8FC
2041,Finley Sheridan,Stetson,0.29676449,-0.7563988,-0.45963431,1011,0.191373182506321,-0.624664268210214,-0.433291085703892,105.608618169161,114.523721636688,-8.91510346752737,-64,2116963,#FFFCF8,#DCE9F5,#F4F8FB
2042,Chidi Chiakwelu,Presbyterian,-0.77253772,0.31264231,-0.45989541,525,-1.37158119321136,0.890159004701526,-0.481422188509835,104.635783918478,109.136624039212,-4.50084012073404,-23,2349849,#E7F0F8,#FFF9F2,#F4F8FB
2043,RJ Taylor,Northern Iowa,-0.33073812,-0.13042251,-0.46116063,464,0.0472312052143323,-0.247242381848605,-0.200011176634273,104.265634117274,100.589056064103,3.67657805317099,19,2114197,#F5F8FC,#F9FBFD,#F4F8FB
2044,Chris Ashby,Queens,1.8546869,-2.3181298,-0.4634429,1807,1.12642280895145,-1.45703948147272,-0.330616672521269,115.272269998383,115.032512383644,0.239757614738711,79,1909537,#FFECD5,#94BDE0,#F4F8FB
2045,Elijah Tucker,Longwood,-0.12096725,-0.34469429,-0.46566154,1366,-0.182339552671875,-0.674546844033843,-0.856886396705718,100.960172501275,108.556848801506,-7.59667630023115,-5,1705142,#FBFCFD,#EFF5FA,#F4F8FB
2046,Rob Brown III,Stony Brook,0.69844502,-1.1664487,-0.46800368,1568,0.856610447332205,-1.1903148989182,-0.333704451585999,102.525276519587,108.910047487448,-6.38477096786156,-44,1694366,#FFF8EF,#C9DEEF,#F4F8FB
2047,Austin Green,UMass Lowell,0.688552,-1.1589847,-0.4704327,1162,0.852179580338199,-1.32010879065389,-0.467929210315695,103.848992766953,114.698041218707,-10.8490484517538,-67,2286448,#FFF8EF,#C9DEEF,#F4F8FB
2048,King Grace,Mississippi State,0.26654814,-0.74108145,-0.47453331,520,0.331501694225568,0.350683111629596,0.682184805855164,106.462760938041,112.16928540626,-5.7065244682184,-88,2506904,#FFFCF9,#DDEAF5,#F4F8FB
2049,Chris Terrell,New Mexico State,0.23777475,-0.71673521,-0.47896046,566,1.04622491326649,0.255140503211802,1.3013654164783,103.816377856436,111.638211327266,-7.82183347082963,-33,2160914,#FFFCF9,#DEEAF5,#F4F8FB
2050,Cameron Hiatt,Dartmouth,-0.66848021,0.18865643,-0.47982378,614,-2.43198476139474,-0.139686072696694,-2.57167083409144,107.058235550469,107.160620683932,-0.102385133463634,-10,2560007,#EAF2F9,#FFFBF7,#F4F8FB
2051,Sterling Young,Indiana State,0.22687381,-0.71081194,-0.48393813,1156,-0.256643416313792,-1.34538886565766,-1.60203228197145,103.907703938853,104.577665574303,-0.669961635450078,-12,2160273,#FFFCF9,#DEEAF5,#F4F8FB
2052,Isaac Bruns,South Dakota,1.28373,-1.7698488,-0.4861188,987,0.598373657763671,-0.959824844738066,-0.361451186974394,104.725993695419,118.321646332425,-13.5956526370064,-87,2119905,#FFF2E2,#AECCE7,#F3F8FB
2053,Yaak Yaak,Oregon State,-0.42528343,-0.06253901,-0.48782244,627,0.128702091245328,-0.0773037475774917,0.051398343667836,105.915212444792,107.15718903728,-1.24197659248739,-33,2110329,#F2F7FB,#FCFDFE,#F3F8FB
2054,Johan Munch,Oregon State,-1.4576628,0.96923116,-0.48843164,1101,-0.336293677509692,1.34950408040796,1.01321040289827,100.273405232242,106.506202121781,-6.23279688953882,-58,2315156,#D3E4F2,#FFEED9,#F3F8FB
2055,Chas Kelley III,Georgia Tech,0.35625613,-0.84577548,-0.48951935,868,0.850775471322333,-0.553731725865691,0.297043745456642,106.149226811949,107.97622565532,-1.82699884337181,-63,1908244,#FFFBF7,#D8E7F3,#F3F8FB
2056,Kai Shinholster,Minnesota,-0.83488418,0.3413005,-0.49358368,582,-0.737379279624752,0.0125349302364323,-0.72484434938832,108.582692849725,101.336280746065,7.2464121036599,20,2553624,#E6EFF7,#FFF9F1,#F3F8FB
2057,Jaden Henderson,Cal State Fullerton,0.32969328,-0.8300629,-0.50036962,986,0.471781866171914,-0.755734938224963,-0.283953072053049,105.205815348465,108.996294316473,-3.79047896800839,-14,2303149,#FFFBF7,#D9E7F4,#F3F7FB
2058,Brent Moss,UTSA,-0.10027984,-0.40017982,-0.50045966,1266,-0.195390193383816,0.993901476406263,0.798511283022446,97.7364492933401,117.684279463882,-19.9478301705421,-273,2548800,#FBFDFE,#ECF3F9,#F3F7FB
2059,Daniel Rouzan,Bethune-Cookman,0.28144546,-0.78295078,-0.50150532,1296,0.0789918994946867,-0.718262866422334,-0.639270966927647,102.358522257315,109.118818586108,-6.76029632879289,-13,1932440,#FFFCF8,#DBE8F4,#F3F7FB
2060,Trey Lewis,Western Michigan,0.88842633,-1.3913059,-0.50287957,878,1.46313965570476,-0.74020740391421,0.722932251790546,103.320495226768,116.119149885348,-12.7986546585797,-90,1890378,#FFF6EB,#BFD7EC,#F3F7FB
2061,Bryce Heard,Dayton,0.18963297,-0.69467435,-0.50504138,1048,-0.372603921882848,-0.354036269074629,-0.726640190957476,109.602888000965,101.909551345519,7.69333665544616,42,2291871,#FFFDFA,#DFEBF5,#F3F7FB
2062,Noah Bolanga,Utah Tech,-0.17038463,-0.33540066,-0.50578529,1780,0.104174166700555,0.439872682102293,0.544046848802848,105.710398215109,111.714000405851,-6.00360219074174,-54,2331492,#F9FBFD,#EFF5FA,#F3F7FB
2063,Javon Cooley,Pepperdine,0.15935103,-0.66776636,-0.50841533,1578,0.533487748683996,0.399038911776504,0.9325266604605,100.309780345722,114.052544985358,-13.7427646396356,-226,1603958,#FFFDFB,#E0ECF6,#F3F7FB
2064,Obomate Abbey,Utah,-0.86266881,0.35317595,-0.50949286,777,-1.57362997562206,0.178123056453959,-1.3955069191681,108.544357946864,104.83200981872,3.71234812814463,-35,2496677,#E5EFF7,#FFF8F1,#F3F7FB
2065,Jhei-R Jones,William & Mary,-0.26403549,-0.24739825,-0.51143374,750,0.19575309715478,-0.511758800975355,-0.316005703820574,105.414590747787,105.617424300453,-0.202833552665926,7,2095037,#F7FAFC,#F3F8FB,#F3F7FB
2066,Ola Ajiboye,Southern Indiana,-1.20445,0.68824215,-0.51620785,1208,-0.645966288675932,0.172701825476864,-0.473264463199068,92.6508988718596,109.295875959613,-16.6449770877536,-110,1910771,#DAE8F4,#FFF3E4,#F3F7FB
2067,Julian Mackey,Florida International,1.0509784,-1.5679318,-0.5169534,1131,1.65589943174677,-0.234755333294687,1.42114409845208,104.280222575623,113.962841861245,-9.68261928562277,-85,1637589,#FFF4E7,#B7D2EA,#F3F7FB
2068,Connor Hickman,College of Charleston,-0.17640914,-0.34223587,-0.51864501,1352,-0.682402207716597,-0.495522826873856,-1.17792503459045,105.151849008658,106.548393585145,-1.39654457648726,1,1694545,#F9FBFD,#EFF5FA,#F3F7FB
2069,Kyle Thomas,SIU Edwardsville,-1.0106758,0.49079977,-0.51987603,820,-1.52810312129873,-0.588382335285792,-2.11648545658452,97.5512245544963,103.214135399544,-5.66291084504733,43,1936966,#E0ECF6,#FFF6EB,#F3F7FB
2070,Yonatan Levy,Pepperdine,-0.61376361,0.092866324,-0.520897286,1062,-0.14327278876419,0.78654022554769,0.6432674367835,102.064157520879,112.476859791217,-10.4127022703374,-128,2390294,#ECF3F9,#FFFDFB,#F3F7FB
2071,Titas Sargiunas,Lipscomb,-0.45550232,-0.066007859,-0.521510179,1258,-0.125776755241294,-0.670948373917333,-0.796725129158628,103.228254785155,103.30684399557,-0.0785892104144814,5,2110390,#F1F6FB,#FBFDFE,#F3F7FB
2072,Vukasin Masic,San Francisco,0.29623324,-0.81823642,-0.52200318,1147,-0.149545736085311,-1.23158033853202,-1.38112607461733,107.51927711012,105.243147700667,2.2761294094533,1,1603373,#FFFCF8,#D9E7F4,#F3F7FB
2073,Tom Mark,Cal State Bakersfield,-0.61963639,0.097288732,-0.522347658,1205,-0.266306867741666,0.679545723378069,0.413238855636403,97.7932838707131,113.568302664955,-15.775018794242,-176,2113979,#ECF3F9,#FFFDFB,#F3F7FB
2074,Lance Waddles,Omaha,0.32349718,-0.85162909,-0.52813191,1446,0.569574863611091,-0.17670627548472,0.392868588126371,102.673418465026,112.450931287599,-9.77751282257282,-119,1932410,#FFFBF7,#D8E6F3,#F3F7FB
2075,Donte Bacchus,North Alabama,0.14740468,-0.6762871,-0.52888242,1568,0.374418786408918,-0.120205370721875,0.254213415687043,98.2044701938812,114.868046906767,-16.6635767128855,-209,2345954,#FFFDFB,#E0EBF6,#F3F7FB
2076,Zach Halligan,Akron,-0.82429668,0.29364015,-0.53065653,640,0.0417733752763617,-0.166987993634253,-0.125214618357891,109.213501763521,102.694743437658,6.51875832586297,4,2094971,#E6EFF7,#FFF9F3,#F2F7FB
2077,Josiah Moore,Tulane,-1.2219499,0.69088756,-0.53106234,634,-0.893303786471243,0.316199891123951,-0.577103895347292,97.3323316859638,105.447083921102,-8.11475223513795,-52,2277263,#DAE8F4,#FFF3E4,#F2F7FB
2078,Makhai Valentine,Northern Illinois,0.52088302,-1.0531727,-0.53228968,1476,1.65433984844043,-0.274039814167613,1.38030003427282,92.5973479783725,114.148896476135,-21.5515484977623,-280,2313690,#FFF9F3,#CEE1F1,#F2F7FB
2079,Antwan Burnett,Missouri State,-1.033738,0.5010905,-0.5326475,760,-0.950722433902128,0.0406747022006863,-0.910047731701442,102.804561028603,104.472013120354,-1.66745209175136,-2,2144727,#E0EBF6,#FFF6EB,#F2F7FB
2080,Ty Owens,Tennessee Tech,-0.22914856,-0.30393503,-0.53308359,1344,-0.277189718399771,-0.91083509893233,-1.1880248173321,101.192159602035,109.320356481998,-8.12819687996307,-27,2550001,#F8FAFD,#F1F6FA,#F2F7FB
2081,Kyle Pock,Northern Iowa,-1.5704054,1.0368376,-0.5335678,639,-0.769885022605702,-0.82251961667532,-1.59240463928102,97.8943571345133,89.7670530282198,8.12730410629352,64,2114195,#D0E1F1,#FFEDD6,#F2F7FB
2082,Evan Sterck,Jacksonville,-0.61207506,0.076699452,-0.535375608,1217,-0.160279624824864,0.30224115381395,0.141961528989086,99.8939711736746,110.020876120935,-10.1269049472602,-95,2474834,#ECF3F9,#FFFDFC,#F2F7FB
2083,Travis Gray,Wagner,-0.81099133,0.26981118,-0.54118015,696,0.459517158871499,0.135592384663993,0.595109543535492,95.3371406390613,110.573808235071,-15.2366675960099,-31,2126113,#E6EFF7,#FFFAF4,#F2F7FB
2084,Donovan Rakotonanahary,Northern Kentucky,0.18292474,-0.72514019,-0.54221545,632,0.837168260860295,-0.133360720194447,0.703807540665848,109.168146326632,110.119960630682,-0.951814304050735,-56,2333332,#FFFDFA,#DDEAF5,#F2F7FB
2085,Dian Wright-Forde,Norfolk State,-0.064943671,-0.47818685,-0.543130521,610,-1.66795498305264,-0.157092005091956,-1.8250469881446,102.951626806543,113.614676649747,-10.6630498432043,-18,2117019,#FDFDFE,#E9F1F8,#F2F7FB
2086,Joshua Lewis,Louisiana-Lafayette,-0.26210586,-0.28619905,-0.54830491,676,0.611027739825977,-0.173199898729031,0.437827841096946,94.3499893956076,111.802497165513,-17.4525077699056,-96,2484764,#F7FAFC,#F1F6FB,#F2F7FB
2087,Brennan Watkins,Chattanooga,0.97894519,-1.5274637,-0.54851851,1292,1.56618279097676,-0.827091226422536,0.739091564554221,104.39932577553,115.314191499964,-10.9148657244341,-69,1730239,#FFF5E9,#B9D3EA,#F2F7FB
2088,Tasos Cook,Campbell,0.79965838,-1.3483631,-0.54870472,1396,0.678048075374372,-0.675991201068014,0.00205687430635856,110.484570672838,112.943869078209,-2.45929840537071,-52,1725198,#FFF7ED,#C1D8ED,#F2F7FB
2089,Ryan Williams,Northeastern,1.8395473,-2.389502,-0.5499547,724,4.93913930192178,-0.615959172024729,4.32318012989706,105.002545659662,123.341676367209,-18.3391307075468,-125,2277238,#FFECD6,#91BBDF,#F2F7FB
2090,Jaquan Scott,Arkansas-Pine Bluff,-0.028926494,-0.52178486,-0.550711354,1512,0.271122433857026,-0.0966367999897581,0.174485633867268,101.451331810081,114.592112871159,-13.1407810610773,-116,2125134,#FEFEFE,#E7F0F8,#F2F7FB
2091,Ty Davis,Creighton,-0.99968274,0.44461712,-0.55506562,614,-1.33234862871287,-0.229420761604189,-1.56176939031706,107.230861038822,101.30065710886,5.93020392996157,-44,2315487,#E1ECF6,#FFF7ED,#F2F7FB
2092,Chiante Tramble,Southern Mississippi,-0.38844628,-0.16709839,-0.55554467,692,-0.803283676545897,-0.853757115388142,-1.65704079193404,103.842851672752,104.83911245826,-0.996260785508185,34,2496767,#F3F7FB,#F7FAFC,#F2F7FB
2093,Emmett Adair,Loyola Maryland,1.5068498,-2.0654769,-0.5586271,1163,1.75435005957502,-1.61250417385694,0.141845885718082,106.70669026005,116.826171161909,-10.1194809018593,12,2492977,#FFF0DD,#A0C4E3,#F2F7FB
2094,Zytarious Mortle,Texas Southern,-1.4647748,0.904481,-0.5602938,877,-2.13255759988371,0.405675808900908,-1.7268817909828,102.474353954914,110.344455872803,-7.87010191788899,13,1944628,#D3E3F2,#FFEFDB,#F2F7FB
2095,Dayjaun Anderson,UAB,-1.0215303,0.4563723,-0.565158,814,-1.33807451277862,-0.500684813772515,-1.83875932655113,106.684435433202,100.452447505402,6.23198792780084,57,2125312,#E0ECF6,#FFF7ED,#F2F7FB
2096,My'kel Jenkins,Norfolk State,-0.39975081,-0.17333745,-0.57308826,830,-1.98449065827507,0.186697266231569,-1.79779339204351,104.581257009392,112.887748104321,-8.30649109492896,7,2330176,#F3F7FB,#F7FAFC,#F2F6FB
2097,Lewis Rowe,Incarnate Word,-0.3677493,-0.20534121,-0.57309051,550,-1.05056365902636,-0.448354078314697,-1.49891773734106,108.443069363486,111.484180946942,-3.04111158345579,7,1730249,#F3F8FB,#F5F9FC,#F2F6FB
2098,Tyler Ringgold,Tulane,-1.5807627,1.003961,-0.5768017,1339,-0.40657101130792,1.60529582108411,1.19872480977619,100.158709876618,106.403018182842,-6.24430830622413,-37,2122482,#CFE1F1,#FFEDD7,#F1F6FB
2099,Dorion Staples,Maryland-Eastern Shore,-0.12353687,-0.45421782,-0.57775469,1191,0.890506910000207,-1.5238137557543,-0.633306845754095,92.8945960035622,108.358655475334,-15.4640594717719,-70,1933124,#FBFCFD,#EAF2F8,#F1F6FB
2100,Isaac Abidde,Albany,-0.41343626,-0.16960791,-0.58304417,1206,-0.351565400027636,-0.315595016478927,-0.667160416506563,102.311630295371,111.21339404681,-8.9017637514393,-42,1700366,#F2F7FB,#F7FAFC,#F1F6FB
2101,Darrion Sutton,Missouri State,-0.19065054,-0.39342162,-0.58407216,664,0.0759139448878504,0.918917052659075,0.994830997546925,105.871701229997,114.798032328064,-8.92633109806729,-83,2304016,#F9FBFD,#EDF3F9,#F1F6FB
2102,Ari Fulton,NJIT,-0.21067547,-0.37419222,-0.58486769,1574,-0.463004500600827,-0.408564611980847,-0.871569112581674,95.5727526623177,109.817147632696,-14.2443949703782,-91,2337442,#F8FBFD,#EDF4FA,#F1F6FB
2103,Mark Drone,Texas State,-0.34566569,-0.24166179,-0.58732748,1519,-0.263865412053812,-0.950101807109256,-1.21396721916307,100.96820785231,105.607739213367,-4.6395313610569,18,2286447,#F4F8FC,#F3F8FB,#F1F6FB
2104,Rickey Ballard,Grambling,-0.78714528,0.19349459,-0.59365069,1232,0.253104855921879,-0.543098011594635,-0.289993155672755,93.6086461830265,105.453033162695,-11.8443869796687,-34,1926009,#E7F0F8,#FFFBF7,#F1F6FB
2105,Alex Anderson,Texas Southern,0.32106551,-0.915503,-0.59443749,1165,0.545641055507599,-0.754957497223028,-0.209316441715429,101.612233493091,111.560397379523,-9.94816388643221,-27,1687733,#FFFBF7,#D5E5F2,#F1F6FB
2106,Tyler Andrews,Bethune-Cookman,-1.0332913,0.43656584,-0.59672546,926,-0.165465899113726,-0.0765138917786843,-0.24197979089241,97.2324167614031,104.716210503186,-7.48379374178256,18,1908803,#E0EBF6,#FFF7EE,#F1F6FB
2107,Rick Issanza,Loyola Marymount,-2.4308902,1.8338473,-0.5970429,788,-2.39580077346784,1.04254196152418,-1.35325881194367,97.4383600298208,100.512782088411,-3.07442205858989,-40,1340243,#B6D2E9,#FFDFB7,#F1F6FB
2108,Reggie Hill,Coastal Carolina,-1.5401906,0.94088343,-0.59930717,1292,-2.55342851767379,-0.598977403986988,-3.15240592166078,99.8763288700337,100.787038899999,-0.9107100299655,35,1926207,#D0E2F1,#FFEEDA,#F1F6FB
2109,Dorin Buca,Kansas State,-2.7380473,2.1356852,-0.6023621,614,-2.17135127684269,1.24452898506494,-0.926822291777754,102.693956778602,95.6890833602608,7.00487341834076,-7,2510652,#ADCCE7,#FFDAAB,#F1F6FB
2110,Ace Flagg,Maine,-1.7591124,1.1548144,-0.604298,1224,-2.13671030028416,1.04077602979582,-1.09593427048834,92.1532320758224,106.86669269686,-14.7134606210381,-82,2549984,#CADEEF,#FFEBD2,#F1F6FB
2111,Troy Plumtree,Cal Poly,0.015892987,-0.62656016,-0.610667173,678,-0.370378270103634,-0.472271690446363,-0.842649960549996,108.413429883855,112.071884189609,-3.65845430575491,-20,2545363,#FFFEFE,#E2EDF6,#F1F6FA
2112,Zee Hamoda,Nicholls State,-0.57964472,-0.033292155,-0.612936875,990,1.06644834770839,0.0238356345949846,1.09028398230338,96.8852065587476,109.987745445354,-13.1025388866063,-97,1687885,#EDF4F9,#FDFEFE,#F1F6FA
2113,CJ Jones,Kansas State,-0.25523358,-0.35921815,-0.61445173,972,-1.4139715759111,0.273932056604845,-1.14003951930626,109.915870004299,108.854055794644,1.06181420965525,-83,1933807,#F7FAFC,#EEF4FA,#F1F6FA
2114,Quin Gorman,Stony Brook,-0.77665637,0.15773458,-0.61892179,895,-0.162455581352791,0.406170126362443,0.243714545009652,102.297862736668,107.459559685864,-5.16169694919533,-22,2283131,#E7F0F8,#FFFCF8,#F0F6FA
2115,Jannoy Thomas,Prairie View,0.10636256,-0.72631184,-0.61994928,498,-1.98866981018017,-0.773076139924779,-2.76174595010495,106.467051081567,109.87903945827,-3.41198837670253,-19,2565493,#FFFDFC,#DDEAF5,#F0F6FA
2116,Kelcy Phipps,Portland State,-1.6031801,0.98279072,-0.62038938,862,-1.71126891112939,1.09386867727654,-0.617400233852841,100.792571303576,101.694406428228,-0.901835124651318,-5,2112614,#CFE1F1,#FFEED8,#F0F6FA
2117,Braden Housley,Utah Valley,-0.71350634,0.090482788,-0.623023552,1162,-0.859808917666238,-0.386485748011677,-1.24629466567791,108.490510258944,101.020088565566,7.47042169337808,120,1890547,#E9F1F8,#FFFDFB,#F0F6FA
2118,Tyler McKinley,Cincinnati,-1.1861227,0.56163649,-0.62448621,536,-0.725497077649098,-0.0740382812935454,-0.799535358942643,104.468097577556,96.400986531433,8.06711104612324,-7,2321265,#DBE9F4,#FFF5E9,#F0F6FA
2119,Thierno Sylla,Memphis,-1.7396089,1.114996,-0.6246129,560,-1.56687023754707,0.178306301123338,-1.38856393642373,102.965213467269,99.4355173016823,3.52969616558682,3,1935173,#CADEEF,#FFEBD3,#F0F6FA
2120,Connor Sevilla,UC Davis,0.95945738,-1.5846132,-0.62515582,1708,0.832646091757943,-1.48509311714076,-0.652447025382814,104.608322064533,108.092055954622,-3.48373389008874,24,2147435,#FFF5E9,#B6D2EA,#F0F6FA
2121,Arthur Cox,Fairleigh Dickinson,0.81315493,-1.4385251,-0.62537017,874,0.95180194074027,-1.22326566625008,-0.271463725509814,102.841822431823,115.36143174823,-12.5196093164074,6,2139096,#FFF7EC,#BDD6EB,#F0F6FA
2122,Jaden Cooper,Maryland-Eastern Shore,-1.2287102,0.60223058,-0.62647962,1270,-0.165878454574212,-0.954586428960368,-1.12046488353458,89.6282241935089,104.403880510015,-14.7756563165057,-106,1687546,#DAE8F4,#FFF4E7,#F0F6FA
2123,Gerard O'Keefe,Columbia,1.6488934,-2.2754037,-0.6265103,898,1.48538136548909,-1.93301549718967,-0.447634131700582,109.511264083105,111.4041278389,-1.89286375579416,16,2289017,#FFEEDA,#96BEE0,#F0F6FA
2124,Collin Tanner,Richmond,0.045501396,-0.67336642,-0.627865024,856,-0.0849393489355812,-0.856630221887045,-0.941569570822626,109.837457889995,111.285224227457,-1.44776633746213,-29,2106661,#FFFEFD,#E0EBF6,#F0F6FA
2125,Isaac Harrell,Elon,0.93402497,-1.5634936,-0.62946863,1335,1.3634171843027,-0.765914550407533,0.597502633895167,108.10508049359,115.077953897218,-6.97287340362731,-68,2147102,#FFF5EA,#B7D2EA,#F0F6FA
2126,Brycen Blaine,Charleston Southern,-1.6446693,1.0109081,-0.6337612,706,-1.61231970164978,0.872274969544202,-0.740044732105576,100.894125747568,104.535020989362,-3.64089524179394,25,1928894,#CDE0F0,#FFEDD7,#F0F6FA
2127,Jaden Zimmerman,Quinnipiac,-0.26969058,-0.37155043,-0.64124101,1442,-0.396893656445356,-1.0211668299554,-1.41806048640076,102.643365839041,103.23320922357,-0.589843384529187,62,2350373,#F6FAFC,#EEF4FA,#F0F6FA
2128,Jaylen Fenner,Louisiana Tech,-1.5614346,0.91956758,-0.64186702,1030,-1.45307534018453,0.302547161750924,-1.15052817843361,98.8924374345443,100.806680624916,-1.9142431903717,-8,2532389,#D0E2F1,#FFEFDB,#F0F5FA
2129,Michael Zanoni,Penn,0.88486214,-1.5271671,-0.64230496,1371,1.72633080947324,-1.44208002704211,0.284250782431134,104.488600030451,107.028265432076,-2.53966540162527,-8,1926305,#FFF6EB,#B9D3EA,#F0F5FA
2130,Muneer Newton,Campbell,0.058189799,-0.70081204,-0.642622241,1052,0.468247027625193,-0.0966169762087203,0.371630051416473,105.995464711046,111.180556240065,-5.18509152901889,-76,2143579,#FFFEFD,#DEEBF5,#F0F5FA
2131,Micah Tucker,Georgia State,0.030948685,-0.67392876,-0.642980075,1610,0.792806334357457,-0.801985213323925,-0.00917887896646832,95.9410819066102,109.996072441512,-14.0549905349016,-157,2511343,#FFFEFE,#E0EBF6,#F0F5FA
2132,Tyran Mason,UT Arlington,-0.37209543,-0.27365185,-0.64574728,810,-0.28017001696437,-0.291267219140362,-0.571437236104733,98.8811365593097,104.889028715035,-6.00789215572564,-44,2319738,#F3F8FB,#F2F7FB,#F0F5FA
2133,Joseph Venzant,Abilene Christian,-1.5888746,0.94150994,-0.64736466,1314,-0.850066127638753,0.900598154055631,0.0505320264168781,93.9258436886463,104.949815107915,-11.0239714192688,-158,1705225,#CFE1F1,#FFEEDA,#F0F5FA
2134,Jakai Newton,Georgia State,-1.1033144,0.45565945,-0.64765495,580,-1.32647760522851,0.148457983934669,-1.17801962129384,95.7454846704372,107.335342940734,-11.5898582702972,-55,2099637,#DDEAF5,#FFF7ED,#F0F5FA
2135,Chris Loofe,Middle Tennessee,-1.7695743,1.1200072,-0.6495671,1240,-1.29950187749336,0.60105320179499,-0.698448675698367,102.960997180125,105.580917959156,-2.61992077903048,-28,2110423,#CADEEF,#FFEBD3,#F0F5FA
2136,Josiah Harris,Cleveland State,0.83239817,-1.4855265,-0.65312833,1013,0.692570768259776,-0.0789560379743601,0.613614730285416,106.78102258524,123.082144754922,-16.3011221696813,-141,1912261,#FFF6EC,#BBD4EB,#F0F5FA
2137,Nic Codie,Texas,0.35284985,-1.0079681,-0.65511825,475,-0.904812704652496,-0.18726186467256,-1.09207456932506,119.25262295773,109.883268853042,9.36935410468736,-8,2305495,#FFFBF7,#D0E2F1,#F0F5FA
2138,Sam Wright,Colgate,0.77431148,-1.430226,-0.65591452,1388,0.695868927495033,-1.09801774507381,-0.402148817578774,107.438378111203,112.192216270987,-4.7538381597843,47,2122313,#FFF7ED,#BDD6EC,#F0F5FA
2139,Melo Sanchez,Central Connecticut,0.15079446,-0.80920908,-0.65841462,1120,1.0248924149143,-1.26533245610045,-0.240440041186149,102.524871413387,110.97026142862,-8.44539001523255,8,1925402,#FFFDFB,#D9E8F4,#F0F5FA
2140,Jayden Harris,Eastern Kentucky,0.98234388,-1.6424589,-0.66011502,515,0.89091121541799,-0.750516957697276,0.140394257720714,112.569593928317,118.732748559353,-6.16315463103545,-21,2334509,#FFF5E9,#B3D0E9,#F0F5FA
2141,Grant Slatten,Tennessee Tech,0.25625895,-0.91654766,-0.66028871,694,-1.27252629095765,-1.12202849710878,-2.39455478806642,102.569532082444,112.196113943418,-9.62658186097394,-50,1687088,#FFFCF9,#D5E5F2,#F0F5FA
2142,Duncan Powell,Providence,0.35676231,-1.0202849,-0.66352259,661,-0.607037435311995,-0.221932864841526,-0.828970300153521,113.329508319263,114.690448822911,-1.36094050364819,-65,1726488,#FFFBF7,#D0E2F1,#EFF5FA
2143,Cornelius Robinson Jr.,Monmouth,-0.67306334,0.0003284805,-0.6727348595,1390,-0.632175483307496,-0.699731781166631,-1.33190726447413,100.55870506553,104.478795718043,-3.92009065251289,-32,2143423,#EAF2F9,#FFFEFE,#EFF5FA
2144,Reggie Thomas,North Dakota,0.16064754,-0.83341241,-0.67276487,662,-0.0808870768580185,0.141652798008381,0.0607657211503626,106.221646424028,114.033081465401,-7.81143504137296,-70,2286439,#FFFDFB,#D8E7F3,#EFF5FA
2145,Elijah Duval,Southern Utah,-0.2486696,-0.42582014,-0.67448974,1401,0.0444244661395807,0.814028587408555,0.858453053548136,101.819767459678,114.540861167907,-12.7210937082292,-150,2540191,#F7FAFC,#EBF2F9,#EFF5FA
2146,Christian Moore,The Citadel,1.4023339,-2.0780325,-0.6756986,1150,1.69837560630829,-1.52920471158239,0.169170894725895,100.658922570766,118.683881046731,-18.0249584759648,-134,2117645,#FFF1DF,#9FC4E3,#EFF5FA
2147,Taj Glover,Sacramento State,0.70253008,-1.3798335,-0.67730342,657,0.0286223250052467,-0.566645540674126,-0.538023215668879,107.869588793302,114.449838314012,-6.58024952071021,-46,2281733,#FFF8EF,#BFD7EC,#EFF5FA
2148,Jacob Meyer,UAB,0.4065208,-1.088573,-0.6820522,1372,-0.137971438645821,-0.562855158462708,-0.700826597108528,108.51607929014,107.6916992286,0.824380061539665,13,2119881,#FFFBF5,#CDE0F0,#EFF5FA
2149,Leo Torbor,Texas A&M-Corpus Christi,-2.7665537,2.0844732,-0.682080500000001,934,-2.89621271434667,1.61100603878852,-1.28520667555815,95.4161747469483,99.2997112088057,-3.8835364618574,-51,1947531,#ACCBE7,#FFDBAD,#EFF5FA
2150,Daniel Akitoby,UTSA,0.073669398,-0.75788504,-0.684215642,554,0.380660680074723,-0.176730896590137,0.203929783484585,98.4076266724729,117.245399680077,-18.8377730076044,-117,2113969,#FFFEFD,#DCE9F4,#EFF5FA
2151,Corey Caulker,East Carolina,0.12367557,-0.81323556,-0.68955999,1618,0.482975482870711,-0.377251030103241,0.10572445276747,100.944933247677,109.045220615969,-8.10028736829276,-105,2480400,#FFFDFC,#D9E7F4,#EFF5FA
2152,Mikkel Tyne,Richmond,-0.14853449,-0.54290966,-0.69144415,980,-0.243120573057723,-0.530293074066561,-0.773413647124285,109.362002700215,109.008346398518,0.353656301696725,14,2106662,#FAFCFD,#E6EFF7,#EFF5FA
2153,Gianni Cobb,Northern Illinois,-0.95188524,0.25991976,-0.69196548,1424,-0.817573000511237,0.335665702046051,-0.481907298465186,93.9823157549604,110.02069840418,-16.0383826492199,-205,2289044,#E2EDF6,#FFFAF4,#EFF5FA
2154,Carlous Williams,Tennessee State,-0.55072198,-0.14299296,-0.69371494,931,-1.81687911914811,-1.30563692861089,-3.122516047759,106.338085896183,105.083866587606,1.25421930857665,71,2126503,#EEF4FA,#F8FAFD,#EFF5FA
2155,Tony Williams,Fairfield,-0.069555892,-0.62446298,-0.694018872,1056,0.402823512346683,-1.31141752274892,-0.908594010402236,103.667024966627,107.251046636867,-3.58402167023937,33,2471925,#FCFDFE,#E2EDF6,#EFF5FA
2156,Mason Jones,Ball State,-1.360587,0.66580402,-0.69478298,1492,-0.90837712393666,0.741613306847128,-0.166763817089532,96.5733851148027,107.256883813482,-10.6834986986789,-126,2125383,#D6E5F3,#FFF3E5,#EFF5FA
2157,Mason Ritter,Columbia,-0.44719168,-0.24800596,-0.69519764,1096,0.225219090240568,-0.770026855279792,-0.544807765039224,102.974140840196,106.230923706493,-3.25678286629725,-26,2289046,#F1F6FB,#F3F7FB,#EFF5FA
2158,Gediminas Alisas,Stephen F. Austin,1.5045015,-2.2043502,-0.6998487,704,2.34994064793348,-1.5551182188779,0.794822429055582,111.017502591457,112.983995617304,-1.96649302584697,31,2549890,#FFF0DD,#9AC0E1,#EFF5FA
2159,Gabe Pickens,New Mexico State,-0.95171419,0.25065864,-0.70105555,988,-0.812345695316821,-0.255980591032093,-1.06832628634891,103.549489940233,104.854366913561,-1.30487697332742,-16,2325491,#E2EDF6,#FFFAF5,#EFF5FA
2160,Cam Amboree,Southern,-0.40344743,-0.30108308,-0.70453051,1210,-0.250970841061255,-0.940005475720924,-1.19097631678218,99.7766191655708,108.53022028529,-8.75360111971953,-71,1890272,#F2F7FB,#F1F6FB,#EFF5FA
2161,Pavle Stosic,Pepperdine,-0.88025371,0.17571477,-0.70453894,831,-0.838520182484087,-0.351558220253545,-1.19007840273763,101.697131597594,107.437409104874,-5.74027750728037,-51,2127713,#E4EEF7,#FFFBF8,#EFF5FA
2162,Straton Rogers,Eastern Washington,0.6716211,-1.3762045,-0.7045834,1186,1.20844067354091,0.101448202833845,1.30988887637476,108.558738761204,116.221176418473,-7.66243765726871,-129,2550536,#FFF8F0,#C0D8EC,#EFF5FA
2163,Josiah Harris,La Salle,-0.99842439,0.29299785,-0.70542654,898,-1.05836756622425,-0.175527703288198,-1.23389526951245,101.061481864844,108.692670423314,-7.63118855847018,-108,1954202,#E1ECF6,#FFF9F3,#EFF5FA
2164,Gabe Warren,Holy Cross,0.10522369,-0.81349159,-0.7082679,1652,0.137798488033871,-0.299148918156402,-0.161350430122531,100.428854398271,112.397338433075,-11.9684840348039,-111,2127737,#FFFDFC,#D9E7F4,#EEF5FA
2165,Anthony McComb III,Norfolk State,0.8023941,-1.5120182,-0.7096241,1658,0.683951681388123,-1.73554343634806,-1.05159175495994,101.927684987358,112.667257517367,-10.7395725300088,-34,1890446,#FFF7ED,#B9D4EB,#EEF5FA
2166,Ashton Williamson,Florida International,-1.8015377,1.0849375,-0.7166002,956,-1.95164391603288,-0.0980659848045771,-2.04970990083746,99.9556694733985,100.697723630817,-0.742054157418348,0,2333139,#C9DDEF,#FFECD4,#EEF4FA
2167,Kahlil Singleton,Canisius,0.99154705,-1.7110255,-0.71947845,1637,2.21911099089803,-2.13552104181322,0.0835899490848085,92.8824074884649,110.960836291901,-18.0784288034362,-173,2119927,#FFF5E9,#B0CEE8,#EEF4FA
2168,Cameron Jackson,UT Arlington,-1.0910927,0.37156419,-0.71952851,800,-0.957050352249528,-0.10312043395606,-1.06017078620559,98.2953827889273,102.557201303684,-4.26181851475663,-18,2299497,#DEEAF5,#FFF8F0,#EEF4FA
2169,Diego Campisano,Northern Arizona,1.6180943,-2.3390123,-0.720918,680,0.958630679346374,-0.573864344326988,0.384766335019386,106.141104097445,122.959639007418,-16.8185349099734,-67,1688536,#FFEFDB,#94BCE0,#EEF4FA
2170,JJ Traynor,Murray State,-0.39591144,-0.32753018,-0.72344162,1315,-0.154290215789804,-0.0621433222390916,-0.216433538028895,108.396149350441,109.35666220256,-0.960512852119111,-57,1591061,#F3F7FB,#F0F5FA,#EEF4FA
2171,Luka Jovanovic,Middle Tennessee,-0.32010462,-0.40736009,-0.72746471,630,-0.790396878798349,-0.101635597816373,-0.892032476614722,111.520563526863,109.454997586892,2.06556593997018,9,2491713,#F5F9FC,#ECF3F9,#EEF4FA
2172,Aleksej Kostić,BYU,-0.011389932,-0.71624748,-0.727637412,532,0.16183688550596,-0.661682894282789,-0.499846008776829,115.692853733264,103.052144159698,12.6407095735665,38,2478374,#FEFEFE,#DEEAF5,#EEF4FA
2173,Maximus Nelson,Fort Wayne,0.16742527,-0.89519581,-0.72777054,1436,0.0212687850076523,-0.381355292651594,-0.360086507643942,104.43508447805,110.320624176698,-5.88553969864816,-51,1909107,#FFFDFB,#D6E5F3,#EEF4FA
2174,Caleb Williams,Lafayette,0.48610383,-1.2156007,-0.72949687,1674,1.53416809842903,-0.881987990610413,0.652180107818622,97.4063847131647,113.348773897648,-15.9423891844834,-161,2313874,#FFFAF4,#C7DCEE,#EEF4FA
2175,Jayson Petty,Missouri-Kansas City,-0.94230731,0.21166725,-0.73064006,1548,-0.5204680643878,0.621740482974009,0.101272418586209,90.9892170293527,114.802333061556,-23.8131160322034,-335,2137289,#E2EDF6,#FFFBF6,#EEF4FA
2176,Sir Mohammed,Notre Dame,0.2575654,-0.9962751,-0.7387097,847,-0.803437371990879,0.571303046374908,-0.232134325615971,112.497874043423,114.056705922192,-1.55883187876904,-44,2283119,#FFFCF9,#D1E2F1,#EEF4FA
2177,Justin Johnson,Western Carolina,-0.097999512,-0.64397741,-0.741976922,727,-1.27984998055438,0.121279899232847,-1.15857008132154,108.687893619224,113.649441334205,-4.96154771498185,-36,2287928,#FCFDFE,#E1ECF6,#EEF4FA
2178,Mor Seck,Towson,-2.5611485,1.8172783,-0.7438702,746,-2.74474168745914,0.377109970766632,-2.36763171669251,100.626117357269,95.5220416173517,5.1040757399169,7,1899397,#B2CFE8,#FFDFB8,#EEF4FA
2179,Martin Kheil,Idaho State,1.015132,-1.7596252,-0.7444932,1438,0.837030933684275,-0.90793227861322,-0.070901344928945,108.765067550421,115.870477226459,-7.10540967603774,-42,2472221,#FFF5E8,#AECDE7,#EEF4FA
2180,Sekou Konneh,Milwaukee,-0.70072821,-0.050664388,-0.751392598,675,0.222463861174737,1.71718775633591,1.93965161751065,102.436129590151,115.720128817159,-13.2839992270077,-92,2283165,#EAF2F8,#FCFDFE,#EDF4FA
2181,Ben Johnson,Vermont,1.08545,-1.8388194,-0.7533694,934,1.23954884393296,-1.36977749931284,-0.130228655379875,107.89023378716,111.885141744554,-3.99490795739368,109,1688006,#FFF4E6,#AACAE6,#EDF4FA
2182,Jesse Hafemeister,Charleston Southern,0.64746787,-1.4009927,-0.75352483,1450,0.744899589847071,-1.34587549708113,-0.600975907234056,103.626006395441,110.470772112162,-6.84476571672137,-19,1638259,#FFF8F0,#BED7EC,#EDF4FA
2183,Jayden Williams,Dartmouth,-0.16604171,-0.59323938,-0.75928109,1215,-0.0569360780980933,0.0928092402804494,0.0358731621823561,101.950794829746,112.057463257716,-10.1066684279693,-92,1932312,#FAFBFD,#E3EEF7,#EDF4FA
2184,Zach Kraft,North Dakota,0.49845341,-1.2585994,-0.76014599,1365,0.945958254195775,-0.954273175049655,-0.00831492085388047,100.99740142168,110.740776371086,-9.74337494940536,-24,2100312,#FFFAF3,#C5DBEE,#EDF4FA
2185,PJ Carter,LSU,1.7753292,-2.5366431,-0.7613139,463,0.478294497226817,-0.878038930257194,-0.399744433030377,117.295555211296,116.316960765341,0.978594445954606,-37,1612286,#FFEDD7,#8AB7DD,#EDF4FA
2186,Tristen Guillouette,Florida Gulf Coast,-0.36685024,-0.39474432,-0.76159456,594,-0.354213551762323,0.18538151536558,-0.168832036396743,106.742250053194,115.123268884505,-8.38101883131088,-58,2333225,#F4F8FB,#ECF3F9,#EDF4FA
2187,Donte Tisinger Jr.,Boston University,1.0460634,-1.8088638,-0.7628004,834,0.354600928085378,-0.561931040603253,-0.207330112517874,113.642699288584,119.365403925804,-5.72270463721998,3,2482548,#FFF4E7,#ACCBE7,#EDF4FA
2188,Seneca Willoughby,Bethune-Cookman,-0.2777525,-0.48561692,-0.76336942,1228,-1.20149359794436,-0.295871646264615,-1.49736524420898,102.407568082975,110.025627856418,-7.61805977344279,-1,2100633,#F6F9FC,#E8F1F8,#EDF4F9
2189,Tristan Gross,Mercer,0.84752308,-1.6128556,-0.76533252,560,0.854352516064907,-1.21485239208004,-0.360499876015129,113.350337466041,113.288984369478,0.0613530965634101,28,2116956,#FFF6EC,#B5D1E9,#EDF4F9
2190,Leopold Levillain,Long Beach State,-1.0531449,0.28590172,-0.76724318,993,-1.56236006162173,0.288355290265916,-1.27400477135582,103.352940584675,107.750288674594,-4.39734808991887,-23,2505228,#DFEBF5,#FFFAF3,#EDF4F9
2191,Zach Matulu,Albany,-0.062926373,-0.70510648,-0.768032853,928,1.23695306118988,-0.060490574453956,1.17646248673592,99.7255048827447,113.248547014952,-13.5230421322076,-100,2143580,#FDFDFE,#DEEBF5,#EDF4F9
2192,Darius Duffy,Fort Wayne,0.1319867,-0.90004479,-0.76805809,1118,-0.405354279425495,-0.378968277752416,-0.784322557177911,105.983235657925,113.181464833948,-7.1982291760226,-100,2118907,#FFFDFC,#D5E5F3,#EDF4F9
2193,Noah Otshudi,Marshall,0.85363401,-1.6316185,-0.77798449,1680,0.76491320111454,-0.705205538702765,0.0597076624117751,109.462776532382,112.934558789857,-3.47178225747495,-10,2560964,#FFF6EC,#B4D0E9,#EDF4F9
2194,Dean Shepherd,Delaware State,-0.38435592,-0.39402716,-0.77838308,496,-0.810436187568224,-0.948288832539278,-1.7587250201075,91.8873866447343,109.866207767154,-17.9788211224199,-35,2144431,#F3F7FB,#ECF3F9,#EDF4F9
2195,Kenneth Chime,West Georgia,-1.3850715,0.60534065,-0.77973085,1057,-1.44223174703618,1.58313563309256,0.140903886056388,100.974896804267,111.500785849125,-10.5258890448582,-87,2352279,#D5E5F3,#FFF4E7,#EDF4F9
2196,Cardell Bailey,Southern Indiana,-0.36549779,-0.41625538,-0.78175317,1186,-0.308037562098436,-0.171754378969168,-0.479791941067604,94.7373383878865,111.839365006923,-17.1020266190367,-113,2336166,#F4F8FB,#EBF3F9,#EDF4F9
2197,Macon Emory,Delaware,-1.0505419,0.26860747,-0.78193443,1783,-0.949640109669408,0.496794722838829,-0.45284538683058,100.914646473298,111.330163922819,-10.4155174495217,-132,2327275,#DFEBF5,#FFFAF4,#EDF4F9
2198,Randarius Jones,Grambling,-0.25749838,-0.52450675,-0.78200513,492,-2.03290217512312,-1.33136405987879,-3.36426623500191,104.545843717308,107.661766434511,-3.11592271720322,9,2114205,#F7FAFC,#E7F0F8,#EDF4F9
2199,Kayde Dotson,Loyola Chicago,0.98121656,-1.7748034,-0.79358684,1199,1.96663080308637,-0.48410151035743,1.48252929272894,101.072473732203,115.796167413084,-14.7236936808805,-169,2316833,#FFF5E9,#ADCCE7,#EDF3F9
2200,Brayden Shorter,Murray State,0.48248022,-1.2826405,-0.80016028,826,0.211545212378461,-1.15025749460263,-0.938712282224167,111.92539011621,110.541728215251,1.38366190095864,49,2118947,#FFFAF4,#C4DAEE,#ECF3F9
2201,Damian Garcia,East Texas A&M,-0.45865562,-0.34249848,-0.8011541,1356,-0.0916031753563773,0.264801939155306,0.173198763798928,99.1213715913542,110.690100710456,-11.5687291191015,-107,2563966,#F1F6FB,#EFF5FA,#ECF3F9
2202,Rontavious Blackshear,Youngstown State,0.058892538,-0.86110643,-0.802213892,648,0.15066704916345,-0.367402062613711,-0.216735013450261,105.753177917874,109.943738035454,-4.19056011758088,3,2541964,#FFFEFD,#D7E6F3,#ECF3F9
2203,Jikari Johnson,Chattanooga,-0.19078083,-0.61377795,-0.80455878,587,1.33413983658937,-0.403771859348763,0.930367977240603,100.968873220935,113.138729437593,-12.1698562166576,-37,1956845,#F9FBFD,#E2EDF6,#ECF3F9
2204,Alec Squires,South Dakota State,-1.1618927,0.3532877,-0.808605,708,-0.630620910430779,-0.387082751985617,-1.0177036624164,101.952653064855,104.752597936926,-2.79994487207083,-11,2307441,#DCE9F4,#FFF8F1,#ECF3F9
2205,Afan Trnka,Tennessee-Martin,-0.89889457,0.086362036,-0.812532534,1089,-0.288725082613263,-0.532416348190912,-0.821141430804175,96.5867111073593,101.809783620344,-5.22307251298448,-3,2311788,#E4EEF7,#FFFDFB,#ECF3F9
2206,Del Jones,Radford,0.088876692,-0.90375498,-0.814878288,1720,0.320129313801295,-0.473565554076891,-0.153436240275596,102.482221344506,111.300440167056,-8.81821882255076,-37,2305268,#FFFEFD,#D5E5F3,#ECF3F9
2207,Jaxon Edwards,IU Indy,0.074671456,-0.89045362,-0.815782164,1222,0.952500859405123,0.602484187839473,1.5549850472446,103.954147764975,117.543903946846,-13.5897561818711,-166,1909055,#FFFEFD,#D6E5F3,#ECF3F9
2208,Alexander Richardson,Loyola Chicago,-0.41604317,-0.40066716,-0.81671033,635,-0.322771369603704,0.557378393710064,0.23460702410636,102.543192859699,113.679097816153,-11.1359049564541,-88,2535044,#F2F7FB,#ECF3F9,#ECF3F9
2209,Jalen Cooper,Eastern Kentucky,-0.18527336,-0.63589065,-0.82116401,943,-0.735984652997887,0.589366902974824,-0.146617750023063,110.77662790922,116.904903900946,-6.12827599172641,-35,1605478,#F9FBFD,#E1EDF6,#ECF3F9
2210,Harrison Beauchamp,Central Arkansas,0.84784444,-1.6705113,-0.82266686,822,0.465040394999613,-1.71334542389205,-1.24830502889244,111.179331333921,109.189602404066,1.98972892985505,23,2559444,#FFF6EC,#B2CFE8,#ECF3F9
2211,Kiree Huie,Eastern Washington,-0.70886669,-0.11507214,-0.82393883,1393,-0.448941888484499,0.322588058415572,-0.126353830068927,107.42989056089,111.030410505029,-3.60051994413921,-22,2092807,#E9F1F8,#F9FBFD,#ECF3F9
2212,Carmelo Adkins,South Carolina Upstate,-0.050208451,-0.77499679,-0.825205241,1596,-0.335839240061438,-0.656773901361981,-0.99261314142342,97.114158528452,110.179976910232,-13.0658183817797,-118,2345222,#FDFEFE,#DBE9F4,#ECF3F9
2213,Nyle Ralph-Beyer,Sacred Heart,2.0514365,-2.8770832,-0.8256467,1582,2.47433711223228,-1.93131199049207,0.543025121740205,106.089715448555,116.725777705067,-10.6360622565122,-51,2342508,#FFEAD1,#7BADD8,#ECF3F9
2214,Ronnie Harrison,East Texas A&M,-0.94935336,0.12231797,-0.82703539,1463,-0.272796229771626,0.945579949042427,0.672783719270801,97.5987048202271,111.152284771713,-13.5535799514862,-155,2317040,#E2EDF6,#FFFCFA,#ECF3F9
2215,Rex Stirling,Wofford,-0.04609361,-0.78230007,-0.82839368,696,0.247030435859242,-0.897116644915685,-0.650086209056443,107.731019032791,110.880932446687,-3.1499134138963,3,2475434,#FDFEFE,#DBE8F4,#ECF3F9
2216,Tanner Davis,Utah Tech,-0.46810023,-0.36040207,-0.8285023,1360,0.3235919938888,0.282258862375378,0.605850856264177,103.809299629439,111.541823347986,-7.7325237185466,-74,2477849,#F0F6FA,#EEF4FA,#ECF3F9
2217,Anthony Robinson,Xavier,-2.6517772,1.8205471,-0.8312301,462,-2.03488512283109,0.323565582760283,-1.7113195400708,99.7425559941462,98.0958502473799,1.64670574676631,-23,2097928,#AFCDE8,#FFDFB8,#ECF3F9
2218,Steven Clay,Southern Indiana,-0.65078078,-0.18116713,-0.83194791,685,-0.0177865266413117,-1.01853129529335,-1.03631782193466,94.1704785758569,108.204953579681,-14.0344750038243,-29,1933806,#EBF2F9,#F6F9FC,#ECF3F9
2219,Malik Abdullahi,Princeton,-0.75997912,-0.076367042,-0.836346162,1214,0.159056694634304,-0.0949990955359564,0.0640575990983479,99.407192448963,109.984810769775,-10.5776183208117,-125,2306441,#E8F0F8,#FBFCFD,#ECF3F9
2220,Jo Valrie,SIU Edwardsville,-1.1477207,0.31076275,-0.83695795,1132,-1.78522334413464,-1.0184237873735,-2.80364713150814,100.598196717316,100.851152614974,-0.252955897658236,81,2321369,#DCE9F5,#FFF9F2,#ECF3F9
2221,Will Allen,Louisiana Tech,-1.4866893,0.64685748,-0.83983182,768,-1.61118071100824,0.395387688022185,-1.21579302298605,99.7828783049589,100.713037191096,-0.930158886136889,-2,1695362,#D2E3F2,#FFF3E5,#EBF3F9
2222,Mak Manciel,Eastern Michigan,-0.31848493,-0.52264907,-0.841134,654,0.104665117715879,-0.787850046498583,-0.683184928782704,97.0350766472226,105.29978212026,-8.26470547303728,-12,1910980,#F5F9FC,#E7F0F8,#EBF3F9
2223,Isaiah Chappell,UC Davis,-1.2559144,0.41256693,-0.84334747,1364,-0.499510649695364,-0.0794515655269049,-0.578962215222269,101.051530041179,104.837406732518,-3.78587669133832,-8,2349246,#D9E7F4,#FFF7EE,#EBF3F9
2224,Ezra McKenna,Buffalo,0.30602886,-1.1537897,-0.84776084,801,0.72217128949486,-0.897823721082108,-0.175652431587248,110.576164882215,113.536532085242,-2.96036720302721,55,1688643,#FFFCF8,#CADEEF,#EBF3F9
2225,Jaylen Benard,Longwood,-0.1706685,-0.67953965,-0.85020815,992,0.110076016111252,-0.721586037631934,-0.611510021520682,102.197304596873,109.320980402497,-7.12367580562419,-34,2133735,#F9FBFD,#DFEBF6,#EBF3F9
2226,Kruz McClure,DePaul,-1.5347274,0.68186533,-0.85286207,879,-1.35874535691227,0.44976556594986,-0.908979790962406,101.094295282269,100.810523668243,0.283771614025974,-36,2543750,#D1E2F1,#FFF3E4,#EBF3F9
2227,Timofei Rudovskii,Bryant,-0.41742964,-0.43679187,-0.85422151,1510,0.512578798289285,0.216024838547772,0.728603636837057,94.2696895752782,114.528798909493,-20.2591093342146,-174,2481545,#F2F7FB,#EBF2F9,#EBF3F9
2228,KJ Thomas,UTEP,-0.75212787,-0.10826051,-0.86038838,1346,-0.563471970257405,0.00231131628360672,-0.561160653973798,99.5587477937234,108.013339471573,-8.45459167784924,-127,2313857,#E8F1F8,#FAFBFD,#EBF2F9
2229,P.J. Eason,Alabama A&M,-1.1267232,0.26583535,-0.86088785,1292,-1.77039964068035,-0.0644419961277861,-1.83484163680813,100.919603128151,111.985040330023,-11.0654372018727,-5,2352022,#DDEAF5,#FFFAF4,#EBF2F9
2230,Jake Johnson,Stetson,0.77459494,-1.6366674,-0.86207246,1500,-0.0653558395324359,-1.25978048724616,-1.3251363267786,106.25300733414,114.53988490639,-8.28687757224955,-90,2536199,#FFF7ED,#B4D0E9,#EBF2F9
2231,Spence Wewe,Quinnipiac,-1.2420824,0.37700168,-0.86508072,886,-1.90637174574208,0.191967600160093,-1.71440414558198,104.865643885255,105.467444477031,-0.601800591775903,33,2350360,#D9E8F4,#FFF8F0,#EBF2F9
2232,Ethan Elliott,Northern Kentucky,-0.83362878,-0.035854893,-0.869483673,1457,-0.48593048995985,-0.107067810915898,-0.592998300875748,106.368209162101,106.02141169067,0.346797471431359,47,2549982,#E6EFF7,#FDFDFE,#EBF2F9
2233,Max Burton,Western Michigan,-0.14794265,-0.72346236,-0.87140501,1196,-0.137215074863618,-0.313963304938076,-0.451178379801694,103.873956109165,115.358435615209,-11.484479506044,-129,1903775,#FAFCFD,#DDEAF5,#EBF2F9
2234,Cory Wells,Prairie View,-1.7540331,0.88215929,-0.87187381,1916,-2.16311997112257,0.408855528195025,-1.75426444292754,98.1006006158397,108.232860949334,-10.1322603334947,-33,2340455,#CADEEF,#FFEFDC,#EBF2F9
2235,Jakai Robinson,Bryant,0.14661691,-1.0189836,-0.87236669,705,-0.206294762309387,-1.10709459519215,-1.31338935750154,96.9949415104024,115.799006362981,-18.804064852579,-123,1691251,#FFFDFB,#D0E2F1,#EBF2F9
2236,Kent Jackson,North Florida,1.5592967,-2.4317723,-0.8724756,1756,1.12004073660242,-0.556318495722612,0.56372224087981,108.120947304894,124.53929969303,-16.4183523881365,-240,2319497,#FFEFDC,#8FBADE,#EBF2F9
2237,Micah Simpson,Alabama State,0.28993798,-1.1634657,-0.87352772,1817,-0.0797324699786905,-0.688553796549097,-0.768286266527788,100.176721583068,111.744437086866,-11.5677155037978,-92,2342847,#FFFCF8,#C9DEEF,#EBF2F9
2238,Kachi Nzeh,Arkansas-Little Rock,-0.37564822,-0.50013243,-0.87578065,1454,0.992508123460727,-0.385338180403241,0.607169943057487,97.1352594933949,111.163501619514,-14.0282421261193,-115,2149053,#F3F8FB,#E8F0F8,#EBF2F9
2239,Jermaine Washington,San Jose State,0.77708177,-1.6543022,-0.87722043,1370,0.907629191524757,-0.284968383013719,0.622660808511038,107.390243059357,117.390169312869,-9.99992625351229,-169,2284412,#FFF7ED,#B3D0E9,#EBF2F9
2240,Keyontae Lewis,Norfolk State,-1.5262459,0.64756668,-0.87867922,839,-1.99924243752334,-0.967602295198327,-2.96684473272167,97.6433300396143,104.703834000526,-7.06050396091158,4,1910656,#D1E2F1,#FFF3E5,#EBF2F9
2241,Magnus Entenmann,Kent State,-0.087756571,-0.8028312,-0.890587771,606,-0.257448770095706,-0.400444548524036,-0.657893318619742,111.754017648541,111.127422994457,0.626594654084722,34,1908234,#FCFDFE,#DAE8F4,#EAF2F9
2242,JJ Wheat,South Alabama,-0.3163186,-0.57901911,-0.89533771,636,-0.46541811037768,-0.256735139432338,-0.722153249810018,100.398110409762,112.142680129423,-11.7445697196605,-39,2281197,#F5F9FC,#E4EEF7,#EAF2F9
2243,Grant Sanders,Nicholls State,-0.76554584,-0.13055857,-0.89610441,804,-1.08874119703137,0.46099676249649,-0.62774443453488,102.913843540291,110.819405916354,-7.9055623760625,-68,2567139,#E8F0F8,#F9FBFD,#EAF2F9
2244,Ta'Zir Smith,Robert Morris,0.15036787,-1.0539504,-0.90358253,924,0.118939029660819,0.257790413971158,0.376729443631977,110.47565365951,112.582913082391,-2.10725942288099,-7,2331282,#FFFDFB,#CEE1F1,#EAF2F9
2245,Corbin Zentner,Cornell,0.77266955,-1.6763935,-0.90372395,463,0.60259135855715,-1.3407670544039,-0.73817569584675,116.935108903331,114.275566985737,2.65954191759414,14,2211111,#FFF7ED,#B2CFE8,#EAF2F9
2246,Drew McKenna,Old Dominion,-1.1806589,0.27685152,-0.90380738,464,-1.28198357488625,0.011221259137293,-1.27076231574896,100.45935875727,107.64226392913,-7.1829051718596,-30,2211507,#DBE9F4,#FFFAF4,#EAF2F9
2247,Ibu Yamazaki,Northern Colorado,0.12103833,-1.0264159,-0.90537757,1448,0.29244056055601,-0.707421155270378,-0.414980594714368,108.142997821379,110.301437536928,-2.1584397155493,12,1910671,#FFFDFC,#D0E1F1,#EAF2F9
2248,Ramel Bethea,Green Bay,0.050641593,-0.9594889,-0.908847307,556,-0.926945986249233,1.03349855713365,0.106552570884419,113.212367701447,118.18889111267,-4.97652341122272,-61,2505129,#FFFEFD,#D3E3F2,#EAF2F9
2249,Landon Moore,Illinois State,-0.04937848,-0.86493477,-0.91431325,742,-0.283725088715055,-0.927882495489524,-1.21160758420458,105.725640279671,104.197895025917,1.52774525375416,6,1946944,#FDFEFE,#D7E6F3,#EAF2F9
2250,Elijah Kelly,Longwood,-1.0664288,0.14521913,-0.92120967,512,-1.66541696134785,-0.0615746393474128,-1.72699160069526,102.7943247018,107.343030724554,-4.5487060227541,6,2538828,#DFEBF5,#FFFCF9,#EAF2F8
2251,Samuel Ariyibi,Utah Tech,-1.7483511,0.82579198,-0.92255912,508,-2.19928166937907,0.0779664727775957,-2.12131519660148,98.5147395143632,109.207939045303,-10.69319953094,-60,1688451,#CADEEF,#FFF0DE,#EAF2F8
2252,Kheni Briggs,New Haven,-0.58954551,-0.33338236,-0.92292787,764,-1.1603952311941,-0.764589904719302,-1.92498513591341,93.8862698567969,109.383331398289,-15.4970615414919,-45,1892537,#EDF4F9,#EFF5FA,#EAF2F8
2253,BJ Kolly,UC Riverside,-2.1884588,1.263256,-0.9252028,1256,-1.15157705489345,0.919315035797066,-0.232262019096386,94.1277042942502,106.461844822324,-12.3341405280737,-159,1914191,#BDD6EC,#FFE9CD,#EAF2F8
2254,Cooper Wright,Colgate,-1.1985386,0.27134583,-0.92719277,572,-1.52739751689124,-0.323460425227031,-1.85085794211827,101.341170162907,106.065387212464,-4.72421704955639,-68,2122311,#DBE8F4,#FFFAF4,#E9F1F8
2255,Elijah Jones,Longwood,-0.80678986,-0.12461371,-0.93140357,749,-0.923799202994804,-0.280600816625904,-1.20440001962071,100.878290744149,109.852209225304,-8.97391848115414,-35,2093336,#E6F0F8,#F9FBFD,#E9F1F8
2256,Jeremiah Evans,Louisiana-Lafayette,-2.3934766,1.4454418,-0.9480348,556,-2.9902141133362,0.704853855125533,-2.28536025821067,95.6650400173142,104.829218054482,-9.16417803716756,-31,2277279,#B7D2EA,#FFE6C6,#E9F1F8
2257,Faheim Meran,Long Island,-1.3825908,0.43280442,-0.94978638,463,-1.25244601206435,-0.0680118283031121,-1.32045784036746,101.492603377286,102.869400745464,-1.37679736817811,-15,2559451,#D5E5F3,#FFF7EE,#E9F1F8
2258,Arterio Morris,Bethune-Cookman,-1.3632843,0.41081625,-0.95246805,1428,-2.81391570096522,0.994838024567214,-1.819077676398,103.412839788403,110.545784533774,-7.13294474537107,-29,1918655,#D6E5F3,#FFF7EF,#E9F1F8
2259,Assane Diop,San Diego,-0.78030031,-0.17605178,-0.95635209,828,-0.0299794277569342,-0.240685145894564,-0.270664573651498,102.134315791611,112.936475175226,-10.8021593836157,-87,2139334,#E7F0F8,#F6FAFC,#E9F1F8
2260,Cameron Wallace,Arkansas-Little Rock,0.23369569,-1.1903854,-0.95668971,1451,0.742710123221514,-1.1513967495371,-0.408686626315586,101.341797666774,111.095764875811,-9.75396720903661,-24,1908347,#FFFCF9,#C8DDEF,#E9F1F8
2261,Kaia Isaac,Tarleton State,-0.80397568,-0.15407135,-0.95804703,1200,-1.30700034031145,-0.922128467687438,-2.22912880799889,101.181730986844,104.675675779821,-3.49394479297667,-12,2540331,#E6F0F8,#F7FAFC,#E9F1F8
2262,Darren Williams,Florida Gulf Coast,0.77240707,-1.7315988,-0.95919173,1040,0.145723807742087,-0.908972426414245,-0.763248618672158,108.462674456353,112.630491169902,-4.16781671354878,-5,2333219,#FFF7ED,#AFCEE8,#E9F1F8
2263,Tim Moore,San Diego,-0.41815392,-0.54772694,-0.96588086,735,-0.940087726816926,-0.135339802906618,-1.07542752972354,103.339977698162,114.814704212477,-11.4747265143153,-103,1948713,#F2F7FB,#E5EFF7,#E9F1F8
2264,Andrew King,Youngstown State,0.64301677,-1.6101722,-0.96715543,840,0.749010289828568,-0.517471284118904,0.231539005709664,103.98339402464,114.232462147755,-10.2490681231157,-82,1917644,#FFF8F0,#B5D1E9,#E9F1F8
2265,Eian Lowe,Lamar,-0.45760847,-0.51125954,-0.96886801,856,0.718809741502779,-0.163316410370354,0.555493331132425,99.0099889535772,107.08094874634,-8.07095979276279,-36,2551953,#F1F6FB,#E7F0F8,#E9F1F8
2266,Amar Augillard,Milwaukee,-0.018690715,-0.95136667,-0.970057385,1100,0.550887746675522,0.330553919545316,0.881441666220838,103.413569791844,115.532102117953,-12.1185323261093,-106,1701884,#FEFEFE,#D3E4F2,#E9F1F8
2267,Tyler Jackson,Eastern Kentucky,-0.10038907,-0.87738975,-0.97777882,512,0.0297866471425376,0.47233854608692,0.502125193229457,104.928105154152,118.782662252593,-13.8545570984404,-61,2550837,#FBFDFE,#D6E6F3,#E8F1F8
2268,Tyler Bike,New Hampshire,-0.58590725,-0.3943308,-0.98023805,1145,0.716257316671878,-1.24072910177361,-0.52447178510173,91.2184357244382,108.210817894079,-16.9923821696405,-99,2493068,#EDF4F9,#ECF3F9,#E8F1F8
2269,Kintavious Dozier,Alabama A&M,0.38363043,-1.367854,-0.98422357,1688,-0.182006017235099,-1.12056381798461,-1.30256983521971,100.045580076281,113.909325000175,-13.8637449238945,-67,2144725,#FFFBF6,#C0D8EC,#E8F1F8
2270,Jordan Chatman,Florida A&M,0.0044642482,-0.9907344,-0.9862701518,1350,-0.0346553805986531,-1.09283585876467,-1.12749123936332,95.9733021943243,110.442960679232,-14.4696584849073,-109,1953452,#FFFEFE,#D1E2F1,#E8F1F8
2271,Malcolm Noel,West Georgia,0.23036055,-1.2234371,-0.99307655,1127,-0.0270963967591289,-0.751419305667606,-0.778515702426734,101.433907967793,110.581686814297,-9.14777884650482,-61,1952225,#FFFCF9,#C7DCEE,#E8F1F8
2272,Skylar Wicks,Saint Francis (PA),0.10142467,-1.0947216,-0.99329693,1654,0.730299012395937,0.154076626465867,0.884375638861803,96.5470721356056,118.907652926591,-22.3605807909855,-292,1600348,#FFFEFC,#CCE0F0,#E8F1F8
2273,Rory Stewart,Florida Gulf Coast,0.82615207,-1.8195514,-0.99339933,1053,-0.128994639107678,-1.4146596519922,-1.54365429109987,106.754982942696,111.95684384609,-5.20186090339341,27,1925931,#FFF6EC,#ABCBE6,#E8F1F8
2274,Damarien Yates,Alabama State,-0.85193724,-0.14372064,-0.99565788,923,-0.393797362396977,0.797338066779967,0.40354070438299,96.662453825696,113.913950866227,-17.2514970405308,-97,2333180,#E5EFF7,#F8FAFD,#E8F1F8
2275,Shon Tupuola,Valparaiso,-0.83055842,-0.16966724,-1.00022566,1314,0.451818861443559,0.202746008425271,0.65456486986883,100.826426416774,107.264378664094,-6.43795224731956,-98,2536622,#E6EFF7,#F7FAFC,#E8F0F8
2276,Jinwoo Kim,Navy,0.32674018,-1.3319879,-1.00524772,1572,1.003801470473,-1.84749420947092,-0.843692738997918,105.047742829063,104.13904834237,0.90869448669364,174,2119581,#FFFBF7,#C2D9ED,#E8F0F8
2277,Tyler Isaak,Montana,-0.3484029,-0.6623305,-1.0107334,1178,0.065802073818256,0.00891367762364249,0.0747157514418985,101.782398513665,109.527809315344,-7.74541080167916,-76,1930779,#F4F8FB,#E0ECF6,#E8F0F8
2278,Noah Amenhauser,Oregon State,-0.35512399,-0.65797165,-1.01309564,562,-0.266138875952504,-0.613627047310917,-0.879765923263421,107.373975355819,113.21266761659,-5.83869226077109,-47,2098313,#F4F8FB,#E0ECF6,#E8F0F8
2279,Linus Holmstrom,VMI,0.31926445,-1.3338885,-1.01462405,1308,0.65678222564387,-0.400001508057544,0.256780717586326,98.6075630858012,117.543450048505,-18.9358869627038,-201,2328971,#FFFBF7,#C1D9ED,#E7F0F8
2280,Mehki Ellison,Eastern Michigan,-0.13760846,-0.87764045,-1.01524891,564,-1.42409112626439,-0.486848287565227,-1.91093941382962,102.372133776398,108.382251010791,-6.01011723439255,-25,2319502,#FAFCFD,#D6E6F3,#E7F0F8
2281,Jaxon Pollard,Samford,-0.87797122,-0.13921684,-1.01718806,540,-1.94494362345195,-0.0492749235118243,-1.99421854696378,103.155227133432,111.673685833566,-8.51845870013432,-16,2146810,#E4EEF7,#F8FBFD,#E7F0F8
2282,Jacobe Whitted,Tennessee Tech,-0.9453555,-0.073680715,-1.019036215,550,-1.74966648963079,-0.476573123772846,-2.22623961340364,100.346880209191,110.459987155518,-10.1131069463275,-6,2550019,#E2EDF6,#FBFCFE,#E7F0F8
2283,Alon Michaeli,Colorado,-0.1368126,-0.88408782,-1.02090042,887,-0.541929947643302,0.95976722560955,0.417837277966248,114.431081754389,113.247404649069,1.18367710531997,-69,2540154,#FAFCFD,#D6E5F3,#E7F0F8
2284,Juwan Maxey,Ball State,-0.98078085,-0.040159389,-1.020940239,660,-1.94589679160214,-0.911293462604036,-2.85719025420618,92.398524725477,102.744981449641,-10.3464567241642,-33,2311387,#E1ECF6,#FDFDFE,#E7F0F8
2285,Cal Furnish,Oral Roberts,-0.85884652,-0.16360875,-1.02245527,1064,-0.521183167911561,-0.453106955276952,-0.974290123188513,96.7267471603631,108.416078368302,-11.6893312079387,-96,2561372,#E5EFF7,#F7FAFC,#E7F0F8
2286,Pedro Santos,Tennessee-Martin,-2.0836762,1.0597535,-1.0239227,872,-0.54763597895963,0.832910618868903,0.285274639909273,92.9969521363653,101.102529239367,-8.10557710300148,4,2311790,#C0D8EC,#FFECD5,#E7F0F8
2287,Anthony Isaac,Manhattan,0.48289028,-1.507584,-1.02469372,1276,0.44903355135011,-0.482011065739104,-0.0329775143889937,105.065953936252,118.883394896571,-13.8174409603196,-117,2547144,#FFFAF4,#BAD4EB,#E7F0F8
2288,Cam Miles,Florida State,-0.017602653,-1.013989,-1.031591653,630,0.241367490708431,-0.156543700020818,0.0848237906876127,108.373159062261,111.253043592974,-2.87988453071306,-16,2550804,#FEFEFE,#D0E2F1,#E7F0F8
2289,Justin Amadi,Mount St. Mary's,-1.2100761,0.17800958,-1.03206652,1034,-1.91473667684209,-0.97296749228562,-2.88770416912771,98.4723518694574,103.773871810894,-5.30151994143673,-10,1602642,#DAE8F4,#FFFBF8,#E7F0F8
2290,Sami Pissis,Alabama A&M,-0.36662549,-0.66574656,-1.03237205,1412,-0.398990202439524,-0.578068012333966,-0.97705821477349,97.7570120907865,112.666214774219,-14.9092026834325,-86,1923924,#F4F8FB,#E0ECF6,#E7F0F8
2291,Or Ashkenazi,Lipscomb,-0.97778288,-0.054612239,-1.032395119,1002,-0.841822097368687,-0.369088984893852,-1.21091108226254,104.370043355159,105.216926834588,-0.846883479429539,-54,2561041,#E1ECF6,#FCFDFE,#E7F0F8
2292,Jaquel Morris,Norfolk State,-1.3189399,0.28575573,-1.03318417,676,-0.533879357343429,-0.252546833120873,-0.786426190464302,96.8634089756353,112.789578668036,-15.9261696924006,-45,1916296,#D7E6F3,#FFFAF3,#E7F0F8
2293,Jabri Fitzpatrick,New Haven,-1.2020159,0.16757346,-1.03444244,1606,-0.275901056702566,-0.283583230345259,-0.559484287047825,91.388449540435,107.198747231054,-15.8102976906193,-132,2117622,#DBE8F4,#FFFCF8,#E7F0F8
2294,James Evans Jr.,Cal State Northridge,-0.91065486,-0.12556355,-1.03621841,904,-0.379331201504337,-0.6118745512985,-0.991205752802837,103.603802609882,105.663348655997,-2.05954604611522,15,2345778,#E3EEF7,#F9FBFD,#E7F0F8
2295,BJ Ward,Southeast Missouri State,0.19969797,-1.2361153,-1.03641733,1620,0.59014859646136,-1.49529465348147,-0.905146057020106,101.134027350667,106.679254284752,-5.54522693408479,7,2143406,#FFFDFA,#C6DCEE,#E7F0F8
2296,CJ Ray,Chicago State,0.34292145,-1.379973,-1.03705155,1577,1.36513559433064,-1.33487529900556,0.0302602953250816,96.8552748614617,114.796508666387,-17.941233804925,-162,1956903,#FFFBF7,#BFD7EC,#E7F0F8
2297,Melvyn Ebonkoli,NJIT,-1.8026607,0.76524527,-1.03741543,892,-3.16764535379547,-0.81635322523383,-3.9839985790293,96.8025480478411,103.229769245126,-6.42722119728485,69,1600342,#C9DDEF,#FFF1E1,#E7F0F8
2298,Prince Johnson,Eastern Illinois,-1.8705497,0.83155075,-1.03899895,472,-1.85705267790497,-0.408390984663897,-2.26544366256887,95.4086018047859,101.905098359026,-6.49649655424026,-9,2493088,#C7DCEE,#FFF0DE,#E7F0F8
2299,Josh Meo,Winthrop,-0.0048976599,-1.036086,-1.0409836599,1014,-1.55548617375337,-1.40400047361636,-2.95948664736973,111.800849542666,106.6719263947,5.12892314796503,63,2303613,#FEFEFE,#CFE1F1,#E7F0F8
2300,Khaafiq Myers,Saint Joseph's,-0.65974098,-0.38161834,-1.04135932,730,0.0306584442284195,0.287269728441391,0.31792817266981,101.78390153692,105.21140103266,-3.42749949573933,-3,2322189,#EBF2F9,#EDF4F9,#E7F0F8
2301,Shadrak Lasu,Long Island,-1.580698,0.53801284,-1.04268516,1262,-1.2159512543616,-0.265320622159223,-1.48127187652082,99.7188994529927,103.426457803767,-3.70755835077435,43,2303405,#CFE1F1,#FFF5EA,#E7F0F8
2302,Jaden Johnson,La Salle,-0.35680133,-0.69122805,-1.04802938,950,-0.707602699851742,-0.117711219166294,-0.825313919018036,100.857284910114,110.537928179055,-9.68064326894167,-144,2333161,#F4F8FB,#DFEBF5,#E7F0F8
2303,Karmani Gregory,South Carolina Upstate,0.34427756,-1.3947064,-1.05042884,1566,0.876115518545724,-0.73825797392786,0.137857544617864,97.8272782546493,111.519500914457,-13.6922226598078,-126,2345231,#FFFBF7,#BFD7EC,#E7F0F8
2304,Luke Davis,East Carolina,-0.87599834,-0.17985422,-1.05585256,498,-0.537322867815184,-0.356405421803379,-0.893728289618563,101.357866693086,105.975135048422,-4.61726835533582,-18,2329978,#E4EEF7,#F6F9FC,#E7F0F8
2305,Ridvan Tutic,Stonehill,-1.796386,0.73977058,-1.05661542,1063,-0.937642186380778,-0.107416195151323,-1.0450583815321,89.8883528795773,103.265330720719,-13.376977841142,-67,1909070,#C9DDEF,#FFF2E2,#E7F0F8
2306,Cole Kirouac,Georgia Tech,-1.235101,0.17807391,-1.05702709,450,-1.51050502218658,-0.0136966608172079,-1.52420168300378,104.043798351558,106.38000601519,-2.33620766363269,-69,2474264,#DAE8F4,#FFFBF8,#E7F0F8
2307,Quentin Heady,Bethune-Cookman,-0.53896926,-0.51894868,-1.05791794,1418,-0.168839218911671,-0.307926609378645,-0.476765828290316,100.600404143729,110.776926541882,-10.1765223981528,-107,2311737,#EEF5FA,#E7F0F8,#E7F0F8
2308,Jaeden Marshall,La Salle,0.39898637,-1.4583363,-1.05934993,1112,1.65452659389152,-1.16632081402679,0.488205779864725,98.0587565147778,109.572386878596,-11.5136303638186,-176,1917956,#FFFBF6,#BCD5EB,#E6F0F8
2309,JB Frankel,Northeastern,0.40293191,-1.466229,-1.06329709,1093,-0.258046441543508,-0.583829077488568,-0.841875519032076,103.782641011869,116.324354085686,-12.5417130738175,-80,2112366,#FFFBF6,#BBD5EB,#E6F0F8
2310,Demari Williams,Houston Christian,0.10320044,-1.1687021,-1.06550166,995,1.29990613681184,-0.792831876262083,0.507074260549754,98.4650145137613,112.923275972147,-14.4582614583852,-157,1716954,#FFFDFC,#C9DDEF,#E6F0F8
2311,Gavin Ripp,San Diego,-0.075233122,-0.99676156,-1.071994682,684,-0.445166680158576,-0.509662088789117,-0.954828768947693,109.952917454679,115.211537475446,-5.25862002076687,-50,2351037,#FCFDFE,#D1E2F1,#E6EFF7
2312,Andrew Phillips,Lafayette,0.41256732,-1.4854073,-1.07283998,1752,0.273562177330007,-0.875198905614392,-0.601636728284385,100.620066096351,115.276976247396,-14.6569101510448,-147,2119964,#FFFAF5,#BBD4EB,#E6EFF7
2313,Nadjrick Peat,Coastal Carolina,-2.9977781,1.9223431,-1.075435,1265,-2.52362557059855,0.498392924100318,-2.02523264649823,94.161869957468,99.2208755357017,-5.05900557823361,-24,1949755,#A5C7E5,#FFDDB4,#E6EFF7
2314,Louis Bond,Idaho State,-0.47097403,-0.6086608,-1.07963483,563,-0.402362186546367,-0.339129193624986,-0.741491380171354,106.582643031047,112.075688252714,-5.49304522166671,-28,2472218,#F0F6FA,#E3EDF6,#E6EFF7
2315,DeJuan Campbell,California,-1.1569585,0.076907019,-1.080051481,512,-2.45339285483395,-0.557180399648938,-3.01057325448289,104.271721311829,99.4884463130175,4.78327499881128,-43,1946843,#DCE9F4,#FFFDFC,#E6EFF7
2316,Alfred Worrell Jr.,Morgan State,0.73806321,-1.8240929,-1.08602969,1418,1.0517518822898,-1.64384179206299,-0.592089909773184,97.9658390471611,118.056118563364,-20.0902795162034,-110,2302594,#FFF7EE,#ABCBE6,#E6EFF7
2317,Amadou Doumbia,North Carolina A&T,-1.9928951,0.90181728,-1.09107782,606,-1.76033076895167,1.37349904219066,-0.386831726761006,97.0700429618228,110.494301650295,-13.4242586884722,-77,2326236,#C3DAED,#FFEFDB,#E6EFF7
2318,Jayden Tyler,Wofford,0.73818072,-1.8306996,-1.09251888,507,-1.00654594247434,-0.137844788884843,-1.14439073135918,113.199066104332,118.185022027992,-4.98595592365993,23,2475429,#FFF7EE,#ABCBE6,#E6EFF7
2319,Darrion Baker,SIU Edwardsville,-0.79582489,-0.2973368,-1.09316169,993,-0.119958841872469,-0.32578322381269,-0.445742065685159,97.0669229058122,106.957013427457,-9.89009052164521,-19,2094972,#E7F0F8,#F1F6FB,#E6EFF7
2320,Jeremiah Burke,Denver,0.97216131,-2.0663882,-1.09422689,1658,0.838532116747339,-0.560032771807471,0.278499344939868,112.605571717785,121.38233151995,-8.77675980216546,-122,2119875,#FFF5E9,#A0C4E3,#E6EFF7
2321,Ismael Diouf,Northern Iowa,-1.3127698,0.21852245,-1.09424735,528,-0.917932119080195,-0.283190954540788,-1.20112307362098,101.99602410754,96.8315642419846,5.16445986555532,19,2291872,#D7E6F3,#FFFBF6,#E6EFF7
2322,Baboucarr Njie,UTSA,-1.3314759,0.23525318,-1.09622272,1219,-1.4507623867116,1.46492279308865,0.0141604063770542,96.9903972725771,115.424528725155,-18.4341314525777,-228,2321456,#D7E6F3,#FFFAF5,#E6EFF7
2323,Kamryn Thomas,Omaha,-0.70010599,-0.39692695,-1.09703294,896,-3.46104935130101,-0.674577207913198,-4.13562655921421,106.714455826273,110.985643478367,-4.27118765209347,-28,2319742,#EAF2F8,#ECF3F9,#E6EFF7
2324,Dalton Gayman,North Florida,1.0941777,-2.196408,-1.1022303,1286,0.915581770878723,-0.189861566116193,0.72572020476253,107.597985622655,125.57448183014,-17.9764962074853,-201,2126306,#FFF4E6,#9AC0E1,#E6EFF7
2325,Solomon Callaghan,Wright State,1.1575355,-2.2624543,-1.1049188,1512,1.40619278497067,-1.35394316818131,0.0522496167893596,109.021529580536,110.020840192827,-0.999310612290638,4,2125322,#FFF3E5,#97BFE1,#E5EFF7
2326,Stas Sivka,George Mason,-0.54966925,-0.55683404,-1.10650329,456,-1.63627154302485,-0.677699196896749,-2.31397073992159,114.278853684345,102.8508344829,11.428019201445,67,2321355,#EEF4FA,#E5EFF7,#E5EFF7
2327,Duce Paschal,Weber State,-1.4978453,0.3907793,-1.107066,594,-2.30565829274309,0.624896334043757,-1.68076195869933,106.370340958063,109.050506068629,-2.68016511056663,-16,2541454,#D2E3F2,#FFF8EF,#E5EFF7
2328,Jeremiah Quigley,Binghamton,0.44136528,-1.5516168,-1.11025152,1718,0.361492615987171,-0.674193729608961,-0.31270111362179,95.8385493531488,119.089704910931,-23.2511555577821,-225,2114127,#FFFAF5,#B8D3EA,#E5EFF7
2329,Jordan Brinson,Cal State Northridge,0.041390338,-1.1551632,-1.113772862,1064,0.538783256316291,-1.3719574154846,-0.833174159168305,104.352573801249,111.941429260501,-7.58885545925183,-73,1351120,#FFFEFE,#CADEEF,#E5EFF7
2330,Jamir Simpson,UTSA,0.49719537,-1.6126271,-1.11543173,1718,1.16644980395188,-0.283728642684047,0.882721161267834,96.5410485736754,117.657184557224,-21.1161359835485,-356,1688309,#FFFAF3,#B5D1E9,#E5EFF7
2331,David Idada,Southeast Missouri State,-2.2524709,1.1362239,-1.116247,540,-2.18425158161822,-0.835821843058633,-3.02007342467685,99.3828497120255,100.016888981969,-0.634039269943476,20,1949257,#BBD5EB,#FFEBD2,#E5EFF7
2332,EJ Ryans,Western Michigan,0.35140004,-1.472097,-1.12069696,1366,0.36945470407222,-1.13702987911555,-0.767575175043334,104.317687945109,113.339684627446,-9.0219966823365,-95,2302940,#FFFBF7,#BBD5EB,#E5EFF7
2333,Seth Joba,Idaho,-0.57921686,-0.54982065,-1.12903751,936,-0.700675155221888,-0.138955418156006,-0.839630573377894,106.29828097671,107.968194690422,-1.66991371371237,-5,2143474,#EDF4F9,#E5EFF7,#E5EFF7
2334,Mason Lee,North Florida,-0.42789479,-0.70313218,-1.13102697,1418,0.844578693497988,0.109966492948477,0.954545186446466,102.650663635331,120.136233402675,-17.485569767344,-206,2107331,#F2F7FB,#DEEBF5,#E5EFF7
2335,Elijah Perkins,Saint Peter's,-1.7501219,0.61100143,-1.13912047,886,-1.39723882613203,-0.350257049199598,-1.74749587533163,100.564946698737,101.10644073475,-0.541494036013135,24,1890548,#CADEEF,#FFF4E7,#E5EFF7
2336,Braelon Bush,Chicago State,0.8654048,-2.004742,-1.1393372,1116,0.558772580502965,-0.640692099728633,-0.0819195192256683,98.840475222028,119.883069147618,-21.0425939255901,-78,1611648,#FFF6EB,#A3C6E4,#E5EFF7
2337,Jordan Stiemke,Loyola Maryland,0.01427361,-1.1542066,-1.13993299,1442,0.042682466494248,-0.897377640164768,-0.854695173670521,100.883213133012,115.896162702043,-15.0129495690309,-115,2106677,#FFFEFE,#CADEEF,#E5EFF7
2338,Mark Butler,Lafayette,0.31416124,-1.4542444,-1.14008316,1790,0.822478645555056,-1.06649411232871,-0.24401546677365,97.614955321731,113.327136497901,-15.71218117617,-162,2119962,#FFFBF8,#BCD5EB,#E5EFF7
2339,Robert Davis Jr.,Old Dominion,0.13835185,-1.2857428,-1.14739095,1359,-1.22949448155739,-1.55222194519823,-2.78171642675562,103.204280036049,110.490498284253,-7.28621824820304,-64,2140328,#FFFDFB,#C4DAEE,#E4EEF7
2340,Yvens Paul,Eastern Kentucky,-0.97992119,-0.16989083,-1.14981202,874,-1.78745045486639,-0.243754459955705,-2.0312049148221,108.385261516879,114.885842786573,-6.50058126969395,-22,2334515,#E1ECF6,#F7FAFC,#E4EEF7
2341,Kam Sanders,Air Force,-0.77985305,-0.37332871,-1.15318176,1629,0.289860099718403,1.09526398872808,1.38512408844648,89.413514352549,115.904319062621,-26.4908047100717,-420,2505130,#E7F0F8,#EDF4FA,#E4EEF7
2342,Jamari Phillips,Oregon,-0.69894407,-0.45432551,-1.15326958,469,-1.26577407693106,-0.779522257948888,-2.04529633487994,104.265675588806,104.986521375579,-0.720845786773072,-56,2306710,#EAF2F8,#EAF2F8,#E4EEF7
2343,Dalen Davis,Princeton,-0.30668846,-0.85192036,-1.15860882,886,-0.315385759510019,-1.01134433509981,-1.32673009460983,98.7303518837496,109.753472461472,-11.0231205777229,-83,2124862,#F5F9FC,#D8E6F3,#E4EEF7
2344,George Natsvlishvili,North Dakota,-0.30302525,-0.86228952,-1.16531477,1101,-0.00713006799503035,-0.560269167288923,-0.567399235283953,103.800584733416,113.253110191996,-9.45252545857977,-44,2286437,#F5F9FC,#D7E6F3,#E4EEF7
2345,Kosy Akametu,Iona,-0.8035,-0.36243441,-1.16593441,1226,-0.696871146044815,-1.09619372694913,-1.79306487299394,102.44886404303,105.743280533248,-3.29441649021831,30,1920275,#E6F0F8,#EEF4FA,#E4EEF7
2346,Eli Greenberg,Le Moyne,-1.0620443,-0.11205362,-1.17409792,707,-2.49745797842446,-0.891270236920173,-3.38872821534464,104.593024702839,106.718429398431,-2.12540469559279,43,2543885,#DFEBF5,#F9FBFD,#E4EEF7
2347,Jimmy Oladokun Jr.,Rice,-1.348315,0.17387068,-1.17444432,822,-1.72424459244627,0.0209388966174034,-1.70330569582886,104.666826666816,109.883069916252,-5.21624324943595,-37,2154000,#D6E6F3,#FFFCF8,#E4EEF7
2348,DaJohn Craig,Coastal Carolina,0.35680448,-1.532405,-1.17560052,635,-0.808679396477966,-1.26709669896172,-2.07577609543969,103.908957982727,110.649781013243,-6.74082303051577,1,2126486,#FFFBF7,#B8D3EA,#E4EEF7
2349,Matus Hronsky,Portland,-0.7632159,-0.41421666,-1.17743256,940,-1.10879281412071,-0.319787555159522,-1.42858036928024,101.773507031006,108.319433990911,-6.54592695990428,-59,1894264,#E8F0F8,#ECF3F9,#E4EEF7
2350,Yaniel Rivera,Abilene Christian,-0.47619309,-0.70481716,-1.18101025,1185,0.118718683361678,-0.251221391200968,-0.13250270783929,96.9914746252009,108.224726689797,-11.2332520645964,-61,2125324,#F0F6FA,#DEEBF5,#E4EEF7
2351,Josh Hayes,Utah,-0.035709219,-1.1485643,-1.184273519,706,-0.555652586833768,0.165104568719915,-0.390548018113853,111.324798924265,113.587787781687,-2.26298885742127,-66,2127613,#FDFEFE,#CADEEF,#E4EEF7
2352,Isaac Finlinson,Hawaii,-0.61220055,-0.5749516,-1.18715215,1252,0.090987625921454,-0.694241508896235,-0.603253882974781,103.077217415368,103.857222868703,-0.780005453334476,92,1912475,#ECF3F9,#E4EEF7,#E4EEF7
2353,Lachlan Brewer,Idaho State,0.55133045,-1.7391845,-1.18785405,1460,0.526349168736336,-0.952756483113193,-0.426407314376858,107.868928622222,116.674762202064,-8.80583357984199,-58,2298247,#FFF9F2,#AFCDE8,#E4EEF7
2354,Tolu Samuels,Southern Indiana,-0.89459337,-0.29472595,-1.18931932,1380,-0.803809845284411,-0.379657123711057,-1.18346696899547,95.7742472636238,110.165168945975,-14.3909216823515,-110,2507470,#E4EEF7,#F1F6FB,#E4EEF7
2355,Jaylen Jones,Jacksonville,-0.43457521,-0.75646213,-1.19103734,1313,-0.629789707892227,0.294274304981312,-0.335515402910915,100.131737320081,114.60585934284,-14.4741220227591,-147,2127715,#F1F6FB,#DCE9F5,#E3EEF7
2356,Filip Petkovski,Tennessee-Martin,-1.0432186,-0.15049486,-1.19371346,1234,-0.48242907481772,-1.31098712813106,-1.79341620294878,98.7085441057165,100.838639367312,-2.13009526159541,54,2505185,#DFEBF5,#F8FAFD,#E3EEF7
2357,Prince Aligbe,Southern Illinois,-1.8878509,0.6930175,-1.1948334,1116,-2.03071475688489,-0.335638013386898,-2.36635277027178,99.6861706452433,99.4527673053074,0.233403339935967,4,1908250,#C6DCEE,#FFF3E4,#E3EEF7
2358,Rory Hawke,Saint Mary's,-1.4657066,0.26988195,-1.19582465,540,-0.9987781792353,-0.614289963568499,-1.6130681428038,110.48533773057,94.6876565516466,15.7976811789233,60,1981131,#D3E3F2,#FFFAF4,#E3EEF7
2359,Kyle Carlesimo,Colgate,-0.13379403,-1.0640644,-1.19785843,1274,-0.179748870035757,-0.65074448741148,-0.830493357447236,104.248509532514,110.967537031042,-6.71902749852824,-6,1936959,#FAFCFD,#CEE0F0,#E3EEF7
2360,Kaidon Rayfield,UTSA,-1.7489745,0.54874539,-1.20022911,817,-1.44167668558431,0.855448874050808,-0.586227811533502,93.5217873881975,112.460013039431,-18.9382256512335,-170,2548802,#CADEEF,#FFF5E9,#E3EEF7
2361,Jailen Daniel-Dalton,UC Riverside,-0.6565972,-0.54596464,-1.20256184,1002,-0.807670034762327,0.00126670525855337,-0.806403329503773,99.3627350137845,111.660941553327,-12.2982065395427,-94,2161719,#EBF2F9,#E6EFF7,#E3EEF7
2362,Kooper Jacobi,Eastern Illinois,-0.54401545,-0.65953319,-1.20354864,1708,-0.684329541007153,-0.788971336116998,-1.47330087712415,93.1347628274463,109.699528420413,-16.5647655929669,-198,1722238,#EEF4FA,#E0ECF6,#E3EEF7
2363,Sam Hughes,Boston University,0.54060479,-1.7474196,-1.20681481,1588,0.161180061129887,-1.41140835161755,-1.25022829048767,110.653032716842,115.699452831692,-5.04642011485026,27,2482547,#FFF9F3,#AFCDE7,#E3EEF7
2364,Malchiah Marable,Central Arkansas,-2.7930217,1.585421,-1.2076007,1137,-1.98509598566487,0.741155143260329,-1.24394084240454,102.180045615882,99.0276639828949,3.15238163298711,39,2559456,#ABCBE6,#FFE3C1,#E3EEF7
2365,Sadraque NgaNga,San Jose State,-0.024589012,-1.1833613,-1.207950312,1241,-0.459618334518705,0.014646395727807,-0.444971938790898,107.681754365914,117.569380264153,-9.88762589823962,-141,1908616,#FEFEFE,#C8DDEF,#E3EEF7
2366,Ralph Martino Jr.,Saint Francis (PA),0.35688717,-1.5651971,-1.20830993,658,1.82619762270341,-1.17851730167139,0.647680321032018,97.730206688117,118.74563058446,-21.0154238963428,-151,2336161,#FFFBF7,#B7D2EA,#E3EEF7
2367,Issac Williamson,UNLV,-1.3076986,0.099087111,-1.208611489,1212,-1.27154833874724,0.583759467208516,-0.687788871538726,105.885650604032,106.778128421616,-0.89247781758337,-45,2550760,#D7E6F3,#FFFDFB,#E3EEF7
2368,Dominique Ford,San Diego,-0.15013732,-1.060476,-1.21061332,860,-0.964754912556948,-0.480191924423625,-1.44494683698057,103.739183552888,113.519623355084,-9.78043980219627,-77,1892850,#FAFCFD,#CEE1F0,#E3EEF7
2369,Stephen Byard,Chicago State,-0.32133445,-0.89159591,-1.21293036,831,-0.841214967403715,-0.136929763555799,-0.978144730959515,99.0338057896893,117.318583358796,-18.2847775691065,-113,2118838,#F5F9FC,#D6E5F3,#E3EDF7
2370,Vice Zanki,Niagara,-0.49878927,-0.71553635,-1.21432562,954,0.769694790884798,-0.74920467516543,0.0204901157193678,94.5688205300636,113.676201121416,-19.1073805913526,-111,2136430,#F0F5FA,#DEEAF5,#E3EDF7
2371,Kavien Jones,Tennessee State,-0.23471981,-0.98279248,-1.21751229,470,-0.552748795473925,-0.920377030200847,-1.47312582567477,106.07431087251,111.532510291306,-5.45819941879586,12,2335902,#F7FAFC,#D2E3F2,#E3EDF7
2372,Josh Jones,North Dakota,-1.4724883,0.25048576,-1.22200254,828,-2.94979130347101,-0.059408743764737,-3.00920004723575,103.636621667015,108.847892168803,-5.21127050178753,-11,2110049,#D2E3F2,#FFFAF5,#E3EDF6
2373,Lance Williams,Prairie View,-0.13164585,-1.0917717,-1.22341755,2040,-0.138443899344222,-1.53889487248476,-1.67733877182898,98.0746614134731,108.932328446434,-10.8576670329608,-49,2565494,#FBFCFD,#CDE0F0,#E3EDF6
2374,Josh Taylor,East Texas A&M,-1.2917599,0.067874208,-1.223885692,854,-1.2422012618192,-0.490208546439631,-1.73240980825883,92.364102585744,109.007663052758,-16.6435604670138,-131,1582871,#D8E7F3,#FFFDFC,#E3EDF6
2375,Mike Evbagharu,Canisius,-0.46880571,-0.75511657,-1.22392228,1574,0.557547800745298,-0.306933963450594,0.250613837294704,93.6047124157508,113.129358976779,-19.5246465610283,-192,2110185,#F0F6FA,#DCE9F5,#E3EDF6
2376,Jackson Benigni,Binghamton,0.75434729,-1.980436,-1.22608871,1408,1.15079344453392,-1.43211849745561,-0.281325052921688,98.567546680406,119.446113026172,-20.8785663457663,-149,1718007,#FFF7EE,#A4C6E4,#E3EDF6
2377,Darius Washington III,Kennesaw State,-0.084314549,-1.1432372,-1.227551749,537,-0.0022002467210086,-0.822369263365875,-0.824569510086884,106.806016536287,111.954458390352,-5.1484418540648,-15,2540418,#FCFDFE,#CADEEF,#E3EDF6
2378,Jalen Stokes,UC Davis,-0.4853732,-0.7452556,-1.2306288,618,-0.882295653301081,-0.439553749159504,-1.32184940246059,105.25849243746,110.063229605987,-4.80473716852672,-31,2478327,#F0F6FA,#DCE9F5,#E3EDF6
2379,Jojo McIver,Colorado State,-1.5472868,0.31468625,-1.23260055,564,-1.97527804277448,-0.0347849183673712,-2.01006296114185,105.080539669279,106.026361392079,-0.945821722800644,3,2536818,#D0E2F1,#FFF9F2,#E3EDF6
2380,Brady Swartz,Western Michigan,-0.38888463,-0.8465677,-1.23545233,846,0.363079329131266,-0.829533926892932,-0.466454597761666,102.765404741308,111.934345903311,-9.16894116200266,-66,2501091,#F3F7FB,#D8E7F3,#E2EDF6
2381,Tarique Foster,Albany,-0.48579614,-0.75175133,-1.23754747,732,-0.952949022670187,-0.339242945451353,-1.29219196812154,102.062906599175,113.154193748924,-11.0912871497488,4,2152575,#F0F6FA,#DCE9F5,#E2EDF6
2382,Bastien Rieber,Fresno State,-0.88507397,-0.35270146,-1.23777543,881,-0.598035729390703,-0.953190858700007,-1.55122658809071,100.976424352484,103.608364155041,-2.63193980255692,-49,2543793,#E4EEF7,#EEF5FA,#E2EDF6
2383,Makai Richards,Chattanooga,-0.73530064,-0.50491577,-1.24021641,600,-1.49849367212485,-0.115345999773081,-1.61383967189793,101.915597209506,113.353819588171,-11.4382223786653,-67,1687574,#E8F1F8,#E7F0F8,#E2EDF6
2384,Andre Pasha,New Haven,-1.4359181,0.19227496,-1.24364314,1490,-0.623509467040674,-0.352747701236859,-0.976257168277533,91.9918321964455,107.075071676755,-15.0832394803098,-106,2531837,#D4E4F2,#FFFBF7,#E2EDF6
2385,Traivar Jackson,Northern Arizona,-1.8240142,0.57706105,-1.24695315,1058,-0.863553909441664,1.36860944650041,0.505055537058748,97.1685435622336,113.391426055933,-16.2228824936994,-179,2149400,#C8DDEF,#FFF5E8,#E2EDF6
2386,Chuck Love III,Loyola Chicago,0.38631137,-1.633351,-1.24703963,508,0.626633585923281,-1.21727703598643,-0.590643450063147,104.070446903797,118.078148390895,-14.0077014870976,-59,2535043,#FFFBF6,#B4D0E9,#E2EDF6
2387,Jayden Cooper,South Alabama,-0.6366869,-0.61203702,-1.24872392,1515,-0.802050702011011,-1.21441264276107,-2.01646334477208,104.825639687694,104.868871713471,-0.0432320257765406,74,2281196,#EBF3F9,#E3EDF6,#E2EDF6
2388,Truth Harris,La Salle,-0.39960582,-0.85039059,-1.24999641,938,-0.520143696541033,0.373523728197996,-0.146619968343037,99.2330731805887,113.111537189136,-13.8784640085474,-199,2116801,#F3F7FB,#D8E6F3,#E2EDF6
2389,Madiba Owona,Utah Tech,-0.76383222,-0.49029874,-1.25413096,548,-1.12137890887618,-0.382361409124819,-1.503740318001,105.344882623843,109.381289368852,-4.03640674500851,-19,2321216,#E8F0F8,#E8F1F8,#E2EDF6
2390,Joshua Ola-Joseph,Loyola Chicago,0.42765497,-1.682557,-1.25490203,1032,0.82168479671438,-0.930351714799,-0.108666918084619,100.205938266984,115.650778032056,-15.4448397650723,-155,1906856,#FFFAF5,#B2CFE8,#E2EDF6
2391,TJ Biel,Maine,-1.35359,0.095621739,-1.257968261,1555,-0.685400055292551,-0.749570326251358,-1.43497038154391,90.358938118215,106.531775735046,-16.1728376168308,-140,2549981,#D6E5F3,#FFFDFB,#E2EDF6
2392,Derek Vorst,Indiana State,-0.90215798,-0.35584105,-1.25799903,737,0.699211143833961,-0.215128470145602,0.48408267368836,98.4688053994331,109.394751771857,-10.9259463724239,-90,2133599,#E4EEF7,#EEF4FA,#E2EDF6
2393,Ras Elijah Godbolt,Fairleigh Dickinson,-0.83802016,-0.42104338,-1.25906354,502,-1.95640564125278,-0.864594999074388,-2.82100064032716,102.481414504264,109.893747774765,-7.41233327050148,-15,2563842,#E5EFF7,#EBF3F9,#E2EDF6
2394,Daniil Glazkov,Loyola Chicago,-1.1338576,-0.12819146,-1.26204906,545,-0.633924522344165,-0.965226869359733,-1.5991513917039,96.7067458019059,106.97510627216,-10.2683604702543,-82,2313676,#DDEAF5,#F9FBFD,#E2EDF6
2395,Malik Presley,George Mason,-1.301533,0.035174028,-1.266358972,818,-1.67095312720942,-0.0689286891239401,-1.73988181633336,108.139669240307,104.362239076696,3.77743016361161,47,2115434,#D8E6F3,#FFFEFD,#E2EDF6
2396,Jarne Elouna Eyenga,Charlotte,-1.442983,0.17065376,-1.27232924,732,-1.5796938036509,-0.386102519604993,-1.96579632325589,106.519228204537,106.754606270696,-0.235378066158676,-12,2540444,#D3E4F2,#FFFCF8,#E2EDF6
2397,Kylan Blackmon,Charlotte,0.31031264,-1.5894596,-1.27914696,475,-2.3804400451422,-1.31121543745314,-3.69165548259533,111.425082398241,116.651507067657,-5.22642466941563,-37,1890533,#FFFBF8,#B6D2E9,#E1EDF6
2398,Azmar Abdullah,Boston University,0.32610359,-1.6070801,-1.28097651,1546,-0.299394916679647,-0.996831496179598,-1.29622641285924,111.060808043274,115.637840705077,-4.57703266180327,55,2304747,#FFFBF7,#B5D1E9,#E1EDF6
2399,Cade Hornecker,Abilene Christian,-1.3743092,0.09230097,-1.28200823,846,-0.821105115502521,0.0985569785964811,-0.72254813690604,96.2277385865294,107.306073221967,-11.0783346354379,-39,1924260,#D5E5F3,#FFFDFB,#E1EDF6
2400,Kylin Green,Houston Christian,-0.53221378,-0.75338352,-1.2855973,1519,0.196480660062836,-0.564309478315332,-0.367828818252496,97.2557981337561,110.188591153179,-12.9327930194228,-128,2340348,#EFF5FA,#DCE9F5,#E1ECF6
2401,Tim Oboh,Buffalo,-2.2739527,0.98129678,-1.29265592,1090,-1.82250404233297,1.5175471015977,-0.304956940735268,105.838931909385,109.986561749954,-4.14762984056873,-55,2319448,#BAD4EB,#FFEED8,#E1ECF6
2402,Jaquan Sanders,Florida A&M,0.069613154,-1.365877,-1.296263846,1572,0.95401013958035,-1.11203504499466,-0.158024905414306,94.7574821804965,110.299140982294,-15.5416588017979,-120,1940396,#FFFEFD,#C0D8EC,#E1ECF6
2403,Caleb Hollenbeck,Marshall,0.95513587,-2.254069,-1.29893313,945,1.02228744629425,-2.02014672427471,-0.99785927798046,110.34285288996,112.734016721199,-2.39116383123876,27,2560959,#FFF5E9,#97BFE1,#E1ECF6
2404,Josiah Sabino,Niagara,-1.35828,0.058617643,-1.299662357,925,-0.808371128705839,0.50908198535033,-0.299289143355509,94.4231565457402,113.201052871133,-18.7778963253927,-97,1910672,#D6E5F3,#FFFDFC,#E1ECF6
2405,Denver Anglin,Iona,-0.55631608,-0.74365228,-1.29996836,1501,-0.743597132578006,-1.3955808385987,-2.1391779711767,101.513197860189,106.725642802892,-5.21244494270312,16,1941023,#EEF4FA,#DCE9F5,#E1ECF6
2406,Andy Sigiscar,Tarleton State,-2.3372045,1.0372178,-1.2999867,581,-0.58208350210827,0.211961856605369,-0.370121645502901,91.1589733025658,102.218537418867,-11.0595641163016,-41,2317064,#B9D3EA,#FFEDD6,#E1ECF6
2407,Kiyan Anthony,Syracuse,-0.68498351,-0.61644283,-1.30142634,916,-0.850347354002923,-0.654282632827525,-1.50462998683045,106.044368221444,105.810262094973,0.234106126470945,-42,2531804,#EAF2F9,#E2EDF6,#E1ECF6
2408,Chris Arias,Jacksonville,0.072047965,-1.3737244,-1.301676435,842,0.0991923977751387,-0.673682753797231,-0.574490356022093,100.269896989466,113.956647041744,-13.6867500522781,-109,2319484,#FFFEFD,#C0D8EC,#E1ECF6
2409,Jah'Likai King,UMBC,-0.30067549,-1.0017098,-1.30238529,1576,-0.625180721837554,-1.7353819313804,-2.36056265321796,106.376965605283,107.026211465755,-0.649245860472658,152,2138845,#F6F9FC,#D1E2F1,#E1ECF6
2410,Elijah Jamison,Norfolk State,0.39122143,-1.6940345,-1.30281307,1356,0.919728335761519,-1.85884418972078,-0.939115853959263,98.6293486245174,113.89263497041,-15.2632863458921,-96,1905969,#FFFBF6,#B1CFE8,#E1ECF6
2411,Esyah Pippa-White,Milwaukee,-0.66724194,-0.63643361,-1.30367555,954,-1.60841175913946,-0.64535284438936,-2.25376460352882,106.716767489045,110.072744803156,-3.35597731411061,-37,2321274,#EBF2F9,#E1ECF6,#E1ECF6
2412,Ryan Bartley,Houston Christian,-0.6340237,-0.67003974,-1.30406344,1450,0.219109546629946,-0.300598918617756,-0.0814893719878108,98.4057425386978,110.824342444067,-12.418599905369,-129,2316254,#ECF3F9,#E0ECF6,#E1ECF6
2413,Sebastien Emenalo,Loyola Maryland,-0.59380803,-0.71030001,-1.30410804,748,-2.55933092523741,-0.480941467202158,-3.04027239243957,106.057188538151,115.199643024838,-9.14245448668654,-23,2492978,#EDF4F9,#DEEAF5,#E1ECF6
2414,Rokas Jocius,Loyola Marymount,-1.2277834,-0.08000831,-1.30779171,660,-1.53502282417553,-0.147319007892107,-1.68234183206763,102.705268435927,104.947050349445,-2.24178191351798,-23,1932412,#DAE8F4,#FBFCFD,#E1ECF6
2415,Leif Moeller,Evansville,-0.31732765,-0.99390581,-1.31123346,1653,0.558313570840221,0.561388789379018,1.11970236021924,97.9653643125388,115.361196424751,-17.3958321122123,-305,2548119,#F5F9FC,#D1E2F1,#E1ECF6
2416,Jayme Mitchell Jr.,Jackson State,-0.47440947,-0.83809408,-1.31250355,1853,-0.441295258206893,-0.0257511812161077,-0.467046439423,96.548012867487,117.31564174598,-20.7676288784929,-271,1927425,#F0F6FA,#D8E7F3,#E1ECF6
2417,Gregory Lawson,Eastern Michigan,-0.7029928,-0.61309488,-1.31608768,816,0.0390553562814405,-1.7855735468214,-1.74651819053996,99.065784022987,102.941731592908,-3.87594756992069,-21,2494529,#E9F1F8,#E2EDF6,#E1ECF6
2418,Chike Ndefo,Towson,-2.8724721,1.5524975,-1.3199746,586,-3.30359069962729,0.108599976629893,-3.19499072299739,98.5611158898644,95.4547092305781,3.10640665928632,-12,2311307,#A9C9E6,#FFE4C2,#E1ECF6
2419,Naas Cunningham,UNLV,0.1076868,-1.4293083,-1.3216215,488,-0.934680048549155,-0.817685893097016,-1.75236594164617,113.188255012678,112.943049895766,0.245205116912239,17,2301242,#FFFDFC,#BDD6EC,#E1ECF6
2420,Lucas Mari,Vermont,-1.3111802,-0.011125656,-1.322305856,880,-1.73532911108009,-0.61946192610398,-2.35479103718407,101.94770647377,108.885931707723,-6.93822523395311,-1,2534669,#D7E6F3,#FEFEFE,#E1ECF6
2421,Kajus Kublickas,Pacific,-1.4148271,0.090674106,-1.324152994,990,-0.313416974871475,-0.159509283916446,-0.472926258787921,101.816770501476,103.168013822592,-1.35124332111587,-27,2106889,#D4E4F2,#FFFDFB,#E0ECF6
2422,Trevor Hennig,Weber State,-0.37376195,-0.9509059,-1.32466785,1054,-0.936220228004091,-0.868144013759909,-1.804364241764,107.158858918267,112.106978242719,-4.94811932445141,-6,2326108,#F3F8FB,#D3E4F2,#E0ECF6
2423,Eric Parnell,Fairleigh Dickinson,0.10280531,-1.43273,-1.32992469,1207,1.45806391776875,-1.89797592586917,-0.43991200810042,96.9590796257044,113.24756883883,-16.2884892131256,-71,2092557,#FFFDFC,#BDD6EC,#E0ECF6
2424,Wei Lin,Oregon,-0.53436103,-0.79564604,-1.33000707,875,0.502854814081499,-0.471362369127281,0.0314924449542174,105.49277866851,104.141409527996,1.35136914051439,-65,2543875,#EFF5FA,#DAE8F4,#E0ECF6
2425,Silas Bennion,South Dakota,-0.39015358,-0.94070742,-1.330861,798,-0.941929795483903,-1.51541117012909,-2.45734096561299,103.862791530702,109.773938566191,-5.91114703548907,5,2686613,#F3F7FB,#D3E4F2,#E0ECF6
2426,Jordan Muller,California Baptist,-0.92055336,-0.41571902,-1.33627238,1181,-1.2417174870273,-1.12440529732316,-2.36612278435046,104.08487895271,102.866205740572,1.21867321213842,44,2483426,#E3EDF7,#EBF3F9,#E0ECF6
2427,Cade Haskins,William & Mary,-1.4197955,0.077662883,-1.342132617,951,-0.609604971175988,-0.700822851709667,-1.31042782288565,99.9884583947717,103.675181545791,-3.68672315101926,3,1713504,#D4E4F2,#FFFDFB,#E0ECF6
2428,Binael Basil,Wagner,-1.0769923,-0.27748192,-1.35447422,1062,0.366367561508776,-0.925450810867912,-0.559083249359136,95.7267347494793,108.960657880767,-13.2339231312876,-61,2569026,#DEEBF5,#F2F7FB,#E0ECF6
2429,Demarion Burch,Bradley,-0.84813603,-0.50698463,-1.35512066,999,-1.13521270409249,-0.945632323408453,-2.08084502750095,103.665679000341,105.317839749838,-1.65216074949741,5,2091388,#E5EFF7,#E7F0F8,#E0EBF6
2430,Jayden Williams,Bucknell,-0.91166313,-0.45123207,-1.3628952,1798,-0.402186459573182,-0.0741208469644254,-0.476307306537607,96.5464532132644,110.627639499674,-14.0811862864099,-165,2313648,#E3EEF7,#EAF2F9,#E0EBF6
2431,Carl Daughtery Jr.,UC Davis,-0.29308709,-1.0703948,-1.36348189,1073,0.845785348427759,-1.59230365533018,-0.746518306902425,102.767815189967,105.26435689183,-2.49654170186304,21,1908345,#F6F9FC,#CEE0F0,#E0EBF6
2432,Grant Kepley,Montana,-1.0312143,-0.33245652,-1.36367082,981,-1.46145825024206,-0.00750486657570857,-1.46896311681777,103.47189255406,107.503839735882,-4.03194718182136,-14,2283316,#E0EBF6,#EFF5FA,#E0EBF6
2433,Kameron Tinsley,IU Indy,0.11447928,-1.4803316,-1.36585232,906,0.724815220974393,0.19332870973038,0.918143930704773,104.201264654589,119.958782879718,-15.7575182251294,-106,2360659,#FFFDFC,#BBD5EB,#E0EBF6
2434,Taj Walters,Northern Illinois,-1.3123365,-0.053617862,-1.365954362,1296,-0.775637266590205,-0.205947111433604,-0.981584378023809,93.6528451012407,109.417907853547,-15.7650627523059,-183,2543663,#D7E6F3,#FCFDFE,#E0EBF6
2435,Jaylen Robinson,Richmond,-0.80808415,-0.55816221,-1.36624636,500,-0.6701007941242,0.391482817745082,-0.278617976379118,105.913413377736,112.81752808981,-6.90411471207359,-33,2322689,#E6F0F8,#E5EFF7,#E0EBF6
2436,Ian Smikle,Tulsa,-1.4712437,0.097323281,-1.373920419,709,-1.25083570339249,0.0137887042456008,-1.23704699914689,109.538112571383,108.001925448785,1.53618712259791,5,2349988,#D2E3F2,#FFFDFB,#DFEBF5
2437,Luca Colceag,Tennessee-Martin,-1.5543702,0.17915908,-1.37521112,522,-1.5786152140811,0.105990261591186,-1.47262495248992,96.4284237831267,102.858292559786,-6.4298687766597,2,1924315,#D0E2F1,#FFFBF8,#DFEBF5
2438,Jalen Breath,Ohio,-1.9354519,0.55870529,-1.37674661,591,-2.60897357934196,-0.267483171156271,-2.87645675049823,99.3866975744957,107.208454925664,-7.82175735116868,-45,1709901,#C5DBEE,#FFF5E9,#DFEBF5
2439,Eddrin Bronson,Furman,-1.1030986,-0.27503812,-1.37813672,952,-1.28302104539082,-0.574447942333555,-1.85746898772437,103.674898269526,104.365527913423,-0.690629643897611,19,2146831,#DDEAF5,#F2F7FB,#DFEBF5
2440,Shawn Simmons II,UMass Lowell,-0.93192136,-0.44711436,-1.37903572,1181,-1.16431509809142,-0.0625419463549528,-1.22685704444637,101.910902451061,113.487993118425,-11.5770906673635,-33,2134485,#E3EDF6,#EAF2F9,#DFEBF5
2441,AJ Clark,VMI,-1.7452487,0.36339288,-1.38185582,918,-0.887642826150394,0.67985704197705,-0.207785784173344,91.9670874070647,121.807780017638,-29.8406926105738,-233,2112508,#CADEEF,#FFF8F0,#DFEBF5
2442,Brian Sumpter,Wofford,-0.70772159,-0.67452441,-1.382246,1124,-0.813319422496527,0.206935858754715,-0.606383563741812,106.768869429472,113.762839558119,-6.9939701286468,-61,2475427,#E9F1F8,#E0EBF6,#DFEBF5
2443,Théo Pierre-Justin,DePaul,-0.87785607,-0.50445818,-1.38231425,775,1.14716471568999,-0.0948424370007693,1.05232227868923,100.19118906733,103.893024222634,-3.70183515530393,-61,2305475,#E4EEF7,#E7F0F8,#DFEBF5
2444,Jake Davis,Cal Poly,-1.4135513,0.029875263,-1.383676037,1200,-0.710198664416936,0.120284097784022,-0.589914566632914,101.45278210505,110.166580953891,-8.71379884884163,-76,2544044,#D4E4F2,#FFFEFD,#DFEBF5
2445,Miles Webb,Delaware State,-1.4405813,0.056298775,-1.384282525,979,-1.74560650378246,-1.10975607581098,-2.85536257959345,89.712278084787,106.734445922354,-17.0221678375669,-49,1946942,#D3E4F2,#FFFEFC,#DFEBF5
2446,Mario Andrews,Alabama State,-1.4595223,0.07384918,-1.38567312,475,-2.4758158222328,-0.800712581681212,-3.27652840391401,99.9861215151724,104.428966270239,-4.44284475506609,16,2342848,#D3E3F2,#FFFDFC,#DFEBF5
2447,ArDarius Grayson,Weber State,-0.52833418,-0.86009933,-1.38843351,622,-3.12954048163273,-0.0700383301863664,-3.1995788118191,112.086315390684,113.483552084885,-1.39723669420078,-22,2541455,#EFF5FA,#D7E6F3,#DFEBF5
2448,Isaiah Williams,Portland State,-1.6897708,0.3005212,-1.3892496,581,-1.86729140708606,0.531432077157074,-1.33585932992899,101.129199122847,102.963946888745,-1.83474776589831,-15,2112668,#CCDFF0,#FFF9F3,#DFEBF5
2449,Makai Willis,Texas State,-1.0764257,-0.315613,-1.3920387,648,-0.967392310116441,-0.283682566425336,-1.25107487654178,100.437990176972,109.994610171511,-9.55661999453941,-27,2140119,#DEEBF5,#F0F6FA,#DFEBF5
2450,Bryce Roberts,Texas Southern,-0.09529308,-1.2992443,-1.39453738,1183,0.63029238316562,-1.51630067255551,-0.886008289389885,98.9651241197719,113.164874864913,-14.1997507451409,-40,2138781,#FCFDFE,#C3DAED,#DFEBF5
2451,Halon Rawlins,Fairfield,-1.5457282,0.15080464,-1.39492356,908,-1.30485967839774,0.0197230612030574,-1.28513661719468,103.312073896747,107.68235009257,-4.37027619582369,-6,2471919,#D0E2F1,#FFFCF9,#DFEBF5
2452,Shane Lancaster,Alcorn State,0.31990932,-1.7227993,-1.40288998,1592,1.43466476685937,-0.924821290796474,0.5098434760629,93.3064826224726,116.282016888673,-22.9755342662003,-270,1925353,#FFFBF7,#B0CEE8,#DFEBF5
2453,Bryan Akanmu,Wagner,-1.2756128,-0.1278958,-1.4035086,938,-0.922133931832784,-1.0089525647231,-1.93108649655588,98.8048611715393,108.078506970543,-9.27364579900339,-12,2569024,#D8E7F3,#F9FBFD,#DFEBF5
2454,Derrius Ward,Grambling,-1.1726998,-0.23161431,-1.40431411,1660,-0.505388871023102,-1.27414374574719,-1.77953261677029,94.6176841524603,105.063283332152,-10.4455991796921,-45,1614749,#DBE9F4,#F4F8FB,#DFEBF5
2455,Xavier Abreu,Northeastern,0.5743637,-1.9808436,-1.4064799,1090,1.06135480779197,-0.703899034490491,0.35745577330148,103.779014541057,118.335390303061,-14.5563757620042,-127,2474097,#FFF9F2,#A4C6E4,#DFEBF5
2456,Cameron Williams,Portland,-0.38215685,-1.0273656,-1.40952245,1200,0.46440057132471,-0.411253646655725,0.0531469246689854,100.26480829167,110.762060489988,-10.4972521983178,-154,2539454,#F3F7FB,#D0E1F1,#DFEBF5
2457,Justyn Fernandez,Delaware,-0.61641872,-0.80225972,-1.41867844,1681,-0.47585854561131,0.105380847334727,-0.370477698276583,100.726042803934,113.551079521536,-12.825036717602,-165,1793555,#ECF3F9,#DAE8F4,#DEEBF5
2458,Cameron McNamee,Dartmouth,-1.3346292,-0.085795433,-1.420424633,886,-0.91118392480432,0.196753963525571,-0.714429961278748,99.0459485738196,109.278148558016,-10.2321999841963,-104,2305787,#D7E6F3,#FBFCFD,#DEEBF5
2459,Kolten Griffin,West Georgia,-1.2294954,-0.19339834,-1.42289374,1774,-0.772903622296265,1.24432172580852,0.471418103512252,98.7314945442759,112.938490706476,-14.2069961621998,-197,1948216,#DAE8F4,#F6F9FC,#DEEBF5
2460,Sean Lang,Mercyhurst,-1.2178224,-0.2070149,-1.4248373,656,-1.53229947060176,-0.466155696301213,-1.99845516690298,100.075996729978,105.484189592762,-5.40819286278453,37,1619301,#DAE8F4,#F5F9FC,#DEEBF5
2461,Abass Bodija,Fordham,-1.5252154,0.095563805,-1.429651595,750,0.298711655559646,0.191625311592135,0.49033696715178,98.4185961392052,104.274390051539,-5.85579391233354,-21,2348718,#D1E2F1,#FFFDFB,#DEEAF5
2462,Luke Haertle,South Dakota State,-1.2985071,-0.1314624,-1.4299695,678,-1.72313420746615,-0.00910092105612534,-1.73223512852227,104.926639114302,108.006610367309,-3.0799712530077,-5,1930481,#D8E6F3,#F8FBFD,#DEEAF5
2463,Dailin Smith,Cal State Bakersfield,0.10046929,-1.5310825,-1.43061321,1578,0.276541034722012,-0.639696855940345,-0.363155821218333,97.562979356351,115.944113554216,-18.3811341978653,-211,1597141,#FFFEFC,#B8D3EA,#DEEAF5
2464,Love Bettis,Incarnate Word,-0.007054991,-1.423846,-1.430900991,727,-1.78167354537574,-1.3494592548613,-3.13113280023703,110.063243711129,114.269904579382,-4.20666086825248,-27,1952891,#FEFEFE,#BDD6EC,#DEEAF5
2465,Houran Dan,Seattle,-1.8752983,0.44260072,-1.43269758,816,-1.6296817180614,0.0202521719424498,-1.60942954611895,97.072253319226,98.9257396357075,-1.85348631648146,-34,2315037,#C6DCEE,#FFF7ED,#DEEAF5
2466,Jo Van Buggenhout,Indiana State,0.099488266,-1.5323622,-1.432873934,912,0.763438471855672,-0.824789893825833,-0.0613514219701611,102.105220518623,111.230783043876,-9.12556252525358,-67,2503129,#FFFEFC,#B8D3EA,#DEEAF5
2467,Lilian Marville,UNC Greensboro,0.9806095,-2.4148988,-1.4342893,1367,0.829344701786951,-1.10650315572414,-0.277158453937188,106.573385526273,119.398786598026,-12.8254010717526,-125,2540607,#FFF5E9,#90BADF,#DEEAF5
2468,Bryce Quinet,Evansville,-1.053186,-0.38266751,-1.43585351,1387,-1.1499870653024,0.0141288083303204,-1.13585825697208,98.5120905758004,111.579187521248,-13.0670969454477,-203,2548121,#DFEBF5,#EDF4F9,#DEEAF5
2469,Canin Jefferson,North Alabama,-0.43855258,-1.0011519,-1.43970448,1022,-0.318756329576238,-0.146579741810524,-0.465336071386762,97.890111358846,114.446161970951,-16.5560506121053,-123,2147818,#F1F6FB,#D1E2F1,#DEEAF5
2470,Braxton Williams,The Citadel,0.76629526,-2.2068568,-1.44056154,1494,1.17528343362339,-0.904570972572975,0.270712461050412,101.113338982271,119.421778459682,-18.3084394774107,-213,2093115,#FFF7EE,#9AC0E1,#DEEAF5
2471,Christian Brown,James Madison,-1.8926489,0.45098478,-1.44166412,721,-2.45876255562821,2.21974113112052,-0.239021424507693,104.54717904074,112.950135232242,-8.40295619150231,-74,2549971,#C6DBEE,#FFF7ED,#DEEAF5
2472,Trey Scott III,Georgia State,-1.3648553,-0.07790257,-1.44275787,896,-1.31923673442435,-0.599632330418131,-1.91886906484248,97.4538813967933,108.077521420514,-10.6236400237211,-53,2305851,#D6E5F3,#FBFCFD,#DEEAF5
2473,Jamil Muttilib,Grambling,-0.60170353,-0.84777467,-1.4494782,1480,0.34382713218201,-0.602765909105135,-0.258938776923125,94.7215974672008,109.72916800635,-15.0075705391487,-98,2302345,#ECF3F9,#D8E7F3,#DEEAF5
2474,John Awoke,Wagner,-0.10182703,-1.3525139,-1.45434093,1066,-0.311161157041191,-1.73037502246124,-2.04153617950243,101.774920151393,110.957302843106,-9.1823826917135,-13,2569022,#FBFDFE,#C1D8ED,#DEEAF5
2475,Belal El Shakery,New Hampshire,-2.4333265,0.97724164,-1.45608486,1224,-3.2113070172376,0.768833724125164,-2.44247329311244,93.3729016033967,109.18419612362,-15.8112945202231,-94,2098106,#B6D1E9,#FFEED8,#DDEAF5
2476,Dallas Howell,North Alabama,-0.89111558,-0.56680467,-1.45792025,1494,-1.23396226355104,0.632951527405374,-0.601010736145669,98.3589802240015,116.587165633049,-18.2281854090474,-210,1611822,#E4EEF7,#E5EEF7,#DDEAF5
2477,Khalon Hudson,Presbyterian,-0.51191149,-0.94614112,-1.45805261,519,-0.405749804130765,-0.262112141737509,-0.667861945868274,102.528584391183,112.815944573718,-10.2873601825358,-28,2349848,#EFF5FA,#D3E4F2,#DDEAF5
2478,Nestor Dyachok,North Florida,0.013618939,-1.4847149,-1.471095961,801,-0.325277139984677,-1.09686030003114,-1.42213744001582,107.320701685248,119.462765761746,-12.1420640764983,-102,2126382,#FFFEFE,#BBD5EB,#DDEAF5
2479,Edward Nnamoko,Winthrop,-1.8458949,0.37355982,-1.47233508,595,-1.88887793294492,-0.682347820287739,-2.57122575323266,100.828516708194,103.845504137111,-3.01698742891761,-38,1928682,#C7DCEF,#FFF8F0,#DDEAF5
2480,Jaylen Wysinger,Texas Southern,-0.78698798,-0.68764968,-1.47463766,1098,-0.81113245162551,0.391241258048835,-0.419891193576675,96.7969867151259,114.959587227175,-18.1626005120488,-128,2152690,#E7F0F8,#DFEBF5,#DDEAF5
2481,Abdou Khadre Kébé,Mount St. Mary's,-1.9724927,0.49178034,-1.48071236,774,-1.30067667130255,0.281523847252571,-1.01915282404998,97.218943315798,102.703864359397,-5.48492104359919,26,2306724,#C3DAED,#FFF6EB,#DDEAF5
2482,Eddie Placer,Wagner,0.15071142,-1.6348787,-1.48416728,1124,0.449758345799282,-2.0219597869901,-1.57220144119082,100.544665215373,112.133466014985,-11.5888007996115,-30,2141800,#FFFDFB,#B4D0E9,#DDEAF5
2483,Shemani Fuller,Rider,-1.2469888,-0.23733584,-1.48432464,1006,0.0490515053890372,0.0324047687900615,0.0814562741790988,92.2187337647619,114.411042541301,-22.1923087765395,-188,1695201,#D9E7F4,#F4F8FB,#DDEAF5
2484,Brennan Peterson,Northern Arizona,0.86318829,-2.347531,-1.48434271,929,0.443125015025616,-1.16395604253065,-0.720831027505032,105.419559128789,119.116564947357,-13.6970058185679,-57,2545378,#FFF6EB,#93BCDF,#DDEAF5
2485,Christian Watson,Hampton,-0.48128928,-1.0118922,-1.49318148,673,-0.874992902363369,-1.33177662010648,-2.20676952246985,100.647242528055,111.451131144815,-10.8038886167602,-36,1945155,#F0F6FA,#D0E2F1,#DDEAF5
2486,Shareef Jackson,Lafayette,-1.3952403,-0.098302034,-1.493542334,1090,-0.524136671049734,0.472327180272417,-0.0518094907773174,97.6496033653419,113.725554153941,-16.0759507885989,-76,2536828,#D5E5F2,#FAFCFD,#DDEAF5
2487,Zion Fruster,Eastern Illinois,-0.99091967,-0.50988789,-1.50080756,1500,-1.01747886716772,-0.444439462105658,-1.46191832927338,94.9386028274948,107.875356685619,-12.9367538581246,-92,1892494,#E1ECF6,#E7F0F8,#DCE9F5
2488,Isaiah Wilson,Winthrop,-2.2130051,0.71006699,-1.50293811,1123,-2.14957050700634,0.0139912364928296,-2.13557927051351,103.695453205738,102.522384496901,1.17306870883658,31,1600826,#BCD6EB,#FFF2E3,#DCE9F5
2489,Kayden Fish,Ball State,-1.5715809,0.066775604,-1.504805296,671,-0.699720828565474,-0.537943002276034,-1.23766383084151,94.6166420258496,105.898803704151,-11.2821616783017,-31,2099045,#CFE1F1,#FFFDFC,#DCE9F5
2490,Davion Cunningham,Morehead State,-0.16497725,-1.339938,-1.50491525,1359,-0.54837798165303,-0.678149192529122,-1.22652717418215,103.408125730999,114.021821306338,-10.6136955753383,-71,1922011,#FAFBFD,#C1D9ED,#DCE9F5
2491,Tyler Coleman,Towson,-1.1210058,-0.38396324,-1.50496904,988,-1.22631928493519,0.492681086814915,-0.733638198120279,102.903231619377,107.082537562957,-4.17930594357971,-63,1702238,#DDEAF5,#EDF4F9,#DCE9F5
2492,Preston Copeland,Ball State,-1.5675526,0.061716802,-1.505835798,879,-1.78527332703133,0.158359938700347,-1.62691338833098,98.2870811198042,107.926150799308,-9.6390696795034,-87,2506610,#D0E1F1,#FFFDFC,#DCE9F5
2493,Braelon Green,Eastern Michigan,-0.3680002,-1.1380927,-1.5060929,936,-1.33457107335491,-0.469165797911001,-1.80373687126591,104.153942373975,110.486867209674,-6.33292483569825,-75,2110071,#F3F8FB,#CADEEF,#DCE9F5
2494,Fazl Oshodi,Southern,1.2140002,-2.7201108,-1.5061106,1127,1.04581777568761,-1.08191890853383,-0.0361011328462157,106.339481562105,119.22706308599,-12.8875815238844,-77,2550795,#FFF3E4,#82B2DB,#DCE9F5
2495,Kade Douglas,Tarleton State,-0.28330726,-1.2229775,-1.50628476,791,-1.11200781298357,-1.49798345654156,-2.60999126952513,100.384550134775,108.807159284214,-8.42260914943862,-23,2143515,#F6F9FC,#C7DCEE,#DCE9F5
2496,Mark Lavrenov,Sacramento State,-0.71317994,-0.79473421,-1.50791415,1407,0.260918884825533,-0.264411088722581,-0.00349220389704863,100.04019466627,112.369316438223,-12.3291217719534,-163,2505259,#E9F1F8,#DAE8F4,#DCE9F5
2497,Austin Goode,Cal Poly,0.11082375,-1.622327,-1.51150325,894,0.0254787554676103,-0.831538303264723,-0.806059547797112,107.875701333713,115.342475778224,-7.46677444451045,-92,2545362,#FFFDFC,#B4D1E9,#DCE9F5
2498,Martins Kilups,Oral Roberts,0.13157264,-1.6461455,-1.51457286,880,-0.0211485277174492,-0.938706563193706,-0.959855090911156,101.061785641702,114.059753004775,-12.9979673630727,-85,2561373,#FFFDFC,#B3D0E9,#DCE9F5
2499,Justin Hawkins,Niagara,-0.62821359,-0.88726319,-1.51547678,1200,-0.312421011262709,-0.715992997773123,-1.02841400903583,97.2765020621144,113.948148755557,-16.6716466934427,-124,1942114,#ECF3F9,#D6E5F3,#DCE9F5
2500,Calvin Sirmans III,Stetson,0.15059103,-1.67004,-1.51944897,1196,0.153762364302403,0.0413730165244971,0.1951353808269,103.065660849595,117.751834155409,-14.6861733058143,-143,2536210,#FFFDFB,#B2CFE8,#DCE9F5
2501,Amire Robinson,Nevada,-1.3246231,-0.19762128,-1.52224438,549,0.689255749709766,-0.705371423991296,-0.0161156742815299,100.691458784995,99.6634080930969,1.02805069189771,10,2096211,#D7E6F3,#F5F9FC,#DCE9F5
2502,Ruot Bijiek,Bucknell,-1.1603532,-0.36292658,-1.52327978,590,-2.33916430125459,-0.617675761523702,-2.95684006277829,89.930392263911,109.202080616331,-19.2716883524199,-94,1924272,#DCE9F4,#EEF4FA,#DCE9F5
2503,Isaiah Dorceus,Milwaukee,-0.2007171,-1.3236327,-1.5243498,1149,0.289026900303736,-0.601704804819707,-0.312677904515971,103.45759993818,113.100371593972,-9.64277165579179,-99,2480413,#F8FBFD,#C2D9ED,#DCE9F5
2504,Izzy Miles,Northwestern State,-0.50146702,-1.0241823,-1.52564932,1234,-0.462446693001172,-0.544752893166441,-1.00719958616761,99.3688939754504,113.05247079764,-13.6835768221901,-131,2128753,#EFF5FA,#D0E2F1,#DCE9F5
2505,Brandon Lieb,Illinois State,-2.1176162,0.58845809,-1.52915811,659,-1.56360717732834,1.30160233171354,-0.262004845614797,98.1934603921543,106.564088275705,-8.3706278835505,-72,1604008,#BFD7EC,#FFF4E8,#DCE9F4
2506,Isaiah Cottrell,Southern Utah,-1.9317082,0.4013995,-1.5303087,1358,-0.802424670248208,0.723994949646099,-0.0784297206021092,96.4113086747651,111.293815879491,-14.8825072047258,-181,1605199,#C5DBEE,#FFF8EF,#DCE9F4
2507,Valentino Simon,Omaha,-0.27534973,-1.2549951,-1.53034483,533,-0.799557506050006,-0.707814579875952,-1.50737208592596,105.838149525061,114.237681675074,-8.39953215001266,-40,2319735,#F6F9FC,#C5DBEE,#DCE9F4
2508,Nate Guerengomba,Quinnipiac,-0.93777824,-0.59868547,-1.53646371,686,-1.91851624258641,-1.31902255176717,-3.23753879435357,104.371422743858,104.54352442034,-0.172101676481873,18,2326231,#E2EDF6,#E3EEF7,#DCE9F4
2509,Khouri Carvey,North Carolina Central,-0.5554351,-0.98525736,-1.54069246,800,0.194587279268759,-0.159512024088491,0.0350752551802678,98.6476575748765,118.506785411498,-19.8591278366211,-136,2334104,#EEF4FA,#D1E3F1,#DCE9F4
2510,Shay Johnson Jr.,Long Beach State,-0.9970476,-0.54417847,-1.54122607,840,-1.2128843856405,-0.057902066665143,-1.27078645230565,100.652915964185,112.200589616448,-11.5476736522638,-92,1726163,#E1ECF6,#E6EFF7,#DCE9F4
2511,Mujahiid Burton,North Carolina A&T,0.30115021,-1.8425572,-1.54140699,537,-1.20345547669188,-1.4039603134288,-2.60741579012068,111.164084918677,116.179304865625,-5.015219946948,-10,2548125,#FFFCF8,#AACAE6,#DCE9F4
2512,Vince Buzelis,South Dakota,-1.0275101,-0.51821805,-1.54572815,918,-0.646111720678352,-0.413562921090948,-1.0596746417693,100.542478583869,111.788353620587,-11.245875036718,-49,2550066,#E0EBF6,#E7F0F8,#DBE9F4
2513,Israel Hart,Southern Mississippi,-0.75023211,-0.80834063,-1.55857274,1236,-1.2817466111989,0.155201861357665,-1.12654474984124,103.868463162545,110.13742061124,-6.26895744869458,-16,2161162,#E8F1F8,#DAE8F4,#DBE9F4
2514,Kareem Thomas,Dartmouth,-0.62536964,-0.93634453,-1.56171417,1232,0.257925446742771,-0.581725958410455,-0.323800511667684,100.549853475811,109.193938073273,-8.64408459746218,-70,2305786,#ECF3F9,#D4E4F2,#DBE9F4
2515,Mikhail Pocknett,Buffalo,-1.6786288,0.11520548,-1.56342332,480,-2.2670996113268,0.389610039031953,-1.87748957229485,107.344959440221,109.952386203564,-2.60742676334309,-43,2147206,#CCDFF0,#FFFDFA,#DBE9F4
2516,Matt Enright,Austin Peay,-0.34196024,-1.2220183,-1.56397854,608,-0.0208810296905172,-1.11855782618658,-1.1394388558771,106.53403847028,108.125005133591,-1.59096666331113,14,1890586,#F4F8FC,#C7DCEE,#DBE9F4
2517,Demarco Bethea,Houston Christian,-0.54153188,-1.0244491,-1.56598098,1274,0.412044911954955,-0.662865821935916,-0.250820909980962,98.152944749461,112.217999949655,-14.0650552001944,-131,2345926,#EEF4FA,#D0E2F1,#DBE9F4
2518,Max Jusianiec,Canisius,-0.7747801,-0.79217241,-1.56695251,471,0.233199348782372,-0.331934345528868,-0.0987349967464967,94.6423957538817,114.321861484938,-19.6794657310567,-45,1715718,#E7F0F8,#DAE8F4,#DBE9F4
2519,Jesse Mcintosh,South Dakota,-0.26011463,-1.3099396,-1.57005423,536,-0.316484448472774,-0.256311542726291,-0.572795991199065,103.890124913541,117.67674066139,-13.7866157478495,-52,2550087,#F7FAFC,#C3D9ED,#DBE8F4
2520,Jake DiMichele,Duquesne,-0.74741892,-0.82273465,-1.57015357,567,-0.480497894475576,-0.461123753297652,-0.941621647773227,100.905988467072,110.630097026335,-9.72410855926278,-69,2112621,#E8F1F8,#D9E7F4,#DBE8F4
2521,Darrel Yepdo,UMass Lowell,0.23926968,-1.8105551,-1.57128542,1674,0.297878211518237,-1.10538690692003,-0.807508695401789,101.639299551649,115.931423951774,-14.2921244001251,-129,1890860,#FFFCF9,#ACCBE7,#DBE8F4
2522,Keshawn Williams,Iona,-1.5336239,-0.04137937,-1.57500327,683,-1.29442182650446,-1.46144649550369,-2.75586832200815,95.6972254011369,101.468203976651,-5.77097857551399,-18,1608624,#D1E2F1,#FDFDFE,#DBE8F4
2523,Flash Burton,Rider,-0.29468438,-1.2808789,-1.57556328,1498,1.02918035212084,-0.126564133481261,0.902616218639574,92.4285271675253,118.466425135114,-26.0378979675891,-347,2293243,#F6F9FC,#C4DAEE,#DBE8F4
2524,Matija Samar,Oregon State,-0.56335217,-1.0251212,-1.58847337,748,-0.573361270494262,-0.80853255364616,-1.38189382414042,104.826578383639,109.694178762071,-4.86760037843259,-71,2540507,#EEF4FA,#D0E2F1,#DAE8F4
2525,Chase Cormier,Iona,-0.57946821,-1.011575,-1.59104321,504,-1.60786263039901,-1.02900873070487,-2.63687136110388,97.7424504350976,108.183384319178,-10.4409338840809,-12,1889831,#EDF4F9,#D0E2F1,#DAE8F4
2526,Jimel Lane,Grambling,-1.1128783,-0.47995422,-1.59283252,1032,-2.13524904863342,-0.458908281356921,-2.59415732999034,100.055884065304,109.043331021783,-8.9874469564788,-32,1926088,#DDEAF5,#E9F1F8,#DAE8F4
2527,Devon Ellis,Norfolk State,-0.038581871,-1.5557117,-1.594293571,1349,1.16355617344534,-1.74681575405003,-0.583259580604685,98.1050169819804,113.196237238597,-15.0912202566168,-74,2160979,#FDFEFE,#B7D2EA,#DAE8F4
2528,Travelle Bryson,Howard,-1.2522659,-0.34292122,-1.59518712,843,-0.0154455305507487,-1.03186346594761,-1.04730899649836,97.44227744078,102.420574300542,-4.97829685976217,60,2567182,#D9E7F4,#EFF5FA,#DAE8F4
2529,Cam Wilds,Robert Morris,-1.6807102,0.074594516,-1.606115684,480,-0.64516575393939,-0.720525710262322,-1.36569146420171,101.447454201529,103.81105707337,-2.36360287184094,-4,1938161,#CCDFF0,#FFFDFC,#DAE8F4
2530,Josh Dixon,Milwaukee,0.56473685,-2.1729625,-1.60822565,1000,-0.336002166937714,-0.556589286959195,-0.892591453896908,106.954937876349,119.876919198069,-12.9219813217196,-107,2480412,#FFF9F2,#9BC1E2,#DAE8F4
2531,Vince Dawson III,Morehead State,-0.72751184,-0.8871462,-1.61465804,788,-0.45340856840177,-2.07225819837042,-2.52566676677219,102.337266704453,109.162151715731,-6.82488501127863,-16,2550012,#E9F1F8,#D6E5F3,#DAE8F4
2532,Shaqir O'Neal,Sacramento State,-1.1908836,-0.42496782,-1.61585142,1014,-1.01148329639875,-0.0935652343218894,-1.10504853072064,100.576650359231,111.47958476394,-10.902934404709,-118,1733892,#DBE8F4,#EBF2F9,#DAE8F4
2533,Leeroy Odiahi,Western Kentucky,-1.5185555,-0.099453827,-1.618009327,484,-1.56733391627937,-0.318033270099768,-1.88536718637913,105.988988826011,110.088109966242,-4.09912114023097,-40,2134263,#D1E2F1,#FAFCFD,#DAE8F4
2534,CJ Hyland,Western Carolina,-1.0133823,-0.60620727,-1.61958957,456,-1.86237683478725,-0.493436513640709,-2.35581334842796,104.486598926078,110.813943681637,-6.32734475555963,-41,2283317,#E0ECF6,#E3EDF6,#DAE8F4
2535,Tycen McDaniels,Alcorn State,-1.9828437,0.36298368,-1.61986002,1530,-1.24916026585546,0.71511344980094,-0.534046816054521,91.1217990411524,114.154414145508,-23.0326151043558,-274,2345734,#C3DAED,#FFF8F0,#DAE8F4
2536,Ned Hull,Elon,-0.33654228,-1.2843282,-1.62087048,888,0.372749420470225,-1.26055178638826,-0.887802365918036,106.15692611219,110.893733610588,-4.73680749839804,-7,2147106,#F4F8FC,#C4DAEE,#DAE8F4
2537,Jalyke Gaines-Wyatt,Hampton,-0.23972658,-1.3815623,-1.62128888,1212,0.045389994306865,-1.02419996499458,-0.978809970687718,98.8759806812198,110.669883946523,-11.7939032653027,-72,2118851,#F7FAFC,#BFD7EC,#DAE8F4
2538,Bryan Ndjonga,Canisius,-1.1183039,-0.50324579,-1.62154969,1597,-0.267993396104549,-0.453873217710435,-0.721866613814984,92.8734419522929,112.105299606132,-19.2318576538394,-202,2118981,#DDEAF5,#E7F0F8,#DAE8F4
2539,Francis Okwuosah,Western Illinois,-0.71906118,-0.90673713,-1.62579831,1024,-0.389463620775761,-0.823958381129112,-1.21342200190487,92.1655320592903,116.28811433155,-24.1225822722599,-173,2558109,#E9F1F8,#D5E5F3,#DAE8F4
2540,Grady Lewis,Cal State Northridge,0.60613423,-2.2330622,-1.62692797,548,0.764574833686716,-0.708267830746825,0.0563070029398907,106.69541678223,120.910167958365,-14.2147511761345,-71,1734741,#FFF9F1,#98BFE1,#DAE8F4
2541,Lance Stone,Detroit,0.12145867,-1.7529854,-1.63152673,1068,-0.632229403954261,-1.37986560014404,-2.0120950040983,107.405280103221,111.144853336438,-3.73957323321723,-19,2550404,#FFFDFC,#AECDE7,#D9E8F4
2542,Eric Morgan Jr.,Saint Peter's,-0.26702784,-1.3714481,-1.63847594,452,-0.334886321316796,-1.12395128418011,-1.45883760549691,102.02138335486,111.580114346374,-9.55873099151445,-40,1955007,#F7FAFC,#C0D8EC,#D9E8F4
2543,CJ Larry,Northwestern State,-2.0396942,0.39538185,-1.64431235,697,-3.81801997370008,-0.506778112361936,-4.32479808606201,101.878424008828,104.651266349196,-2.77284234036825,-11,2569007,#C1D9ED,#FFF8EF,#D9E7F4
2544,Rex Sunderland,Stonehill,-2.6655138,1.0172868,-1.648227,1410,-2.76498816098221,0.717588208361157,-2.04739995262105,91.6490439722451,104.975994105263,-13.3269501330183,-74,1909057,#AFCDE7,#FFEDD7,#D9E7F4
2545,Alex Crawford,Rhode Island,-2.332918,0.6845765,-1.6483415,1034,-3.15215651461724,0.589825713628736,-2.5623308009885,99.2852882980399,101.360736945049,-2.07544864700943,-10,1725208,#B9D3EA,#FFF3E4,#D9E7F4
2546,Tim Okojie,South Carolina State,-2.9517874,1.294923,-1.6568644,544,-4.11071723194178,-0.0796650378244057,-4.19038226976618,93.5757108787216,105.054549879069,-11.4788390003477,-78,2557665,#A6C8E5,#FFE8CC,#D9E7F4
2547,Jalen Forrest,Southeastern Louisiana,-0.99225687,-0.66718136,-1.65943823,766,-0.321990365858883,-0.681073445041628,-1.00306381090051,93.1524470568772,107.685477568344,-14.5330305114666,-77,1930109,#E1ECF6,#E0ECF6,#D9E7F4
2548,Trevon Payton,Arkansas-Pine Bluff,0.58827856,-2.252275,-1.66399644,1812,1.35467871472958,-0.914015618060542,0.440663096669038,100.298683812304,117.840736659294,-17.5420528469902,-229,1908328,#FFF9F1,#97BFE1,#D9E7F4
2549,Yacine Toumi,Hawaii,-2.5165855,0.84947367,-1.66711183,480,-1.20960604845902,0.142427370972878,-1.06717867748614,91.7811713129369,102.501448454248,-10.720277141311,-37,1909572,#B3D0E9,#FFF0DD,#D9E7F4
2550,Eric Mejia,Fairfield,-0.95251999,-0.71486807,-1.66738806,1057,-1.07515217757192,-0.369581304996081,-1.444733482568,103.97233891391,111.285129432191,-7.31279051828149,-7,2471918,#E2EDF6,#DEEAF5,#D9E7F4
2551,Luka Damjanac,Massachusetts,-0.021947395,-1.6484387,-1.670386095,500,-0.146886103206581,-0.581204307183588,-0.728090410390168,108.878918253355,118.505231349286,-9.62631309593078,-41,2326235,#FEFEFE,#B3D0E9,#D9E7F4
2552,Danilo Dozic,Pepperdine,-0.43147098,-1.2469598,-1.67843078,1373,0.476117052297565,-0.820475056422183,-0.344358004124618,99.6039309135819,113.389116749857,-13.7851858362755,-186,2292700,#F2F7FB,#C5DBEE,#D8E7F3
2553,Brady Hardewig,West Georgia,-0.76644024,-0.91371669,-1.68015693,874,-1.01749123967648,-1.15488262107259,-2.17237386074907,100.714853251238,107.893962329154,-7.17910907791603,-57,2125532,#E8F0F8,#D5E5F2,#D8E7F3
2554,Mekhi Cameron,Tennessee Tech,-0.7843516,-0.89863437,-1.68298597,1312,-0.0946146457337942,-1.68444286044512,-1.77905750617891,99.5275103451189,110.289604690417,-10.7620943452982,-53,2118989,#E7F0F8,#D5E5F3,#D8E7F3
2555,Trey Perry,Miami (OH),0.25338046,-1.938118,-1.68473754,585,0.417104431824604,-1.09639424716249,-0.679289815337882,111.311363928278,112.934393307366,-1.623029379088,22,2543687,#FFFCF9,#A6C8E5,#D8E7F3
2556,Mikey Williams,Sacramento State,-0.7485423,-0.94207407,-1.69061637,1189,-0.565410080869226,-0.146914012348184,-0.712324093217409,100.382614937801,112.892141728686,-12.5095267908855,-173,2294592,#E8F1F8,#D3E4F2,#D8E7F3
2557,Pharell Boyogueno,Winthrop,-0.98157057,-0.71210619,-1.69367676,492,-0.48951823606995,0.0996542695265165,-0.389863966543433,101.319651440935,115.222950778268,-13.9032993373339,-51,2302893,#E1ECF6,#DEEAF5,#D8E7F3
2558,Cahmai Crosby,North Texas,-1.4177003,-0.27769706,-1.69539736,472,-0.768056106731336,-1.07455796354341,-1.84261407027474,95.5970294357307,101.211196376411,-5.61416694068025,-15,2561229,#D4E4F2,#F2F7FB,#D8E7F3
2559,Isaiah Mbeng,East Carolina,-0.99803617,-0.69760912,-1.69564529,1202,-0.946765682788105,-0.269326846879655,-1.21609252966776,98.4008606747581,109.979817645825,-11.5789569710669,-144,2284672,#E1ECF6,#DFEBF5,#D8E7F3
2560,Reggie Prudhomme,Niagara,-0.24386565,-1.4522525,-1.69611815,1226,-0.19186435545583,-0.841165494731574,-1.0330298501874,97.9622694752427,115.252866317574,-17.2905968423309,-153,1891876,#F7FAFC,#BCD5EB,#D8E7F3
2561,Luca Soroa Schaller,Northeastern,-2.0443723,0.34818188,-1.69619042,1067,-1.83919556990879,1.45678714504106,-0.382408424867729,101.671597682796,112.31772604602,-10.646128363224,-91,2295169,#C1D9ED,#FFF9F1,#D8E7F3
2562,Trey Deveaux,Mount St. Mary's,-0.91385679,-0.78323838,-1.69709517,1236,0.0694330915420464,-1.64252427059049,-1.57309117904844,94.5626180538543,106.465814597291,-11.9031965434366,-95,2117627,#E3EEF7,#DBE8F4,#D8E7F3
2563,Jabrion Spikes,Tennessee State,-1.7820902,0.083440153,-1.698650047,466,-0.702138448128087,-0.695400549789132,-1.39753899791722,96.479350259058,104.960565307462,-8.4812150484039,-30,2547127,#C9DEEF,#FFFDFB,#D8E7F3
2564,Krystian Lewis,Louisiana-Monroe,0.062532936,-1.7612519,-1.698718964,1935,0.551061617224791,-0.293361821125082,0.257699796099709,98.3579306866747,121.183676383426,-22.8257456967516,-359,2492287,#FFFEFD,#AECDE7,#D8E7F3
2565,Gage Lattimore,North Carolina Central,0.43773162,-2.1390246,-1.70129298,1670,1.06347648138166,-0.895874088996569,0.167602392385093,98.3035314456174,119.527577617023,-21.2240461714058,-231,2359020,#FFFAF5,#9DC2E2,#D8E7F3
2566,Isaiah Campbell-Finch,Samford,-0.93222827,-0.7693497,-1.70157797,1099,-1.04079857047091,-1.79190859818615,-2.83270716865706,104.730512706957,107.971126885901,-3.24061417894468,15,2524202,#E3EDF6,#DBE9F4,#D8E7F3
2567,Kam Parker,Texas A&M-Corpus Christi,-1.4114788,-0.29165304,-1.70313184,640,-1.28627315520314,-0.577175287892771,-1.86344844309591,94.4488412708638,106.117501224962,-11.6686599540986,-95,2117021,#D4E4F2,#F1F6FB,#D8E7F3
2568,Kevin de Kovachich,North Alabama,-0.69831841,-1.011254,-1.70957241,1444,-0.617067111966598,-0.00464781740600117,-0.6217149293726,98.9056840206645,115.855397486417,-16.9497134657521,-193,2345960,#EAF2F8,#D0E2F1,#D8E7F3
2569,Amon Dörries,Bucknell,-0.58811844,-1.1311786,-1.71929704,1784,0.95840664015109,-0.71460117588808,0.24380546426301,94.1843010876977,113.381540557638,-19.1972394699408,-251,2531874,#EDF4F9,#CBDFF0,#D8E6F3
2570,Jahni Summers,Sacramento State,-0.13917705,-1.5805494,-1.71972645,1356,0.0311821202482988,-0.189016005945021,-0.157833885696722,102.080208562195,115.176588430867,-13.0963798686718,-166,2322660,#FAFCFD,#B6D2EA,#D7E6F3
2571,Gasper Kocevar,Fresno State,-1.8791952,0.15854925,-1.72064595,589,-0.538364001331961,-0.187049913773019,-0.72541391510498,97.1364414152739,103.876585470502,-6.74014405522774,-55,2543790,#C6DCEE,#FFFCF8,#D7E6F3
2572,London Maiden,Detroit,-0.69580695,-1.0282528,-1.72405975,778,-0.60425514515754,-0.6105099039842,-1.21476504914174,105.020552588449,111.796422985964,-6.77587039751499,-41,1908512,#EAF2F8,#CFE1F1,#D7E6F3
2573,Sherman Weatherspoon IV,Utah Valley,-0.37312175,-1.3556681,-1.72878985,766,-0.406640086274288,-0.994397014216336,-1.40103710049062,107.461752000872,107.766108350216,-0.304356349344248,27,2117913,#F3F8FB,#C1D8ED,#D7E6F3
2574,Deng Garang,Le Moyne,-0.88309926,-0.85172262,-1.73482188,1638,-1.00947239701224,-0.263051453951089,-1.27252385096333,99.6312427515431,111.463374205696,-11.8321314541534,-82,2337435,#E4EEF7,#D8E6F3,#D7E6F3
2575,Warren Marshall IV,Oakland,-1.2287751,-0.5063983,-1.7351734,601,-1.36711860861379,0.472352601878161,-0.894766006735628,108.088399766408,113.214123931167,-5.12572416475936,-41,2320921,#DAE8F4,#E7F0F8,#D7E6F3
2576,Zion Cruz,Rider,-0.34262046,-1.3969547,-1.73957516,1408,-0.129296030916327,-0.898455588394125,-1.02775161931045,93.5856302780166,116.508246216651,-22.9226159386342,-288,1928921,#F4F8FC,#BFD7EC,#D7E6F3
2577,Ethan Simmon,Stony Brook,-0.73810057,-1.0037325,-1.74183307,690,0.967309510808471,-0.909077750857177,0.0582317599512933,97.5989729696528,109.833627663643,-12.2346546939903,-71,1956398,#E8F1F8,#D1E2F1,#D7E6F3
2578,James Graham,Alabama A&M,-0.30519309,-1.4373339,-1.74252699,1073,-1.24739447134687,-2.07076506540323,-3.3181595367501,103.353697336225,112.69472739896,-9.3410300627353,12,1622777,#F5F9FC,#BDD6EC,#D7E6F3
2579,Kyrese Mullen,New Mexico State,-1.7834874,0.035175171,-1.748312229,562,-2.51527324915279,-0.520157627210192,-3.03543087636298,103.502230090792,106.274265348726,-2.77203525793441,-5,1945422,#C9DDEF,#FFFEFD,#D7E6F3
2580,Brandon Muntu,Tennessee Tech,-0.17593794,-1.5794324,-1.75537034,1217,0.722758533824167,-2.05791117626768,-1.33515264244352,97.6176649523673,111.69144435413,-14.0737794017626,-98,2095954,#F9FBFD,#B6D2EA,#D7E6F3
2581,Joshua Eli,Army,-0.55206406,-1.2105391,-1.76260316,645,1.41908631756071,-0.900191680011914,0.518894637548795,96.6687128190454,116.286990103541,-19.6182772844958,-90,2347024,#EEF4FA,#C7DCEE,#D7E6F3
2582,Ethan Butler,Charlotte,-1.3320245,-0.4326762,-1.7647007,550,-0.610300440756916,-0.291940178566647,-0.902240619323563,103.952311935132,110.844804135325,-6.89249220019281,-22,1725325,#D7E6F3,#EBF2F9,#D6E6F3
2583,Asjon Anderson,Alabama State,-0.52690097,-1.2434919,-1.77039287,1318,-0.481270251684167,-1.47786488949484,-1.959135141179,98.7188594586831,110.992678561622,-12.2738191029389,-95,1912481,#EFF5FA,#C6DBEE,#D6E6F3
2584,Cam Polak,Youngstown State,-1.08864,-0.68417166,-1.77281166,790,-1.26008616166689,-1.44656649285751,-2.7066526545244,103.241648766666,104.981190992745,-1.73954222607908,5,1711894,#DEEAF5,#DFEBF5,#D6E6F3
2585,Kaden Rickard,Kennesaw State,-1.6053794,-0.16827063,-1.77365003,1109,-1.07578319619471,1.00255328538206,-0.0732299108126504,103.690363968391,109.624587073286,-5.93422310489482,-49,2540390,#CEE1F1,#F7FAFC,#D6E6F3
2586,Oleg Kojenets,Stony Brook,-2.8596109,1.0816922,-1.7779187,504,-3.41866886600609,0.595118775688627,-2.82355009031746,97.7462993276614,104.363468212295,-6.6171688846332,-21,1702086,#A9CAE6,#FFECD4,#D6E6F3
2587,Michael Collins,Louisiana-Lafayette,-1.9453717,0.16686516,-1.77850654,454,-2.32431106110987,-0.472792218835481,-2.79710327994535,91.4924372984035,105.634768407569,-14.142331109166,-87,2484761,#C4DAEE,#FFFCF8,#D6E6F3
2588,Kedrick Osby,New Orleans,-0.92729883,-0.85164561,-1.77894444,956,-0.749164012476152,-1.49963129286819,-2.24879530534434,103.230281427029,106.950495418224,-3.72021399119453,-34,2489662,#E3EDF6,#D8E6F3,#D6E6F3
2589,Markus Harding,Indiana State,-2.2804945,0.49949977,-1.78099473,710,-2.80341709057544,-0.743978156753158,-3.5473952473286,95.0476074182339,100.889666774377,-5.84205935614326,-38,1910773,#BAD4EB,#FFF6EB,#D6E6F3
2590,Jack Reddick,Florida Gulf Coast,-0.86258264,-0.92035082,-1.78293346,524,-0.853837831718777,-0.35870431653191,-1.21254214825069,102.761104941158,113.376255174081,-10.6151502329232,-50,2333217,#E5EFF7,#D4E4F2,#D6E5F3
2591,Royal Blue Smith,Arkansas State,-1.6627726,-0.12084689,-1.78361949,582,-0.73479991483781,-0.161703513312653,-0.896503428150463,99.4538542394399,105.930534524895,-6.4766802854556,-35,2539268,#CDE0F0,#F9FBFD,#D6E5F3
2592,Tyler Smith,South Carolina Upstate,-1.5233853,-0.26380084,-1.78718614,1118,-1.40407538711112,-0.0850995522426169,-1.48917493935374,95.9716665866305,108.239213926795,-12.2675473401648,-101,2543743,#D1E2F1,#F2F7FB,#D6E5F3
2593,Adrean Newton,Norfolk State,-2.2211169,0.43346357,-1.78765333,654,-1.5550523968636,-0.621822244223431,-2.17687464108703,93.8842289063931,106.11717511717,-12.2329462107772,-28,2507553,#BCD5EB,#FFF7EE,#D6E5F3
2594,David Bolden,NJIT,-1.3458514,-0.4425736,-1.788425,1660,-0.677884025005055,-0.233625258809998,-0.911509283815053,92.7920460407477,110.043246388823,-17.2512003480754,-155,2481917,#D6E6F3,#EAF2F9,#D6E5F3
2595,King-Njhsanni Wilhite,Lamar,-0.14195254,-1.6500612,-1.79201374,954,0.208210062130536,-1.79319744174006,-1.58498737960952,102.704252038982,108.664892928771,-5.96064088978951,-26,2551952,#FAFCFD,#B3D0E9,#D6E5F3
2596,Quin Berger,Bucknell,-2.0273178,0.23455786,-1.79275994,836,-2.82154433153639,-0.559099092052754,-3.38064342358914,95.5661445532521,105.885023015159,-10.3188784619068,-49,1910904,#C2D9ED,#FFFAF5,#D6E5F3
2597,Devin Dinkins,Manhattan,0.71955596,-2.51919,-1.79963404,1797,0.312172704498972,-1.91534277765022,-1.60317007315124,100.728427524661,118.132425698763,-17.4039981741022,-183,1916285,#FFF7EF,#8BB7DD,#D6E5F3
2598,Melvin Bell Jr.,San Jose State,-0.14125201,-1.6606178,-1.80186981,1752,-0.840566344551781,-0.168872052510933,-1.00943839706271,107.486957767016,119.084535749916,-11.5975779829001,-255,2542053,#FAFCFD,#B3D0E9,#D6E5F3
2599,Panagiotis Pagonis,New Orleans,-1.6164096,-0.18783926,-1.80424886,932,-1.01177642550465,-0.622552709869549,-1.6343291353742,101.383331681345,107.024082681019,-5.64075099967485,-44,2489664,#CEE1F1,#F6F9FC,#D6E5F3
2600,Jakai Sanders,Le Moyne,-0.37525656,-1.4298181,-1.80507466,1491,0.189009292131423,-1.50823509806545,-1.31922580593403,99.2157233349547,111.56291059838,-12.3471872634251,-87,2319849,#F3F8FB,#BDD6EC,#D6E5F3
2601,Tyler Mack,Alabama State,-1.2390754,-0.57069035,-1.80976575,596,-1.03385757666168,-1.10044359348614,-2.13430117014782,92.6612776923242,103.346486177829,-10.6852084855051,8,2160962,#D9E8F4,#E4EEF7,#D5E5F3
2602,Tyler Jones,UC Riverside,-1.0008879,-0.8128071,-1.813695,685,-0.676776522171928,-0.805765659900325,-1.48254218207225,96.1007384048289,110.296634576797,-14.1958961719677,-86,2348717,#E1ECF6,#D9E8F4,#D5E5F3
2603,Joseph Locandro,Maryland-Eastern Shore,-0.86560477,-0.94875027,-1.81435504,936,-0.793215871530589,-1.23047694681913,-2.02369281834972,96.0656041308059,111.02000316032,-14.9543990295143,-64,2124973,#E5EEF7,#D3E4F2,#D5E5F3
2604,Vladimir Khryapa,Tennessee-Martin,-3.8676635,2.0525997,-1.8150638,612,-3.04805123137389,1.29426484132766,-1.75378639004622,88.603895928861,96.1683661449818,-7.5644702161208,-16,2505179,#8BB7DD,#FFDBAF,#D5E5F3
2605,Max Pikaar,Southern Illinois,-2.4424743,0.61573139,-1.82674291,504,-2.29090447819503,0.47062405002955,-1.82028042816548,96.2569091485992,100.00066889651,-3.7437597479113,-13,2325461,#B5D1E9,#FFF4E7,#D5E5F3
2606,Fraser Roxburgh,Manhattan,-0.098800297,-1.7354186,-1.834218897,1619,-0.622061830723653,-1.07221128717783,-1.69427311790148,101.995818346858,117.775608569187,-15.7797902223298,-139,2351183,#FCFDFE,#AFCDE8,#D5E5F2
2607,Zion Russell,Saint Francis (PA),-0.52263859,-1.3120119,-1.83465049,1364,0.58506343443536,0.132453181843563,0.717516616278923,94.493024182525,119.633779316046,-25.1407551335207,-288,1714356,#EFF5FA,#C2D9ED,#D5E5F2
2608,Zy Wright,Abilene Christian,-1.2505915,-0.58684044,-1.83743194,878,-1.04437513202439,-0.923304697478949,-1.96767982950334,97.4492284151068,107.192766885872,-9.74353847076476,-60,2169822,#D9E7F4,#E4EEF7,#D5E5F2
2609,Elijah Thomas,Eastern Washington,-0.9235951,-0.91387572,-1.83747082,530,-2.02897735550842,0.119899784905922,-1.9090775706025,109.415125400487,115.082874127339,-5.6677487268525,-65,2284773,#E3EDF7,#D5E5F2,#D5E5F2
2610,Tyler Lee,Central Arkansas,-0.6156075,-1.224134,-1.8397415,480,-0.88132253636803,-0.551336392133635,-1.43265892850167,107.596042627654,112.200763858908,-4.60472123125388,-35,2292834,#ECF3F9,#C7DCEE,#D5E5F2
2611,Eric Acker,La Salle,-0.3631723,-1.4834313,-1.8466036,778,-0.627161778543966,-0.652280860826236,-1.2794426393702,102.640500801207,109.688033347323,-7.04753254611579,-82,2091772,#F4F8FB,#BBD5EB,#D5E5F2
2612,Isaiah Brown,Howard,-2.2946544,0.44360643,-1.85104797,526,-2.14978846160554,-0.991451167234133,-3.14123962883967,96.8116895317831,98.3092057356708,-1.49751620388765,52,2270226,#BAD4EB,#FFF7ED,#D5E5F2
2613,"Owen Bronston, Jr.",South Carolina State,-0.43559153,-1.416129,-1.85172053,956,0.444034877038086,-1.51811222168895,-1.07407734465087,93.1800123121515,114.369393218982,-21.1893809068302,-152,2580040,#F1F6FB,#BED6EC,#D5E5F2
2614,Douglas Langford,San Jose State,-1.3067115,-0.54837818,-1.85508968,468,-2.73244379868911,0.575747293919202,-2.15669650476991,106.475434164232,117.472128032627,-10.996693868395,-58,2542063,#D7E6F3,#E5EFF7,#D4E4F2
2615,Jamie Phillips Jr.,Stetson,-0.53226228,-1.3252153,-1.85747758,816,0.446619784796435,-0.811126272216868,-0.364506487420433,96.4866923540232,113.999522995223,-17.5128306411997,-146,2319500,#EFF5FA,#C2D9ED,#D4E4F2
2616,Victor Payne,Saint Francis (PA),-0.99534644,-0.86488615,-1.86023259,1211,0.118889649075702,-0.522816783327479,-0.403927134251777,93.8448826137218,115.398641627554,-21.5537590138323,-188,2319684,#E1ECF6,#D7E6F3,#D4E4F2
2617,Michael Cooper,Wagner,-0.69313952,-1.1681487,-1.86128822,643,-0.0155568002318802,-0.874003837312161,-0.889560637544041,99.3749796635777,114.03848593277,-14.663506269192,-61,2569023,#EAF2F9,#C9DDEF,#D4E4F2
2618,Eli DeLaurier,East Carolina,-2.1053092,0.24270725,-1.86260195,592,-2.10150553793731,-0.302322745351039,-2.40382828328835,98.0236862529735,105.553744198192,-7.5300579452188,-32,2110975,#C0D8EC,#FFFAF5,#D4E4F2
2619,Milhan Charles,Arkansas-Pine Bluff,-0.77962549,-1.0859437,-1.86556919,1607,-0.32956421798772,-0.846838145668077,-1.1764023636558,100.816672051964,113.763050548547,-12.946378496583,-112,2547382,#E7F0F8,#CDE0F0,#D4E4F2
2620,Jalen Bolden,Texas State,-1.2336511,-0.63579134,-1.86944244,819,-1.57231645675549,-0.286955747406351,-1.85927220416184,99.0640918769735,111.342735697264,-12.2786438202906,-64,1933335,#DAE8F4,#E1EDF6,#D4E4F2
2621,EJ Walker,South Carolina,-1.7051484,-0.16617124,-1.87131964,587,-2.5745071785784,-0.11592219567323,-2.69042937425163,105.459516112267,106.769164770143,-1.30964865787535,-92,2480430,#CBDFF0,#F7FAFC,#D4E4F2
2622,Tristan Thompson,Coastal Carolina,-1.8157728,-0.059511914,-1.875284714,1051,-2.55942294140739,-0.528033825007601,-3.08745676641499,99.3390879279011,105.578422630044,-6.2393347021427,-28,2533923,#C8DDEF,#FCFDFE,#D4E4F2
2623,Stefano Faloppa,New Haven,-1.4549755,-0.42476965,-1.87974515,1203,-0.908088189162027,-1.22559352892445,-2.13368171808648,92.0330275094865,106.50438247232,-14.471354962833,-65,2311797,#D3E4F2,#EBF2F9,#D4E4F2
2624,Dylan Diaz,Louisiana-Monroe,-0.4015194,-1.4813775,-1.8828969,888,-0.595004664159147,-1.66489834779598,-2.25990301195513,101.067382849323,116.253180747155,-15.1857978978318,-100,2492284,#F2F7FB,#BBD5EB,#D4E4F2
2625,Anthony Smith lll,North Dakota,0.16013823,-2.0433291,-1.88319087,972,0.86922805837067,-0.521971911181173,0.347256147189497,100.617267317947,117.195504181598,-16.578236863651,-140,2506812,#FFFDFB,#A1C5E3,#D4E4F2
2626,Devin Ree,Jackson State,-1.2987211,-0.59171669,-1.89043779,1200,-1.34323041385219,-0.643554887160056,-1.98678530101224,96.6323065672813,113.981652338203,-17.3493457709215,-147,1895648,#D8E6F3,#E3EEF7,#D4E4F2
2627,Carter Berg-McLean,Loyola Maryland,-1.3343894,-0.55719106,-1.89158046,642,-0.693878597489582,-0.616604980409007,-1.31048357789859,99.1876827739076,112.395721927844,-13.2080391539359,-53,2492975,#D7E6F3,#E5EFF7,#D4E4F2
2628,Emmanuel Ugbo,Washington State,-1.2070794,-0.69212682,-1.89920622,668,-0.251127063016353,-0.440711154802737,-0.69183821781909,103.170246899505,113.032731205789,-9.86248430628445,-104,2198644,#DAE8F4,#DFEBF5,#D3E4F2
2629,Alex Hemenway,Evansville,-0.77203812,-1.1318841,-1.90392222,1336,-0.880394248380945,-0.972511305611014,-1.85290555399196,96.6303799337799,111.477346695166,-14.8469667613856,-211,1296004,#E7F0F8,#CBDEF0,#D3E4F2
2630,Alex Mirhosseini,Arkansas-Pine Bluff,-0.92706516,-0.97753759,-1.90460275,1610,-0.25588172890276,-0.395681900185297,-0.651563629088058,99.0215409347877,113.906723098895,-14.8851821641069,-157,2161308,#E3EDF6,#D2E3F2,#D3E4F2
2631,Keziah Ekissi,Oregon State,-0.78832027,-1.119375,-1.90769527,764,-0.909818185613473,-0.547498500409566,-1.45731668602304,104.681625934048,110.469235502437,-5.78760956838869,-64,2540506,#E7F0F8,#CBDFF0,#D3E4F2
2632,AJ Thomas,Loyola Marymount,-1.77524,-0.13420221,-1.90944221,746,-1.66568339192374,0.962709395561925,-0.702973996361819,98.599154419153,107.902649025199,-9.30349460604575,-46,2474103,#C9DEEF,#F8FBFD,#D3E4F2
2633,Fallou Gueye,Sacred Heart,-1.2148342,-0.70072036,-1.91555456,573,-1.37255193641497,-0.616990750413054,-1.98954268682802,102.579492426957,112.176788082545,-9.59729565558842,-54,2342531,#DAE8F4,#DEEBF5,#D3E4F2
2634,Austin Ball,Eastern Kentucky,-0.41313061,-1.5112634,-1.92439401,1006,0.177421612885209,-0.525208715376876,-0.347787102491667,104.78021542616,116.951695718964,-12.171480292805,-104,2118634,#F2F7FB,#B9D4EB,#D3E4F2
2635,Wyatt Nausadis,American,-1.2310299,-0.69412549,-1.92515539,1145,-0.853644084715582,-0.894913712471729,-1.74855779718731,101.438722473465,110.035899478937,-8.59717700547227,-30,2321207,#DAE8F4,#DFEBF5,#D3E3F2
2636,Zamoku Weluche-Ume,North Carolina A&T,-1.3770763,-0.54955639,-1.92663269,1436,-1.96157588451759,0.394174367522914,-1.56740151699467,102.964544752519,114.32603039972,-11.3614856472009,-118,2099649,#D5E5F3,#E5EFF7,#D3E3F2
2637,James Morrow,South Carolina State,-1.3492555,-0.57791752,-1.92717302,847,0.248899044236029,0.00536347316465006,0.254262517400679,90.0845034613363,114.707135813442,-24.6226323521056,-142,2153868,#D6E6F3,#E4EEF7,#D3E3F2
2638,Michael James,Mississippi Valley State,0.31217321,-2.2406919,-1.92851869,1968,0.978818198888328,-0.840345985160784,0.138472213727544,87.6191496458644,121.727846573751,-34.1086969278865,-522,2547311,#FFFBF8,#98BFE1,#D3E3F2
2639,Bryson Ogletree,North Carolina A&T,-0.76396034,-1.1653887,-1.92934904,914,-0.710736816617257,-1.31840950334644,-2.0291463199637,101.198144779672,111.260259274091,-10.062114494419,-57,2313687,#E8F0F8,#C9DEEF,#D3E3F2
2640,Devon Pryor,Oregon,-1.0582714,-0.87139485,-1.92966625,482,-0.271643499709578,-0.223474488776721,-0.4951179884863,101.891545705789,106.705395536643,-4.81384983085409,-80,2092654,#DFEBF5,#D7E6F3,#D3E3F2
2641,Always Wright,Texas-Rio Grande Valley,-1.771541,-0.16011502,-1.93165602,788,-2.38411481671233,-0.996212421780307,-3.38032723849264,103.881275815348,102.195108792541,1.68616702280728,-10,2125951,#C9DEEF,#F7FAFC,#D3E3F2
2642,Tyler Shirley,Florida A&M,-1.8646833,-0.068537145,-1.933220445,1573,-1.64790504329211,-0.441782479876219,-2.08968752316833,93.9213576086383,107.8062828172,-13.8849252085617,-111,1687739,#C7DCEE,#FBFDFE,#D3E3F2
2643,Tyonne Farrell,Morehead State,-1.3872492,-0.5465953,-1.9338445,536,-1.53272588164487,-0.22301883649579,-1.75574471814066,101.191946825338,113.664085408749,-12.472138583411,-16,2322234,#D5E5F3,#E6EFF7,#D3E3F2
2644,Rayvon Griffith,Kent State,-0.87492002,-1.0590327,-1.93395272,733,-0.741356339500558,-0.355612735830991,-1.09696907533155,103.71040835657,112.551077017983,-8.84066866141295,-105,2117906,#E4EEF7,#CEE1F1,#D3E3F2
2645,Lathan Sommerville,Washington,-2.1704487,0.23531145,-1.93513725,550,-1.39422399282346,-0.207730689690848,-1.60195468251431,101.355843174613,103.264468714631,-1.90862554001747,-33,2292695,#BED6EC,#FFFAF5,#D3E3F2
2646,Koron Davis,Alabama A&M,-0.56272675,-1.3730223,-1.93574905,1524,-1.13881115458132,-1.11976725142729,-2.2585784060086,100.936687109276,114.048008416788,-13.1113213075121,-54,2115898,#EEF4FA,#C0D8EC,#D3E3F2
2647,Dane Christensen,Texas-Rio Grande Valley,-1.0771997,-0.85974528,-1.93694498,542,-1.71316477512747,-0.506820458607711,-2.21998523373518,107.133300577069,109.67929859071,-2.54599801364088,-36,2534674,#DEEBF5,#D7E6F3,#D3E3F2
2648,Stefanos Spartalis,Monmouth,-1.694736,-0.24371808,-1.93845408,1256,-0.325318471149781,0.0512948189817027,-0.274023652168079,99.3789893154341,106.173277672644,-6.79428835720981,-35,2567136,#CCDFF0,#F3F8FB,#D3E3F2
2649,Kai Burdick,Southern Utah,-1.0175568,-0.9245004,-1.9420572,678,-1.17892233299329,-0.148369398570935,-1.32729173156423,103.897536673511,118.871287356155,-14.9737506826438,-96,2313808,#E0ECF6,#D4E4F2,#D2E3F2
2650,Zion Wilburn,Samford,-1.4706219,-0.47176712,-1.94238902,818,-2.75051292752169,-0.691377937101909,-3.4418908646236,108.245826020199,108.647582432092,-0.401756411892795,8,2311621,#D2E3F2,#E9F1F8,#D2E3F2
2651,Daniel Thomas,UNC Asheville,-2.0862042,0.1426328,-1.9435714,935,-2.55754295567676,-0.243834435148394,-2.80137739082515,102.841949461926,105.901180373342,-3.0592309114158,-5,2316887,#C0D8EC,#FFFCF9,#D2E3F2
2652,Antonio Baker,Florida A&M,-1.748186,-0.19732171,-1.94550771,1216,-1.45148042395213,-0.855853530247316,-2.30733395419944,94.171113587883,106.699440677678,-12.5283270897945,-49,2589945,#CADEEF,#F5F9FC,#D2E3F2
2653,MJ Russell,Louisiana-Monroe,-0.59535295,-1.3528024,-1.94815535,1917,-0.510438710374481,0.196373844387774,-0.314064865986706,98.5394212363149,121.584616136112,-23.045194899797,-367,1915448,#EDF3F9,#C1D8ED,#D2E3F2
2654,Chevalier Emery,Cleveland State,1.0099629,-2.9581611,-1.9481982,1194,0.484267580490051,-0.775864463736421,-0.29159688324637,109.163781714608,126.710917960568,-17.5471362459595,-196,2283319,#FFF5E8,#77ABD7,#D2E3F2
2655,Marcus Greene,Fordham,-0.51615999,-1.4371898,-1.95334979,678,-0.510406900486467,-0.807308298121789,-1.31771519860826,99.3210541677045,108.380651292887,-9.05959712518289,-29,1682535,#EFF5FA,#BDD6EC,#D2E3F2
2656,Chase Martin,Oral Roberts,-1.8393605,-0.11537762,-1.95473812,913,-1.0230215352847,-0.123380808276002,-1.1464023435607,93.8665141111062,108.549802374872,-14.6832882637655,-108,1889969,#C7DCEF,#F9FBFD,#D2E3F2
2657,Thiago Sucatzky,Florida International,0.17334269,-2.1317515,-1.95840881,692,-1.2055261155736,-0.328016621885787,-1.53354273745939,109.08571241871,115.863775649265,-6.77806323055463,-45,2541678,#FFFDFB,#9DC2E2,#D2E3F2
2658,Peter Kramer,Lehigh,-0.8927635,-1.0703832,-1.9631467,1049,-1.07544384203341,-1.19907684893352,-2.27452069096693,102.977587653404,108.440605935771,-5.46301828236686,-3,2313905,#E4EEF7,#CEE0F0,#D2E3F2
2659,Marcus Glover,Incarnate Word,-1.3447987,-0.6270435,-1.9718422,735,-0.183230054442927,-0.631216204571786,-0.814446259014713,100.927428699045,114.810783361222,-13.883354662177,-88,2161675,#D6E6F3,#E2EDF6,#D2E3F2
2660,Kaleb Washington,Florida A&M,-2.3265777,0.35233309,-1.97424461,952,-1.6852421165523,0.718456961665954,-0.966785154886341,92.168222474417,108.219204840307,-16.0509823658899,-75,1688545,#B9D3EA,#FFF8F1,#D2E3F2
2661,Deuce Turner,Fairfield,0.029579629,-2.0053491,-1.975769471,1113,-0.0658109658741421,-1.79299970582281,-1.85881067169696,102.912868974416,113.339207564466,-10.4263385900493,-11,1609279,#FFFEFE,#A3C6E4,#D2E3F2
2662,"Teddy Washington, Jr.",Chattanooga,-1.7636945,-0.21431569,-1.97801019,1046,-1.80134552237887,0.417066266238122,-1.38427925614075,99.9434612488076,115.844383788065,-15.9009225392574,-122,2117023,#CADEEF,#F5F8FC,#D2E3F2
2663,Perry Smith Jr.,Kennesaw State,-0.60190393,-1.3797323,-1.98163623,457,-0.212962058977282,-0.809886606747945,-1.02284866572523,104.227611292736,113.795817889211,-9.56820659647486,-49,1925055,#ECF3F9,#BFD7EC,#D2E3F2
2664,Caleb Steger,Boston College,-2.0816434,0.098616713,-1.983026687,570,-1.87712074636372,-0.674309183516891,-2.55142992988061,93.7673722105617,101.094573024378,-7.32720081381614,-70,2534675,#C0D8EC,#FFFDFB,#D2E3F2
2665,Kaden Fuhrmann,Mercyhurst,-0.9032217,-1.079861,-1.9830827,577,-0.0784737154743349,-1.38224945188007,-1.4607231673544,97.6395124483688,109.047753470451,-11.4082410220819,-6,2555396,#E3EEF7,#CDE0F0,#D2E3F2
2666,TJ Robinson,Saint Peter's,-0.7695172,-1.2145829,-1.9841001,840,0.266514969366649,-0.724475649275762,-0.457960679909112,99.1404047361287,110.630162608626,-11.4897578724977,-22,2540686,#E7F0F8,#C7DCEE,#D2E3F1
2667,Christian Oliver,Morgan State,-1.3374857,-0.65138024,-1.98886594,608,-1.54654775384205,-0.982458965085196,-2.52900671892725,98.3335663538312,115.677825150659,-17.3442587968277,-32,2113974,#D6E6F3,#E1ECF6,#D1E3F1
2668,Jai Chisolm,Cal State Northridge,-2.2565503,0.2598939,-1.9966564,476,-2.06964852593466,-0.207656316863495,-2.27730484279816,98.4675317794072,105.115909477631,-6.64837769822402,-27,2474928,#BBD5EB,#FFFAF4,#D1E2F1
2669,Ja'Quavian Florence,Tennessee Tech,-1.5556554,-0.44361295,-1.99926835,782,-2.43750298036064,-0.126561168481713,-2.56406414884236,99.6348881455759,111.880645489606,-12.2457573440297,-50,1600069,#D0E2F1,#EAF2F9,#D1E2F1
2670,Elijah Davis,Morgan State,-0.68602517,-1.3191452,-2.00517037,1477,0.424772114009707,-1.68010727935103,-1.25533516534132,94.0447426190848,115.893221759012,-21.8484791399273,-119,1725584,#EAF2F9,#C2D9ED,#D1E2F1
2671,Kiani Saxon,Wyoming,-2.2438907,0.23720292,-2.00668778,784,-2.28249041900193,0.47756194721158,-1.80492847179035,106.894602712379,106.578773314322,0.315829398057343,2,2132758,#BBD5EB,#FFFAF5,#D1E2F1
2672,Arne Osojnik,Northern Arizona,-1.1555701,-0.85215066,-2.00772076,676,-2.48002823624967,0.718967048024927,-1.76106118822474,97.5007194555272,118.599437893745,-21.0987184382175,-142,2119922,#DCE9F5,#D8E6F3,#D1E2F1
2673,Joe Manning,Southern,-0.90413557,-1.1060583,-2.01019387,554,-1.2514291537699,-0.262250777568305,-1.51367993133821,99.5598511272655,118.070000762775,-18.5101496355099,-64,2331471,#E3EEF7,#CCDFF0,#D1E2F1
2674,Julius Rollins,Denver,0.0036813095,-2.0162557,-2.0125743905,974,-0.24052029893103,-0.175241854203469,-0.415762153134499,110.776754162754,124.864709013157,-14.0879548504029,-128,1710146,#FFFEFE,#A2C5E4,#D1E2F1
2675,Cougar Downing,UMBC,-0.13540481,-1.8781478,-2.01355261,541,-0.911519424968584,-1.65973720309101,-2.57125662805959,104.955408516591,112.511786264997,-7.55637774840614,46,2146973,#FAFCFD,#A9C9E6,#D1E2F1
2676,Erich Harding,Marshall,-1.7016845,-0.3201598,-2.0218443,767,-1.02547162874317,-0.128848506705983,-1.15432013544915,103.564967063869,111.917219086688,-8.35225202281986,-50,2322324,#CCDFF0,#F0F5FA,#D1E2F1
2677,Nick Mullen,Central Michigan,-1.9844958,-0.039275582,-2.023771382,908,-0.805000725386141,0.949990610481219,0.144989885095078,96.7827362819169,113.595145887462,-16.8124096055448,-128,2482120,#C3DAED,#FDFDFE,#D1E2F1
2678,Jon Sanders,Eastern Michigan,-1.2772682,-0.74653184,-2.02380004,796,-1.00814137371308,-0.973620841532661,-1.98176221524574,96.6777056325258,104.683204834906,-8.00549920237978,-57,2119900,#D8E7F3,#DCE9F5,#D1E2F1
2679,John Squire,New Hampshire,-1.5072707,-0.52464444,-2.03191514,1279,-0.290931977223099,-0.473811880089405,-0.764743857312504,90.524751514537,112.036517128633,-21.5117656140963,-194,2098971,#D1E3F1,#E7F0F8,#D0E2F1
2680,Keegan Harvey,Bryant,-0.70213337,-1.3298615,-2.03199487,1252,0.899737975333793,-1.10570590974493,-0.205967934411142,92.1887001885063,114.302543384655,-22.1138431961491,-195,1606062,#E9F2F8,#C2D9ED,#D0E2F1
2681,Hantz Louis Jeune,South Alabama,-2.0567914,0.011770757,-2.045020643,1122,-2.17938145308178,-0.697950413235932,-2.87733186631771,100.089550371278,105.014637449451,-4.92508707817321,4,1953456,#C1D8ED,#FFFEFE,#D0E2F1
2682,Declan Ryan,Holy Cross,-1.5479851,-0.50388706,-2.05187216,542,-2.33680019435266,-0.860826761116276,-3.19762695546894,98.9930760452698,111.804803305138,-12.8117272598679,-40,2119933,#D0E2F1,#E7F0F8,#D0E2F1
2683,Mark Brown,Valparaiso,-1.9939113,-0.06175726,-2.05566856,480,-2.9929459040029,0.00676311083253948,-2.98618279317036,100.235056723045,105.68400690403,-5.44895018098506,-4,2536615,#C3DAED,#FCFDFE,#D0E2F1
2684,Mason Blackwood,Penn State,-0.35289473,-1.7076835,-2.06057823,508,-1.10466344830164,-0.631996582395906,-1.73666003069754,108.53647037988,119.317902468935,-10.7814320890542,-120,2506617,#F4F8FB,#B0CEE8,#D0E2F1
2685,Davide Poser,New Hampshire,-0.42142513,-1.6397529,-2.06117803,1375,-0.0580094844028672,-1.23287388842692,-1.29088337282978,94.1838015712645,113.25770770008,-19.0739061288155,-184,2117048,#F2F7FB,#B4D0E9,#D0E2F1
2686,Zack Davidson,Northern Arizona,-1.7389334,-0.32267725,-2.06161065,508,-0.799578431163559,-0.675869829266039,-1.4754482604296,93.3390486876074,110.95518509656,-17.6161364089528,-91,2125501,#CADEEF,#F0F5FA,#D0E2F1
2687,Kendrick De Luna,Cal State Fullerton,-2.1914705,0.12298121,-2.06848929,1054,-0.912616706604586,-0.231371827918998,-1.14398853452358,97.1626060010877,105.417197307485,-8.25459130639693,-80,2118967,#BDD6EC,#FFFCFA,#D0E1F1
2688,DeAndre Williams,Holy Cross,-0.74768853,-1.3221162,-2.06980473,1310,-1.57537365423521,-0.796660117486251,-2.37203377172146,99.748942140451,115.180542870387,-15.4316007299361,-139,2119926,#E8F1F8,#C2D9ED,#D0E1F1
2689,C.J. Booker,Southeastern Louisiana,-0.64347501,-1.4317805,-2.07525551,960,-0.396065393662023,-1.23955450991177,-1.63561990357379,97.625137963808,110.358858495427,-12.7337205316192,-75,1895652,#EBF3F9,#BDD6EC,#CFE1F1
2690,Jaquias Franklin,Charleston Southern,-1.2241368,-0.85331042,-2.07744722,556,-0.365929925456822,-0.583737524157309,-0.949667449614131,98.1637039424214,109.46568181617,-11.3019778737487,-11,2130029,#DAE8F4,#D7E6F3,#CFE1F1
2691,Reid Cason,East Carolina,-2.0399774,-0.042707827,-2.082685227,794,-1.51400492031788,1.06949900757216,-0.444505912745712,97.161703203475,111.756178235043,-14.5944750315676,-124,2283650,#C1D9ED,#FDFDFE,#CFE1F1
2692,"Donald Whitehead, Jr.",UNC Greensboro,-0.21208581,-1.8709657,-2.08305151,1452,-0.521954265723,-1.13020768998857,-1.65216195571157,105.468623422824,116.995032518128,-11.526409095304,-110,1732492,#F8FBFD,#A9CAE6,#CFE1F1
2693,Brandon Hall,Duquesne,-1.5390045,-0.54730729,-2.08631179,812,-2.21418056212358,-0.428355531580099,-2.64253609370367,108.04850528941,105.817303402687,2.23120188672312,4,1707266,#D0E2F1,#E5EFF7,#CFE1F1
2694,Malek Robinson,Chicago State,-2.9935044,0.90609345,-2.08741095,782,-2.82584696133049,1.87612557473532,-0.949721386595169,91.2441602316526,111.504902596622,-20.2607423649699,-322,2569044,#A5C7E5,#FFEFDB,#CFE1F1
2695,Jake Brack,South Dakota,-0.97384954,-1.1182508,-2.09210034,550,-1.81662142810409,-0.772919006950248,-2.58954043505433,103.41484876891,115.926719614406,-12.5118708454956,-36,2119906,#E1ECF6,#CBDFF0,#CFE1F1
2696,Landyn Jumawan,Northwestern State,-0.95444833,-1.1415377,-2.09598603,965,-1.74096113327108,-0.865712132250954,-2.60667326552204,98.8491947063565,113.716037728541,-14.8668430221849,-131,2313585,#E2EDF6,#CADEEF,#CFE1F1
2697,James Jones,Central Connecticut,-1.5528069,-0.54772315,-2.10053005,1174,-1.94702448687835,-0.706999946136025,-2.65402443301437,102.454553814668,111.92758246084,-9.47302864617212,-29,2301213,#D0E2F1,#E5EFF7,#CFE1F1
2698,Micah Davis,IU Indy,-0.2663262,-1.8357027,-2.1020289,1452,0.574688106352872,-0.445262761501498,0.129425344851373,102.76812460408,118.435768222304,-15.6676436182244,-197,2334508,#F7FAFC,#ABCBE6,#CFE1F1
2699,Aidan Haskins,Hampton,-1.7187864,-0.3888728,-2.1076592,472,-0.365983236857423,-1.28133527177708,-1.6473185086345,93.93472048208,104.677144026693,-10.7424235446135,-36,2531818,#CBDFF0,#EDF4F9,#CFE1F1
2700,Justin Moore,Loyola Chicago,-0.61129316,-1.4971724,-2.10846556,1087,-0.195121438220721,-0.496005890793011,-0.691127329013732,99.8959788009972,116.084847828925,-16.1888690279273,-152,1910954,#ECF3F9,#BAD4EB,#CFE1F1
2701,Chris Moncrief,Saint Francis (PA),-0.33246082,-1.7784017,-2.11086252,1005,-0.98055428076187,-1.04599909237784,-2.02655337313971,101.960095684186,120.487791738069,-18.5276960538834,-111,1909574,#F5F8FC,#ADCCE7,#CFE1F1
2702,Emmanuel Stephen,UNLV,-2.9583156,0.84480976,-2.11350584,571,-2.24589466828243,0.459518788304318,-1.78637587997811,98.6945659580799,104.202887541643,-5.50832158356284,-59,2303281,#A6C8E5,#FFF0DE,#CFE1F1
2703,Anthony Enoh,Georgia State,-2.111738,-0.0047976626,-2.1165356626,1078,-1.85195564073585,-0.025542059939136,-1.87749770067498,96.7347280618248,108.541647867461,-11.8069198056362,-94,2511342,#BFD7EC,#FEFEFE,#CFE1F1
2704,Nicolus Anderson,Loyola Chicago,-1.8755704,-0.24117193,-2.11674233,770,-2.23676239595007,-0.00106732648150892,-2.23782972243158,97.6896988998864,110.271535008342,-12.5818361084555,-130,2535042,#C6DCEE,#F3F8FB,#CEE1F1
2705,Cam Haffner,Western Kentucky,-0.28203357,-1.83826,-2.12029357,606,-0.627908488600056,-0.946164063991072,-1.57407255259113,104.327570647983,113.878499232794,-9.55092858481061,-71,1936950,#F6F9FC,#AACBE6,#CEE1F1
2706,Isaiah Shaw,Northern Arizona,-0.79330036,-1.3286046,-2.12190496,830,-0.37762281127016,-0.0237841655061237,-0.401406976776283,97.3404549944446,116.700407122603,-19.3599521281583,-156,1686901,#E7F0F8,#C2D9ED,#CEE1F1
2707,Tomas Valentiny,Stony Brook,-1.0321495,-1.090688,-2.1228375,947,-0.571292760570781,-0.951830984857522,-1.5231237454283,101.151838301439,110.128919148362,-8.97708084692319,-58,2477829,#E0EBF6,#CDE0F0,#CEE1F1
2708,Jordan Gorecki,Texas Southern,-2.3354167,0.20965557,-2.12576113,727,-2.73171045151952,-0.262356058263993,-2.99406650978351,97.9796099337414,108.871609422957,-10.8919994892151,-27,2567160,#B9D3EA,#FFFBF6,#CEE1F1
2709,Caleb Smith,Rider,-1.3417804,-0.78579743,-2.12757783,1396,-0.0214347071603212,0.211616430686637,0.190181723526316,91.7825901781053,116.132345500971,-24.3497553228654,-304,2567147,#D6E6F3,#DBE8F4,#CEE1F1
2710,Myles Wilmoth,Canisius,-2.723784,0.59196819,-2.13181581,1138,-1.72064337200292,0.0214442066854161,-1.6991991653175,89.9215823126408,109.454643482037,-19.5330611693965,-164,1602589,#ADCCE7,#FFF4E7,#CEE1F1
2711,Hayden Welling,Utah Valley,-1.3420014,-0.7902541,-2.1322555,878,-0.605043267355038,-0.0302821556146856,-0.635325422969724,103.791217091655,108.508950617622,-4.71773352596636,-30,1904042,#D6E6F3,#DAE8F4,#CEE1F1
2712,Zaire Hayes,Texas Southern,-0.13151988,-2.0043193,-2.13583918,1263,-0.466035464915188,-1.49754292336175,-1.96357838827694,98.2247583088334,114.4056120841,-16.1808537752666,-87,2177099,#FBFCFD,#A3C6E4,#CEE1F1
2713,Shaquil Bender,Long Beach State,-0.89181933,-1.2482119,-2.14003123,1146,-1.90253094746902,-0.89174171316462,-2.79427266063364,102.667061013825,110.636842344934,-7.96978133110855,-67,2147062,#E4EEF7,#C5DBEE,#CEE0F0
2714,Jaden Kempson,Albany,-1.4077049,-0.7357308,-2.1434357,1119,-1.30529887781032,0.302602915142865,-1.00269596266746,100.106998411425,115.010781234936,-14.9037828235117,-148,2549079,#D4E4F2,#DDEAF5,#CEE0F0
2715,Denis Badalau,Rutgers,-1.7434978,-0.40158403,-2.14508183,494,-1.38045707845658,-0.462301914312898,-1.84275899276948,99.1364833899819,108.379439809152,-9.24295641917004,-45,2474222,#CADEEF,#ECF3F9,#CEE0F0
2716,Kyler VanderJagt,Toledo,-0.66661468,-1.4786085,-2.14522318,1252,-0.212520492388158,-0.333053321281371,-0.545573813669529,107.78518000656,112.713201474437,-4.92802146787696,-42,1917664,#EBF2F9,#BBD5EB,#CEE0F0
2717,Duane Posey,Texas Southern,-0.32907758,-1.8239638,-2.15304138,951,-0.438642392246848,-1.00159228967563,-1.44023468192248,99.2570411898636,118.699042901523,-19.4420017116596,-123,1920152,#F5F8FC,#ABCBE6,#CEE0F0
2718,Andrew Urosevic,Lehigh,-0.33047065,-1.829232,-2.15970265,786,-1.48369999929031,-2.01390277606157,-3.49760277535188,105.631153350604,111.951292630784,-6.32013928017956,27,2547922,#F5F8FC,#ABCBE6,#CEE0F0
2719,R'Chaun King,Alabama State,-1.1490478,-1.0131924,-2.1622402,631,0.0795982806430447,-1.02607747657006,-0.946479195927011,96.9045060426172,112.076245260584,-15.1717392179664,-80,2567995,#DCE9F5,#D0E2F1,#CDE0F0
2720,Garrett Anderson,North Dakota,-1.6203275,-0.54436702,-2.16469452,1539,-1.55435782300906,0.398047585916661,-1.1563102370924,100.636863088035,113.108622163401,-12.4717590753654,-132,1947532,#CEE1F0,#E6EFF7,#CDE0F0
2721,Sir Issac Herron,Louisiana Tech,-0.99266321,-1.1734751,-2.16613831,494,-0.221491170660333,0.127608165608026,-0.0938830050523062,98.7998682967116,115.822724748513,-17.0228564518012,-47,1725192,#E1ECF6,#C9DDEF,#CDE0F0
2722,Anouar Mellouk,Morehead State,-0.88034515,-1.2900101,-2.17035525,1272,-0.964766647834631,-0.678660563784717,-1.64342721161935,104.024894076279,115.682732920438,-11.6578388441599,-89,1701264,#E4EEF7,#C4DAED,#CDE0F0
2723,Mason So,Mount St. Mary's,-1.8489887,-0.32377832,-2.17276702,936,-1.07031530455788,-0.702772818492148,-1.77308812305003,92.973220707688,106.429390168159,-13.4561694604708,-103,2147266,#C7DCEF,#F0F5FA,#CDE0F0
2724,Jacob Hudson,Gardner-Webb,-0.98796177,-1.1899595,-2.17792127,1242,-0.978816504173492,0.16648933854854,-0.812327165624952,93.6563872756308,120.56622271123,-26.9098354355988,-313,2302894,#E1ECF6,#C8DDEF,#CDE0F0
2725,Taj Thweatt,Coppin State,-1.5731704,-0.61037947,-2.18354987,698,-2.01400775775382,-0.376012031179,-2.39001978893282,90.6374162402613,117.13225449727,-26.4948382570087,-122,1605202,#CFE1F1,#E3EDF6,#CDE0F0
2726,Carson Vis,Western Michigan,0.036611863,-2.221074,-2.184462137,724,-0.325942017850902,-0.342549268766956,-0.668491286617859,106.115652910595,120.613964906093,-14.498311995498,-79,2501093,#FFFEFE,#99C0E1,#CDE0F0
2727,NaVuan Peterson,Gardner-Webb,-0.67083132,-1.5158617,-2.18669302,602,-0.94856211189602,-0.156601732549494,-1.10516384444551,95.2824600884553,122.473579194917,-27.1911191064619,-157,2142597,#EAF2F9,#B9D4EA,#CDE0F0
2728,Mykolaus Ivanauskas,Mercyhurst,-2.1076701,-0.081098674,-2.188768774,964,-1.82970526204285,-0.426764105696147,-2.256469367739,98.569567535941,107.877522465736,-9.30795492979528,-6,2287902,#BFD7EC,#FBFCFD,#CDE0F0
2729,Noah Norgaard,UNC Greensboro,-0.71355962,-1.4811361,-2.19469572,1393,-0.891581843541003,-1.01978104071239,-1.91136288425339,104.83559543149,115.887282581256,-11.0516871497665,-95,2540608,#E9F1F8,#BBD5EB,#CDE0F0
2730,Osiris Grady,UC Riverside,-1.4624745,-0.73497255,-2.19744705,1666,-1.20308014146767,-0.311877603831515,-1.51495774529918,97.0388418713482,111.393573489671,-14.3547316183227,-219,2114043,#D3E3F2,#DDEAF5,#CDE0F0
2731,Keelan Steele,Maine,-2.5152814,0.31756007,-2.19772133,772,-2.94047408363764,0.714786965263102,-2.22568711837454,90.2349908152066,110.532785578833,-20.2977947636259,-123,1924190,#B3D0E9,#FFF9F2,#CDE0F0
2732,Miles Amos,Seattle,-2.3270561,0.12930419,-2.19775191,490,-2.74757162869971,-0.134506830332568,-2.88207845903228,96.3615884153316,99.616541372338,-3.25495295700632,-33,2506890,#B9D3EA,#FFFCF9,#CDE0F0
2733,Antonio Munoz,Grambling,-2.0912601,-0.10874129,-2.20000139,1161,-1.89977179365594,-1.02434356804288,-2.92411536169883,95.4542165125924,104.782618267149,-9.32840175455706,-25,2566982,#C0D8EC,#FAFBFD,#CDE0F0
2734,Jaylan Ouwinga,Toledo,-1.7103633,-0.49033697,-2.20070027,1032,-1.01795182790747,0.386622716858419,-0.63132911104905,105.598052043551,111.644043308617,-6.04599126506646,-70,2294981,#CBDFF0,#E8F1F8,#CDE0F0
2735,Mikah Ballew,Portland,-1.3779969,-0.82361147,-2.20160837,1197,-1.35192865650036,-0.592321694978178,-1.94425035147854,100.635579224563,108.2195070676,-7.58392784303759,-92,2324520,#D5E5F3,#D9E7F4,#CDE0F0
2736,Ben Roy,Boston University,-0.25281209,-1.9498703,-2.20268239,486,-0.263748253627983,-0.970890620226838,-1.23463887385482,105.753047698066,122.764253484315,-17.0112057862489,-68,1942273,#F7FAFC,#A5C7E5,#CDE0F0
2737,Jefferson Koulibaly,Georgia Southern,-1.5530561,-0.65109077,-2.20414687,912,-2.69915919372884,-1.08748584775543,-3.78664504148426,106.368749567082,110.345952013823,-3.9772024467418,-7,1584397,#D0E2F1,#E1ECF6,#CDE0F0
2738,Trenton Walters,Niagara,-0.57264794,-1.6327832,-2.20543114,890,-0.428074740918573,-1.08596798009455,-1.51404272101313,95.9353417268333,115.487763500896,-19.5524217740623,-105,2116800,#EDF4FA,#B4D0E9,#CCE0F0
2739,Aaron Davis,Bryant,-1.1673108,-1.0426844,-2.2099952,1051,-0.074032746068597,0.166727433531778,0.0926946874631814,91.8521741313349,117.939639724133,-26.0874655927978,-168,2125074,#DCE9F4,#CFE1F1,#CCE0F0
2740,Anthony Wrzeszcz,New Mexico State,-0.55687681,-1.656206,-2.21308281,1226,0.300270838451457,-1.08813588378574,-0.787865045334281,102.777196881545,111.938811813318,-9.16161493177252,-119,1890626,#EEF4FA,#B3D0E9,#CCDFF0
2741,Karyiek Dixon,Western Illinois,-1.511849,-0.70777186,-2.21962086,760,-1.05594619068815,-1.10505701548702,-2.16100320617517,90.8758538019617,114.440828144567,-23.5649743426052,-144,2342598,#D1E3F1,#DEEAF5,#CCDFF0
2742,Vincent Delano,Northern Colorado,-0.23178634,-1.9882518,-2.22003814,1023,-0.811313158743956,-1.3289642396232,-2.14027739836716,109.877482624077,114.5838221179,-4.70633949382371,-11,2095942,#F8FAFC,#A4C6E4,#CCDFF0
2743,Brendan Rigsbee,Wofford,-0.58891685,-1.6454047,-2.23432155,598,-0.33098806135634,-1.04763319146905,-1.37862125282539,103.51576032472,115.553721586022,-12.0379612613018,-54,1931329,#EDF4F9,#B3D0E9,#CCDFF0
2744,Ketron Shaw,Old Dominion,-1.338564,-0.89626284,-2.23482684,1556,-0.881252075542392,-0.879065405446303,-1.7603174809887,100.443436019943,111.238370511809,-10.7949344918658,-140,1938060,#D6E6F3,#D6E5F3,#CCDFF0
2745,Jacen Holloway,Army,-0.067586496,-2.168287,-2.235873496,1388,1.06471658512379,-1.57813052230577,-0.513413937181977,99.4068019411044,117.576220126681,-18.1694181855764,-168,2347023,#FCFDFE,#9BC1E2,#CCDFF0
2746,Kyric Davis,North Carolina Central,-1.7684309,-0.46795124,-2.23638214,1075,-1.87005083055869,0.278781200709595,-1.5912696298491,96.355423082981,118.659765363816,-22.3043422808347,-155,2352194,#CADEEF,#E9F1F8,#CCDFF0
2747,Raevon Thomas,Jackson State,-1.5491568,-0.69054241,-2.23969921,770,-2.27422449924851,-1.20621568781515,-3.48044018706366,99.9861054214822,112.275284395609,-12.2891789741269,-17,1953966,#D0E2F1,#DFEBF5,#CCDFF0
2748,Joshua Dalton,Loyola Marymount,-0.65209155,-1.5878168,-2.23990835,600,0.0172516451396784,-0.949796505517303,-0.932544860377624,101.812889635074,110.87454257926,-9.06165294418593,-42,2474098,#EBF2F9,#B6D2EA,#CCDFF0
2749,Alex Kazanecki,Delaware,-0.27490409,-1.9688349,-2.24373899,1390,-0.99817098020927,-1.19816744666925,-2.19633842687852,104.45179383768,114.620911851255,-10.1691180135742,-86,2507044,#F6F9FC,#A4C7E4,#CCDFF0
2750,BJ Plummer,North Florida,-0.34938382,-1.8984658,-2.24784962,1478,-1.02904303839178,-0.857086505364661,-1.88612954375645,107.202711692329,121.621528601915,-14.418816909586,-187,2475164,#F4F8FB,#A8C9E5,#CCDFF0
2751,Aidan Rubio,Eastern Michigan,-1.1763115,-1.0739253,-2.2502368,506,-1.39623840267336,-0.27341227370529,-1.66965067637865,96.7299747103632,112.06090272084,-15.3309280104766,-69,2110216,#DBE9F4,#CDE0F0,#CBDFF0
2752,Jordan Pennick,Navy,-0.96413173,-1.290622,-2.25475373,1254,-1.59190485007014,-1.2639928017821,-2.85589765185224,104.737841872352,105.901522523963,-1.1636806516105,111,2119586,#E2EDF6,#C3DAED,#CBDFF0
2753,Pierre Geneste Jr.,Cal State Bakersfield,-2.3742173,0.11807577,-2.25614153,760,-2.14894119021077,1.49531259795993,-0.653628592250841,93.3454417200752,113.847420406866,-20.501978686791,-143,1917688,#B7D3EA,#FFFCFA,#CBDFF0
2754,Chase Dawson,Morehead State,-0.011265502,-2.2457256,-2.256991102,1311,0.460450502885856,-1.81186864948355,-1.35141814659769,102.324923633516,115.616820182718,-13.291896549202,-93,2356455,#FEFEFE,#98BFE1,#CBDFF0
2755,Jaxon Olvera,Louisiana-Lafayette,-0.90820306,-1.3683917,-2.27659476,1566,-0.716211511610517,-0.893831852300817,-1.61004336391133,96.6537444433667,111.734868656146,-15.0811242127797,-158,2292698,#E3EEF7,#C0D8EC,#CBDFF0
2756,Chas Lewless,West Georgia,-0.92627419,-1.3515155,-2.27778969,456,-1.02520675791522,-0.505054060127018,-1.53026081804224,99.4523877387732,113.236629636386,-13.7842418976132,-54,2351021,#E3EDF6,#C1D8ED,#CBDFF0
2757,Jacob Taylor,Charleston Southern,-1.0563058,-1.2270125,-2.2833183,1058,-1.0452491985723,-1.40971149263656,-2.45496069120886,101.609798657373,109.557150486383,-7.94735182900976,-37,2474229,#DFEBF5,#C6DCEE,#CBDEF0
2758,Marcus Fitzgerald Jr.,Jacksonville State,-1.1921342,-1.0919869,-2.2841211,812,-0.534008034934549,-0.663317794547992,-1.19732582948254,97.4083400324781,107.479529393371,-10.0711893608929,-38,1597665,#DBE8F4,#CDE0F0,#CBDEF0
2759,Daniel Macgregor,Stetson,-1.3099559,-0.97576843,-2.28572433,637,-0.513109446639468,0.240926330646856,-0.272183115992612,101.2849639963,116.017314992095,-14.7323509957956,-71,2319518,#D7E6F3,#D2E3F2,#CBDEF0
2760,Peter Hemschemeier,Southeastern Louisiana,-1.6830899,-0.60626297,-2.28935287,921,-2.15721422395691,-1.24434809265186,-3.40156231660877,97.5592577246602,105.972999509651,-8.41374178499038,-61,2545199,#CCDFF0,#E3EDF6,#CBDEEF
2761,Davius Loury,Cal State Northridge,-2.1723923,-0.11751673,-2.28990903,976,-1.55434839375217,-0.744177512599264,-2.29852590635143,100.687888800329,105.402215933641,-4.7143271333121,-19,2474926,#BDD6EC,#F9FBFD,#CBDEEF
2762,Will Shortt,Niagara,-1.8983523,-0.39444575,-2.29279805,882,-0.653377154236416,-0.543050421414347,-1.19642757565076,92.1384364720644,113.923964598428,-21.7855281263637,-142,2321035,#C6DBEE,#ECF3F9,#CBDEEF
2763,Louis Lesmond,Fordham,-1.5397119,-0.75610097,-2.29581287,781,-2.94200756411314,-1.21148898255827,-4.15349654667141,101.213266330847,104.715008616985,-3.50174228613824,-30,1689213,#D0E2F1,#DCE9F5,#CADEEF
2764,Billy Smith,Chattanooga,-0.85350943,-1.4534106,-2.30692003,1155,-1.27958425392768,-0.830546219145244,-2.11013047307293,102.72579030358,115.348191006269,-12.6224007026887,-84,1916175,#E5EFF7,#BCD5EB,#CADEEF
2765,Brooklyn Vick,North Carolina A&T,-2.1627928,-0.14520709,-2.30799989,520,-2.83917181412941,-0.0974686733610548,-2.93664048749046,99.4360052056041,109.661278759533,-10.2252735539284,-47,2548129,#BED6EC,#F8FAFD,#CADEEF
2766,Caleb Walker,Air Force,-1.5506322,-0.77077419,-2.32140639,880,-1.41151897812034,0.0210860407213499,-1.39043293739899,91.3189291423392,117.149354248625,-25.8304251062862,-214,2117992,#D0E2F1,#DBE9F4,#CADEEF
2767,Riley Jacobs,UMBC,-2.2995405,-0.026978485,-2.326518985,750,-2.59675136961018,-0.846655536614973,-3.44340690622515,99.7656712322292,107.577622948676,-7.8119517164468,13,2550200,#BAD4EB,#FDFEFE,#CADEEF
2768,Cam Palesse,Alabama State,-0.57063167,-1.7596026,-2.33023427,1542,-0.575576621177046,-2.06505873890025,-2.6406353600773,97.3285089894608,111.365036759813,-14.0365277703519,-138,1722680,#EDF4FA,#AECDE7,#CADEEF
2769,Brady Cummins,Colgate,-0.75670664,-1.5749626,-2.33166924,480,-2.14681304529778,-1.04544894160815,-3.19226198690593,104.217042054456,114.845637476539,-10.6285954220833,-55,1916996,#E8F0F8,#B6D2EA,#CADEEF
2770,Cyril Martynov,Fairleigh Dickinson,-1.5009721,-0.8333532,-2.3343253,1195,-0.341393684592993,-1.34297794420881,-1.6843716288018,94.9959649234692,112.911617235067,-17.9156523115983,-173,1891859,#D2E3F2,#D8E7F3,#CADEEF
2771,Dorian McMillian,Jackson State,-1.2455886,-1.0912987,-2.3368873,1494,-1.1099414577159,-0.645524273245092,-1.75546573096099,95.2277678168012,116.399402524782,-21.1716347079809,-275,2321174,#D9E7F4,#CDE0F0,#CADEEF
2772,Demetrius Lilley,Binghamton,-1.7670522,-0.57002843,-2.33708063,552,-2.46783337786434,-0.551244868599147,-3.01907824646348,90.2488519323519,118.533543504517,-28.2846915721648,-120,1895930,#CADEEF,#E4EEF7,#C9DEEF
2773,Jalen Vazquez,Lehigh,-2.0098042,-0.32774669,-2.33755089,1060,-1.76031497777529,-0.346990278822895,-2.10730525659819,99.1158649982038,108.687591193093,-9.57172619488905,-73,2547924,#C2D9ED,#F0F5FA,#C9DEEF
2774,Pasha Goodarzi,San Jose State,0.031762724,-2.3768543,-2.345091576,812,0.992448708776149,-1.24146164838633,-0.24901293961018,104.405789070872,121.007274144874,-16.6014850740022,-163,2152656,#FFFEFE,#92BBDF,#C9DEEF
2775,Troy Cole Jr.,Southeast Missouri State,-1.9664174,-0.38460335,-2.35102075,697,-2.64945249022478,-0.703256195186325,-3.35270868541111,99.060998667222,108.003323866068,-8.94232519884567,-26,2321220,#C4DAED,#EDF4F9,#C9DEEF
2776,Dante Kearse,The Citadel,-0.65582738,-1.6967065,-2.35253388,502,0.12492176174208,-0.860061906595463,-0.735140144853383,99.5553658959371,121.40836214581,-21.8529962498725,-144,2333233,#EBF2F9,#B1CFE8,#C9DEEF
2777,Alex Dupre,Portland State,-1.9857326,-0.37503051,-2.36076311,762,-2.15950683040661,-1.03329109965516,-3.19279793006178,100.566284240386,101.447880921704,-0.881596681318664,-6,2333321,#C3DAED,#EDF4FA,#C9DDEF
2778,Josiah Dunham,Southern Indiana,-0.68559005,-1.6774121,-2.36300215,702,-1.15734821288799,-1.33028303413484,-2.48763124702284,95.620669414858,112.183005743416,-16.5623363285584,-50,2302976,#EAF2F9,#B2CFE8,#C9DDEF
2779,Sebastian Robinson,NJIT,-1.720837,-0.64823635,-2.36907335,1347,-1.38783888412067,-0.540859992997135,-1.92869887711781,93.5492269100013,109.800994266293,-16.2517673562912,-124,2117659,#CBDFF0,#E1ECF6,#C9DDEF
2780,Victor Okojie,UMass Lowell,-2.5681653,0.18341722,-2.38474808,830,-2.07249221163222,-0.145194503347952,-2.21768671498017,96.1349868809425,111.224416019585,-15.0894291386424,-66,2550213,#B2CFE8,#FFFBF7,#C8DDEF
2781,Tyson Commander,Loyola Maryland,-0.67091067,-1.7256832,-2.39659387,1205,-1.10806913965047,-1.26384438688895,-2.37191352653942,100.805839384692,115.787109603804,-14.9812702191114,-139,1892352,#EAF2F9,#B0CEE8,#C8DDEF
2782,Jordan Leaks,Norfolk State,-2.0379377,-0.36704799,-2.40498569,1148,-2.405556627917,-0.917663381545666,-3.32322000946266,97.2469896725116,109.932715935275,-12.6857262627633,-55,2125284,#C2D9ED,#EEF4FA,#C8DDEF
2783,Timoty van der Knaap,Bradley,-1.2740356,-1.1317398,-2.4057754,1270,-1.01897916676501,-0.36528389560024,-1.38426306236525,106.156454996407,108.187163434346,-2.03070843793887,-29,2354190,#D8E7F3,#CBDEF0,#C8DDEF
2784,Hermann Koffi,Stonehill,-0.5441318,-1.8647518,-2.4088836,1812,0.189855988369046,-2.26625054628461,-2.07639455791557,90.4315550283965,105.952672276887,-15.5211172484902,-151,2305790,#EEF4FA,#A9CAE6,#C8DDEF
2785,Karris Bilal,Louisiana-Lafayette,-1.1936592,-1.2198285,-2.4134877,702,-2.29082199484057,-0.689479181432764,-2.98030117627334,99.822117745504,113.068448970906,-13.246331225402,-63,2280665,#DBE8F4,#C7DCEE,#C8DDEF
2786,Austin Cross,Troy,-1.6130788,-0.80909456,-2.42217336,816,-1.7661416981238,-1.91501791294093,-3.68115961106473,106.099064436701,104.26560752329,1.83345691341013,36,2318975,#CEE1F1,#D9E8F4,#C8DDEF
2787,Evan Anderson,South Dakota,-0.9082976,-1.5148926,-2.4231902,636,-0.824457849280986,-1.56692473700581,-2.39138258628679,102.363264550955,113.128276734658,-10.7650121837036,-56,2316654,#E3EEF7,#B9D4EA,#C8DDEF
2788,Landon Williams,Niagara,-1.5182796,-0.90578676,-2.42406636,818,-1.7346566721882,-0.538508094004015,-2.27316476619221,96.7916531977091,114.206191752433,-17.4145385547237,-95,2321014,#D1E2F1,#D5E5F3,#C8DCEF
2789,CJ Happy,Princeton,-2.0646405,-0.36499235,-2.42963285,702,-1.17621930697509,0.0213533526724129,-1.15486595430268,96.6512447260056,111.547756319501,-14.8965115934954,-90,2306439,#C1D8ED,#EEF4FA,#C7DCEF
2790,Drew Carter,Oregon,-1.3993321,-1.0305049,-2.429837,604,-0.907432304726751,-0.428579887353563,-1.33601219208031,105.589548131329,104.929565321418,0.659982809910864,-76,1765677,#D5E5F2,#CFE1F1,#C7DCEF
2791,Grgur Brcic,Bucknell,-2.5678961,0.13304321,-2.43485289,496,-1.55863044093472,-0.316565624879847,-1.87519606581457,85.9806999233,107.177841816195,-21.1971418928952,-116,2121785,#B2CFE8,#FFFCF9,#C7DCEF
2792,Darrius Bolden,Bellarmine,-1.1802074,-1.2578041,-2.4380115,458,-1.54025973971073,-0.13217466699269,-1.67243440670342,108.640988264598,119.420308909545,-10.7793206449476,-84,2552837,#DBE9F4,#C5DBEE,#C7DCEF
2793,Matheo Coffi,UTSA,-1.0240587,-1.4215665,-2.4456252,933,-0.580072556141984,0.275633719869878,-0.304438836272107,96.9667696965894,119.343782213989,-22.3770125173998,-201,2548790,#E0ECF6,#BDD6EC,#C7DCEE
2794,Jonas Sirtautas,Loyola Maryland,-1.9152112,-0.53532506,-2.45053626,558,-1.65123021809381,0.34470282276521,-1.3065273953286,96.8536571963795,114.995360646086,-18.1417034497062,-72,2118748,#C5DBEE,#E6EFF7,#C7DCEE
2795,Quincy Allen,Bryant,-2.7338396,0.28106681,-2.45277279,586,-2.47979745729163,1.3930217403327,-1.08677571695893,86.083578857237,113.090082472274,-27.006503615037,-155,1933859,#ADCCE7,#FFFAF4,#C7DCEE
2796,Gustav Winther,Northern Illinois,-0.57109784,-1.8843986,-2.45549644,1036,-0.215491185074029,-0.450806034544128,-0.666297219618157,97.1986263483066,118.188086710995,-20.9894603626886,-186,2543678,#EDF4FA,#A8C9E6,#C7DCEE
2797,Milan Mejia,Louisiana-Lafayette,-2.3474887,-0.11446682,-2.46195552,1034,-1.76624564707194,-0.853550220224631,-2.61979586729657,93.427984266728,106.575434997811,-13.1474507310827,-86,2484765,#B8D3EA,#F9FBFD,#C7DCEE
2798,Ponce James,Delaware State,-1.1710614,-1.2920631,-2.4631245,1238,-0.392989795953528,-0.87478495177884,-1.26777474773237,85.1746281027141,113.174990940095,-28.0003628373806,-218,2317868,#DBE9F4,#C3DAED,#C7DCEE
2799,Aiden Disu,Holy Cross,-2.0623968,-0.40297667,-2.46537347,1306,-1.57197638163611,-0.239028605956036,-1.81100498759214,95.5018601456548,112.948439172658,-17.4465790270029,-175,2534872,#C1D8ED,#ECF3F9,#C7DCEE
2800,Jorn Everson,Army,-0.72496268,-1.7477421,-2.47270478,934,0.199613380502305,-1.89332762666846,-1.69371424616615,97.8133438058282,115.409523761069,-17.5961799552411,-87,1933821,#E9F1F8,#AFCDE7,#C6DCEE
2801,Christian Humphrey-Rembert,Lafayette,-1.569559,-0.90604683,-2.47560583,1590,-0.858016849476748,-0.510916265979844,-1.36893311545659,97.7931166687121,113.566519921849,-15.7734032531369,-156,2536824,#D0E1F1,#D5E5F3,#C6DCEE
2802,Renars Sondors,Louisiana-Monroe,-1.1484417,-1.3293491,-2.4777908,1325,-0.361254171302381,-1.31279943102269,-1.67405360232507,97.0629250037227,117.128917292307,-20.0659922885844,-198,2331293,#DCE9F5,#C2D9ED,#C6DCEE
2803,Ethan Pickett,Southeastern Louisiana,-1.4643538,-1.015759,-2.4801128,890,-1.21216556995739,-0.902543019341389,-2.11470858929878,93.0117181691371,109.392862700653,-16.3811445315157,-156,2152728,#D3E3F2,#D0E2F1,#C6DCEE
2804,Sheridan Sharp,Southern Indiana,-3.6321808,1.1488508,-2.48333,810,-3.24889008150824,1.1768389501913,-2.07205113131694,85.8821873321964,105.52673114389,-19.6445438116931,-89,2113937,#92BBDF,#FFEBD2,#C6DCEE
2805,Clinton Efinda,UNC Greensboro,0.085295727,-2.5695533,-2.484257573,778,-0.723583179241941,-1.26137158085177,-1.98495476009371,108.407375184651,120.006631006849,-11.599255822198,-80,2321091,#FFFEFD,#89B6DD,#C6DCEE
2806,Eternity Eguagie,Rice,-1.5863547,-0.90227955,-2.48863425,857,-1.3196187596736,-0.353745402502953,-1.67336416217655,102.727692753617,111.677471105996,-8.94977835237907,-66,2540352,#CFE1F1,#D5E5F3,#C6DCEE
2807,Mekhi Gray,Maine,-1.7364076,-0.76028285,-2.49669045,1182,-1.2390072158233,-0.908160549439838,-2.14716776526314,90.3124513726192,109.43527617275,-19.1228248001307,-138,1589607,#CBDEEF,#DCE9F4,#C6DBEE
2808,Kyle Cuffe Jr.,Mercer,-0.27925263,-2.2181695,-2.49742213,800,-1.35709815940631,-0.708455443371585,-2.06555360277789,111.292466056827,118.847628618605,-7.55516256177853,-29,1702368,#F6F9FC,#99C0E1,#C6DBEE
2809,Devin Curtis,Southern Indiana,-2.4333697,-0.076401624,-2.509771324,484,-2.61187745476833,-0.0900490305721877,-2.70192648534052,90.5292079268912,111.969163003255,-21.4399550763633,-58,2099868,#B6D1E9,#FBFCFD,#C6DBEE
2810,Jack Graham,New Hampshire,-2.1528165,-0.36775457,-2.52057107,1364,-0.952891347052547,-0.507291086408782,-1.46018243346133,89.8573968973014,110.903515626344,-21.0461187290426,-215,2106654,#BED7EC,#EEF4FA,#C5DBEE
2811,LeBron Thomas,Green Bay,-0.99119652,-1.5312594,-2.52245592,605,-1.60733182260931,-0.315321597859998,-1.9226534204693,107.239037028218,115.913275843284,-8.67423881506522,-75,2505134,#E1ECF6,#B8D3EA,#C5DBEE
2812,John St. Germain III,Holy Cross,-1.0758063,-1.4486696,-2.5244759,760,-1.16793578287027,-1.14604554177226,-2.31398132464253,97.7121323912631,114.05235929324,-16.340226901977,-94,2111669,#DEEBF5,#BCD6EB,#C5DBEE
2813,Tay Knox,Texas State,-3.4588562,0.93161886,-2.52723734,721,-2.88531909669232,0.435815790820496,-2.44950330587182,91.3305539244576,103.760965356467,-12.4304114320098,-39,2106684,#97BEE1,#FFEEDA,#C5DBEE
2814,Dylan Ducommun,Northern Illinois,-2.3649672,-0.16243018,-2.52739738,1345,-1.55746539816658,-0.19918442331269,-1.75664982147927,91.5506471870011,109.489708301527,-17.9390611145255,-214,2543677,#B8D3EA,#F7FAFC,#C5DBEE
2815,Jalen Kampen,Central Michigan,-2.3340567,-0.21265092,-2.54670762,454,-1.31264753550712,-0.921880103255499,-2.23452763876262,94.5975112505297,106.76748324287,-12.1699719923405,-52,2482118,#B9D3EA,#F5F8FC,#C5DBEE
2816,Jaden Slaughter,Sacred Heart,-1.4364815,-1.1102883,-2.5467698,1076,-0.691745967861715,-1.15365571927709,-1.8454016871388,101.058136765599,113.08521258554,-12.0270758199406,-68,2342516,#D4E4F2,#CCDFF0,#C5DBEE
2817,Kam Martin,Samford,-0.82902605,-1.7195341,-2.54856015,846,-0.632674635330524,-1.06834007413098,-1.7010147094615,103.585358508316,114.398840050396,-10.8134815420795,-67,2302578,#E6EFF7,#B0CEE8,#C5DBEE
2818,Clayton Jackson,Lindenwood,-1.7540195,-0.80404554,-2.55806504,1382,-1.4924364691342,-1.98286024985023,-3.47529671898443,96.8239968900991,103.091159186759,-6.26716229665976,8,2319963,#CADEEF,#DAE8F4,#C4DBEE
2819,Aiden Miller,IU Indy,-1.3753,-1.1856174,-2.5609174,741,-0.784930151167413,0.110265389714049,-0.674664761453364,101.82944061577,118.278652313959,-16.4492116981891,-115,2324268,#D5E5F3,#C8DDEF,#C4DBEE
2820,Carter Kingsbury,The Citadel,-0.52653951,-2.035858,-2.56239751,1334,-0.222994012234117,-0.70700622580779,-0.930000238041907,99.1603688435336,119.428841415495,-20.2684725719619,-226,1687486,#EFF5FA,#A1C5E4,#C4DBEE
2821,Mekhi Cooper,Lindenwood,-1.8466077,-0.72320053,-2.56980823,1674,-1.54831850810798,-1.18014128841798,-2.72845979652596,96.5423947576402,106.11512890103,-9.57273414339022,-66,2137341,#C7DCEF,#DDEAF5,#C4DAEE
2822,Kavon Bradford,Northern Arizona,-1.9142559,-0.66202493,-2.57628083,702,-2.8021663753084,0.0639097776169499,-2.73825659769145,97.7384381506994,117.166745623388,-19.4283074726888,-161,2319447,#C5DBEE,#E0ECF6,#C4DAEE
2823,Antwan Wilson,Rider,-1.0282097,-1.5606484,-2.5888581,486,-2.24941540051798,-0.286952653005075,-2.53636805352305,97.0525495090825,121.16080574025,-24.1082562311673,-103,2160981,#E0EBF6,#B7D2EA,#C4DAEE
2824,EJ Mosley,Fort Wayne,-1.4244733,-1.1673956,-2.5918689,612,-1.68005197114095,-1.18070843009314,-2.86076040123409,101.490486071766,110.38799300872,-8.8975069369541,-52,2540070,#D4E4F2,#C9DDEF,#C4DAEE
2825,Christian Jones,Siena,-0.93943659,-1.6530044,-2.59244099,960,-1.40286446520106,-1.8267831754997,-3.22964764070076,104.301998182389,110.213114489785,-5.91111630739654,-3,2506619,#E2EDF6,#B3D0E9,#C4DAEE
2826,Dante Oliver,North Florida,-1.4406934,-1.1521621,-2.5928555,642,-1.67726677357061,-1.33850681046655,-3.01577358403716,103.005191465133,118.440076989885,-15.434885524752,-126,2282748,#D3E4F2,#CADEEF,#C4DAEE
2827,Daniel Etiosa James,Central Connecticut,-1.5255115,-1.0674333,-2.5929448,524,-1.07852301469177,-0.333997566917553,-1.41252058160932,100.299916985599,116.32819919076,-16.0282822051614,-49,2509089,#D1E2F1,#CEE0F0,#C4DAEE
2828,Justin Redmond,Northwestern State,-1.0278958,-1.5686435,-2.5965393,585,-1.82312654149906,-0.686230446027126,-2.50935698752618,98.3041755305448,114.171158991708,-15.8669834611633,-90,2313597,#E0EBF6,#B7D2EA,#C4DAED
2829,Jasteven Walker,Alabama State,-2.0228752,-0.5826972,-2.6055724,473,-1.52457667649954,-0.368303569695471,-1.89288024619501,88.3692644162537,111.315100480715,-22.9458360644612,-51,1920165,#C2D9ED,#E4EEF7,#C3DAED
2830,James Thomas,Mercyhurst,-3.1539383,0.54165215,-2.61228615,458,-2.56553010688134,-0.159808880859684,-2.72533898774103,87.8487912544261,103.685982870458,-15.837191616032,-37,2127460,#A0C4E3,#FFF5E9,#C3DAED
2831,Matija Žužic,West Georgia,-1.0149195,-1.5992553,-2.6141748,625,-2.75978309438259,-0.628860706983069,-3.38864380136566,102.63333483302,112.946587461087,-10.3132526280673,-35,2311789,#E0ECF6,#B5D1E9,#C3DAED
2832,Marcus Rigsby Jr.,UT Arlington,-2.323482,-0.29333826,-2.61682026,850,-1.41924995705811,-0.45362545455373,-1.87287541161184,91.577491077313,104.958454314157,-13.3809632368436,-97,2114198,#B9D3EA,#F1F6FB,#C3DAED
2833,DJ Nix,Cornell,-1.0763982,-1.5441365,-2.6205347,554,-0.988349207106144,-0.352084213269627,-1.34043342037577,108.764850576606,120.711585057652,-11.9467344810461,-55,1936753,#DEEBF5,#B8D3EA,#C3DAED
2834,Joah Chappelle,Georgia State,-1.6628207,-0.96237979,-2.62520049,1044,-1.20804009922667,0.0355737629783998,-1.17246633624827,95.6181526714144,113.470371152886,-17.8522184814717,-147,2511328,#CDE0F0,#D2E3F2,#C3DAED
2835,Eze Wali,The Citadel,-2.4607131,-0.16769993,-2.62841303,1231,-1.4845219976969,0.40063827364824,-1.08388372404866,94.6089911628831,114.24458397756,-19.6355928146768,-243,2273135,#B5D1E9,#F7FAFC,#C3DAED
2836,Michael Teal,Maryland-Eastern Shore,-1.1098251,-1.5231459,-2.632971,1312,-0.721146909644876,-1.24224145955897,-1.96338836920384,92.6587631678284,112.312489205557,-19.6537260377287,-180,2153819,#DDEAF5,#B9D3EA,#C3DAED
2837,Adrian Uchidiuno,Brown,-2.6634968,0.022259645,-2.641237155,1086,-2.05752242324556,-0.270141803556881,-2.32766422680244,90.7105753971389,104.809314284383,-14.0987388872441,-131,2110963,#AFCDE7,#FFFEFE,#C3D9ED
2838,Chace Watley,Wofford,-1.2146143,-1.4374849,-2.6520992,1300,-0.534963762628103,-0.637572080144716,-1.17253584277282,103.377373429032,114.139589269912,-10.7622158408791,-68,2475430,#DAE8F4,#BDD6EC,#C2D9ED
2839,Clayton Parker,Morehead State,-1.8642627,-0.78817691,-2.65243961,464,-2.11158079234855,-1.29779454131587,-3.40937533366442,98.1929927252025,114.555626591893,-16.3626338666905,-59,2550046,#C7DCEE,#DAE8F4,#C2D9ED
2840,Villiam Garcia Adsten,Drexel,-2.7234426,0.066186385,-2.657256215,934,-2.21189330780349,0.0396190349893069,-2.17227427281419,94.3083890752919,106.411752216598,-12.1033631413062,-103,2110983,#ADCCE7,#FFFDFC,#C2D9ED
2841,Jaiden Lawrence,Southeastern Louisiana,-1.768178,-0.8912927,-2.6594707,1000,-0.878975355661262,-0.860344326744748,-1.73931968240601,94.2855627594421,107.323824130926,-13.0382613714836,-123,2313664,#CADEEF,#D6E5F3,#C2D9ED
2842,Kelechi Okworogwo,North Carolina Central,-1.600763,-1.0628692,-2.6636322,1252,-0.849525338184701,-0.583212997310052,-1.43273833549475,95.4432743950504,117.463787623718,-22.0205132286671,-177,1890564,#CFE1F1,#CEE0F0,#C2D9ED
2843,Donovan Rivers,Jacksonville,-1.6124051,-1.0543149,-2.66672,1020,-1.14234811285256,-0.165842742424114,-1.30819085527667,100.236437910159,117.477214900099,-17.24077698994,-147,2143489,#CEE1F1,#CEE1F1,#C2D9ED
2844,Ma'Shy Hill,Abilene Christian,-3.4305083,0.76121681,-2.66929149,476,-3.63222361978926,-0.547845236779272,-4.18006885656854,88.3053033821729,95.3042988943491,-6.99899551217622,-25,2125332,#98BFE1,#FFF1E1,#C2D9ED
2845,Kadar Waller,Cal State Bakersfield,-1.5881291,-1.0889203,-2.6770494,1118,-0.877928220208378,0.405518207036574,-0.472410013171804,93.0797547185363,116.427513605126,-23.3477588865901,-221,1725586,#CFE1F1,#CDE0F0,#C2D9ED
2846,Jermaine Coleman,St. Thomas (MN),-1.0449729,-1.6356019,-2.6805748,727,-1.05782847632002,-1.31537128747389,-2.3731997637939,107.190118011839,112.189505771258,-4.99938775941895,-11,2143901,#DFEBF5,#B4D0E9,#C2D9ED
2847,Danas Kazakevicius,Howard,-2.6242819,-0.057477812,-2.681759712,728,-2.07558183028807,-1.17911571173084,-3.25469754201891,96.8584863551715,101.462522543862,-4.60403618869021,25,2567181,#B0CEE8,#FCFDFE,#C2D9ED
2848,Hassan Perkins,Coppin State,0.16857468,-2.8541119,-2.68553722,1216,0.642114971827402,-1.7975708484404,-1.15545587661299,90.4425653094045,120.976509656944,-30.5339443475392,-273,1701986,#FFFDFB,#7CAED9,#C2D9ED
2849,David Mager,Pepperdine,-1.2086482,-1.4786605,-2.6873087,512,-0.864581129365897,-1.02025588324797,-1.88483701261387,99.6343447641444,117.299051079418,-17.6647063152733,-86,1917655,#DAE8F4,#BBD5EB,#C2D9ED
2850,Cameron Johnson,Mercyhurst,-3.0201722,0.33002561,-2.69014659,593,-3.16607083746915,-0.367788815324307,-3.53385965279345,95.9979266489579,104.802696904465,-8.80477025550688,-17,2172460,#A4C7E4,#FFF9F2,#C1D9ED
2851,Kody Williams,Hampton,-2.0173412,-0.67301456,-2.69035576,738,-1.31169013740491,-0.848029776824183,-2.1597199142291,94.3568580272961,107.702674784767,-13.345816757471,-88,1899396,#C2D9ED,#E0EBF6,#C1D9ED
2852,Maison Adeleye,New Haven,-2.2650565,-0.42735612,-2.69241262,724,-2.51006970562115,-0.520792753604441,-3.03086245922559,92.3333391916442,108.67243309363,-16.3390939019861,-72,1925380,#BBD5EB,#EBF2F9,#C1D9ED
2853,Frederik Erichsen,Radford,-1.4411924,-1.2521341,-2.6933265,646,-1.35721218331185,-0.494722034311273,-1.85193421762313,101.572308919599,114.195614092989,-12.6233051733893,-23,2536600,#D3E4F2,#C5DBEE,#C1D9ED
2854,Daveyon Lydner,Coppin State,-1.7635549,-0.93039564,-2.69395054,476,-3.13303752058986,-0.759534832934576,-3.89257235352444,94.6015866856898,115.52152663434,-20.9199399486498,-83,2484755,#CADEEF,#D4E4F2,#C1D9ED
2855,Myles Watkins,Bellarmine,-1.0716632,-1.6248072,-2.6964704,485,-1.25417156437119,-0.098613551369665,-1.35278511574085,110.642762592755,123.405692350544,-12.7629297577891,-85,2292846,#DEEBF5,#B4D1E9,#C1D9ED
2856,Josh Hill,Robert Morris,-2.2045587,-0.49500987,-2.69956857,571,-2.69077242440263,0.0240449211954594,-2.66672750320717,103.023047600167,111.542736803381,-8.51968920321429,-38,2287926,#BDD6EB,#E8F0F8,#C1D9ED
2857,Vinny Sigona,East Texas A&M,-0.07550123,-2.6302813,-2.70578253,892,1.15129172635769,-1.53067293810279,-0.3793812117451,96.7594152710437,116.686572883745,-19.9271576127011,-108,1912150,#FCFDFE,#86B4DC,#C1D9ED
2858,Khamani Cooper,Omaha,-1.0121116,-1.6959769,-2.7080885,536,-2.05082467647888,-0.807350678188499,-2.85817535466738,102.515903495269,117.887456564479,-15.3715530692103,-83,2319749,#E0ECF6,#B1CFE8,#C1D9ED
2859,Ismail Habib,Southern Indiana,-1.2326379,-1.4831242,-2.7157621,1422,-0.254727409513697,-1.7992651708813,-2.05399258039499,91.604299714848,110.570086357825,-18.965786642977,-169,2112615,#DAE8F4,#BBD5EB,#C1D8ED
2860,Kevin McCarthy,Army,0.039854967,-2.7655923,-2.725737333,1160,-0.0323399699565086,-1.7171369757601,-1.74947694571661,101.707999486526,120.006180631395,-18.298181144869,-131,2347034,#FFFEFE,#80B0DA,#C1D8ED
2861,Tybo Bailey,East Carolina,-2.659713,-0.070219818,-2.729932818,757,-2.77209063026935,-0.853657273331638,-3.62574790360099,93.0290075526749,104.942409999261,-11.9134024465861,-89,2268712,#AFCDE7,#FBFDFE,#C1D8ED
2862,Quentin Duncan,NJIT,-1.6702873,-1.0656241,-2.7359114,718,-1.07125206463853,-0.867310296272944,-1.93856236091148,88.3435165403092,112.56247019375,-24.2189536534404,-130,2337441,#CDE0F0,#CEE0F0,#C0D8ED
2863,"Ashley Sims, II",Bryant,-1.1527428,-1.5850998,-2.7378426,1505,-0.285666720991439,-0.836243099574732,-1.12190982056617,93.5760255631669,115.784143790681,-22.2081182275142,-226,2481549,#DCE9F5,#B6D2EA,#C0D8ED
2864,Cortez Graham-Howard,North Alabama,-0.66433264,-2.0757454,-2.74007804,547,-1.53734994503483,-0.156266761359168,-1.693616706394,101.035401388295,124.064689941303,-23.0292885530075,-108,2563754,#EBF2F9,#A0C4E3,#C0D8ED
2865,Khalil Badru,Iona,-2.4953449,-0.24487494,-2.74021984,522,-3.21860314562166,-0.0248382554123387,-3.243441401034,94.4565361903878,109.096673666917,-14.6401374765289,-52,2336170,#B4D0E9,#F3F8FB,#C0D8ED
2866,Holden Pierre-Louis,Cleveland State,-2.2093572,-0.53423033,-2.74358753,745,-3.25771114381827,0.298918970982185,-2.95879217283608,105.061911735757,118.515465438717,-13.4535537029596,-99,2287298,#BCD6EB,#E6EFF7,#C0D8ED
2867,Ethan Kizer,South Dakota,-1.1489247,-1.5965572,-2.7454819,750,-1.66565128229514,-1.20363398415227,-2.86928526644741,102.553855182163,116.585107431276,-14.031252249113,-52,2144557,#DCE9F5,#B5D1E9,#C0D8ED
2868,Keishon Porter,Evansville,-1.8352086,-0.91626536,-2.75147396,548,-3.07950152312844,-0.46672394637154,-3.54622546949998,92.3489450986996,111.89182845935,-19.5428833606504,-117,1594829,#C8DDEF,#D5E5F2,#C0D8EC
2869,Aidan Richard,Holy Cross,-1.9861048,-0.77080391,-2.75690871,1265,-3.14499259224306,-0.64122629608332,-3.78621888832638,98.5203934002999,111.054392577033,-12.5339991767331,-109,2299340,#C3DAED,#DBE9F4,#C0D8EC
2870,Delyle Williams,Jackson State,-2.1125464,-0.64954435,-2.76209075,954,-2.94522833826988,-0.363328114139105,-3.30855645240899,96.8207389787625,115.560026117921,-18.7392871391588,-145,2093926,#BFD7EC,#E1ECF6,#C0D8EC
2871,Tan Yildizoglu,VMI,-0.84178322,-1.9248217,-2.76660492,1561,-0.197212145950874,0.309092485035278,0.111880339084404,96.201417933202,123.646873459323,-27.4454555261209,-357,2110985,#E5EFF7,#A6C8E5,#C0D8EC
2872,Tekao Carpenter,North Carolina Central,-0.83123707,-1.9396284,-2.77086547,1116,-0.924870978505682,-2.27483543913746,-3.19970641764315,99.5751508699962,116.505182268614,-16.9300313986179,-101,2334130,#E6EFF7,#A6C8E5,#C0D8EC
2873,Ramel Lloyd Jr.,Arkansas-Pine Bluff,-1.5624046,-1.2113221,-2.7737267,725,-2.13544746799137,-0.926666872920255,-3.06211434091162,100.687354658229,113.948122982861,-13.2607683246318,-51,1898632,#D0E2F1,#C7DCEE,#C0D8EC
2874,Braxton Bayless,Arkansas-Little Rock,-1.4982688,-1.3009354,-2.7992042,1696,-0.221124066366269,-0.988294337405828,-1.2094184037721,95.8668486050444,113.10970591282,-17.2428573077758,-186,1925359,#D2E3F2,#C3DAED,#BFD7EC
2875,Josh Pickett,Presbyterian,-0.84173631,-1.957756,-2.79949231,1372,-0.770704518139446,-1.54565315259653,-2.31635767073597,100.262474236865,111.954983170348,-11.6925089334829,-111,2306691,#E5EFF7,#A5C7E5,#BFD7EC
2876,Jared Frey,UMass Lowell,-1.8149221,-0.98487424,-2.79979634,484,-1.2913304943373,-0.987060132306584,-2.27839062664388,88.7986891145485,112.187996953548,-23.389307839,-110,1908665,#C8DDEF,#D1E3F1,#BFD7EC
2877,Najimi George,New Haven,-2.0170487,-0.79196716,-2.80901586,1574,-1.86336621943561,-1.3265287200581,-3.1898949394937,93.0438301244486,107.877483394677,-14.8336532702286,-105,2351714,#C2D9ED,#DAE8F4,#BFD7EC
2878,CJ Hall,SIU Edwardsville,-3.0717081,0.23977949,-2.83192861,526,-2.12934531061994,-0.555722376689785,-2.68506768730972,88.7182994926822,102.437939396535,-13.719639903853,-15,2506805,#A3C6E4,#FFFAF5,#BED7EC
2879,Dior Conners,Ohio,-1.052746,-1.7853412,-2.8380872,588,-1.91982414534945,-0.408110695090258,-2.32793484043971,101.412820740677,115.864085348484,-14.4512646078078,-64,2302338,#DFEBF5,#ADCCE7,#BED7EC
2880,Preston Turner,Eastern Illinois,-2.2055877,-0.63800638,-2.84359408,943,-0.655638683324635,-1.13654340275595,-1.79218208608058,89.6213328829557,108.118560741003,-18.4972278580476,-135,1933319,#BDD6EB,#E1ECF6,#BED7EC
2881,Ethan Greenberg,Air Force,-1.6355036,-1.2085505,-2.8440541,1470,-1.16916837415895,-0.139678453769198,-1.30884682792815,90.4715194987448,115.560483399021,-25.0889639002765,-359,2505121,#CEE0F0,#C7DCEF,#BED7EC
2882,Keynan Davis,The Citadel,-1.5979283,-1.2541924,-2.8521207,565,-1.74721104037036,-0.662750750520624,-2.40996179089098,95.9821593131151,118.816947325145,-22.8347880120301,-108,2117647,#CFE1F1,#C5DBEE,#BED6EC
2883,Joseph Owens,Chicago State,-2.6473549,-0.21160474,-2.85895964,461,-2.17518731373787,0.19236504829342,-1.98282226544445,93.5483801381985,113.026768857174,-19.4783887189757,-90,2161288,#AFCEE8,#F5F9FC,#BED6EC
2884,Shamarrie Hugie,Marshall,-0.82970261,-2.0318796,-2.86158221,566,-0.59805509765561,-0.260172279187056,-0.858227376842666,107.036432419417,119.892401723915,-12.8559693044981,-54,2560960,#E6EFF7,#A2C5E4,#BED6EC
2885,Jayden Teat,Sacramento State,-1.096233,-1.7660021,-2.8622351,634,-2.24754676736281,-1.04381185357906,-3.29135862094187,102.1373824141,115.814622848021,-13.6772404339208,-77,2102041,#DEEAF5,#AECDE7,#BED6EC
2886,Ty Francis,Northeastern,-1.6569821,-1.211819,-2.8688011,620,-1.88408588241624,-0.0658980293393162,-1.94998391175556,103.149895362732,118.721903554123,-15.5720081913909,-94,2474100,#CDE0F0,#C7DCEE,#BDD6EC
2887,Malachi Arrington,NJIT,-2.8655984,-0.0049851007,-2.8705835007,675,-2.49770671907373,-0.0956435211726528,-2.59335024024638,87.9925015614012,110.09066478379,-22.098163222389,-132,2337453,#A9C9E6,#FEFEFE,#BDD6EC
2888,Ben Waller,UC Riverside,-1.4173018,-1.4609834,-2.8782852,678,-0.122844921438194,-0.453018816984486,-0.57586373842268,93.6119617228498,115.191206241882,-21.5792445190319,-117,2495530,#D4E4F2,#BCD5EB,#BDD6EC
2889,Derrick Green,Coastal Carolina,-0.88069963,-2.0013162,-2.88201583,518,-2.19278881887023,-0.789089556841103,-2.98187837571134,104.246426081212,116.9874004113,-12.7409743300876,-46,2533921,#E4EEF7,#A3C6E4,#BDD6EC
2890,Jae Slack,North Carolina Central,-0.42198233,-2.4682692,-2.89025153,990,-0.573778502703553,-1.91596404116177,-2.48974254386533,99.989925840033,119.875862407992,-19.8859365679591,-59,2100347,#F2F7FB,#8EB9DE,#BDD6EC
2891,Anquan Boldin Jr.,Florida A&M,-2.5756129,-0.31702305,-2.89263595,640,-2.55008686655603,-0.761298839162383,-3.31138570571841,86.9047169665376,108.577023850389,-21.6723068838509,-127,2134475,#B1CFE8,#F0F6FA,#BDD6EC
2892,Miles Ndalama,Florida A&M,-3.2876493,0.39468763,-2.89296167,926,-2.78891041494003,-1.01339844202357,-3.8023088569636,91.4393536529409,103.358792569965,-11.9194389170244,-39,2567129,#9CC2E2,#FFF8EF,#BDD6EC
2893,KiJan Robinson,New Hampshire,-0.66940838,-2.2256348,-2.89504318,1078,-0.2992756489679,-1.88809796221416,-2.18737361118206,94.1641424891351,115.824821441144,-21.6606789520094,-131,2092554,#EAF2F9,#99C0E1,#BDD6EC
2894,Wesley Celichowski,Air Force,-2.984115,0.079832857,-2.904282143,1121,-2.28270417329598,0.441934275370564,-1.84076989792542,83.685916887577,112.395924327172,-28.7100074395949,-343,2118008,#A5C7E5,#FFFDFB,#BDD6EB
2895,Ty Tabales,Bryant,-2.0317539,-0.8731818,-2.9049357,1288,-1.8083784307427,-0.382955652711392,-2.1913340834541,94.0599360303334,113.917724463215,-19.8577884328815,-153,2481550,#C2D9ED,#D7E6F3,#BDD6EB
2896,Trey Horton,UTEP,-2.220941,-0.68980893,-2.91074993,604,-2.38662000038413,-0.458765632081892,-2.84538563246603,92.8542095676434,107.865011025886,-15.0108014582423,-84,2144230,#BCD5EB,#DFEBF5,#BCD6EB
2897,Dylan Jones,Southern Utah,0.35241296,-3.264158,-2.91174504,1210,0.0672025108296168,-1.84429233435345,-1.77708982352383,102.70204637301,118.746728674709,-16.0446823016992,-145,2339773,#FFFBF7,#69A2D3,#BCD6EB
2898,Andre Washington,Eastern Illinois,-1.6390363,-1.2768498,-2.9158861,484,-2.42990792352815,-1.13593520257857,-3.56584312610672,93.6208863530849,110.140311044701,-16.5194246916166,-54,1736834,#CDE0F0,#C4DAEE,#BCD6EB
2899,Cole Middleton,Lipscomb,-2.1353557,-0.78329156,-2.91864726,564,-3.12790150707084,-0.413562669570526,-3.54146417664137,103.311072657538,110.248033784115,-6.93696112657782,-28,1708189,#BFD7EC,#DBE8F4,#BCD6EB
2900,Bubz Alvarez,South Dakota State,-1.1283373,-1.7932596,-2.9215969,458,-1.22938102742482,-0.457076941997831,-1.68645796942265,105.017216065511,120.102826636131,-15.0856105706195,-61,2099290,#DDEAF5,#ACCCE7,#BCD6EB
2901,Christopher Flippin,Maryland-Eastern Shore,-2.5651353,-0.35707256,-2.92220786,595,-2.23318142313612,-0.749053705934663,-2.98223512907078,86.1614159196659,106.695026334342,-20.5336104146757,-102,2336169,#B2CFE8,#EEF4FA,#BCD6EB
2902,Gestin Liberis,Saint Francis (PA),-1.8659914,-1.056781,-2.9227724,1220,-0.912143152335204,-1.51592901278459,-2.4280721651198,93.9191201433849,114.050792364558,-20.1316722211727,-177,1946946,#C7DCEE,#CEE1F1,#BCD6EB
2903,Kieran Elliott,Cal Poly,-1.8879664,-1.0466057,-2.9345721,574,0.0223356164622257,-1.04625437888064,-1.02391876241841,95.1860843256691,111.342588547463,-16.1565042217937,-89,2132378,#C6DCEE,#CFE1F1,#BCD5EB
2904,Ali Assran,Cal Poly,-2.2748481,-0.66410061,-2.93894871,694,-2.42038324192506,0.271067586600424,-2.14931565532463,102.114598161887,114.536990017521,-12.4223918556346,-88,2544046,#BAD4EB,#E0ECF6,#BCD5EB
2905,Jacob Hogarth,Gardner-Webb,-1.7699955,-1.1800915,-2.950087,1326,-1.10680052132775,0.450572609958386,-0.656227911369365,90.1485361156939,122.149398476572,-32.0008623608784,-399,2297031,#CADEEF,#C9DDEF,#BCD5EB
2906,Jayden Gambrell,Lamar,-2.5579621,-0.40021194,-2.95817404,476,-1.8631008189028,-0.828673665810077,-2.69177448471287,92.3088607932376,106.213543044472,-13.9046822512348,-38,2331485,#B2CFE8,#ECF3F9,#BBD5EB
2907,Jaiden Haynes,Youngstown State,-0.90200239,-2.0666633,-2.96866569,493,-1.36350937707711,-0.959312411497988,-2.3228217885751,103.838263152821,115.140991753771,-11.3027286009501,-40,2541966,#E4EEF7,#A0C4E3,#BBD5EB
2908,Josh Reed,Drexel,-2.0592393,-0.90975063,-2.96898993,982,-2.11912521969917,-0.484908245135981,-2.60403346483515,99.7111286732958,106.496898567376,-6.78576989408023,-35,2307535,#C1D8ED,#D5E5F2,#BBD5EB
2909,Edouard Benoit,Lehigh,-2.2427369,-0.73557703,-2.97831393,1043,-1.93440575173236,-0.696120771782017,-2.63052652351437,97.8855702164551,107.606581151029,-9.72101093457414,-27,2313903,#BBD5EB,#DDEAF5,#BBD5EB
2910,AJ George,Cal State Bakersfield,-1.1892146,-1.7943559,-2.9835705,1402,-1.91108691664838,-1.35596459551592,-3.2670515121643,97.2123289100427,114.914050961468,-17.7017220514251,-167,1691418,#DBE8F4,#ACCCE7,#BBD5EB
2911,Isaiah Barnes,Valparaiso,-2.0804393,-0.90508446,-2.98552376,596,-2.6542775815032,-0.87033917855788,-3.52461676006108,95.0144717545468,109.879263525929,-14.8647917713819,-98,1691028,#C0D8ED,#D5E5F3,#BBD5EB
2912,Emanuel Richards,Longwood,-1.8066106,-1.1890072,-2.9956178,1356,-1.2123812034105,-0.896076726463006,-2.1084579298735,97.965828753056,111.262454773688,-13.2966260206318,-108,2133732,#C8DDEF,#C8DDEF,#BBD4EB
2913,Chad Moodie,Appalachian State,-2.845112,-0.15062817,-2.99574017,578,-2.84245962659758,-0.217595478107337,-3.06005510470491,93.7191504974137,108.24467251743,-14.525522020016,-84,2143535,#A9CAE6,#F8FAFD,#BBD4EB
2914,Matt Compas,IU Indy,-1.9232194,-1.0767357,-2.9999551,768,-0.525297646643113,0.0687824359536138,-0.456515210689499,97.7922221850429,117.020176118978,-19.2279539339349,-119,2471965,#C5DBEE,#CDE0F0,#BAD4EB
2915,Dariyus Woodson,Louisiana-Lafayette,-1.0514848,-1.9499087,-3.0013935,990,0.26606466495829,-1.52922753939924,-1.26316287444095,91.6830844166138,113.920222034789,-22.2371376181754,-173,2286438,#DFEBF5,#A5C7E5,#BAD4EB
2916,Davis Bynum,Rider,-1.9903265,-1.0147819,-3.0051084,843,-1.70792379001721,-0.22610755845689,-1.9340313484741,93.1752655171186,118.011300938162,-24.8360354210432,-173,2311683,#C3DAED,#D0E2F1,#BAD4EB
2917,Iverson King,Presbyterian,-2.3047047,-0.70120409,-3.00590879,558,-3.54296356431758,-0.529370869823202,-4.07233443414078,95.3990454456906,115.478731664003,-20.0796862183126,-107,2349846,#BAD4EB,#DEEBF5,#BAD4EB
2918,Ace Talbert,Gardner-Webb,-1.6299911,-1.3819928,-3.0119839,1296,-1.74457852038497,-0.345939650255618,-2.09051817064058,92.2287128478392,119.656925886421,-27.428213038582,-327,2120004,#CEE0F0,#BFD7EC,#BAD4EB
2919,Mason Bendinger,South Carolina Upstate,-2.2430495,-0.76918267,-3.01223217,1541,-2.05193885415357,-1.0882872965528,-3.14022615070636,96.0289067094308,107.836198757885,-11.8072920484544,-98,2543737,#BBD5EB,#DBE9F4,#BAD4EB
2920,Khoi Thurmon,Oakland,-1.863509,-1.1542343,-3.0177433,638,-2.72854824482627,-0.139900221867692,-2.86844846669397,109.140179816874,113.457756424582,-4.31757660770808,-41,2143904,#C7DCEE,#CADEEF,#BAD4EB
2921,Nick Krass,Nicholls State,-0.97837748,-2.0458981,-3.02427558,532,-1.3536580151222,-1.09572221609657,-2.44938023121877,106.240238014017,118.537197905409,-12.2969598913921,-53,1912253,#E1ECF6,#A1C5E3,#BAD4EB
2922,Jordan Pickett,SIU Edwardsville,-2.1290334,-0.90097101,-3.03000441,926,-2.73302961335602,-0.963014872640719,-3.69604448599674,95.2271282783638,105.829037967993,-10.6019096896297,-13,2134314,#BFD7EC,#D5E5F3,#BAD4EB
2923,Elijah Parker,Central Connecticut,-3.0619732,0.027791102,-3.034182098,616,-3.49668740641604,-0.0945971323959765,-3.59128453881202,97.7324220651568,109.598634839153,-11.8662127739963,-16,2509090,#A3C6E4,#FFFEFD,#BAD4EB
2924,Akiva McBirney-Griffin,UC Irvine,-3.50327,0.45594454,-3.04732546,534,-3.61379973730075,0.244150658310199,-3.36964907899056,88.6274610482532,99.6833779340147,-11.0559168857616,-31,1720480,#96BEE0,#FFF7ED,#B9D4EB
2925,Eugene Alvin,Morgan State,-1.261895,-1.7957523,-3.0576473,902,-0.778285202384909,-0.951734000782085,-1.73001920316699,96.0581677678804,120.44632642776,-24.3881586598799,-124,2477338,#D9E7F4,#ACCCE7,#B9D4EA
2926,Christian Gamble,Mercyhurst,-2.2731585,-0.79527035,-3.06842885,1098,-0.865308845553226,-1.36095094202448,-2.22625978757771,93.7816143738984,107.640902634718,-13.8592882608194,-69,1933837,#BAD4EB,#DAE8F4,#B9D3EA
2927,Walker Andrews,VMI,-2.0072423,-1.0627191,-3.0699614,492,-1.28241331440099,-1.19771500750373,-2.48012832190472,89.7630487879839,117.147966590987,-27.3849178030032,-123,2112511,#C2D9ED,#CEE0F0,#B9D3EA
2928,Davian Williams,Alcorn State,-1.5278111,-1.5543008,-3.0821119,1463,-2.15855428877075,-0.66157026306239,-2.82012455183314,95.2365077258116,118.827207301849,-23.5906995760375,-273,2345717,#D1E2F1,#B7D3EA,#B9D3EA
2929,Louie Jordan,Radford,-2.1228742,-0.95991848,-3.08279268,526,-1.13498749871657,-0.854020119835638,-1.98900761855221,93.2218931065035,111.122418821043,-17.9005257145391,-33,1932449,#BFD7EC,#D3E3F2,#B9D3EA
2930,Trent Hundley,Evansville,-1.2447727,-1.8380776,-3.0828503,890,-0.0701328517646654,-0.239808574870016,-0.309941426634681,96.6690576911517,115.18609101228,-18.5170333211288,-182,2311343,#D9E7F4,#AACBE6,#B9D3EA
2931,Raymond Espinal-Guzman,Stonehill,-2.7964433,-0.29278749,-3.08923079,1230,-2.04765724021732,-0.742945659352433,-2.79060289956975,88.9169425657967,106.647813240595,-17.7308706747985,-145,1691407,#ABCBE6,#F1F6FB,#B8D3EA
2932,Trey Brown,Maryland-Eastern Shore,-2.8538704,-0.23556034,-3.08943074,580,-3.44452914694057,-0.133548294251874,-3.57807744119245,92.9751712811833,111.308619640016,-18.3334483588323,-72,2555559,#A9CAE6,#F4F8FB,#B8D3EA
2933,Stefan Cicic,Pepperdine,-2.414498,-0.68076664,-3.09526464,678,-1.64396524271426,0.232391979141021,-1.41157326357324,95.5438569402557,114.468577568191,-18.9247206279354,-135,2289117,#B6D2EA,#DFEBF6,#B8D3EA
2934,Alex Doyle,Stetson,-0.79452921,-2.3042039,-3.09873311,886,-0.217164210221425,-1.00670909246968,-1.2238733026911,101.30588811936,121.635569573581,-20.3296814542215,-133,2116962,#E7F0F8,#95BDE0,#B8D3EA
2935,Truman Claytor IV,Arkansas-Little Rock,-1.6705574,-1.4309587,-3.1015161,741,-2.22350341170227,-0.453532752378157,-2.67703616408042,100.895984826256,115.456461576,-14.5604767497438,-56,2500899,#CDE0F0,#BDD6EC,#B8D3EA
2936,Ashton Magee,Southern,-2.1190417,-0.99814114,-3.11718284,528,-3.195874809222,-0.93118362889562,-4.12705843811762,102.335339935618,113.83831519869,-11.5029752630714,-57,2550791,#BFD7EC,#D1E2F1,#B8D3EA
2937,Ocypher Owens,Tarleton State,-2.9372634,-0.18316023,-3.12042363,781,-2.75604907294312,0.103811249127378,-2.65223782381574,92.4003198342813,107.46150658634,-15.0611867520588,-120,2110384,#A7C8E5,#F6F9FC,#B8D3EA
2938,Derwin Hodge,South Carolina State,-2.7662776,-0.35782787,-3.12410547,789,-3.17722316758424,0.0430217460939212,-3.13420142149032,93.5623950065566,114.514747004812,-20.9523519982555,-100,2557664,#ACCBE7,#EEF4FA,#B8D3EA
2939,Sharod Barnes,Western Michigan,-2.1108462,-1.0241753,-3.1350215,576,-2.60459162985025,-0.103654997044173,-2.70824662689443,96.9939911426098,116.871331070287,-19.8773399276774,-128,2470982,#BFD7EC,#D0E2F1,#B7D3EA
2940,Ahmad Harrison,Saint Francis (PA),-1.9272022,-1.2102671,-3.1374693,1305,-1.605527728063,-0.548818327119148,-2.15434605518215,94.2594281251188,117.721507454794,-23.4620793296747,-219,1701883,#C5DBEE,#C7DCEF,#B7D2EA
2941,Karl Poom,Northern Arizona,-0.86553902,-2.290066,-3.15560502,908,-1.29941589117116,-0.848068240022711,-2.14748413119387,102.549952074918,120.344776298475,-17.7948242235569,-122,2322774,#E5EEF7,#96BEE0,#B7D2EA
2942,Shainen Carter,Georgia Southern,-3.3601547,0.20362787,-3.15652683,1013,-2.71951078122179,0.382904946741435,-2.33660583448036,99.9874490716304,110.55504400609,-10.5675949344596,-66,2351943,#9AC0E1,#FFFBF7,#B7D2EA
2943,Eli Robinson,Air Force,-2.925961,-0.23101167,-3.15697267,1472,-0.963617927650109,1.14089675859131,0.177278830941197,84.7097775098196,115.792770796934,-31.0829932871147,-451,2303177,#A7C8E5,#F4F8FB,#B7D2EA
2944,Louis Hutchinson,Alabama A&M,-1.3281362,-1.8346649,-3.1628011,838,-1.2232939245279,-2.08814601779904,-3.31143994232694,97.8618382758852,113.710659612356,-15.848821336471,-64,1925932,#D7E6F3,#ABCBE6,#B7D2EA
2945,Jaden Smith,Saint Joseph's,-2.4682943,-0.69722799,-3.16552229,456,-1.9398162078147,-0.0772516630336989,-2.0170678708484,95.5819115628544,110.416903172312,-14.8349916094576,-61,2321284,#B5D1E9,#DFEBF5,#B7D2EA
2946,Florian Tenebay,South Carolina State,-1.7289169,-1.4388869,-3.1678038,1182,-1.92046149601215,-0.75912615175386,-2.67958764776601,93.6579640558143,118.344155080815,-24.6861910250002,-199,1958092,#CBDFF0,#BDD6EB,#B7D2EA
2947,Miles Goodman,UT Arlington,-3.928049,0.755822,-3.172227,615,-3.52745731137209,0.135103594580369,-3.39235371679172,88.9348092428192,100.862026382678,-11.9272171398584,-79,2303033,#89B6DD,#FFF1E1,#B7D2EA
2948,Elmore James,Ball State,-2.1998197,-0.97494507,-3.17476477,1130,-1.00606085227883,-1.39033517474789,-2.39639602702672,90.2975567100334,106.602073568043,-16.30451685801,-180,1916860,#BDD6EB,#D2E3F2,#B7D2EA
2949,Joseph Scott,Abilene Christian,-2.1621609,-1.0185914,-3.1807523,514,-2.89982400453383,0.171950818956963,-2.72787318557686,96.8501445060744,112.996569125013,-16.1464246189389,-113,2505149,#BED6EC,#D0E2F1,#B6D2EA
2950,Joey Madimba,Prairie View,-1.7995782,-1.3847123,-3.1842905,772,-1.35572993038403,-0.563249682766316,-1.91897961315035,95.30727630586,114.65767502438,-19.3503987185201,-16,1600266,#C9DDEF,#BFD7EC,#B6D2EA
2951,Omari Hamilton,Alcorn State,-2.0339956,-1.1508035,-3.1847991,1155,-1.73367571232009,-1.27436514352622,-3.00804085584632,92.3163395271887,112.330641035699,-20.0143015085107,-147,2345736,#C2D9ED,#CADEEF,#B6D2EA
2952,Chris Dockery,Missouri-Kansas City,-1.456364,-1.7314656,-3.1878296,1036,-1.32578252987951,-0.229121895952897,-1.55490442583241,92.295479081834,119.594499481626,-27.2990203997919,-255,1932438,#D3E4F2,#AFCEE8,#B6D2EA
2953,Malik Ferguson,Tennessee Tech,-1.306368,-1.8935582,-3.1999262,602,-2.17834644858247,-1.15349777809562,-3.33184422667808,99.3896972957015,118.27831907266,-18.8886217769581,-80,2152468,#D7E6F3,#A8C9E5,#B6D2EA
2954,Markus Blackwell,Eastern Illinois,-1.2785325,-1.9360298,-3.2145623,540,-2.32284401299759,-1.36379826659418,-3.68664227959177,98.9922695938268,114.224736877336,-15.2324672835097,-44,2493087,#D8E7F3,#A6C8E5,#B6D1E9
2955,Kasheem Grady II,Missouri-Kansas City,-1.97991,-1.234867,-3.214777,1218,-1.09752052109607,0.0242511157141324,-1.07326940538193,87.947804835043,117.176665359869,-29.228860524826,-332,2277268,#C3DAED,#C6DCEE,#B6D1E9
2956,Antwaun Massey,Western Illinois,-2.3946868,-0.82147892,-3.21616572,892,-2.9195455360796,-0.608135326832685,-3.52768086291229,91.4754798498107,117.944600622432,-26.4691207726215,-181,2342587,#B7D2EA,#D9E7F4,#B6D1E9
2957,Brian Griffith,Niagara,-1.3173767,-1.9176033,-3.23498,507,-3.03273067600808,-0.924842999825614,-3.95757367583369,99.8897005436936,118.054686128474,-18.1649855847807,-44,2540484,#D7E6F3,#A7C8E5,#B5D1E9
2958,Donovan Hunter,Bellarmine,-1.8748968,-1.3683518,-3.2432486,594,-2.21987592621281,-0.235149700341292,-2.45502562655411,107.242473353243,121.084347196095,-13.8418738428522,-100,2138876,#C6DCEE,#C0D8EC,#B5D1E9
2959,Raysean Johnson,Fairleigh Dickinson,-1.8363719,-1.4092056,-3.2455775,772,-2.20941865487352,-0.803101350070781,-3.0125200049443,98.3205487609356,115.262732952957,-16.942184192021,-117,2339770,#C8DDEF,#BED7EC,#B5D1E9
2960,Chris Morgan,Fort Wayne,-2.0216482,-1.226329,-3.2479772,570,-1.5709360076674,-0.703274077529224,-2.27421008519662,97.3201674799411,113.773505259176,-16.4533377792352,-107,1924162,#C2D9ED,#C6DCEE,#B5D1E9
2961,Jaden Baker,Wagner,-1.0264574,-2.2496826,-3.27614,1093,-0.742448086790454,-1.31963825143571,-2.06208633822616,98.9957641576595,116.476403413711,-17.4806392560519,-105,1696129,#E0ECF6,#98BFE1,#B4D1E9
2962,Quron Elliott,Manhattan,-0.76944046,-2.5127691,-3.28220956,552,-0.66612426268559,-1.68830390842636,-2.35442817111195,102.412429386733,122.59624567926,-20.1838162925268,-60,2547179,#E7F0F8,#8CB7DD,#B4D0E9
2963,Marcus Tankersley,Chicago State,-1.020906,-2.265229,-3.286135,1488,-0.941808631680414,-1.34273172466382,-2.28454035634423,95.8558994781808,118.998804388489,-23.1429049103081,-186,1924949,#E0ECF6,#97BEE1,#B4D0E9
2964,Devyn Franklin,Grambling,-3.4333218,0.14525334,-3.28806846,1001,-2.66051721600877,-1.07294636514121,-3.73346358114998,91.3226756836191,103.900983562933,-12.5783078793144,-45,2360101,#98BFE1,#FFFCF9,#B4D0E9
2965,C.J. McPherson,Tennessee Tech,-1.243903,-2.0445873,-3.2884903,482,-0.597689600498468,-1.07630291092938,-1.67399251142785,96.5781698254868,118.320723281949,-21.7425534564625,-83,2549995,#D9E7F4,#A1C5E3,#B4D0E9
2966,Bessanty Saragba,Delaware State,-1.9670693,-1.3274839,-3.2945532,663,-2.98919368514663,-1.93193564204005,-4.92112932718668,90.3912836048817,112.830206117103,-22.4389225122208,-61,1933808,#C4DAED,#C2D9ED,#B4D0E9
2967,Jackson Furman,Army,-1.6768114,-1.6189355,-3.2957469,1195,-1.262593079972,-0.4387316922337,-1.7013247722057,98.6814916595825,118.694303290878,-20.0128116312959,-151,2483393,#CCDFF0,#B4D1E9,#B4D0E9
2968,Myles Mayfield,UNC Asheville,-1.9604781,-1.3356829,-3.296161,1112,-1.85401616572573,-0.621052632188288,-2.47506879791401,101.856791028879,111.734172308908,-9.87738128002875,-98,2541682,#C4DAEE,#C1D9ED,#B4D0E9
2969,Ryan Mabrey,Maine,-1.8639144,-1.4372812,-3.3011956,1328,-1.96580473455017,-1.2317627741261,-3.19756750867627,89.8942789369076,109.288431786317,-19.394152849409,-152,1916176,#C7DCEE,#BDD6EC,#B4D0E9
2970,Justin Page,Niagara,-0.72590073,-2.5775451,-3.30344583,972,0.241685358070636,-1.85175276079015,-1.61006740271951,94.1755143292739,118.519831414182,-24.3443170849081,-187,2120120,#E9F1F8,#89B6DC,#B4D0E9
2971,Dorian Hayes,UTSA,-1.2071348,-2.1089687,-3.3161035,1272,-0.238508514664997,-0.68346184548937,-0.921970360154367,93.159034633579,120.397128861094,-27.2380942275145,-335,2548799,#DAE8F4,#9EC3E3,#B3D0E9
2972,Anthony Andrews,Texas Southern,-1.0303095,-2.2952596,-3.3255691,534,-2.33923771987916,-1.0824829988389,-3.42172071871806,101.469826642434,123.690931518107,-22.2211048756732,-99,2567159,#E0EBF6,#96BEE0,#B3D0E9
2973,Addarin Scott,Missouri-Kansas City,-2.1372167,-1.1897399,-3.3269566,586,-2.61385244255305,-0.198408714678668,-2.81226115723171,92.4108640193109,118.469100031691,-26.0582360123801,-127,2106220,#BFD7EC,#C8DDEF,#B3D0E9
2974,Comeh Emuobor,New Hampshire,-1.5822533,-1.74521,-3.3274633,839,-3.36504729608176,-1.36630402097881,-4.73135131706057,96.4505572015864,116.564980077924,-20.1144228763376,-156,2106179,#CFE1F1,#AFCDE7,#B3D0E9
2975,Shaun Wysocki,Denver,-0.84048611,-2.4990785,-3.33956461,873,-0.0632767931199851,-0.7569195924462,-0.820196385566185,106.892101218313,123.76963953988,-16.8775383215673,-135,2298131,#E5EFF7,#8CB8DD,#B3D0E9
2976,Jalen Harper,Rhode Island,-1.9832381,-1.3652852,-3.3485233,502,-2.37657630657181,-0.738669991195254,-3.11524629776707,98.8905126904124,109.216454376522,-10.3259416861097,-72,2472925,#C3DAED,#C0D8EC,#B3D0E9
2977,David Jevtic,Fairleigh Dickinson,-2.0715869,-1.2776157,-3.3492026,953,-0.661779938865215,-1.2360479332628,-1.89782787212802,93.929529162459,113.935378549625,-20.0058493871661,-102,2563844,#C1D8ED,#C4DAEE,#B3D0E9
2978,Chip Brunt,Northwestern State,-3.2744179,-0.079191446,-3.353609346,502,-2.07428474828515,0.150194619499195,-1.92409012878596,88.2095155091296,109.298490341926,-21.0889748327963,-100,2122809,#9DC2E2,#FBFCFD,#B2CFE9
2979,Dionjahe Thomas,Jackson State,-1.6951854,-1.6584382,-3.3536236,736,-2.35189093252166,-0.53553601626829,-2.88742694878994,97.5351402102743,121.75525948402,-24.2201192737452,-100,1925426,#CCDFF0,#B3D0E9,#B2CFE9
2980,Curtis Williams,Gardner-Webb,-1.7168125,-1.636854,-3.3536665,856,-2.41748495903046,-0.325791406843638,-2.74327636587409,92.8088428221884,120.372659563918,-27.5638167417295,-239,2098981,#CBDFF0,#B4D0E9,#B2CFE9
2981,Yuto Yamanouchi-Williams,Oral Roberts,-3.1294427,-0.22727955,-3.35672225,836,-2.5347189700456,0.21528383477139,-2.31943513527421,91.0734803325793,112.420682466255,-21.3472021336762,-161,1948700,#A1C5E3,#F4F8FB,#B2CFE8
2982,Khayri Dunn,Georgia Southern,-1.3589372,-1.9981048,-3.357042,1052,-1.79218668741164,-1.76872352283104,-3.56091021024268,104.161984808001,113.905534309347,-9.74354950134655,-52,2472410,#D6E5F3,#A3C6E4,#B2CFE8
2983,Nelson Lamizana,Coppin State,-1.6780292,-1.6817895,-3.3598187,562,-2.61215150727738,-0.572078614439669,-3.18423012171705,95.9848877357985,122.614498804773,-26.6296110689742,-122,2472169,#CCDFF0,#B2CFE8,#B2CFE8
2984,Jalin Rice,Nicholls State,-2.1906303,-1.1704586,-3.3610889,870,-2.02784553198597,-0.677123928504968,-2.70496946049094,96.1473722190944,111.904373109116,-15.7570008900216,-127,2116888,#BDD6EC,#C9DDEF,#B2CFE8
2985,Makai Kvamme,Western Illinois,-2.2071049,-1.1621067,-3.3692116,1217,-2.16851201134458,-0.174150322500223,-2.3426623338448,90.8698229006882,119.030838471979,-28.1610155712912,-256,2558106,#BCD6EB,#C9DEEF,#B2CFE8
2986,Mike Price,Cal State Bakersfield,-2.3225459,-1.0511504,-3.3736963,980,-2.67551753178222,-1.27888758697286,-3.95440511875508,96.6160888750938,111.235771998249,-14.619683123155,-113,2303083,#B9D4EA,#CEE1F1,#B2CFE8
2987,Robert Lewis,Lindenwood,-2.2492572,-1.1265676,-3.3758248,856,-1.40747596963802,-1.13848165285105,-2.54595762248907,92.9398862595257,108.879325528651,-15.9394392691252,-115,1925339,#BBD5EB,#CBDFF0,#B2CFE8
2988,Cole Farrell,Long Beach State,-2.1096271,-1.2746714,-3.3842985,1107,-2.09880113963463,-1.28500646114797,-3.3838076007826,97.1542193928557,110.829418024048,-13.6751986311923,-138,1895759,#BFD7EC,#C4DAEE,#B2CFE8
2989,Erik Oliver-Bush,Manhattan,-3.0585726,-0.33481356,-3.39338616,702,-2.09600834771342,-0.554513021655369,-2.65052136936878,94.5491383424439,113.207294270205,-18.658155927761,-122,2359804,#A3C6E4,#EFF5FA,#B2CFE8
2990,Isaiah Langham,Brown,-2.0028938,-1.3933886,-3.3962824,902,-2.26023904618637,-0.677911777249482,-2.93815082343585,94.8325107713137,111.786542143627,-16.9540313723138,-139,2478756,#C3D9ED,#BFD7EC,#B1CFE8
2991,Kaden Stuckey,VMI,-2.8817997,-0.51656431,-3.39836401,812,-3.52293521858366,0.122425734386093,-3.40050948419756,95.7046724896365,118.320287430175,-22.6156149405389,-168,2328973,#A8C9E6,#E7F0F8,#B1CFE8
2992,Brewer Carruth,Southern Mississippi,-2.509974,-0.89729847,-3.40727247,551,-2.17362003505242,-1.11827148524919,-3.2918915203016,95.2542130449872,108.980400609113,-13.7261875641254,-88,2329174,#B3D0E9,#D5E5F3,#B1CFE8
2993,Brandon Hardy,Southern,-2.213684,-1.2038041,-3.4174881,1033,-2.12506930949162,-0.784306079094064,-2.90937538858568,98.2944229284977,114.602537184851,-16.3081142563533,-126,2125262,#BCD6EB,#C7DCEF,#B1CFE8
2994,Preist Ryan,Cleveland State,-2.2385759,-1.1816421,-3.420218,1116,-1.54257818992011,-0.583845138593716,-2.12642332851383,100.628480769333,117.684504410971,-17.0560236416379,-189,2092481,#BCD5EB,#C8DDEF,#B1CFE8
2995,Kaia Berridge,Evansville,-2.0158173,-1.4092521,-3.4250694,486,-2.78355887705879,-0.262203213751543,-3.04576209081033,97.8509570417203,115.822915577798,-17.9719585360781,-103,2311334,#C2D9ED,#BED7EC,#B1CEE8
2996,"Anthony Arrington, Jr.",Mount St. Mary's,-2.8411884,-0.58498863,-3.42617703,666,-4.69633062968957,-1.14473342867518,-5.84106405836475,93.0488678729643,104.701580036499,-11.6527121635352,-40,1889974,#A9CAE6,#E4EEF7,#B1CEE8
2997,Jayden Taylor,Delaware,-1.7555931,-1.6919509,-3.447544,728,-2.04001115105191,-0.829427669789843,-2.86943882084175,99.5446440511028,117.592219226423,-18.0475751753205,-142,2507042,#CADEEF,#B1CFE8,#B0CEE8
2998,Ibrahim Olajuwon,Florida International,-1.8382464,-1.6286072,-3.4668536,704,-2.25815427864598,0.581039573077992,-1.67711470556799,104.639276297524,115.693857232271,-11.0545809347461,-79,2333142,#C7DCEF,#B4D0E9,#B0CEE8
2999,Lucas Hobin,Air Force,-1.3560702,-2.1139815,-3.4700517,1578,-0.736680097949125,-0.679460614292131,-1.41614071224126,90.5628295338353,118.156430430934,-27.5936008970987,-439,2505125,#D6E5F3,#9EC3E3,#B0CEE8
3000,Domas Kauzonas,UNC Greensboro,-2.1954761,-1.2960195,-3.4914956,530,-2.8018311440223,-0.820488216685964,-3.62231936070826,96.2404732046793,123.461543288138,-27.2210700834586,-141,2147295,#BDD6EC,#C3DAED,#AFCEE8
3001,Noah Treadwell,South Carolina State,-1.1032511,-2.3915457,-3.4947968,1194,-0.510952622736956,-2.48119024046038,-2.99214286319734,92.2764929349032,115.96575637943,-23.6892634445266,-184,2557663,#DDEAF5,#91BBDF,#AFCDE8
3002,Lucas Lorenzen,Western Illinois,-0.82374954,-2.6711463,-3.49489584,1577,-0.291664311976709,-1.4780583479829,-1.76972265995961,90.9260628603903,121.228228608209,-30.3021657478191,-364,2558100,#E6EFF7,#84B3DB,#AFCDE8
3003,D.J. Jefferson,Gardner-Webb,-2.5802235,-0.92230544,-3.50252894,786,-3.03701078770162,-0.13016657955016,-3.16717736725178,89.3435439274506,119.735790195118,-30.3922462676675,-247,1890545,#B1CFE8,#D4E4F2,#AFCDE8
3004,AB Coulibaly,Rider,-2.2735302,-1.2371766,-3.5107068,550,-1.87504376589478,-0.494274206344079,-2.36931797223886,91.3733896320517,116.944971140944,-25.5715815088922,-98,2567144,#BAD4EB,#C6DCEE,#AFCDE7
3005,Walter Peggs Jr.,Morgan State,-0.83581089,-2.6848923,-3.52070319,868,0.692453534597829,-2.63021327384098,-1.93775973924316,93.1253324994839,119.246727837727,-26.1213953382427,-141,1941904,#E5EFF7,#84B3DB,#AFCDE7
3006,Rob Lawson,Morgan State,-1.4338613,-2.0873111,-3.5211724,1599,-0.824292268531288,-1.85144118000471,-2.675733448536,95.1095626111848,118.62783331108,-23.5182706998948,-205,1913780,#D4E4F2,#9FC3E3,#AFCDE7
3007,Caleb Crawford,Maine,-2.7815498,-0.75067099,-3.53222079,1000,-3.0705918879895,-0.774219571578264,-3.84481145956776,91.654202110793,107.402536498911,-15.7483343881185,-74,2291036,#ABCBE6,#DCE9F5,#AECDE7
3008,Christian Meeks,Morgan State,-1.1831523,-2.3734912,-3.5566435,1374,-1.04732653850074,-2.08558854931943,-3.13291508782017,96.9618632646077,118.522861851702,-21.5609985870946,-144,1890602,#DBE9F4,#92BBDF,#AECDE7
3009,Xzayvion Childress,Mississippi Valley State,-2.8757417,-0.68159667,-3.55733837,680,-2.09624565794298,-1.65113272565399,-3.74737838359697,85.477916330214,112.408521839926,-26.9306055097121,-95,2691055,#A8C9E6,#DFEBF5,#AECDE7
3010,Corey Perkins,Delaware State,-3.48597,-0.082368615,-3.568338615,1106,-2.82844412173503,-0.425260239408985,-3.25370436114401,83.5252345702234,108.382462101472,-24.8572275312489,-177,1724366,#96BEE0,#FBFCFD,#AECCE7
3011,Spence Sims,Gardner-Webb,-0.89038144,-2.6898965,-3.58027794,1264,-0.151662690374939,-1.30610433052072,-1.45776702089566,91.0607432915491,122.786373938612,-31.725630647063,-380,2553894,#E4EEF7,#83B2DB,#ADCCE7
3012,Javante Edwards,Canisius,-2.8112628,-0.77003919,-3.58130199,972,-2.34049308232167,-1.11575929754828,-3.45625237986995,90.9090202354892,110.382869317174,-19.4738490816844,-132,2487835,#AACAE6,#DBE9F4,#ADCCE7
3013,Teshaun Steele,New Haven,-2.227328,-1.3545961,-3.5819241,626,-1.11024652824712,-0.666445817510806,-1.77669234575792,88.9206752671656,113.591569270859,-24.6708940036935,-111,2531839,#BCD5EB,#C1D8ED,#ADCCE7
3014,William Ball,Louisiana-Monroe,-1.8077839,-1.7987051,-3.606489,475,-1.62190686842519,-0.67869898303833,-2.30060585146351,95.3653228748139,122.035762687535,-26.6704398127209,-105,2492283,#C8DDEF,#ACCCE7,#ADCCE7
3015,Samuel Hincapie,Le Moyne,-2.5309054,-1.0829364,-3.6138418,808,-2.05934506901912,-1.96979627188872,-4.02914134090785,95.8105331928928,108.403201331976,-12.5926681390832,-31,2543890,#B3D0E9,#CDE0F0,#ADCCE7
3016,Hassan Washington,Northern Illinois,-4.3403747,0.71875105,-3.62162365,814,-3.80700623855169,-0.500720359407897,-4.30772659795958,87.5215381837426,104.001531772913,-16.4799935891701,-137,2543665,#7DAED9,#FFF2E3,#ACCCE7
3017,"Mario Tatum, Jr.",VMI,-0.66358416,-2.9783139,-3.64189806,1274,-1.01351548094478,-1.32529231635046,-2.33880779729524,99.0381093269422,123.25380323643,-24.2156939094874,-250,2532382,#EBF2F9,#76AAD7,#ACCBE7
3018,Cale Barclay,Southern Utah,-2.2746444,-1.3694716,-3.644116,777,-1.22476862190124,-1.01008742301191,-2.23485604491314,95.1605817071735,114.742191698675,-19.5816099915015,-156,2540189,#BAD4EB,#C0D8EC,#ACCBE7
3019,Jamari Piercy,Coppin State,-2.9523233,-0.69781653,-3.65013983,954,-3.33965477341482,-0.541304150362397,-3.88095892377721,90.478708702436,115.068604823148,-24.5898961207118,-179,2472170,#A6C8E5,#DFEBF5,#ACCBE7
3020,Trenton Ruth,Stonehill,-3.2780182,-0.37368132,-3.65169952,520,-3.33547587713869,-1.08063946752835,-4.41611534466704,89.6054272615981,106.331258150671,-16.7258308890727,-51,2539312,#9CC2E2,#EDF4FA,#ACCBE7
3021,Dailliss Cox,Chicago State,-2.3656433,-1.2864217,-3.652065,750,-1.94047035469714,-1.35075831073686,-3.29122866543399,91.1839559258358,115.870527891685,-24.6865719658494,-176,2150136,#B8D3EA,#C4DAED,#ACCBE7
3022,Kaden Brown,Southern Indiana,-2.0007269,-1.6570132,-3.6577401,584,-1.23646018420373,-1.16440248539086,-2.40086266959459,88.5627138383411,112.286613650899,-23.7238998125581,-108,2125331,#C3D9ED,#B3D0E9,#ACCBE7
3023,Omer Suljanovic,UC Davis,-3.0594564,-0.60583564,-3.66529204,752,-2.76297683957082,-1.19113576637024,-3.95411260594106,97.0955346463976,107.009157574846,-9.91362292844873,-42,2478328,#A3C6E4,#E3EDF6,#ABCBE6
3024,Petar Pinter,Northeastern,-2.4110368,-1.2567873,-3.6678241,632,-2.12739028937137,-0.573345732886611,-2.70073602225798,100.272392874663,118.143960420823,-17.8715675461599,-100,2474099,#B6D2EA,#C5DBEE,#ABCBE6
3025,Karmello Branch,Missouri-Kansas City,-1.4040686,-2.2729502,-3.6770188,1330,-0.604095059840192,-1.20384838617959,-1.80794344601978,90.0497754107236,118.356028584272,-28.3062531735488,-359,2555653,#D4E5F2,#97BEE0,#ABCBE6
3026,CJ Evans,Missouri-Kansas City,-2.177145,-1.5077837,-3.6849287,1511,-1.70031300211368,0.128256481895126,-1.57205652021855,90.3515449973034,118.288331187607,-27.9367861903035,-378,2555654,#BDD6EC,#BAD4EB,#ABCBE6
3027,Tamarion Hoover,Jackson State,-0.38620743,-3.3038823,-3.69008973,1052,-0.16194735147677,-1.45052207090054,-1.61246942237731,95.6351145833327,123.680756473434,-28.0456418901017,-228,2321172,#F3F7FB,#67A1D3,#ABCBE6
3028,Bryson Calamese,Alcorn State,-2.4010273,-1.2897706,-3.6907979,593,-3.28705755778291,-0.375528341861051,-3.66258589964396,93.3039501678355,116.939225819526,-23.6352756516907,-106,2534740,#B7D2EA,#C4DAED,#ABCBE6
3029,Jerome Palm,Missouri-Kansas City,-2.8850982,-0.81097659,-3.69607479,1256,-2.48443631888041,0.393641985373614,-2.0907943335068,89.1042511132792,117.163225863484,-28.058974750205,-333,1909109,#A8C9E6,#D9E8F4,#ABCBE6
3030,Brock Scholl,Omaha,-2.5547333,-1.1421954,-3.6969287,694,-1.74270604766137,-0.265055616237562,-2.00776166389893,96.5398203790434,114.529874899824,-17.9900545207803,-104,2532445,#B2CFE8,#CADEEF,#ABCBE6
3031,Foster Wonders,Cleveland State,-0.75011106,-2.9469413,-3.69705236,1144,-0.701955915252744,-1.11889526886279,-1.82085118411554,104.335643020298,124.103773012285,-19.7681299919878,-201,1705678,#E8F1F8,#78ABD8,#ABCBE6
3032,Cameron Tweedy,Saint Francis (PA),-1.1074977,-2.6024492,-3.7099469,676,-1.44349998584745,-1.65186158041892,-3.09536156626637,95.1795579814479,124.720656933641,-29.5410989521929,-182,1934521,#DDEAF5,#87B5DC,#AACAE6
3033,Marley Curtis,North Dakota,-2.9794738,-0.73457235,-3.71404615,774,-3.18444659576558,-0.410806504640049,-3.59525310040563,97.6822245794627,112.192498880765,-14.5102743013027,-78,2506785,#A5C7E5,#DDEAF5,#AACAE6
3034,Bryson Wilson,Binghamton,-2.2549858,-1.4635217,-3.7185075,1206,-2.63749206737348,-1.1031957270529,-3.74068779442638,93.951894474498,120.089152930125,-26.1372584556273,-224,2134480,#BBD5EB,#BCD5EB,#AACAE6
3035,Jah'Kim Payne,Tennessee Tech,-1.4926702,-2.2269601,-3.7196303,452,-2.33662661974849,-1.13038524447133,-3.46701186421982,100.110850582568,120.823956270055,-20.7131056874868,-79,2550004,#D2E3F2,#99C0E1,#AACAE6
3036,Cam Denson,Ball State,-3.6997283,-0.022428938,-3.722157238,626,-3.65067512493014,0.724181538235843,-2.9264935866943,89.8826131726463,110.037833619603,-20.1552204469568,-126,1908484,#90BADF,#FDFEFE,#AACAE6
3037,Dwayne Williams Jr.,Georgia Southern,-2.0698991,-1.665096,-3.7349951,694,-2.0846125021742,-1.02611959243688,-3.11073209461108,101.547087511114,115.591334612808,-14.0442471016934,-59,2472419,#C1D8ED,#B2CFE8,#AACAE6
3038,Zyier Beverly,Binghamton,-3.2542315,-0.49043347,-3.74466497,1048,-2.19805081625188,-0.541966539313091,-2.74001735556497,89.2297349927263,114.787880696004,-25.5581457032778,-161,2484756,#9DC2E2,#E8F1F8,#AACAE6
3039,Jalen StClair,Delaware State,-2.6718948,-1.0799011,-3.7517959,565,-4.00119190978208,-0.477152070305617,-4.4783439800877,90.3227476739261,113.543352256212,-23.2206045822858,-66,2560227,#AFCDE7,#CDE0F0,#A9CAE6
3040,"Dwayne Wimbley, Jr.",Massachusetts,-3.1603942,-0.59413641,-3.75453061,792,-4.35871312381409,-0.205016512983043,-4.56372963679714,101.483356724285,113.071000772027,-11.587644047742,-71,2472226,#A0C4E3,#E3EEF7,#A9CAE6
3041,Jeremy Clayville,NJIT,-2.3149327,-1.4430532,-3.7579859,498,-2.41266134212047,-1.6671019199659,-4.07976326208638,86.0599450607948,110.473203546635,-24.4132584858406,-96,2319683,#B9D4EA,#BDD6EB,#A9CAE6
3042,London Fields,East Texas A&M,-2.6524528,-1.1371193,-3.7895721,569,-2.34049542306265,-0.969779512120133,-3.31027493518278,88.7592280527049,110.470707650994,-21.7114795982889,-137,2125249,#AFCDE8,#CADEEF,#A9C9E6
3043,Sebastian Whitfield,Princeton,-3.2097217,-0.58052581,-3.79024751,565,-3.41248840278366,-0.353523382702364,-3.76601178548603,94.3552590692777,110.184195567622,-15.8289364983441,-87,2505016,#9EC3E3,#E4EEF7,#A9C9E6
3044,Shawn Nelson,Northern Kentucky,-2.5069872,-1.2951336,-3.8021208,458,-3.51506745383622,-0.803486488943798,-4.31855394278002,103.773443886402,111.815983931424,-8.04254004502189,-46,1955546,#B3D0E9,#C3DAED,#A8C9E6
3045,Isaiah Henderson,Siena,-1.5840021,-2.2257924,-3.8097945,614,-1.17373760998028,-1.76553384270905,-2.93927145268933,101.716088582389,113.685556160598,-11.969467578209,-26,2506614,#CFE1F1,#99C0E1,#A8C9E6
3046,Amaree Brown,Southern Indiana,-1.7277954,-2.0896605,-3.8174559,714,-1.81823194175037,-1.02929664210057,-2.84752858385094,94.8620200396222,116.408829146463,-21.5468091068412,-74,2507066,#CBDFF0,#9FC3E3,#A8C9E5
3047,Stephan Snagg,Binghamton,-1.4551782,-2.3670157,-3.8221939,758,-2.26681441813706,-1.27500696670676,-3.54182138484382,99.8249477813523,120.109782668389,-20.2848348870372,-97,2119924,#D3E4F2,#92BCDF,#A8C9E5
3048,Caleb Pennyfeather,Arkansas-Little Rock,-1.9911137,-1.8329611,-3.8240748,534,-2.0574153005932,0.122244521142963,-1.93517077945024,96.9437404796358,123.356618075695,-26.4128775960588,-131,2313705,#C3DAED,#ABCBE6,#A8C9E5
3049,Khalil Farmer,UMass Lowell,-1.765149,-2.0605535,-3.8257025,694,-2.55036255663329,-0.693551667752908,-3.24391422438619,98.1092576777451,120.882195203844,-22.772937526099,-121,1890522,#CADEEF,#A0C4E3,#A8C9E5
3050,Christian Beam,Georgia State,-3.6107789,-0.2256576,-3.8364365,637,-2.95259640065339,-0.0043468898443379,-2.95694329049773,89.6195266191582,109.737982420332,-20.1184558011742,-102,2511312,#92BCDF,#F4F8FC,#A7C9E5
3051,Kordrick Turner,Northwestern State,-1.5754705,-2.2706028,-3.8460733,642,-1.26973838970607,-1.06388447225175,-2.33362286195783,95.9974091593307,118.545193526856,-22.5477843675248,-118,2569010,#CFE1F1,#97BEE0,#A7C9E5
3052,Hussain Williams,Coppin State,-2.3398091,-1.512692,-3.8525011,1022,-1.38562576093993,-1.14744240896823,-2.53306816990816,87.6766661622644,116.930973215024,-29.2543070527599,-211,2472172,#B8D3EA,#B9D4EB,#A7C8E5
3053,Armari Carraway,Charleston Southern,-2.6550851,-1.2010951,-3.8561802,640,-2.06984963558043,-1.85550210141975,-3.92535173700019,95.2079749931821,108.721987356909,-13.5140123637272,-24,2474223,#AFCDE8,#C8DDEF,#A7C8E5
3054,Marko Ljubicic,Manhattan,-1.9215897,-1.9528394,-3.8744291,1057,-1.03362805356284,-1.37406322412431,-2.40769127768715,98.8441507495143,116.890699480266,-18.0465487307518,-140,2351187,#C5DBEE,#A5C7E5,#A7C8E5
3055,Nick Woodard,Alcorn State,-2.276109,-1.6210947,-3.8972037,1592,-1.77809991747159,-1.03938947008099,-2.81748938755258,92.1134628884225,115.731631658559,-23.6181687701364,-317,2283126,#BAD4EB,#B4D1E9,#A6C8E5
3056,Luka Vudragovic,Pepperdine,-2.7277068,-1.1728765,-3.9005833,584,-2.74356328755593,-1.12042525829948,-3.86398854585541,95.2033743152816,112.297502247692,-17.0941279324107,-98,2471996,#ADCCE7,#C9DDEF,#A6C8E5
3057,Malik Olafioye,Eastern Illinois,-2.6095335,-1.2925275,-3.902061,486,-3.89189926738727,-0.371820058166789,-4.26371932555406,94.3995024304687,113.87094963358,-19.4714472031118,-97,2137291,#B0CEE8,#C3DAED,#A6C8E5
3058,Coen Collier,South Carolina Upstate,-3.5848631,-0.32250361,-3.90736671,624,-2.77979380672355,0.566662676538879,-2.21313113018467,89.4934782132459,112.997984923918,-23.5045067106726,-128,2543731,#93BCDF,#F0F5FA,#A6C8E5
3059,Anastasios Rozakeas,Mount St. Mary's,-2.122374,-1.7882412,-3.9106152,562,-1.99674439002526,-1.16347800839053,-3.16022239841579,95.5093069696105,114.197181024304,-18.6878740546932,-91,2305484,#BFD7EC,#ADCCE7,#A6C8E5
3060,Austin Nunez,UTSA,-2.4830379,-1.4293019,-3.9123398,1021,-2.58875553294343,-0.194057111018295,-2.78281264396173,91.9643444400093,119.613739224438,-27.649394784429,-265,1911032,#B4D1E9,#BDD6EC,#A6C8E5
3061,Tai'Reon Joseph,Prairie View,-2.1084374,-1.8128199,-3.9212573,1370,-3.13592590794109,-2.07364225159889,-5.20956815953998,96.6341943253687,112.032221037177,-15.3980267118086,-131,1611533,#BFD7EC,#ACCBE7,#A6C7E5
3062,Jack Turner,Oral Roberts,-1.5689759,-2.3554077,-3.9243836,819,-2.38022065379507,-1.18358053363349,-3.56380118742855,98.8588556464552,117.880148487468,-19.021292841013,-161,2313679,#D0E1F1,#93BCDF,#A6C7E5
3063,Christopher Parker,South Carolina State,-1.4737024,-2.4555719,-3.9292743,676,-0.751529148123228,-1.10202107976646,-1.85355022788969,91.7880388379495,121.487512388777,-29.699473550827,-129,2557667,#D2E3F2,#8EB9DE,#A5C7E5
3064,Wes Peterson,Binghamton,-2.0654362,-1.8653564,-3.9307926,1528,-2.47282025231551,-1.42133429343454,-3.89415454575005,94.3599805490049,119.23562343846,-24.8756428894553,-234,1692299,#C1D8ED,#A9CAE6,#A5C7E5
3065,Jalen Lee,Southern Utah,-2.3709274,-1.5611817,-3.9321091,524,-2.04475418065045,-0.958183737035059,-3.00293791768551,94.3775699142062,115.32478123928,-20.9472113250735,-132,2303402,#B8D3EA,#B7D2EA,#A5C7E5
3066,DJ Dormu,Tarleton State,-2.6910407,-1.2466434,-3.9376841,665,-3.05517119442849,-0.740514335329544,-3.79568552975803,95.7080929829876,110.735703570786,-15.0276105877981,-97,2540338,#AECDE7,#C5DBEE,#A5C7E5
3067,Lorenzo Abellar,Southern Utah,-2.4643483,-1.4813672,-3.9457155,553,-1.95544154354011,-0.887239346935423,-2.84268089047554,94.845013569317,117.646337427079,-22.8013238577615,-135,2313790,#B5D1E9,#BBD5EB,#A5C7E5
3068,Ben Michaels,Vermont,-2.9119398,-1.0456982,-3.957638,605,-2.35577610650982,-1.40286827587296,-3.75864438238278,92.6164760687983,112.548594166998,-19.9321180981996,-98,2319442,#A7C9E5,#CFE1F1,#A5C7E5
3069,Aleksander Pachucki,Bucknell,-1.1614264,-2.8008491,-3.9622755,1126,-0.167733169583117,-1.44290785596688,-1.61064102555,94.2338282164888,119.020141856605,-24.7863136401162,-217,2321297,#DCE9F4,#7EAFD9,#A5C7E5
3070,Tyran Cook,Western Illinois,-2.5586158,-1.4085996,-3.9672154,611,-2.81922109609812,-0.919009011841982,-3.7382301079401,87.4788243910807,118.617134046316,-31.138309655235,-154,2112495,#B2CFE8,#BED7EC,#A5C7E4
3071,Christian Alston,Abilene Christian,-3.419184,-0.55730089,-3.97648489,530,-3.32701756023832,-0.221295209582571,-3.54831276982089,86.4689401298837,109.07209738019,-22.603157250306,-119,2313773,#98BFE1,#E5EFF7,#A4C7E4
3072,Khali Horton,Coppin State,-1.5679448,-2.4245333,-3.9924781,1028,-1.22139126982494,-1.09236276147664,-2.31375403130157,89.7130722756112,123.350432113477,-33.6373598378654,-270,2092478,#D0E1F1,#90BADE,#A4C6E4
3073,Jalen Tatum,Jackson State,-1.8846952,-2.1188333,-4.0035285,516,-1.86818320349017,-0.958021360268359,-2.82620456375853,95.1123671839561,122.84894785753,-27.7365806735741,-105,2321176,#C6DCEE,#9EC3E2,#A4C6E4
3074,Lamont Sams,Mississippi Valley State,-2.3425738,-1.6731838,-4.0157576,850,-1.86732644681245,-0.453369132543099,-2.32069557935554,86.1878986551362,122.247441671218,-36.0595430160818,-290,2547302,#B8D3EA,#B2CFE8,#A3C6E4
3075,Braylon Patton,North Alabama,-1.874925,-2.1519731,-4.0268981,697,-3.2301700040696,-0.417835464944939,-3.64800546901454,100.648286660916,119.918415719073,-19.2701290581567,-121,2563756,#C6DCEE,#9CC2E2,#A3C6E4
3076,Martin de Laporterie,Drexel,-3.6978139,-0.33763571,-4.03544961,669,-2.84583918074502,0.131135613998644,-2.71470356674638,91.6820584401794,109.093217591296,-17.4111591511162,-94,2505025,#90BADF,#EFF5FA,#A3C6E4
3077,Cyril Obasogie,Delaware State,-4.0058016,-0.0841797,-4.0899813,548,-3.37120795692589,0.05178241368593,-3.31942554323996,81.8511764786638,110.517879177296,-28.6667026986322,-120,2561023,#87B4DC,#FBFCFD,#A2C5E4
3078,Miles Rose,Albany,-2.4705593,-1.6271866,-4.0977459,634,-3.3533700426805,-1.16101113436664,-4.51438117704714,97.5105674606578,116.558184584675,-19.0476171240172,-76,2119958,#B5D1E9,#B4D0E9,#A2C5E4
3079,Ayomide Bamisile,Louisiana-Monroe,-2.6278719,-1.4837292,-4.1116011,524,-2.03135266896152,0.0460247408782072,-1.98532792808331,93.8364625963548,123.022546983848,-29.1860843874936,-140,2102044,#B0CEE8,#BBD5EB,#A1C5E4
3080,Rahmir Moore,Delaware State,-2.210706,-1.9036315,-4.1143375,770,-1.4074771151777,-1.84806075857051,-3.25553787374822,83.86603107912,115.721174167928,-31.8551430888079,-170,1342728,#BCD6EB,#A7C9E5,#A1C5E4
3081,Khalil London,Tennessee State,-2.7199426,-1.4294221,-4.1493647,533,-2.80756766502829,-0.90522067242988,-3.71278833745817,94.7553547921968,112.410035608038,-17.6546808158415,-62,1917795,#ADCCE7,#BDD6EC,#A0C4E3
3082,Jamaria Clark,Missouri-Kansas City,-2.8784718,-1.2764916,-4.1549634,526,-1.89207297082713,-0.838315749783751,-2.73038872061088,85.0563982749096,115.144308199913,-30.0879099250029,-159,2555655,#A8C9E6,#C4DAEE,#A0C4E3
3083,Evan Phelps,East Texas A&M,-3.3958253,-0.77183404,-4.16765934,691,-5.21772098851405,-0.21756933642302,-5.43529032493707,92.3096437358448,114.161154953375,-21.85151121753,-186,2152583,#99C0E1,#DBE9F4,#A0C4E3
3084,Alex Molofeev,Louisiana-Monroe,-2.54138,-1.6280016,-4.1693816,1071,-1.71967130905303,-0.7649012486368,-2.48457255768983,94.0427352546781,120.139372686853,-26.0966374321752,-240,2492288,#B2CFE9,#B4D0E9,#A0C4E3
3085,Ayouba Berthe,Georgia State,-3.21574,-0.9659759,-4.1817159,824,-2.62844679971802,-1.27325122448703,-3.90169802420505,91.1231314142845,109.549806879355,-18.4266754650706,-127,2511327,#9EC3E3,#D2E3F2,#A0C4E3
3086,Gabe Kincy,Alabama A&M,-2.9622442,-1.2349482,-4.1971924,597,-3.10910129715092,-1.02236664066944,-4.13146793782036,95.6136816007557,114.341343642244,-18.7276620414883,-66,2474952,#A6C8E5,#C6DCEE,#9FC4E3
3087,AJ Patterson,Air Force,-3.4729661,-0.77193081,-4.24489691,694,-3.48803305415688,1.07389683916214,-2.41413621499474,88.1747436399723,115.932112562,-27.7573689220275,-200,2303157,#97BEE0,#DBE9F4,#9EC3E3
3088,Michael Wilson Jr.,Bellarmine,-2.1422375,-2.1083887,-4.2506262,610,-2.32712886253526,-0.479288544810612,-2.80641740734587,106.123243699365,124.290278273087,-18.167034573722,-118,2351646,#BED7EC,#9EC3E3,#9EC3E3
3089,R.J. Kennedy,New Hampshire,-2.7144685,-1.5434887,-4.2579572,916,-2.69460190975609,-1.83602032017625,-4.53062222993235,91.4022886509233,112.448470961542,-21.0461823106189,-144,2321250,#ADCCE7,#B8D3EA,#9EC3E3
3090,JJ Massaquoi,UMass Lowell,-1.5405009,-2.7248136,-4.2653145,780,-1.22504625357287,-1.96996234673066,-3.19500860030352,97.6479839117347,119.962499543573,-22.3145156318381,-131,2550228,#D0E2F1,#82B1DA,#9EC3E3
3091,Ahmad Johnson,Arkansas-Pine Bluff,-1.4814558,-2.7865548,-4.2680106,512,-2.2691125966677,-1.42649145065071,-3.69560404731841,102.40507394404,122.262945248737,-19.8578713046967,-93,1948693,#D2E3F2,#7FB0DA,#9EC3E3
3092,Jordan Johnson,Bethune-Cookman,-2.1380074,-2.1363402,-4.2743476,874,-2.04484228733944,-1.96298896766876,-4.0078312550082,96.1728379394415,113.39047696987,-17.2176390304283,-149,2122130,#BFD7EC,#9DC2E2,#9EC3E2
3093,Devin Hines,North Florida,-2.2991016,-1.9799655,-4.2790671,780,-2.70720281990394,-0.498795308134503,-3.20599812803844,99.3693641522895,124.089241334702,-24.719877182413,-221,1708194,#BAD4EB,#A4C6E4,#9DC2E2
3094,Demariontay Hall,Coppin State,-3.7442146,-0.54391411,-4.28812871,830,-2.85039786776441,-0.299143633332693,-3.1495415010971,84.7815174344097,115.521902743909,-30.7403853094995,-215,2329145,#8EB9DE,#E6EFF7,#9DC2E2
3095,John Kelly,NJIT,-2.4203092,-1.8880662,-4.3083754,836,-1.37748584609906,-1.40190660334974,-2.7793924494488,88.8242328756586,116.137903205863,-27.3136703302046,-194,2337452,#B6D2EA,#A8C9E6,#9DC2E2
3096,Cole McCabe,Rider,-3.2544822,-1.0672394,-4.3217216,554,-2.35744463472241,-0.206750999108974,-2.56419563383138,83.3715490060363,117.97889592581,-34.6073469197741,-185,2293248,#9DC2E2,#CEE0F0,#9CC2E2
3097,Jaxson Whitaker,Central Michigan,-1.4146168,-2.9659325,-4.3805493,888,0.391617295432781,-1.71888659117315,-1.32726929574037,95.3734505564447,118.24939421664,-22.8759436601949,-174,2351299,#D4E4F2,#77ABD7,#9BC1E2
3098,Daniel Mayfield,Mississippi Valley State,-3.0759817,-1.321551,-4.3975327,1375,-1.9022655612243,-0.315556586336237,-2.21782214756053,84.6048670669265,120.207041016042,-35.6021739491152,-361,2335733,#A2C6E4,#C2D9ED,#9BC1E2
3099,Levi Beckwith,Maryland-Eastern Shore,-4.1442436,-0.2794986,-4.4237422,673,-4.77233188376216,-0.115451030323804,-4.88778291408596,91.1020759280995,110.541166097185,-19.4390901690857,-114,2555558,#82B2DB,#F2F7FB,#9AC0E2
3100,Rocco Awad,NJIT,-3.042333,-1.4225295,-4.4648625,706,-3.72937519934613,-0.78022943755343,-4.50960463689956,91.8300402909722,114.430821818302,-22.6007815273295,-126,2481920,#A3C6E4,#BDD6EC,#99C0E1
3101,Matar Diop,Stetson,-2.6273691,-1.8416149,-4.468984,620,-3.80086523214,-0.0976764316577385,-3.89854166379774,98.503798400793,123.029084132562,-24.5252857317692,-146,2094423,#B0CEE8,#AACAE6,#99C0E1
3102,Cassius Brooks,UTEP,-2.9081058,-1.569089,-4.4771948,602,-2.4906448726859,-0.433287693562974,-2.92393256624888,92.6562178787684,114.186929143451,-21.5307112646825,-124,2127539,#A7C9E5,#B7D2EA,#99C0E1
3103,Daemar Kelly,Northern Illinois,-2.8693634,-1.6159007,-4.4852641,966,-3.02921827535856,-0.0885402159860193,-3.11775849134458,88.9798019642357,118.194765321303,-29.214963357067,-281,2153486,#A9C9E6,#B5D1E9,#99C0E1
3104,Noah Melson,Fairleigh Dickinson,-2.0501985,-2.4375124,-4.4877109,623,-3.06057512974312,-1.56885974183099,-4.62943487157412,96.7709797673882,120.773584300074,-24.0026045326862,-118,2113892,#C1D9ED,#8FBADE,#99C0E1
3105,Justin Hinds,Air Force,-3.4216143,-1.0993568,-4.5209711,538,-4.39223272121187,-0.111275888517792,-4.50350860972966,88.0770642539546,116.95302209543,-28.8759578414757,-165,2505122,#98BFE1,#CCDFF0,#98BFE1
3106,Nazareth Fisher,Eastern Illinois,-3.5218354,-1.0284784,-4.5503138,722,-1.74448381541692,-0.490203838580525,-2.23468765399745,86.8438933857548,112.023925551342,-25.1800321655871,-137,2324280,#95BDE0,#CFE1F1,#97BFE1
3107,Isaiah Griffin,Western Illinois,-2.1493971,-2.4264561,-4.5758532,1368,-2.13495147578378,-1.64302222705489,-3.77797370283867,88.8397710181354,121.269995711158,-32.4302246930231,-366,2092808,#BED7EC,#90BADE,#97BEE1
3108,Jamias Ferere,Gardner-Webb,-2.4564909,-2.1372302,-4.5937211,916,-2.52249159593257,-0.607544085533057,-3.13003568146563,91.1125496038572,123.292129345818,-32.1795797419612,-261,2553893,#B5D1E9,#9DC2E2,#96BEE0
3109,Sam Springer,Loyola Maryland,-2.1005468,-2.5292124,-4.6297592,854,-1.42309463263521,-2.21541282251303,-3.63850745514824,96.390757409765,118.576344766241,-22.1855873564763,-146,2303174,#C0D8EC,#8BB7DD,#96BEE0
3110,Brendan Oliver,Canisius,-3.2687321,-1.3807641,-4.6494962,463,-1.79148001640307,-1.05127765192435,-2.84275766832742,84.56117341007,115.528962906498,-30.9677894964281,-133,2487837,#9DC2E2,#BFD7EC,#95BDE0
3111,Eunique Rink,Hampton,-3.0047037,-1.666154,-4.6708577,532,-2.05443648088462,-0.466780380524644,-2.52121686140927,87.7372007733202,118.698773221208,-30.9615724478876,-141,2273131,#A5C7E5,#B2CFE8,#95BDE0
3112,Devon Arlington,Yale,-2.4183284,-2.2601995,-4.6785279,590,-1.99855722399127,0.283481920937966,-1.7150753030533,108.701932123651,117.78169927296,-9.07976714930883,-41,1949283,#B6D2EA,#97BFE1,#94BDE0
3113,Dwayne Pierce,North Carolina A&T,-2.8854517,-1.8891194,-4.7745711,1102,-2.40260721768681,-0.814084644747746,-3.21669186243455,97.7390879539344,116.425177201702,-18.6860892477678,-168,2548128,#A8C9E6,#A8C9E6,#92BCDF
3114,Cameron Clark,South Carolina State,-3.6732372,-1.1259589,-4.7991961,906,-2.87693100576831,-0.858159146604867,-3.73509015237318,85.9545804606074,116.752501405045,-30.7979209444371,-197,2303097,#91BBDF,#CBDFF0,#92BBDF
3115,Jakob Blakley,Le Moyne,-2.3890895,-2.4112777,-4.8003672,862,-1.39427114662011,-2.89735970149773,-4.29163084811784,94.3380181148234,112.861855404626,-18.5238372898021,-97,2337434,#B7D2EA,#90BADF,#92BBDF
3116,Marcos Gonzales,The Citadel,-2.5555654,-2.3638027,-4.9193681,536,-3.44593774720602,0.097397289929287,-3.34854045727673,98.7956906974021,125.573830543776,-26.7781398463742,-89,2548085,#B2CFE8,#92BCDF,#8FB9DE
3117,Keeshawn Mason,Prairie View,-2.5360829,-2.457832,-4.9939149,712,-2.79034769108373,-0.797972048198537,-3.58831973928227,91.3530119549588,122.297947619569,-30.9449356646099,-159,1691292,#B3D0E9,#8EB9DE,#8DB8DE
3118,Kobe Butler,Jackson State,-2.6263669,-2.4158682,-5.0422351,484,-2.73720929301751,-0.991058735437306,-3.72826802845482,93.194269563884,124.121747361298,-30.9274777974141,-151,2555642,#B0CEE8,#90BADF,#8CB8DD
3119,Justin Monden,Maryland-Eastern Shore,-2.7538087,-2.2968144,-5.0506231,1034,-2.21079092550978,-1.54091332067151,-3.75170424618129,91.1204929091653,115.805532631445,-24.6850397222797,-165,2555564,#ACCCE7,#95BEE0,#8CB8DD
3120,Jason Clarke Jr.,Appalachian State,-1.3125485,-3.7454201,-5.0579686,459,-0.402413437003958,-0.446743612409955,-0.849157049413913,99.4968284443094,123.521070715146,-24.0242422708369,-100,2302341,#D7E6F3,#5395CD,#8CB8DD
3121,Micah Caster,Louisiana-Monroe,-2.4695297,-2.614961,-5.0844907,592,-3.18805479213954,-0.732198839494958,-3.9202536316345,93.3617738587407,123.307028009748,-29.9452541510076,-160,2331285,#B5D1E9,#87B5DC,#8BB7DD
3122,Corey Sands,Chicago State,-3.3882404,-1.7125983,-5.1008387,860,-1.9448646497872,-1.72798023094202,-3.67284488072922,89.2098590060018,114.488040085472,-25.2781810794702,-210,2569045,#99C0E1,#B0CEE8,#8BB7DD
3123,Davis White,Cal State Fullerton,-2.7208369,-2.4849593,-5.2057962,626,-2.28373666589301,-1.26850130623732,-3.55223797213033,96.6077229564048,116.952919488495,-20.34519653209,-109,2483459,#ADCCE7,#8DB8DE,#88B5DC
3124,Cal Liston,VMI,-2.2627396,-2.9887173,-5.2514569,1088,-1.23116242521666,-0.811699419408813,-2.04286184462548,92.8051530567871,127.112946763557,-34.30779370677,-326,2328969,#BBD5EB,#76AAD7,#87B5DC
3125,X’Zaevion Barnett,Mississippi Valley State,-3.19523,-2.0890871,-5.2843171,1332,-2.62902919251949,-0.552019645467984,-3.18104883798747,85.152876479278,122.278733947167,-37.1258574678886,-372,2547327,#9FC3E3,#9FC3E3,#87B4DC
3126,Chris Kumu,Canisius,-3.8826172,-1.4550133,-5.3376305,518,-4.09845976772892,-0.596954396394599,-4.69541416412352,86.5391610932674,115.922624733947,-29.3834636406801,-155,2487834,#8AB7DD,#BCD5EB,#85B4DC
3127,Kolby Gilles,Air Force,-3.6149009,-1.7276008,-5.3425017,670,-5.39822626414552,-0.345487888748426,-5.74371415289395,92.7113102651774,116.513350367571,-23.8020401023931,-164,2117998,#92BCDF,#AFCEE8,#85B4DB
3128,Tyler Koenig,Coppin State,-3.4667118,-1.9190153,-5.3857271,799,-1.86121554871193,-1.31414347087592,-3.17535901958785,83.0740737522564,119.62193726034,-36.5478635080833,-282,2126220,#97BEE1,#A7C8E5,#84B3DB
3129,Ma'Kye Taylor,Albany,-3.4071309,-2.0180356,-5.4251665,628,-2.65312491304753,-0.901996096319051,-3.55512100936658,93.7873368445365,116.653642180548,-22.8663053360115,-105,2284679,#99BFE1,#A2C5E4,#83B2DB
3130,Chris Eagan,American,-4.3673381,-1.0744414,-5.4417795,524,-4.23948029244268,-0.934554473515835,-5.17403476595852,91.614191736343,112.578633039828,-20.9644413034853,-75,2478263,#7CAED9,#CDE0F0,#83B2DB
3131,Ademar Santos,Delaware State,-4.9152516,-0.62754148,-5.54279308,592,-3.38017322615809,-0.856294320381161,-4.23646754653925,75.8191339103885,110.183582759366,-34.3644488489778,-180,2561035,#6BA4D4,#E2EDF6,#81B1DA
3132,Abdou Yadd,Sacred Heart,-3.6104148,-1.9664252,-5.57684,613,-3.26911537473775,-0.626225426900965,-3.89534080163871,96.1228942810342,121.194743327664,-25.0718490466293,-113,2533878,#92BCDF,#A5C7E5,#80B0DA
3133,Mussa Mzein,Mississippi Valley State,-3.6863785,-1.9649239,-5.6513024,988,-4.17280040346858,-1.09892297273733,-5.27172337620591,88.0261444794334,121.161642982816,-33.1354985033828,-258,2135882,#90BADF,#A5C7E5,#7EAFD9
3134,Ryan Richardson,Binghamton,-4.0405354,-1.6230767,-5.6636121,724,-4.94077572998427,-1.46526843020754,-6.4060441601918,91.4724256760727,117.318488071061,-25.8460623949881,-110,2484759,#86B4DC,#B4D1E9,#7EAFD9
3135,Muazibini Adamu,Delaware State,-4.068109,-1.606082,-5.674191,452,-3.30242335467444,-0.861006778041796,-4.16343013271623,80.4406142239882,117.234489640935,-36.7938754169473,-120,2561029,#85B3DB,#B5D1E9,#7EAFD9
3136,Trey Cady,North Florida,-3.3008476,-2.3856796,-5.6865272,560,-1.42456207545861,-0.793473150661356,-2.21803522611997,89.8269961341377,126.033756263123,-36.2067601289857,-211,2475163,#9CC1E2,#91BBDF,#7EAFD9
3137,Jacob Meachem,Bucknell,-2.3262191,-3.3700472,-5.6962663,538,-3.27037451022796,-0.934126857628414,-4.20450136785638,94.3330480261717,125.021520278948,-30.6884722527762,-153,2531875,#B9D3EA,#649FD2,#7DAFD9
3138,Brandon Russell,Saint Francis (PA),-3.8269091,-1.8809088,-5.7078179,485,-4.01323948447681,-0.576777739185638,-4.59001722366245,88.3532959632896,122.326663972712,-33.9733680094224,-166,2558305,#8CB8DD,#A8C9E6,#7DAED9
3139,Torrin Andrews,Coppin State,-2.980068,-2.8055623,-5.7856303,972,-2.51962850915935,-1.89810298597913,-4.41773149513848,87.6181168432252,120.811626652403,-33.1935098091779,-272,2110409,#A5C7E5,#7EAFD9,#7BADD9
3140,Colin Hawkins,Gardner-Webb,-3.4068149,-2.4491101,-5.855925,1350,-2.88417294189536,-0.791025957107752,-3.67519889900312,88.6943852302434,123.14631950582,-34.4519342755766,-424,2302897,#99BFE1,#8EB9DE,#7AACD8
3141,Rayniel Wright,South Carolina State,-4.2348207,-1.8142432,-6.0490639,842,-4.65434334766825,-0.0386886752865113,-4.69303202295476,88.5345530054204,119.781319806783,-31.2467668013622,-277,2580049,#80B0DA,#ACCBE7,#75AAD7
3142,Amare Allen,Maine,-5.7242332,-0.3598132,-6.0840464,512,-4.44221086209477,-1.01098243682628,-5.45319329892105,75.8664202144397,107.362934469035,-31.4965142545958,-106,2291034,#5395CD,#EEF4FA,#75A9D7
3143,Travis Roberts,Alcorn State,-2.4711143,-3.6260644,-6.0971787,890,-3.01870391473328,-2.01525943062539,-5.03396334535867,91.7270618661922,124.465908358879,-32.7388464926868,-281,1889866,#B5D1E9,#5998CF,#74A9D7
3144,Zion Bethea,Delaware State,-5.1898405,-0.95076826,-6.14060876,607,-4.79204040049725,-0.858146938499234,-5.65018733899648,70.0900842272619,112.779031130137,-42.6889469028748,-214,1603372,#639ED2,#D3E4F2,#73A8D6
3145,Baasil Saunders,Coppin State,-4.5803318,-1.5895587,-6.1698905,692,-3.34043268203173,-1.0553564104115,-4.39578909244323,81.1979370415207,118.483481234831,-37.28554419331,-222,2472171,#75AAD7,#B6D2E9,#73A8D6
3146,Goanar Biliew,Western Illinois,-4.3041051,-2.0105005,-6.3146056,816,-3.93434677331453,-1.90573624057998,-5.84008301389451,85.1702185912948,118.851244794787,-33.6810262034921,-207,1917036,#7EAFD9,#A3C6E4,#6FA6D5
3147,Patrick Punch,Mississippi Valley State,-4.093362,-2.2392687,-6.3326307,1542,-2.90909261387288,-1.11773821009207,-4.02683082396495,82.9627130473359,121.50351653217,-38.5408034848338,-494,2547292,#84B3DB,#98BFE1,#6FA6D5
3148,Caleb Thomas,Lehigh,-4.5774777,-1.7632602,-6.3407379,736,-4.25577813927166,-1.49643993120229,-5.75221807047395,92.6733496856483,112.600396257817,-19.9270465721682,-120,2547921,#76AAD7,#AECDE7,#6FA6D5
3149,Tyrone Iroghama,Mississippi Valley State,-4.4538667,-2.6167461,-7.0706128,564,-4.989509642793,-0.886565972945792,-5.87607561573879,83.725333557739,126.116515107068,-42.3911815493285,-196,2547317,#79ACD8,#87B4DC,#5E9BD0
3150,Chance Sutton,Mississippi Valley State,-4.5956445,-2.7786145,-7.374259,568,-4.72586714553969,-0.483186828348231,-5.20905397388792,82.0145879518057,128.398968663174,-46.3843807113685,-238,2547308,#75A9D7,#7FB0DA,#5797CE
3151,Delkedric Holmes,Mississippi Valley State,-5.4091699,-2.1436819,-7.5528518,695,-5.35745071994032,-0.639784372358857,-5.99723509229918,81.7439254267196,123.505800479852,-41.7618750531326,-280,2547301,#5D9AD0,#9CC2E2,#5395CD
