rank,team,tooltip_team,obpr,dbpr,bpr,opponent_adjust,pace_adjust,off_rank,def_rank,tempo,tempo_rank,rank_inj,home_rank,roster_rank,runs_per_game,runs_conceded_per_game,runs_margin,runs_total,runs_conceded_total,wins,losses,color_O,color_D,color_Diff,color_str_Diff,color_tempo_Diff,tooltip_str_Diff,tooltip_tempo_Diff
1,Michigan,Michigan,17.4907023863099,17.5290270734222,35.0197294597321,49.0793302098797,33.4667402537379,3,1,71.9712507,21,1,118,1,1.12121212121212,0.0909090909090909,1.03030303030303,37,3,31,2,#FFAF4A,#FF9D23,#FF9D23,#D4425F,#F6BB93,Michigan plays much better against good teams than bad teams. They compete at a higher level against tough opposition but struggle against weaker opponents.,Michigan plays a little better in faster paced games. They have slightly stronger performances in games with more possessions but are a little worse in games with less possessions.
2,Duke,Duke 🤕,17.3968746749706,17.3323620534394,34.7292367284099,1.52197071415854,-28.1033148030547,4,2,67.0891493,273,2,291,2,1.05882352941176,0.235294117647059,0.823529411764706,36,8,32,2,#FFAF4B,#FF9F25,#FF9E25,#FFF9DB,#B5C9C0,Duke performs at a similar level against both good and bad teams.,Duke plays a little better in slower paced games. They have slightly stronger performances in games with less possessions but are a little worse in games with more possessions.
3,Arizona,Arizona 🔒,15.5514791646667,16.4668184480667,32.0182976127333,59.6564619525311,-4.57781949916711,10,4,71.439808,28,3,28,6,1,0.0588235294117647,0.941176470588235,34,2,32,2,#FFB85E,#FFA330,#FFA636,#B2204C,#E5E2BC,Arizona plays much better against good teams than bad teams. They compete at a higher level against tough opposition but struggle against weaker opponents.,Arizona performs at a similar level regardless of the pace of the game.
4,Florida,Florida,15.9954761008,15.7849455374667,31.7804216382667,23.6546088936928,35.0894129791212,8,6,71.63395575,24,4,245,4,0.939393939393939,0.151515151515152,0.787878787878788,31,5,26,7,#FFB659,#FFA739,#FFA637,#FEA39C,#F7B991,Florida plays a little better against good teams than bad teams. They are slightly better than expected against tough opposition but are slightly worse against weaker opponents.,Florida plays a little better in faster paced games. They have slightly stronger performances in games with more possessions but are a little worse in games with less possessions.
5,Houston,Houston,14.5857275804733,17.0886108248,31.6743384052733,-13.550440254356,-25.9001558097675,13,3,64.8701706,356,5,45,5,1.11764705882353,0.323529411764706,0.794117647058824,38,11,28,6,#FFBC68,#FFA028,#FFA738,#C2DED8,#B9CBC0,Houston performs at a similar level against both good and bad teams.,Houston plays a little better in slower paced games. They have slightly stronger performances in games with less possessions but are a little worse in games with more possessions.
6,Illinois,Illinois,19.9618511272,9.9081760965,29.8700272237,-48.3252760752812,-7.60323513101382,2,21,67.05353785,276,6,216,7,1.125,0.21875,0.90625,36,7,24,8,#FFA331,#FFC882,#FFAC43,#5681B9,#DFDFBD,Illinois plays much worse against good teams than bad teams. They tend to have their best performances against weaker opponents but really struggle against stronger teams on their schedule.,Illinois performs at a similar level regardless of the pace of the game.
7,Iowa State,Iowa State 🔥,13.4957581856,15.9574401784667,29.4531983640667,-32.7573380311629,17.9604933758989,18,5,68.274120465,198,7,48,10,1.23529411764706,0.470588235294118,0.764705882352941,42,16,27,7,#FFC173,#FFA637,#FFAD46,#7DACC9,#F3CFA6,Iowa State plays a little worse against good teams than bad teams. They tend to play slightly better than expected against weaker opposition but are slightly worse against tougher opponents.,Iowa State performs at a similar level regardless of the pace of the game.
8,Purdue,Purdue,21.2834301238667,7.51769665251067,28.8011267763773,-22.772057863544,12.9536415941198,1,32,65.61288055,338,8,288,3,0.882352941176471,0.441176470588235,0.441176470588235,30,15,26,8,#FF9D23,#FFD5A0,#FFAF4A,#99C7D2,#F1D6AC,Purdue plays a little worse against good teams than bad teams. They tend to play slightly better than expected against weaker opposition but are slightly worse against tougher opponents.,Purdue performs at a similar level regardless of the pace of the game.
9,Connecticut,Connecticut,15.18269029579,12.9086882340099,28.0913785297999,22.5831137335764,-42.2840223075881,11,12,65.43392075,344,9,224,8,0.529411764705882,0.235294117647059,0.294117647058824,18,8,29,5,#FFB962,#FFB75D,#FFB14E,#FFA79F,#98BAC3,Connecticut plays a little better against good teams than bad teams. They are slightly better than expected against tough opposition but are slightly worse against weaker opponents.,Connecticut plays better in slower paced games. They have stronger performances in games with less possessions but are worse in games with more possessions.
10,Gonzaga,Gonzaga 📉🤕,12.2989576683352,14.4944820106544,26.7934396789896,-32.9348597802268,5.75412749114631,25,8,70.4294694,69,12,94,12,1.09090909090909,0.363636363636364,0.727272727272727,36,12,30,3,#FFC680,#FFAE49,#FFB456,#7DACC9,#F0DFB5,Gonzaga plays a little worse against good teams than bad teams. They tend to play slightly better than expected against weaker opposition but are slightly worse against tougher opponents.,Gonzaga performs at a similar level regardless of the pace of the game.
11,Michigan State,Michigan State,13.7493220153485,12.712951966195,26.4622739815434,34.3612516604963,-60.502036542541,16,13,67.23311155,264,10,74,16,0.65625,0.1875,0.46875,21,6,25,7,#FFC071,#FFB85F,#FFB559,#EE7982,#72A7C6,Michigan State plays a little better against good teams than bad teams. They are slightly better than expected against tough opposition but are slightly worse against weaker opponents.,Michigan State plays better in slower paced games. They have stronger performances in games with less possessions but are worse in games with more possessions.
12,St. John's,St. John's 🔥,11.1279690137619,14.9284494855402,26.056418499302,0.988911144825943,14.758641741119,33,7,70.8247304,53,11,95,13,0.735294117647059,0.205882352941176,0.529411764705882,25,7,28,6,#FFCC8C,#FFAC43,#FFB65B,#FFFBDD,#F2D3AA,St. John's performs at a similar level against both good and bad teams.,St. John's performs at a similar level regardless of the pace of the game.
13,Vanderbilt,Vanderbilt,17.0873557159779,8.52801130559156,25.6153670215695,26.1118071592558,2.47230719161552,5,29,70.04819975,97,13,75,11,0.787878787878788,0.181818181818182,0.606060606060606,26,6,26,7,#FFB14E,#FFCF94,#FFB85E,#FA9996,#EFE3B9,Vanderbilt plays a little better against good teams than bad teams. They are slightly better than expected against tough opposition but are slightly worse against weaker opponents.,Vanderbilt performs at a similar level regardless of the pace of the game.
14,Virginia,Virginia,12.7459521982288,11.6075050312443,24.353457229473,19.8399716796785,5.64444044938768,24,15,66.8729743,283,14,100,23,0.941176470588235,0.205882352941176,0.735294117647059,32,7,29,5,#FFC47B,#FFBE6D,#FFBB66,#FFB1A7,#F0DFB5,Virginia plays a little better against good teams than bad teams. They are slightly better than expected against tough opposition but are slightly worse against weaker opponents.,Virginia performs at a similar level regardless of the pace of the game.
15,Tennessee,Tennessee 🔒,11.1658557750605,12.3708244692168,23.5366802442773,-43.8665104736844,-28.979166748645,32,14,66.2401759,309,15,38,21,0.636363636363636,0.181818181818182,0.454545454545455,21,6,22,11,#FFCC8B,#FFBA64,#FFBD6B,#618EBD,#B3C8C1,Tennessee plays much worse against good teams than bad teams. They tend to have their best performances against weaker opponents but really struggle against stronger teams on their schedule.,Tennessee plays a little better in slower paced games. They have slightly stronger performances in games with less possessions but are a little worse in games with more possessions.
16,Arkansas,Arkansas,16.9906254702758,6.23422219423533,23.2248476645111,-29.4265412779281,6.29543035070864,7,50,71.54740165,27,16,30,14,0.818181818181818,0.272727272727273,0.545454545454546,27,9,25,8,#FFB14F,#FFDCB0,#FFBE6D,#86B5CC,#F0DEB4,Arkansas plays a little worse against good teams than bad teams. They tend to play slightly better than expected against weaker opposition but are slightly worse against tougher opponents.,Arkansas performs at a similar level regardless of the pace of the game.
17,Alabama,Alabama 🔒,17.0378309900489,5.72597789277822,22.7638088828271,-51.8001207341431,13.6337710440629,6,55,74.3307355,2,17,188,15,0.4375,0.40625,0.03125,14,13,23,9,#FFB14F,#FFDFB7,#FFBF70,#4A78B5,#F2D5AB,Alabama plays much worse against good teams than bad teams. They tend to have their best performances against weaker opponents but really struggle against stronger teams on their schedule.,Alabama performs at a similar level regardless of the pace of the game.
18,Louisville,Louisville 📉🤕,12.9321730089265,9.55498498733152,22.487157996258,-94.2175025176844,33.8589087729556,22,22,70.93695745,48,21,33,9,1,0.333333333333333,0.666666666666667,33,11,23,10,#FFC479,#FFCA87,#FFC071,#00429D,#F6BA93,Louisville plays much worse against good teams than bad teams. They tend to have their best performances against weaker opponents but really struggle against stronger teams on their schedule.,Louisville plays a little better in faster paced games. They have slightly stronger performances in games with more possessions but are a little worse in games with less possessions.
19,Nebraska,Nebraska,8.2130861480247,14.0769155145541,22.2900016625788,25.605294356932,6.9251699398689,52,10,67.9539252,224,18,173,32,0.90625,0.28125,0.625,29,9,26,6,#FFD9AA,#FFB14E,#FFC173,#FB9B97,#F0DDB3,Nebraska plays a little better against good teams than bad teams. They are slightly better than expected against tough opposition but are slightly worse against weaker opponents.,Nebraska performs at a similar level regardless of the pace of the game.
20,Wisconsin,Wisconsin 🔥,15.8070632568802,6.47220494458143,22.2792682014617,53.7281443041527,-17.3968727567384,9,46,69.14167425,152,19,69,28,0.764705882352941,0.323529411764706,0.441176470588235,26,11,24,10,#FFB65B,#FFDBAD,#FFC173,#C53357,#CBD4BF,Wisconsin plays much better against good teams than bad teams. They compete at a higher level against tough opposition but struggle against weaker opponents.,Wisconsin performs at a similar level regardless of the pace of the game.
21,Kansas,Kansas 🥶,8.81116807277019,13.3758125187704,22.1869805915406,-6.45281180093615,3.99285653574456,48,11,68.66820193,174,20,5,18,0.515151515151515,0.454545454545455,0.0606060606060606,17,15,23,10,#FFD6A4,#FFB457,#FFC173,#E2EFDC,#EFE1B7,Kansas performs at a similar level against both good and bad teams.,Kansas performs at a similar level regardless of the pace of the game.
22,Ohio State,Ohio State 🔒,14.6394391272544,6.2262547604449,20.8656938876993,-23.7801029689085,-9.25665151289551,12,51,67.53031715,245,22,159,17,0.545454545454545,0.333333333333333,0.212121212121212,18,11,21,12,#FFBC67,#FFDCB1,#FFC57C,#95C5D2,#DCDDBD,Ohio State plays a little worse against good teams than bad teams. They tend to play slightly better than expected against weaker opposition but are slightly worse against tougher opponents.,Ohio State performs at a similar level regardless of the pace of the game.
23,Saint Mary's,Saint Mary's,9.73044789741333,10.6600251182867,20.3904730157,-5.20486767709535,-37.5897338768036,43,19,66.09285955,318,23,21,45,0.741935483870968,0.129032258064516,0.612903225806452,23,4,26,5,#FFD29A,#FFC379,#FFC67F,#E7F2DD,#A1BFC2,Saint Mary's performs at a similar level against both good and bad teams.,Saint Mary's plays a little better in slower paced games. They have slightly stronger performances in games with less possessions but are a little worse in games with more possessions.
24,UCLA,UCLA,13.1106922724,7.22390949086467,20.3346017632647,-19.6959585646178,-19.6972604074751,20,37,66.03270285,323,24,18,22,0.558823529411765,0.470588235294118,0.0882352941176471,19,16,23,11,#FFC377,#FFD7A4,#FFC67F,#A7CFD4,#C6D2BF,UCLA plays a little worse against good teams than bad teams. They tend to play slightly better than expected against weaker opposition but are slightly worse against tougher opponents.,UCLA performs at a similar level regardless of the pace of the game.
25,Kentucky,Kentucky,10.7110359376471,9.50500867404337,20.2160446116904,-52.8496516011096,-5.18525622312304,35,23,69.83568645,105,25,26,20,0.617647058823529,0.382352941176471,0.235294117647059,21,13,21,13,#FFCE90,#FFCA87,#FFC680,#4776B4,#E4E1BC,Kentucky plays much worse against good teams than bad teams. They tend to have their best performances against weaker opponents but really struggle against stronger teams on their schedule.,Kentucky performs at a similar level regardless of the pace of the game.
26,Iowa,Iowa 📉,12.1312747326133,7.95237295062867,20.083647683242,-42.2726689430375,-6.85650771970208,29,31,64.7644077,359,26,62,26,0.727272727272727,0.515151515151515,0.212121212121212,24,17,21,12,#FFC781,#FFD29B,#FFC781,#6592BF,#E0DFBD,Iowa plays a little worse against good teams than bad teams. They tend to play slightly better than expected against weaker opposition but are slightly worse against tougher opponents.,Iowa performs at a similar level regardless of the pace of the game.
27,Cincinnati,Cincinnati,4.80699498810482,14.2148479594802,19.0218429475851,41.3619221974727,57.7581542076579,81,9,68.347891425,195,27,35,31,0.818181818181818,0.454545454545455,0.363636363636364,27,15,18,15,#FFE9CD,#FFB04C,#FFCA87,#E45E71,#FC9B76,Cincinnati plays a little better against good teams than bad teams. They are slightly better than expected against tough opposition but are slightly worse against weaker opponents.,Cincinnati plays better in faster paced games. They have stronger performances in games with more possessions but are worse in games with less possessions.
28,Miami (Fla.),Miami (Fla.),11.614837135468,7.15275234074801,18.767589476216,-39.1316636962797,28.5228891070212,31,38,68.79104345,167,28,287,24,0.727272727272727,0.242424242424242,0.484848484848485,24,8,25,8,#FFCA87,#FFD7A5,#FFCA89,#6D9BC2,#F5C199,Miami (Fla.) plays a little worse against good teams than bad teams. They tend to play slightly better than expected against weaker opposition but are slightly worse against tougher opponents.,Miami (Fla.) plays a little better in faster paced games. They have slightly stronger performances in games with more possessions but are a little worse in games with less possessions.
29,Texas Tech,Texas Tech 🥶💥🤕,11.7909584235587,6.84578112019793,18.6367395437567,22.8576202699819,2.08809275679781,30,41,67.5183231,247,29,103,35,0.8125,0.375,0.4375,26,12,22,10,#FFC985,#FFD9A9,#FFCB8A,#FFA69E,#EFE4B9,Texas Tech plays a little better against good teams than bad teams. They are slightly better than expected against tough opposition but are slightly worse against weaker opponents.,Texas Tech performs at a similar level regardless of the pace of the game.
30,Georgia,Georgia 📉,13.2175795084721,5.07412688615868,18.2917063946308,-42.9885761498262,28.9026873752855,19,63,72.41017875,14,30,123,29,0.96875,0.4375,0.53125,31,14,22,10,#FFC276,#FFE2BF,#FFCC8C,#6490BE,#F5C199,Georgia plays a little worse against good teams than bad teams. They tend to play slightly better than expected against weaker opposition but are slightly worse against tougher opponents.,Georgia plays a little better in faster paced games. They have slightly stronger performances in games with more possessions but are a little worse in games with less possessions.
31,Clemson,Clemson 🔒,6.99281114518861,10.8655712283119,17.8583823735005,-11.416832753616,13.1001083240683,65,18,65.6175078,337,31,278,44,0.617647058823529,0.264705882352941,0.352941176470588,21,9,24,10,#FFDFB6,#FFC276,#FFCD8F,#CCE3D9,#F2D5AC,Clemson performs at a similar level against both good and bad teams.,Clemson performs at a similar level regardless of the pace of the game.
32,Saint Louis,Saint Louis 🥶💥,10.2398286853159,7.51385214632801,17.7536808316439,9.50496224711071,41.2889443802614,37,33,72.0732554,17,32,6,48,1.1875,0.28125,0.90625,38,9,27,5,#FFD095,#FFD5A0,#FFCD8F,#FFDAC4,#F8B08A,Saint Louis performs at a similar level against both good and bad teams.,Saint Louis plays a little better in faster paced games. They have slightly stronger performances in games with more possessions but are a little worse in games with less possessions.
33,Utah State,Utah State 💥,12.2249978911533,5.33399116412477,17.5589890552781,4.60584964231878,-15.8280311871565,28,62,68.51473651,182,33,77,40,0.636363636363636,0.212121212121212,0.424242424242424,21,7,27,6,#FFC780,#FFE1BC,#FFCE90,#FFEDD2,#CED6BE,Utah State performs at a similar level against both good and bad teams.,Utah State performs at a similar level regardless of the pace of the game.
34,Oklahoma,Oklahoma 🔥,14.5387425264998,2.73807837902712,17.2768209055269,21.7387147681623,-32.0593447792866,14,110,67.49922505,248,34,58,33,0.558823529411765,0.352941176470588,0.205882352941176,19,12,19,15,#FFBC69,#FFEFDC,#FFCF92,#FFAAA2,#ADC5C1,Oklahoma plays a little better against good teams than bad teams. They are slightly better than expected against tough opposition but are slightly worse against weaker opponents.,Oklahoma plays a little better in slower paced games. They have slightly stronger performances in games with less possessions but are a little worse in games with more possessions.
35,Texas,Texas 🥶,13.70646508612,3.23081196079315,16.9372770469132,-7.3118832039632,-8.64262372607372,17,95,67.94517275,225,35,244,34,0.387096774193548,0.290322580645161,0.0967741935483871,12,9,17,14,#FFC071,#FFEDD6,#FFD094,#DEEDDB,#DDDDBD,Texas performs at a similar level against both good and bad teams.,Texas performs at a similar level regardless of the pace of the game.
36,Auburn,Auburn,14.0348019986138,2.86988169532832,16.9046836939421,-24.0446657473652,4.02343798689407,15,101,68.47002793,187,36,52,27,0.484848484848485,0.454545454545455,0.0303030303030303,16,15,17,16,#FFBF6E,#FFEFDB,#FFD095,#94C4D2,#EFE1B7,Auburn plays a little worse against good teams than bad teams. They tend to play slightly better than expected against weaker opposition but are slightly worse against tougher opponents.,Auburn performs at a similar level regardless of the pace of the game.
37,Santa Clara,Santa Clara,12.8463212164333,4.02088291742599,16.8672041338593,-14.2667795437922,5.28390689994163,23,79,70.1170343,93,38,230,57,0.666666666666667,0.363636363636364,0.303030303030303,22,12,25,8,#FFC47A,#FFE8CC,#FFD095,#BFDCD7,#F0E0B5,Santa Clara performs at a similar level against both good and bad teams.,Santa Clara performs at a similar level regardless of the pace of the game.
38,SMU,SMU,12.2597807763418,4.536410088056,16.7961908643978,-9.22439811265606,53.2910495213886,27,68,70.0711016,95,37,40,30,0.696969696969697,0.303030303030303,0.393939393939394,23,10,20,13,#FFC780,#FFE5C6,#FFD095,#D6E8DA,#FBA17B,SMU performs at a similar level against both good and bad teams.,SMU plays better in faster paced games. They have stronger performances in games with more possessions but are worse in games with less possessions.
39,NC State,NC State 📉💥,12.2692014004721,4.19808732452446,16.4672887249966,-99.009900990099,-14.3191713350552,26,78,70.17879535,87,39,90,25,0.848484848484849,0.454545454545455,0.393939393939394,28,15,20,13,#FFC780,#FFE7CA,#FFD197,#00429D,#D1D7BE,NC State plays much worse against good teams than bad teams. They tend to have their best performances against weaker opponents but really struggle against stronger teams on their schedule.,NC State performs at a similar level regardless of the pace of the game.
40,BYU,BYU 🥶🤕,9.82456580641304,6.56450348295307,16.3890692893661,-5.54027599034571,-19.1072048031356,41,43,70.9289986,49,40,16,19,0.515151515151515,0.393939393939394,0.121212121212121,17,13,23,11,#FFD299,#FFDAAC,#FFD198,#E6F1DC,#C7D2BF,BYU performs at a similar level against both good and bad teams.,BYU performs at a similar level regardless of the pace of the game.
41,Texas A&M,Texas A&M,9.80661239929836,6.54989349977933,16.3565058990777,-11.9557253839263,25.8166439899587,42,44,72.0320943,19,41,269,42,0.90625,0.46875,0.4375,29,15,21,11,#FFD299,#FFDAAC,#FFD198,#C9E1D9,#F4C59C,Texas A&M performs at a similar level against both good and bad teams.,Texas A&M plays a little better in faster paced games. They have slightly stronger performances in games with more possessions but are a little worse in games with less possessions.
42,TCU,TCU,6.76751788206089,9.14110295616925,15.9086208382301,48.052350957939,28.2501713445823,68,24,68.984945205,158,42,120,43,0.515151515151515,0.303030303030303,0.212121212121212,17,10,22,11,#FFE0B9,#FFCC8C,#FFD29B,#D74661,#F5C29A,TCU plays much better against good teams than bad teams. They compete at a higher level against tough opposition but struggle against weaker opponents.,TCU plays a little better in faster paced games. They have slightly stronger performances in games with more possessions but are a little worse in games with less possessions.
43,VCU,VCU,9.39464391462667,6.02981317587991,15.4244570905066,15.1462364560038,14.9915322175505,44,52,69.95922305,101,43,149,53,0.575757575757576,0.424242424242424,0.151515151515152,19,14,26,7,#FFD49E,#FFDDB3,#FFD49E,#FFC4B4,#F2D3A9,VCU plays a little better against good teams than bad teams. They are slightly better than expected against tough opposition but are slightly worse against weaker opponents.,VCU performs at a similar level regardless of the pace of the game.
44,Indiana,Indiana 🥶,10.7987384087244,4.48697473687694,15.2857131456014,-79.9271676937284,71.1235052825442,34,72,67.2995416,259,44,25,38,0.4375,0.34375,0.09375,14,11,18,14,#FFCD8F,#FFE6C6,#FFD49F,#00429D,#FE926E,Indiana plays much worse against good teams than bad teams. They tend to have their best performances against weaker opponents but really struggle against stronger teams on their schedule.,Indiana plays better in faster paced games. They have stronger performances in games with more possessions but are worse in games with less possessions.
45,South Florida,South Florida 🔥,8.32622823365924,6.91611940726556,15.2423476409248,-6.99373859146287,-26.2884747762794,50,40,72.48347945,12,45,225,46,0.741935483870968,0.354838709677419,0.387096774193548,23,11,23,8,#FFD9A9,#FFD8A8,#FFD49F,#DFEEDB,#B9CBC0,South Florida performs at a similar level against both good and bad teams.,South Florida plays a little better in slower paced games. They have slightly stronger performances in games with less possessions but are a little worse in games with more possessions.
46,Villanova,Villanova 🥶🔒🤕,7.72224838917504,7.43776495667954,15.1600133458546,-51.806760403093,-29.7305181127117,58,35,66.63826785,292,46,201,50,0.5,0.40625,0.09375,16,13,24,8,#FFDBAF,#FFD5A1,#FFD49F,#4A78B5,#B2C7C1,Villanova plays much worse against good teams than bad teams. They tend to have their best performances against weaker opponents but really struggle against stronger teams on their schedule.,Villanova plays a little better in slower paced games. They have slightly stronger performances in games with less possessions but are a little worse in games with more possessions.
47,Baylor,Baylor 🤕,13.10094126272,2.00305127670521,15.1039925394252,-72.0292160315785,-61.7302929739576,21,125,68.861178225,165,48,84,37,0.580645161290323,0.387096774193548,0.193548387096774,18,12,15,16,#FFC377,#FFF3E5,#FFD5A0,#03449E,#70A6C6,Baylor plays much worse against good teams than bad teams. They tend to have their best performances against weaker opponents but really struggle against stronger teams on their schedule.,Baylor plays better in slower paced games. They have stronger performances in games with less possessions but are worse in games with more possessions.
48,North Carolina,North Carolina 🥶🤕,8.17663669346655,6.54613150692373,14.7227682003903,-15.3946831134331,14.3023205574675,53,45,69.23035775,142,47,10,41,0.625,0.28125,0.34375,20,9,24,8,#FFD9AA,#FFDAAC,#FFD6A2,#BAD9D7,#F2D4AA,North Carolina plays a little worse against good teams than bad teams. They tend to play slightly better than expected against weaker opposition but are slightly worse against tougher opponents.,North Carolina performs at a similar level regardless of the pace of the game.
49,Missouri,Missouri,10.0573051623473,4.37839197265169,14.435697134999,-32.0838576374287,34.8307399632684,39,75,67.64230245,238,49,199,36,0.53125,0.34375,0.1875,17,11,20,12,#FFD197,#FFE6C8,#FFD6A4,#7FAECA,#F7B992,Missouri plays a little worse against good teams than bad teams. They tend to play slightly better than expected against weaker opposition but are slightly worse against tougher opponents.,Missouri plays a little better in faster paced games. They have slightly stronger performances in games with more possessions but are a little worse in games with less possessions.
50,San Diego State,San Diego State,2.9699043381012,10.8928432933667,13.8627476314679,-48.1819799920699,-33.6449292740425,114,17,69.4748684,127,50,155,49,0.733333333333333,0.3,0.433333333333333,22,9,21,11,#FFF1E0,#FFC276,#FFD8A8,#5782B9,#AAC3C1,San Diego State plays much worse against good teams than bad teams. They tend to have their best performances against weaker opponents but really struggle against stronger teams on their schedule.,San Diego State plays a little better in slower paced games. They have slightly stronger performances in games with less possessions but are a little worse in games with more possessions.
51,Washington,Washington 🤕,7.38267204432891,6.0100261292826,13.3926981736115,-10.6048482284279,18.8697591774593,59,53,68.126668055,209,51,223,39,0.636363636363636,0.303030303030303,0.333333333333333,21,10,16,17,#FFDDB2,#FFDDB3,#FFD9AB,#CFE5D9,#F3CEA5,Washington performs at a similar level against both good and bad teams.,Washington performs at a similar level regardless of the pace of the game.
52,Seton Hall,Seton Hall,1.15873754995142,11.4273992843867,12.5861368343381,22.2795157272332,28.2117201082572,147,16,66.3655921,300,52,316,72,0.5625,0.25,0.3125,18,8,21,12,#FFF9F3,#FFBF6F,#FFDCB0,#FFA8A0,#F5C29A,Seton Hall plays a little better against good teams than bad teams. They are slightly better than expected against tough opposition but are slightly worse against weaker opponents.,Seton Hall plays a little better in faster paced games. They have slightly stronger performances in games with more possessions but are a little worse in games with less possessions.
53,Virginia Tech,Virginia Tech 🔒🤕,7.93413053014314,4.43724072227884,12.371371252422,36.5164735010146,20.9400489810922,55,73,67.87514835,228,82,178,58,0.625,0.34375,0.28125,20,11,19,13,#FFDAAD,#FFE6C7,#FFDCB1,#EB717D,#F3CBA2,Virginia Tech plays a little better against good teams than bad teams. They are slightly better than expected against tough opposition but are slightly worse against weaker opponents.,Virginia Tech performs at a similar level regardless of the pace of the game.
54,New Mexico,New Mexico,6.32159917056672,5.88141782605726,12.203016996624,-2.89552844344586,-22.1087996768858,71,54,70.5789709,62,53,267,89,0.65625,0.1875,0.46875,21,6,22,10,#FFE2BD,#FFDEB5,#FFDDB2,#F2F7DE,#C1CFBF,New Mexico performs at a similar level against both good and bad teams.,New Mexico plays a little better in slower paced games. They have slightly stronger performances in games with less possessions but are a little worse in games with more possessions.
55,West Virginia,West Virginia,2.25433413303654,9.94147200677495,12.1958061398115,-52.7041388014823,10.8621066218035,127,20,64.35978065,362,54,22,54,0.71875,0.4375,0.28125,23,14,18,14,#FFF4E7,#FFC782,#FFDDB2,#4776B4,#F1D8AE,West Virginia plays much worse against good teams than bad teams. They tend to have their best performances against weaker opponents but really struggle against stronger teams on their schedule.,West Virginia performs at a similar level regardless of the pace of the game.
56,Yale,Yale 👠,10.3199348467908,1.8512740728664,12.1712089196572,19.198437191038,47.8295109998846,36,130,66.28058465,306,55,198,78,0.555555555555556,0.148148148148148,0.407407407407407,15,4,22,5,#FFCF94,#FFF4E7,#FFDDB2,#FFB4A9,#FAA882,Yale plays a little better against good teams than bad teams. They are slightly better than expected against tough opposition but are slightly worse against weaker opponents.,Yale plays better in faster paced games. They have stronger performances in games with more possessions but are worse in games with less possessions.
57,Grand Canyon,Grand Canyon,3.42910158423936,8.59708144268346,12.0261830269228,15.8782878121458,2.71582446661749,103,28,68.97412811,159,56,261,81,0.645161290322581,0.387096774193548,0.258064516129032,20,12,20,12,#FFEFDB,#FFCF93,#FFDDB3,#FFC1B2,#EFE3B8,Grand Canyon plays a little better against good teams than bad teams. They are slightly better than expected against tough opposition but are slightly worse against weaker opponents.,Grand Canyon performs at a similar level regardless of the pace of the game.
58,Boise State,Boise State,8.66018949506126,3.13809872167797,11.7982882167392,-36.1840385616288,-7.64116082792934,49,98,66.53873745,295,57,243,79,0.551724137931034,0.551724137931034,0,16,16,19,11,#FFD7A5,#FFEDD7,#FFDEB5,#75A3C5,#DFDEBD,Boise State plays a little worse against good teams than bad teams. They tend to play slightly better than expected against weaker opposition but are slightly worse against tougher opponents.,Boise State performs at a similar level regardless of the pace of the game.
59,UCF,UCF,8.88110711409758,2.78582251436545,11.666929628463,-11.3847171947083,40.4152749540946,46,106,70.43606735,68,58,122,69,0.53125,0.65625,-0.125,17,21,21,11,#FFD6A3,#FFEFDC,#FFDEB5,#CCE3D9,#F8B28B,UCF performs at a similar level against both good and bad teams.,UCF plays a little better in faster paced games. They have slightly stronger performances in games with more possessions but are a little worse in games with less possessions.
60,Ole Miss,Ole Miss 🔥,5.25224321993612,6.34133084956435,11.5935740695005,21.8347470694147,7.76225050851645,78,47,67.48466705,249,59,351,55,0.257142857142857,0.285714285714286,-0.0285714285714286,9,10,15,20,#FFE7C8,#FFDBAF,#FFDEB6,#FFAAA1,#F0DCB2,Ole Miss plays a little better against good teams than bad teams. They are slightly better than expected against tough opposition but are slightly worse against weaker opponents.,Ole Miss performs at a similar level regardless of the pace of the game.
61,Northwestern,Northwestern,7.09327726203049,4.2318071427036,11.3250844047341,-65.3095763983789,17.4041322449959,62,77,66.0612078,322,60,141,60,0.5,0.441176470588235,0.0588235294117647,17,15,15,19,#FFDEB5,#FFE7C9,#FFDFB7,#1B55A5,#F3D0A7,Northwestern plays much worse against good teams than bad teams. They tend to have their best performances against weaker opponents but really struggle against stronger teams on their schedule.,Northwestern performs at a similar level regardless of the pace of the game.
62,Akron,Akron 👠,8.26197661613529,3.00780340789961,11.2697800240349,-22.0416361954295,-7.31190536960814,51,100,71.4057378,30,61,248,73,0.78125,0.21875,0.5625,25,7,27,5,#FFD9A9,#FFEED9,#FFDFB8,#9DC9D3,#E0DFBD,Akron plays a little worse against good teams than bad teams. They tend to play slightly better than expected against weaker opposition but are slightly worse against tougher opponents.,Akron performs at a similar level regardless of the pace of the game.
63,Dayton,Dayton 🔒,2.13155543942537,8.89654677889817,11.0281022183235,21.4125515060404,-21.7318562960536,128,25,68.5842716875,177,62,37,70,0.393939393939394,0.545454545454545,-0.151515151515151,13,18,23,10,#FFF5E9,#FFCD8F,#FFE0B9,#FFABA2,#C2D0BF,Dayton plays a little better against good teams than bad teams. They are slightly better than expected against tough opposition but are slightly worse against weaker opponents.,Dayton plays a little better in slower paced games. They have slightly stronger performances in games with less possessions but are a little worse in games with more possessions.
64,Florida State,Florida State 🔥💥,8.031215277008,2.76564772421596,10.796863001224,8.28259080862769,-83.6016559451027,54,108,71.2731116,32,63,304,71,0.727272727272727,0.606060606060606,0.121212121212121,24,20,18,15,#FFDAAC,#FFEFDC,#FFE1BB,#FFDEC8,#70A6C7,Florida State performs at a similar level against both good and bad teams.,Florida State plays better in slower paced games. They have stronger performances in games with less possessions but are worse in games with more possessions.
65,Belmont,Belmont,9.95815152004862,0.801291280416451,10.7594428004651,40.7796874215163,-10.8282385661847,40,149,70.3189269,79,64,301,84,1,0.483870967741935,0.516129032258065,31,15,25,6,#FFD198,#FFFAF4,#FFE1BB,#E56172,#D8DBBD,Belmont plays a little better against good teams than bad teams. They are slightly better than expected against tough opposition but are slightly worse against weaker opponents.,Belmont performs at a similar level regardless of the pace of the game.
66,McNeese State,McNeese State 👠,3.89423741973766,6.76720304490503,10.6614404646427,-43.9742611228715,3.26298570104853,93,42,67.68665745,237,65,73,61,0.838709677419355,0.290322580645161,0.548387096774194,26,9,26,5,#FFEDD6,#FFD9AA,#FFE1BC,#618DBD,#EFE2B8,McNeese State plays much worse against good teams than bad teams. They tend to have their best performances against weaker opponents but really struggle against stronger teams on their schedule.,McNeese State performs at a similar level regardless of the pace of the game.
67,Tulsa,Tulsa 🤕,8.82743728637334,1.81551608153974,10.6429533679131,-39.2934214016812,-38.3390381103301,47,133,69.36321805,135,72,273,82,0.903225806451613,0.258064516129032,0.645161290322581,28,8,24,7,#FFD6A3,#FFF4E8,#FFE1BC,#6D9AC2,#A0BEC2,Tulsa plays a little worse against good teams than bad teams. They tend to play slightly better than expected against weaker opposition but are slightly worse against tougher opponents.,Tulsa plays a little better in slower paced games. They have slightly stronger performances in games with less possessions but are a little worse in games with more possessions.
68,Northern Iowa,Northern Iowa 👠,1.72399186476335,8.83178040062333,10.5557722653867,15.0431957056037,14.0358102484556,134,26,64.17511185,363,66,318,95,0.470588235294118,0.264705882352941,0.205882352941176,16,9,22,12,#FFF7ED,#FFCE90,#FFE1BC,#FFC4B5,#F2D4AB,Northern Iowa plays a little better against good teams than bad teams. They are slightly better than expected against tough opposition but are slightly worse against weaker opponents.,Northern Iowa performs at a similar level regardless of the pace of the game.
69,Wake Forest,Wake Forest,7.74641880269638,2.75209483891939,10.4985136416158,-12.6629907668668,19.0008993398834,57,109,69.1642121,150,67,180,62,0.424242424242424,0.424242424242424,0,14,14,17,16,#FFDBAF,#FFEFDC,#FFE1BD,#C6E0D8,#F3CEA5,Wake Forest performs at a similar level against both good and bad teams.,Wake Forest performs at a similar level regardless of the pace of the game.
70,Creighton,Creighton,6.47017879878202,3.93097504782534,10.4011538466074,-54.1252540768464,43.2626824287255,70,83,68.488788035,186,68,338,51,0.53125,0.53125,0,17,17,15,17,#FFE1BC,#FFE9CD,#FFE2BD,#4272B2,#F8AE88,Creighton plays much worse against good teams than bad teams. They tend to have their best performances against weaker opponents but really struggle against stronger teams on their schedule.,Creighton plays a little better in faster paced games. They have slightly stronger performances in games with more possessions but are a little worse in games with less possessions.
71,George Washington,George Washington,7.85051150118522,2.40864300566429,10.2591545068495,13.9891162727278,46.3253616004354,56,117,70.3344636,74,69,119,65,0.71875,0.3125,0.40625,23,10,17,15,#FFDBAE,#FFF1E0,#FFE2BE,#FFC8B8,#F9AA84,George Washington plays a little better against good teams than bad teams. They are slightly better than expected against tough opposition but are slightly worse against weaker opponents.,George Washington plays better in faster paced games. They have stronger performances in games with more possessions but are worse in games with less possessions.
72,Providence,Providence,10.1607133301858,-0.0086456298819421,10.1520677003039,14.4395961943395,-34.0238813308556,38,167,71.7500351,23,70,239,59,0.606060606060606,0.424242424242424,0.181818181818182,20,14,15,18,#FFD096,#FEFEFE,#FFE2BF,#FFC6B6,#A9C3C2,Providence plays a little better against good teams than bad teams. They are slightly better than expected against tough opposition but are slightly worse against weaker opponents.,Providence plays a little better in slower paced games. They have slightly stronger performances in games with less possessions but are a little worse in games with more possessions.
73,Stanford,Stanford,6.25841183586752,3.81322631677244,10.07163815264,10.5863824368912,10.732470313857,72,86,68.072790815,215,71,152,76,0.375,0.46875,-0.09375,12,15,20,12,#FFE2BE,#FFE9CF,#FFE3BF,#FFD5C1,#F1D8AF,Stanford performs at a similar level against both good and bad teams.,Stanford performs at a similar level regardless of the pace of the game.
74,Marquette,Marquette,2.55322638577555,7.497015875704,10.0502422614795,22.3042866137336,-26.4099462052383,124,34,70.47342905,67,73,200,64,0.53125,0.5,0.03125,17,16,12,20,#FFF3E4,#FFD5A1,#FFE3BF,#FFA8A0,#B8CBC0,Marquette plays a little better against good teams than bad teams. They are slightly better than expected against tough opposition but are slightly worse against weaker opponents.,Marquette plays a little better in slower paced games. They have slightly stronger performances in games with less possessions but are a little worse in games with more possessions.
75,Hofstra,Hofstra 🔥👠,4.60852075413692,5.41666298657221,10.0251837407091,62.9700164598381,-28.3311930911884,84,59,65.9703413,325,74,166,125,0.4375,0.3125,0.125,14,10,22,10,#FFE9CF,#FFE1BB,#FFE3C0,#A71545,#B4C9C1,Hofstra plays much better against good teams than bad teams. They compete at a higher level against tough opposition but struggle against weaker opponents.,Hofstra plays a little better in slower paced games. They have slightly stronger performances in games with less possessions but are a little worse in games with more possessions.
76,Wichita State,Wichita State,3.43460152840961,6.33034989430285,9.76495142271246,15.3686148993692,39.1992161614263,101,49,68.25064694,200,75,72,102,0.709677419354839,0.290322580645161,0.419354838709677,22,9,21,10,#FFEFDB,#FFDBAF,#FFE3C1,#FFC3B4,#F8B38C,Wichita State plays a little better against good teams than bad teams. They are slightly better than expected against tough opposition but are slightly worse against weaker opponents.,Wichita State plays a little better in faster paced games. They have slightly stronger performances in games with more possessions but are a little worse in games with less possessions.
77,LSU,LSU 📉🤕,7.25893238064539,1.86675635099665,9.12568873164204,-43.0907151595093,0.0770835553235836,61,129,67.923992,227,76,345,63,0.580645161290323,0.193548387096774,0.387096774193548,18,6,15,17,#FFDDB4,#FFF4E7,#FFE5C5,#6390BE,#EFE6BB,LSU plays a little worse against good teams than bad teams. They tend to play slightly better than expected against weaker opposition but are slightly worse against tougher opponents.,LSU performs at a similar level regardless of the pace of the game.
78,High Point,High Point 👠,7.07455889799943,1.93291083527204,9.00746973327148,-40.2244136170974,-6.43063344036402,64,127,70.49981205,66,77,47,85,1,0.225806451612903,0.774193548387097,31,7,27,4,#FFDEB6,#FFF4E6,#FFE6C6,#6B98C1,#E1E0BD,High Point plays a little worse against good teams than bad teams. They tend to play slightly better than expected against weaker opposition but are slightly worse against tougher opponents.,High Point performs at a similar level regardless of the pace of the game.
79,California,California,3.6298844051213,5.35212715858963,8.98201156371093,-28.914664922524,22.0953911423376,98,61,69.20669305,144,78,299,83,0.709677419354839,0.612903225806452,0.0967741935483871,22,19,20,11,#FFEED9,#FFE1BB,#FFE6C6,#87B7CD,#F4CAA1,California plays a little worse against good teams than bad teams. They tend to play slightly better than expected against weaker opposition but are slightly worse against tougher opponents.,California plays a little better in faster paced games. They have slightly stronger performances in games with more possessions but are a little worse in games with less possessions.
80,Syracuse,Syracuse 📉,5.22275111595647,3.4027513567676,8.62550247272407,-70.5984648583399,7.52790320579321,79,92,68.774354565,168,79,129,56,0.53125,0.4375,0.09375,17,14,15,17,#FFE7C9,#FFECD4,#FFE7C8,#08489F,#F0DDB2,Syracuse plays much worse against good teams than bad teams. They tend to have their best performances against weaker opponents but really struggle against stronger teams on their schedule.,Syracuse performs at a similar level regardless of the pace of the game.
81,Colorado,Colorado 🤕,7.08775863519653,1.44168978608675,8.52944842128328,-30.7415197088034,16.577428914071,63,137,69.6419849,116,90,14,86,0.46875,0.4375,0.03125,15,14,17,15,#FFDEB5,#FFF7EC,#FFE7C9,#82B2CB,#F2D1A8,Colorado plays a little worse against good teams than bad teams. They tend to play slightly better than expected against weaker opposition but are slightly worse against tougher opponents.,Colorado performs at a similar level regardless of the pace of the game.
82,Nevada,Nevada,3.38094304833721,5.00747166900543,8.38841471734265,17.0727466803964,-39.2877970750872,105,64,67.5825692,241,80,17,101,0.5,0.235294117647059,0.264705882352941,17,8,22,12,#FFEFDC,#FFE3C0,#FFE7CA,#FFBCAF,#9EBDC2,Nevada plays a little better against good teams than bad teams. They are slightly better than expected against tough opposition but are slightly worse against weaker opponents.,Nevada plays a little better in slower paced games. They have slightly stronger performances in games with less possessions but are a little worse in games with more possessions.
83,Minnesota,Minnesota,4.42801310876231,3.72316790219885,8.15118101096116,10.0818888493696,16.0386735356536,87,88,64.1670385,364,81,54,68,0.625,0.5,0.125,20,16,15,17,#FFEAD1,#FFEAD0,#FFE8CB,#FFD7C3,#F2D2A8,Minnesota performs at a similar level against both good and bad teams.,Minnesota performs at a similar level regardless of the pace of the game.
84,Miami (OH),Miami (OH) 👠,6.85049682111348,1.18373347165982,8.0342302927733,34.3254522054055,13.4635232891106,67,140,70.9779176,46,83,235,94,0.655172413793103,0.275862068965517,0.379310344827586,19,8,28,1,#FFDFB8,#FFF8F0,#FFE8CC,#EE7982,#F2D5AB,Miami (OH) plays a little better against good teams than bad teams. They are slightly better than expected against tough opposition but are slightly worse against weaker opponents.,Miami (OH) performs at a similar level regardless of the pace of the game.
85,Utah Valley,Utah Valley,2.9013979435116,5.00243709861743,7.90383504212903,53.0627799670046,-8.31664355679639,116,65,69.77936895,109,84,29,106,0.633333333333333,0.0666666666666667,0.566666666666667,19,2,22,8,#FFF1E1,#FFE3C0,#FFE9CD,#C73558,#DDDEBD,Utah Valley plays much better against good teams than bad teams. They compete at a higher level against tough opposition but struggle against weaker opponents.,Utah Valley performs at a similar level regardless of the pace of the game.
86,Arizona State,Arizona State,3.97170028468749,3.89788880427235,7.86958908895985,3.84778901764126,8.86140640020361,92,85,70.30257865,80,85,81,74,0.545454545454545,0.424242424242424,0.121212121212121,18,14,17,16,#FFECD6,#FFE9CE,#FFE9CD,#FFF0D5,#F1DBB1,Arizona State performs at a similar level against both good and bad teams.,Arizona State performs at a similar level regardless of the pace of the game.
87,Oklahoma State,Oklahoma State 🤕,7.28867514708267,0.284482106947684,7.57315725403035,11.7953067100578,32.801201813615,60,160,72.8706907,9,86,82,66,0.575757575757576,0.484848484848485,0.0909090909090909,19,16,19,14,#FFDDB3,#FFFDFB,#FFEACF,#FFD1BE,#F6BC94,Oklahoma State performs at a similar level against both good and bad teams.,Oklahoma State plays a little better in faster paced games. They have slightly stronger performances in games with more possessions but are a little worse in games with less possessions.
88,Kansas State,Kansas State 📉,4.34240470879786,3.15994466910783,7.50234937790569,-67.396821267048,50.9009420459853,88,97,72.84252885,10,87,336,75,0.4375,0.75,-0.3125,14,24,12,20,#FFEBD2,#FFEDD7,#FFEACF,#1350A3,#FAA47E,Kansas State plays much worse against good teams than bad teams. They tend to have their best performances against weaker opponents but really struggle against stronger teams on their schedule.,Kansas State plays better in faster paced games. They have stronger performances in games with more possessions but are worse in games with less possessions.
89,Mississippi State,Mississippi State,4.69245598154531,2.56813723209541,7.26059321364071,-49.6352180975919,-28.18647525096,83,112,70.59946705,61,88,295,52,0.34375,0.5,-0.15625,11,16,13,19,#FFE9CE,#FFF0DE,#FFEAD1,#527EB7,#B5C9C1,Mississippi State plays much worse against good teams than bad teams. They tend to have their best performances against weaker opponents but really struggle against stronger teams on their schedule.,Mississippi State plays a little better in slower paced games. They have slightly stronger performances in games with less possessions but are a little worse in games with more possessions.
90,Notre Dame,Notre Dame 📉🤕,4.75789661623414,2.02344062381555,6.78133724004969,-29.9785521905342,-38.5025225982859,82,124,67.5959255,240,98,242,77,0.451612903225806,0.483870967741935,-0.0322580645161291,14,15,13,18,#FFE9CD,#FFF3E5,#FFECD4,#84B4CC,#A0BEC2,Notre Dame plays a little worse against good teams than bad teams. They tend to play slightly better than expected against weaker opposition but are slightly worse against tougher opponents.,Notre Dame plays a little better in slower paced games. They have slightly stronger performances in games with less possessions but are a little worse in games with more possessions.
91,Stephen F. Austin,Stephen F. Austin 🥶,3.16776274724715,3.56186957303523,6.72963232028238,26.022682888309,-17.6938905260917,111,89,66.7888134,288,89,325,119,0.483870967741935,0.161290322580645,0.32258064516129,15,5,26,5,#FFF0DE,#FFEBD2,#FFECD4,#FA9996,#CAD4BF,Stephen F. Austin plays a little better against good teams than bad teams. They are slightly better than expected against tough opposition but are slightly worse against weaker opponents.,Stephen F. Austin performs at a similar level regardless of the pace of the game.
92,Butler,Butler 📉🤕,5.35349727017188,1.04952395316779,6.40302122333967,-61.4172721997376,43.6591482652979,77,142,69.7074706,113,91,266,93,0.5,0.40625,0.09375,16,13,16,16,#FFE6C7,#FFF9F1,#FFEDD6,#285FAA,#F9AD87,Butler plays much worse against good teams than bad teams. They tend to have their best performances against weaker opponents but really struggle against stronger teams on their schedule.,Butler plays better in faster paced games. They have stronger performances in games with more possessions but are worse in games with less possessions.
93,George Mason,George Mason,3.47737518785237,2.83043917464081,6.30781436249318,50.9921368970334,4.95088232932187,100,103,64.79831375,357,92,8,109,0.483870967741935,0.387096774193548,0.0967741935483871,15,12,22,9,#FFEFDB,#FFEFDB,#FFEDD7,#CD3C5C,#F0E0B6,George Mason plays much better against good teams than bad teams. They compete at a higher level against tough opposition but struggle against weaker opponents.,George Mason performs at a similar level regardless of the pace of the game.
94,Illinois State,Illinois State 💥,1.75846910826885,4.43078694133987,6.18925604960873,-11.9492025642304,5.12124594173649,132,74,68.04352435,216,93,1,99,0.548387096774194,0.387096774193548,0.161290322580645,17,12,19,12,#FFF6EC,#FFE6C7,#FFEDD8,#C9E2D9,#F0E0B5,Illinois State performs at a similar level against both good and bad teams.,Illinois State performs at a similar level regardless of the pace of the game.
95,Georgetown,Georgetown 🤕,3.72252137374467,2.44143999072691,6.16396136447158,51.3190798680546,-17.0625071414189,95,116,67.45963925,251,94,343,88,0.441176470588235,0.323529411764706,0.117647058823529,15,11,16,18,#FFEED8,#FFF1E0,#FFEDD8,#CC3B5B,#CCD5BF,Georgetown plays much better against good teams than bad teams. They compete at a higher level against tough opposition but struggle against weaker opponents.,Georgetown performs at a similar level regardless of the pace of the game.
96,DePaul,DePaul 🤕,-0.226561232021291,6.335130775192,6.10856954317071,-12.206740735077,-38.9072860656191,175,48,67.2039942,266,102,339,87,0.375,0.40625,-0.03125,12,13,16,16,#FCFDFE,#FFDBAF,#FFEED8,#C8E1D8,#9FBEC2,DePaul performs at a similar level against both good and bad teams.,DePaul plays a little better in slower paced games. They have slightly stronger performances in games with less possessions but are a little worse in games with more possessions.
97,Xavier,Xavier,6.76585706134133,-0.703685781573975,6.06217127976736,-16.7015560549038,61.8659755311186,69,184,71.2342488,35,95,107,92,0.545454545454545,0.575757575757576,-0.0303030303030304,18,19,15,18,#FFE0B9,#F6FAFC,#FFEED8,#B4D6D6,#FD9571,Xavier plays a little worse against good teams than bad teams. They tend to play slightly better than expected against weaker opposition but are slightly worse against tougher opponents.,Xavier plays better in faster paced games. They have stronger performances in games with more possessions but are worse in games with less possessions.
98,Colorado State,Colorado State,5.91921244669604,0.102535788795685,6.02174823549172,-14.0222581731554,42.0376331472369,74,166,65.30269145,346,96,116,104,0.34375,0.34375,0,11,11,20,12,#FFE4C1,#FFFEFD,#FFEED9,#C0DCD7,#F8AF89,Colorado State performs at a similar level against both good and bad teams.,Colorado State plays a little better in faster paced games. They have slightly stronger performances in games with more possessions but are a little worse in games with less possessions.
99,South Carolina,South Carolina,3.40588214649506,2.56021077539295,5.96609292188801,-84.1217570635193,18.4230153904623,104,113,67.2488305,262,97,274,96,0.34375,0.5,-0.15625,11,16,13,19,#FFEFDB,#FFF0DE,#FFEED9,#00429D,#F3CEA5,South Carolina plays much worse against good teams than bad teams. They tend to have their best performances against weaker opponents but really struggle against stronger teams on their schedule.,South Carolina performs at a similar level regardless of the pace of the game.
100,Oregon,Oregon 🤕,1.36736807609404,4.50229797892944,5.86966605502348,-19.5850620162257,75.8668261695993,141,70,67.2668736,261,99,117,47,0.28125,0.4375,-0.15625,9,14,12,20,#FFF8F0,#FFE6C6,#FFEEDA,#A8CFD4,#FE926E,Oregon plays a little worse against good teams than bad teams. They tend to play slightly better than expected against weaker opposition but are slightly worse against tougher opponents.,Oregon plays better in faster paced games. They have stronger performances in games with more possessions but are worse in games with less possessions.
101,UNC Wilmington,UNC Wilmington,2.98042039910972,2.39800099806627,5.37842139717599,18.2369478858284,-21.0136865339531,113,118,66.333111,302,100,289,113,0.533333333333333,0.433333333333333,0.1,16,13,24,6,#FFF1E0,#FFF1E0,#FFF0DD,#FFB8AB,#C3D0BF,UNC Wilmington plays a little better against good teams than bad teams. They are slightly better than expected against tough opposition but are slightly worse against weaker opponents.,UNC Wilmington plays a little better in slower paced games. They have slightly stronger performances in games with less possessions but are a little worse in games with more possessions.
102,Illinois-Chicago,Illinois-Chicago,0.830173889569086,4.50768350483033,5.33785739439942,17.2747940402336,3.1682802218029,154,69,67.94122265,226,101,268,126,0.5625,0.3125,0.25,18,10,17,15,#FFFBF6,#FFE6C6,#FFF0DD,#FFBBAE,#EFE2B8,Illinois-Chicago plays a little better against good teams than bad teams. They are slightly better than expected against tough opposition but are slightly worse against weaker opponents.,Illinois-Chicago performs at a similar level regardless of the pace of the game.
103,Pittsburgh,Pittsburgh 🤕,2.92715564546454,2.14337157548334,5.07052722094788,-87.1629532658881,21.20114426052,115,123,65.1209496,350,103,331,80,0.575757575757576,0.606060606060606,-0.0303030303030303,19,20,13,20,#FFF1E0,#FFF3E4,#FFF0DF,#00429D,#F3CBA2,Pittsburgh plays much worse against good teams than bad teams. They tend to have their best performances against weaker opponents but really struggle against stronger teams on their schedule.,Pittsburgh performs at a similar level regardless of the pace of the game.
104,St. Thomas (MN),St. Thomas (MN),4.8820755818032,0.147881397905185,5.02995697970838,-10.8246819527389,-12.1744907753394,80,164,69.39651075,130,104,208,120,0.733333333333333,0.233333333333333,0.5,22,7,21,9,#FFE8CC,#FFFEFD,#FFF1DF,#CEE4D9,#D6DABE,St. Thomas (MN) performs at a similar level against both good and bad teams.,St. Thomas (MN) performs at a similar level regardless of the pace of the game.
105,UC Irvine,UC Irvine,-3.54011992713083,8.450312894099,4.91019296696817,-4.42411047990766,11.8332332057943,246,30,69.66405835,115,105,231,135,0.53125,0.21875,0.3125,17,7,21,11,#DBE9F4,#FFD095,#FFF1E0,#EBF4DD,#F1D7AD,UC Irvine performs at a similar level against both good and bad teams.,UC Irvine performs at a similar level regardless of the pace of the game.
106,Maryland,Maryland 🤕,2.61195354403081,2.29678669980601,4.90874024383682,-52.8714293253835,-12.1147719982024,123,120,67.80170875,232,117,124,90,0.363636363636364,0.787878787878788,-0.424242424242424,12,26,12,21,#FFF3E4,#FFF2E2,#FFF1E0,#4776B4,#D6DABE,Maryland plays much worse against good teams than bad teams. They tend to have their best performances against weaker opponents but really struggle against stronger teams on their schedule.,Maryland performs at a similar level regardless of the pace of the game.
107,Saint Joseph's,Saint Joseph's 📈,-0.782952750217376,5.57784799964006,4.79489524942269,16.6770771761664,-22.9180951099398,189,57,68.89489679,161,106,215,105,0.451612903225806,0.451612903225806,0,14,14,20,11,#F7FAFC,#FFE0B9,#FFF1E0,#FFBEB0,#C0CEC0,Saint Joseph's plays a little better against good teams than bad teams. They are slightly better than expected against tough opposition but are slightly worse against weaker opponents.,Saint Joseph's plays a little better in slower paced games. They have slightly stronger performances in games with less possessions but are a little worse in games with more possessions.
108,USC,USC 🥶🤕,0.670496202801192,3.99890118125634,4.66939738405753,-59.1069234627849,-1.22353757593076,158,80,70.94847375,47,107,317,67,0.419354838709677,0.483870967741935,-0.0645161290322581,13,15,17,14,#FFFBF8,#FFE8CC,#FFF2E1,#3065AC,#ECE5BC,USC plays much worse against good teams than bad teams. They tend to have their best performances against weaker opponents but really struggle against stronger teams on their schedule.,USC performs at a similar level regardless of the pace of the game.
109,Troy,Troy 🤕👠,2.6673916041105,1.87488638976714,4.54227799387763,67.2367694708616,4.20753399307934,120,128,66.8717633,284,114,113,132,0.516129032258065,0.32258064516129,0.193548387096774,16,10,20,11,#FFF2E3,#FFF4E7,#FFF2E2,#9A073E,#EFE1B6,Troy plays much better against good teams than bad teams. They compete at a higher level against tough opposition but struggle against weaker opponents.,Troy performs at a similar level regardless of the pace of the game.
110,Bradley,Bradley,2.62576718292102,1.79799345686763,4.42376063978866,18.9821982890041,13.7867789909585,122,134,68.494473775,184,108,23,115,0.5625,0.34375,0.21875,18,11,20,12,#FFF3E3,#FFF5E8,#FFF2E3,#FFB5A9,#F2D4AB,Bradley plays a little better against good teams than bad teams. They are slightly better than expected against tough opposition but are slightly worse against weaker opponents.,Bradley performs at a similar level regardless of the pace of the game.
111,Sam Houston State,Sam Houston State,3.37292911855677,1.01473575703152,4.38766487558829,26.4695108988781,-18.6095102081316,107,143,70.9830407,45,109,88,127,0.4,0.333333333333333,0.0666666666666667,12,10,19,11,#FFEFDC,#FFF9F2,#FFF2E3,#FA9895,#C8D3BF,Sam Houston State plays a little better against good teams than bad teams. They are slightly better than expected against tough opposition but are slightly worse against weaker opponents.,Sam Houston State performs at a similar level regardless of the pace of the game.
112,Liberty,Liberty 🥶,6.8934201028243,-2.62031142124866,4.27310868157564,-18.9193924529877,-8.84731977485262,66,235,65.62020655,336,110,309,97,0.655172413793103,0.517241379310345,0.137931034482759,19,15,22,7,#FFDFB7,#E1ECF6,#FFF3E4,#AAD1D5,#DCDDBD,Liberty plays a little worse against good teams than bad teams. They tend to play slightly better than expected against weaker opposition but are slightly worse against tougher opponents.,Liberty performs at a similar level regardless of the pace of the game.
113,Rutgers,Rutgers 🔥,1.69697735831869,2.44637831238512,4.14335567070381,-11.4322832789437,42.9480366125054,136,115,68.165642015,206,111,246,114,0.424242424242424,0.575757575757576,-0.151515151515152,14,19,14,19,#FFF7ED,#FFF1E0,#FFF3E5,#CCE3D9,#F8AE88,Rutgers performs at a similar level against both good and bad teams.,Rutgers plays a little better in faster paced games. They have slightly stronger performances in games with more possessions but are a little worse in games with less possessions.
114,North Dakota State,North Dakota State,2.72270737493741,1.38491957613046,4.10762695106787,-19.2525968293428,25.4422360248363,118,138,67.451133,252,112,187,147,0.67741935483871,0.354838709677419,0.32258064516129,21,11,24,7,#FFF2E2,#FFF7ED,#FFF3E5,#A9D0D4,#F4C59D,North Dakota State plays a little worse against good teams than bad teams. They tend to play slightly better than expected against weaker opposition but are slightly worse against tougher opponents.,North Dakota State plays a little better in faster paced games. They have slightly stronger performances in games with more possessions but are a little worse in games with less possessions.
115,UAB,UAB,1.47385935581553,2.61405681341103,4.08791616922656,8.44060244878312,-8.24316947205958,138,111,70.3321557,76,113,359,118,0.483870967741935,0.290322580645161,0.193548387096774,15,9,19,12,#FFF8EF,#FFF0DE,#FFF3E5,#FFDEC7,#DEDEBD,UAB performs at a similar level against both good and bad teams.,UAB performs at a similar level regardless of the pace of the game.
116,Davidson,Davidson,0.489577829218157,3.37536963293635,3.86494746215451,-37.6011472891467,-29.7038603696336,162,93,65.19404735,348,115,353,141,0.483870967741935,0.548387096774194,-0.064516129032258,15,17,18,13,#FFFCF9,#FFECD4,#FFF4E6,#719FC4,#B2C7C1,Davidson plays a little worse against good teams than bad teams. They tend to play slightly better than expected against weaker opposition but are slightly worse against tougher opponents.,Davidson plays a little better in slower paced games. They have slightly stronger performances in games with less possessions but are a little worse in games with more possessions.
117,San Francisco,San Francisco,3.61911139253956,0.230145376293661,3.84925676883322,-16.2452746944046,19.1305606723869,99,162,67.54414395,243,118,364,91,0.375,0.375,0,12,12,16,16,#FFEED9,#FFFDFC,#FFF4E6,#B6D7D6,#F3CDA5,San Francisco plays a little worse against good teams than bad teams. They tend to play slightly better than expected against weaker opposition but are slightly worse against tougher opponents.,San Francisco performs at a similar level regardless of the pace of the game.
118,California Baptist,California Baptist,-1.59892309607803,5.41537436863987,3.81645127256183,-3.52268565855515,42.0795627969395,198,60,67.3398726,258,116,97,205,0.46875,0.25,0.21875,15,8,25,8,#EFF5FA,#FFE1BB,#FFF4E7,#EFF6DD,#F8AF89,California Baptist performs at a similar level against both good and bad teams.,California Baptist plays a little better in faster paced games. They have slightly stronger performances in games with more possessions but are a little worse in games with less possessions.
119,UNLV,UNLV,4.58890359506696,-0.901909212754105,3.68699438231286,1.34170273653609,-74.5428646876213,85,189,70.76295065,57,119,337,110,0.354838709677419,0.548387096774194,-0.193548387096774,11,17,16,16,#FFEACF,#F4F8FC,#FFF4E7,#FFF9DC,#70A6C7,UNLV performs at a similar level against both good and bad teams.,UNLV plays better in slower paced games. They have stronger performances in games with less possessions but are worse in games with more possessions.
120,Hawaii,Hawaii 🤕,-1.01466723133033,4.36035424572325,3.34568701439293,-20.7414575598922,-29.5167396925123,191,76,70.03272345,98,120,240,129,0.642857142857143,0.285714285714286,0.357142857142857,18,8,22,8,#F4F8FC,#FFE6C8,#FFF5EA,#A2CCD4,#B2C8C1,Hawaii plays a little worse against good teams than bad teams. They tend to play slightly better than expected against weaker opposition but are slightly worse against tougher opponents.,Hawaii plays a little better in slower paced games. They have slightly stronger performances in games with less possessions but are a little worse in games with more possessions.
121,Southern Illinois,Southern Illinois,-4.02413511863165,7.2954809614342,3.27134584280255,10.9631219139986,-15.4110763692406,258,36,69.81820275,106,121,296,134,0.774193548387097,0.451612903225806,0.32258064516129,24,14,15,16,#D6E6F3,#FFD6A3,#FFF5EA,#FFD4C0,#CFD6BE,Southern Illinois performs at a similar level against both good and bad teams.,Southern Illinois performs at a similar level regardless of the pace of the game.
122,Seattle,Seattle,-5.44292239995674,8.67063066604906,3.22770826609232,64.9507353784312,1.34567055760707,284,27,68.489489845,185,122,147,153,0.419354838709677,0.419354838709677,0,13,13,18,13,#C8DDEF,#FFCE92,#FFF6EA,#A10E42,#EFE5BA,Seattle plays much better against good teams than bad teams. They compete at a higher level against tough opposition but struggle against weaker opponents.,Seattle performs at a similar level regardless of the pace of the game.
123,Wyoming,Wyoming,4.10909830514215,-0.895745437235644,3.2133528679065,8.42257343333786,46.8598159485361,91,188,67.13546505,270,123,43,122,0.387096774193548,0.548387096774194,-0.161290322580645,12,17,17,14,#FFECD4,#F4F8FC,#FFF6EA,#FFDEC7,#F9A983,Wyoming performs at a similar level against both good and bad teams.,Wyoming plays better in faster paced games. They have stronger performances in games with more possessions but are worse in games with less possessions.
124,Florida Atlantic,Florida Atlantic,0.325423685998386,2.805009158053,3.13043284405139,20.4660920725091,20.6382604451567,165,105,70.8165927,54,124,13,131,0.516129032258065,0.419354838709677,0.0967741935483871,16,13,16,15,#FFFDFB,#FFEFDB,#FFF6EB,#FFAFA5,#F3CBA3,Florida Atlantic plays a little better against good teams than bad teams. They are slightly better than expected against tough opposition but are slightly worse against weaker opponents.,Florida Atlantic performs at a similar level regardless of the pace of the game.
125,Murray State,Murray State 📉,5.50298330673425,-2.42621430881961,3.07676899791463,-36.7108664737571,23.7165369331157,76,230,72.30104675,16,125,172,117,0.65625,0.46875,0.1875,21,15,20,12,#FFE5C6,#E3EDF6,#FFF6EB,#73A1C5,#F4C79F,Murray State plays a little worse against good teams than bad teams. They tend to play slightly better than expected against weaker opposition but are slightly worse against tougher opponents.,Murray State plays a little better in faster paced games. They have slightly stronger performances in games with more possessions but are a little worse in games with less possessions.
126,Duquesne,Duquesne,1.74521507816747,1.32971777680802,3.07493285497549,-4.77685514445976,-23.8956061469151,133,139,69.44548905,129,126,303,103,0.451612903225806,0.451612903225806,0,14,14,16,15,#FFF7EC,#FFF7EE,#FFF6EB,#E9F3DD,#BECDC0,Duquesne performs at a similar level against both good and bad teams.,Duquesne plays a little better in slower paced games. They have slightly stronger performances in games with less possessions but are a little worse in games with more possessions.
127,Memphis,Memphis 🥶,-0.06202758508951,3.07586561260862,3.01383802751911,19.2787310004911,6.72639475794092,170,99,70.8652153,51,127,12,98,0.28125,0.5,-0.21875,9,16,13,19,#FEFEFE,#FFEDD8,#FFF6EC,#FFB4A9,#F0DEB3,Memphis plays a little better against good teams than bad teams. They are slightly better than expected against tough opposition but are slightly worse against weaker opponents.,Memphis performs at a similar level regardless of the pace of the game.
128,Navy,Navy 📈,-0.487383361833782,3.29721464052768,2.8098312786939,-38.8399429066092,-17.0756146363335,183,94,66.7963449,287,128,221,145,0.806451612903226,0.290322580645161,0.516129032258065,25,9,24,7,#FAFCFD,#FFECD5,#FFF7ED,#6E9BC3,#CCD5BF,Navy plays a little worse against good teams than bad teams. They tend to play slightly better than expected against weaker opposition but are slightly worse against tougher opponents.,Navy performs at a similar level regardless of the pace of the game.
129,Pacific,Pacific,0.838231803055105,1.84905956999472,2.68729137304983,-28.9911329355149,-1.6045952959272,153,131,65.9178896,327,129,218,116,0.483870967741935,0.290322580645161,0.193548387096774,15,9,16,15,#FFFBF6,#FFF4E7,#FFF7EE,#87B7CD,#EBE5BC,Pacific plays a little worse against good teams than bad teams. They tend to play slightly better than expected against weaker opposition but are slightly worse against tougher opponents.,Pacific performs at a similar level regardless of the pace of the game.
130,Saint Bonaventure,Saint Bonaventure,3.7057368081253,-1.21521301220343,2.49052379592187,-8.20706329118247,-8.17399344561802,96,196,68.342659675,196,130,310,111,0.454545454545455,0.242424242424242,0.212121212121212,15,8,16,17,#FFEED8,#F1F6FA,#FFF8EF,#DAEBDB,#DEDEBD,Saint Bonaventure performs at a similar level against both good and bad teams.,Saint Bonaventure performs at a similar level regardless of the pace of the game.
131,North Texas,North Texas,-4.67426667033846,7.07476863442229,2.40050196408383,7.51228052426541,-0.474641619934947,277,39,66.30116685,304,131,237,133,0.483870967741935,0.419354838709677,0.0645161290322581,15,13,17,14,#D0E2F1,#FFD7A6,#FFF8EF,#FFE1CA,#EEE6BC,North Texas performs at a similar level against both good and bad teams.,North Texas performs at a similar level regardless of the pace of the game.
132,Texas-Rio Grande Valley,Texas-Rio Grande Valley,1.20465853209507,1.14823866176334,2.35289719385841,11.2697128130402,10.6950352764911,144,141,68.118731065,210,132,357,174,0.419354838709677,0.612903225806452,-0.193548387096774,13,19,17,14,#FFF9F2,#FFF8F0,#FFF8F0,#FFD3BF,#F1D8AF,Texas-Rio Grande Valley performs at a similar level against both good and bad teams.,Texas-Rio Grande Valley performs at a similar level regardless of the pace of the game.
133,Winthrop,Winthrop,2.35323789101572,-0.0231992890695538,2.33003860194617,52.8376301576448,4.71580375952764,126,169,71.6200164,25,133,286,160,0.645161290322581,0.516129032258065,0.129032258064516,20,16,20,11,#FFF4E6,#FEFEFE,#FFF8F0,#C83658,#F0E0B6,Winthrop plays much better against good teams than bad teams. They compete at a higher level against tough opposition but struggle against weaker opponents.,Winthrop performs at a similar level regardless of the pace of the game.
134,UC San Diego,UC San Diego 📉,-2.24788090504963,4.4918932980592,2.24401239300956,48.4487467564102,4.03039621404797,217,71,68.50178151,183,134,332,173,0.4375,0.34375,0.09375,14,11,21,11,#E8F1F8,#FFE6C6,#FFF8F0,#D64460,#EFE1B7,UC San Diego plays much better against good teams than bad teams. They compete at a higher level against tough opposition but struggle against weaker opponents.,UC San Diego performs at a similar level regardless of the pace of the game.
135,Toledo,Toledo 🔒,4.33167556101695,-2.22325071914829,2.10842484186866,0.905828830376466,-11.4958695802799,89,223,69.57948865,121,135,263,138,0.4375,0.53125,-0.09375,14,17,17,15,#FFEBD2,#E5EFF7,#FFF9F1,#FFFBDD,#D7DABE,Toledo performs at a similar level against both good and bad teams.,Toledo performs at a similar level regardless of the pace of the game.
136,UC Santa Barbara,UC Santa Barbara 🤕,3.24996123507058,-1.22455469077267,2.02540654429791,22.7796509981713,-37.2119212682747,108,197,66.0189271,324,145,57,108,0.433333333333333,0.366666666666667,0.0666666666666667,13,11,16,14,#FFF0DD,#F1F6FA,#FFF9F2,#FFA69F,#A2BFC2,UC Santa Barbara plays a little better against good teams than bad teams. They are slightly better than expected against tough opposition but are slightly worse against weaker opponents.,UC Santa Barbara plays a little better in slower paced games. They have slightly stronger performances in games with less possessions but are a little worse in games with more possessions.
137,Harvard,Harvard,-1.90192499772786,3.90366029033445,2.00173529260659,22.5952276237099,-52.326562705891,207,84,64.91108855,355,136,355,136,0.571428571428571,0.392857142857143,0.178571428571429,16,11,16,12,#ECF3F9,#FFE9CE,#FFF9F2,#FFA79F,#83B0C5,Harvard plays a little better against good teams than bad teams. They are slightly better than expected against tough opposition but are slightly worse against weaker opponents.,Harvard plays better in slower paced games. They have stronger performances in games with less possessions but are worse in games with more possessions.
138,Towson,Towson,-2.0387427644605,3.93436305611429,1.89562029165379,-11.4147646672451,-13.1606011898588,211,82,65.2101152,347,137,86,139,0.59375,0.4375,0.15625,19,14,17,15,#EAF2F9,#FFE9CD,#FFF9F3,#CCE3D9,#D4D9BE,Towson performs at a similar level against both good and bad teams.,Towson performs at a similar level regardless of the pace of the game.
139,East Tennessee State,East Tennessee State,1.02508172318243,0.718382921190189,1.74346464437262,-33.4031446087234,35.6319212809086,150,150,67.2418689,263,138,175,137,0.6875,0.34375,0.34375,22,11,21,11,#FFFAF4,#FFFBF6,#FFFAF4,#7CAAC8,#F7B891,East Tennessee State plays a little worse against good teams than bad teams. They tend to play slightly better than expected against weaker opposition but are slightly worse against tougher opponents.,East Tennessee State plays a little better in faster paced games. They have slightly stronger performances in games with more possessions but are a little worse in games with less possessions.
140,Montana State,Montana State,2.05902914642242,-0.344271066258969,1.71475808016345,67.1579130423096,-0.878552176145357,129,176,66.89220335,282,139,70,177,0.586206896551724,0.344827586206897,0.241379310344828,17,10,15,14,#FFF5E9,#FBFCFD,#FFFAF4,#9A073E,#EDE6BC,Montana State plays much better against good teams than bad teams. They compete at a higher level against tough opposition but struggle against weaker opponents.,Montana State performs at a similar level regardless of the pace of the game.
141,Arkansas State,Arkansas State,0.788034472081265,0.878592108352312,1.66662658043358,-10.9842462672596,32.3945320629419,155,144,73.01500715,8,140,154,150,0.733333333333333,0.4,0.333333333333333,22,12,18,12,#FFFBF6,#FFFAF3,#FFFAF4,#CEE4D9,#F6BC95,Arkansas State performs at a similar level against both good and bad teams.,Arkansas State plays a little better in faster paced games. They have slightly stronger performances in games with more possessions but are a little worse in games with less possessions.
142,Temple,Temple,2.74345327598761,-1.24872935967569,1.49472391631192,12.5594443067962,8.96173962624683,117,199,66.35777465,301,141,202,130,0.516129032258065,0.354838709677419,0.161290322580645,16,11,15,16,#FFF2E2,#F0F6FA,#FFFAF5,#FFCEBC,#F1DBB1,Temple performs at a similar level against both good and bad teams.,Temple performs at a similar level regardless of the pace of the game.
143,Northern Colorado,Northern Colorado,3.37390727133404,-1.89173812262168,1.48216914871236,70.6279782911342,19.2163403739066,106,214,69.6186869,118,142,292,163,0.413793103448276,0.344827586206897,0.0689655172413793,12,10,17,12,#FFEFDC,#E9F1F8,#FFFAF5,#93003A,#F3CDA4,Northern Colorado plays much better against good teams than bad teams. They compete at a higher level against tough opposition but struggle against weaker opponents.,Northern Colorado performs at a similar level regardless of the pace of the game.
144,Utah,Utah,3.43047093900276,-1.94891481543972,1.48155612356304,41.8591989625394,-8.24203526326141,102,216,67.9659338,223,143,229,100,0.25,0.53125,-0.28125,8,17,10,22,#FFEFDB,#E8F1F8,#FFFAF5,#E35D6F,#DEDEBD,Utah plays much better against good teams than bad teams. They compete at a higher level against tough opposition but struggle against weaker opponents.,Utah performs at a similar level regardless of the pace of the game.
145,Rhode Island,Rhode Island 🥶,-3.54855462592715,4.94308194520802,1.39452731928087,57.6223893009336,20.6165694996847,247,67,67.80217395,231,144,101,128,0.3125,0.46875,-0.15625,10,15,16,16,#DBE9F4,#FFE3C1,#FFFBF6,#B8264F,#F3CCA3,Rhode Island plays much better against good teams than bad teams. They compete at a higher level against tough opposition but struggle against weaker opponents.,Rhode Island performs at a similar level regardless of the pace of the game.
146,Penn State,Penn State 📉💥,4.1751594424457,-2.82339576844956,1.35176367399615,-23.6023924653108,-0.398575235407442,90,243,68.533205557,178,146,71,123,0.59375,0.6875,-0.09375,19,22,12,20,#FFEBD3,#DEEBF5,#FFFBF6,#96C5D2,#EEE6BC,Penn State plays a little worse against good teams than bad teams. They tend to play slightly better than expected against weaker opposition but are slightly worse against tougher opponents.,Penn State performs at a similar level regardless of the pace of the game.
147,Boston College,Boston College,-4.25199800092347,5.53941469848598,1.28741669756251,41.7420858518017,19.0137223813738,262,58,67.41490165,255,151,76,112,0.3,0.533333333333333,-0.233333333333333,9,16,11,20,#D4E4F2,#FFE0B9,#FFFBF6,#E35D70,#F3CEA5,Boston College plays much better against good teams than bad teams. They compete at a higher level against tough opposition but struggle against weaker opponents.,Boston College performs at a similar level regardless of the pace of the game.
148,Wright State,Wright State,2.63120376683378,-1.37026651582244,1.26093725101134,-1.80781832016769,33.2448131755658,121,205,68.43131729,189,147,300,146,0.5625,0.1875,0.375,18,6,21,11,#FFF3E3,#EFF5FA,#FFFBF7,#F6FADE,#F6BB94,Wright State performs at a similar level against both good and bad teams.,Wright State plays a little better in faster paced games. They have slightly stronger performances in games with more possessions but are a little worse in games with less possessions.
149,Richmond,Richmond 🤕,2.68140464721474,-1.52652400502762,1.15488064218712,-21.6105783221669,56.0212810213052,119,208,68.17158884,205,156,212,121,0.67741935483871,0.290322580645161,0.387096774193548,21,9,14,17,#FFF2E3,#EDF4F9,#FFFBF7,#9FCAD3,#FB9D78,Richmond plays a little worse against good teams than bad teams. They tend to play slightly better than expected against weaker opposition but are slightly worse against tougher opponents.,Richmond plays better in faster paced games. They have stronger performances in games with more possessions but are worse in games with less possessions.
150,Kennesaw State,Kennesaw State 🤕,1.94944917558086,-0.875677641239797,1.07377153434107,60.5354326878464,15.2784671361633,130,187,71.94129925,22,164,85,158,0.483870967741935,0.32258064516129,0.161290322580645,15,10,18,13,#FFF6EA,#F5F8FC,#FFFCF8,#AF1D4A,#F2D2A9,Kennesaw State plays much better against good teams than bad teams. They compete at a higher level against tough opposition but struggle against weaker opponents.,Kennesaw State performs at a similar level regardless of the pace of the game.
151,Kent State,Kent State,1.8114562011829,-0.754766624547703,1.0566895766352,-21.2293704424907,6.25325317701954,131,186,71.1292721,38,148,308,124,0.419354838709677,0.612903225806452,-0.193548387096774,13,19,22,9,#FFF6EC,#F6F9FC,#FFFCF8,#A0CBD3,#F0DEB4,Kent State plays a little worse against good teams than bad teams. They tend to play slightly better than expected against weaker opposition but are slightly worse against tougher opponents.,Kent State performs at a similar level regardless of the pace of the game.
152,Furman,Furman,0.50733917436086,0.434616671457927,0.941955845818787,-4.52509411710158,1.30329154602883,161,155,67.1777823,267,149,293,156,0.419354838709677,0.225806451612903,0.193548387096774,13,7,19,12,#FFFCF9,#FFFCF9,#FFFCF9,#EAF4DD,#EFE5BA,Furman performs at a similar level against both good and bad teams.,Furman performs at a similar level regardless of the pace of the game.
153,Georgia Tech,Georgia Tech,-0.570389276263638,1.44760805533255,0.877218779068912,36.580403028074,30.2924110832151,186,136,71.10184945,41,150,358,107,0.548387096774194,0.419354838709677,0.129032258064516,17,13,11,20,#F9FBFD,#FFF6EC,#FFFCF9,#EB717C,#F5BF97,Georgia Tech plays a little better against good teams than bad teams. They are slightly better than expected against tough opposition but are slightly worse against weaker opponents.,Georgia Tech plays a little better in faster paced games. They have slightly stronger performances in games with more possessions but are a little worse in games with less possessions.
154,Portland State,Portland State,-4.26701332766151,4.96264391720171,0.695630589540197,6.79910452409719,5.19717190615304,264,66,69.08137075,154,152,87,152,0.25,0.357142857142857,-0.107142857142857,7,10,17,11,#D4E4F2,#FFE3C0,#FFFDFA,#FFE4CC,#F0E0B5,Portland State performs at a similar level against both good and bad teams.,Portland State performs at a similar level regardless of the pace of the game.
155,Cornell,Cornell,9.33992979995421,-8.64467945901201,0.695250340942199,-46.5821159156453,-27.0324452221268,45,340,71.9850873,20,153,365,161,0.538461538461538,0.538461538461538,0,14,14,13,13,#FFD49E,#9CC1E2,#FFFDFA,#5B86BB,#B7CAC0,Cornell plays much worse against good teams than bad teams. They tend to have their best performances against weaker opponents but really struggle against stronger teams on their schedule.,Cornell plays a little better in slower paced games. They have slightly stronger performances in games with less possessions but are a little worse in games with more possessions.
156,Robert Morris,Robert Morris,1.2408495862478,-0.720022344526517,0.520827241721287,27.5644430414093,-13.4025054397766,143,185,66.1345408,314,154,46,164,0.483870967741935,0.516129032258065,-0.032258064516129,15,16,20,11,#FFF9F2,#F6F9FC,#FFFDFB,#F89393,#D3D8BE,Robert Morris plays a little better against good teams than bad teams. They are slightly better than expected against tough opposition but are slightly worse against weaker opponents.,Robert Morris performs at a similar level regardless of the pace of the game.
157,Washington State,Washington State,3.17565404095771,-2.65520704783443,0.520446993123287,-5.12348234100589,3.68699738853456,110,236,69.1297864,153,155,19,162,0.354838709677419,0.387096774193548,-0.032258064516129,11,12,11,20,#FFF0DE,#E0ECF6,#FFFDFB,#E8F2DD,#EFE2B7,Washington State performs at a similar level against both good and bad teams.,Washington State performs at a similar level regardless of the pace of the game.
158,Penn,Penn 🔒,-2.37784206190015,2.82529239304787,0.447450331147723,-13.0078728426625,16.4311839922611,221,104,70.1750652,88,157,326,197,0.407407407407407,0.407407407407407,0,11,11,16,11,#E7F0F8,#FFEFDB,#FFFDFC,#C5DFD8,#F2D1A8,Penn performs at a similar level against both good and bad teams.,Penn performs at a similar level regardless of the pace of the game.
159,College of Charleston,College of Charleston,-0.439278769651391,0.827024978751719,0.387746209100328,-10.5884233737858,28.9256536629663,182,146,69.25215585,139,159,341,168,0.451612903225806,0.516129032258065,-0.0645161290322581,14,16,20,11,#FAFCFD,#FFFAF4,#FFFDFC,#CFE5D9,#F5C199,College of Charleston performs at a similar level against both good and bad teams.,College of Charleston plays a little better in faster paced games. They have slightly stronger performances in games with more possessions but are a little worse in games with less possessions.
160,Tennessee State,Tennessee State 🔥,0.691023680180208,-0.347432003172608,0.3435916770076,36.1372424249014,-20.7664206956634,157,177,71.012664,44,158,207,208,0.448275862068966,0.413793103448276,0.0344827586206897,13,12,20,9,#FFFBF7,#FBFCFD,#FFFEFC,#EB737D,#C4D1BF,Tennessee State plays a little better against good teams than bad teams. They are slightly better than expected against tough opposition but are slightly worse against weaker opponents.,Tennessee State plays a little better in slower paced games. They have slightly stronger performances in games with less possessions but are a little worse in games with more possessions.
161,Bowling Green,Bowling Green 📉,-2.47109409133248,2.78078883084354,0.309694739511065,-21.7833648996031,-68.9975125995334,224,107,69.7719074,111,160,227,148,0.586206896551724,0.448275862068966,0.137931034482759,17,13,15,14,#E6EFF7,#FFEFDC,#FFFEFD,#9ECAD3,#70A6C7,Bowling Green plays a little worse against good teams than bad teams. They tend to play slightly better than expected against weaker opposition but are slightly worse against tougher opponents.,Bowling Green plays better in slower paced games. They have stronger performances in games with less possessions but are worse in games with more possessions.
162,Fordham,Fordham,-3.21083149131362,3.4122247446041,0.20139325329048,32.93129773943,2.81097853882161,238,91,65.9605214,326,161,313,171,0.379310344827586,0.310344827586207,0.0689655172413793,11,9,14,15,#DFEBF5,#FFECD4,#FFFEFD,#F07F85,#EFE3B8,Fordham plays a little better against good teams than bad teams. They are slightly better than expected against tough opposition but are slightly worse against weaker opponents.,Fordham performs at a similar level regardless of the pace of the game.
163,UMBC,UMBC 🔥,0.229354500629365,-0.166705922845591,0.0626485777837738,-33.138617696772,18.0061988797441,166,172,67.7771775,233,162,335,245,0.533333333333333,0.333333333333333,0.2,16,10,22,8,#FFFDFC,#FDFDFE,#FFFEFE,#7CABC8,#F3CFA6,UMBC plays a little worse against good teams than bad teams. They tend to play slightly better than expected against weaker opposition but are slightly worse against tougher opponents.,UMBC performs at a similar level regardless of the pace of the game.
164,Idaho,Idaho 🔥,-0.20262662830979,0.247667632737292,0.0450410044275018,-22.6331536085284,21.6491233507079,174,161,68.5252568055,180,163,194,176,0.5625,0.53125,0.03125,18,17,18,14,#FCFDFE,#FFFDFB,#FFFEFE,#9AC8D2,#F4CAA1,Idaho plays a little worse against good teams than bad teams. They tend to play slightly better than expected against weaker opposition but are slightly worse against tougher opponents.,Idaho plays a little better in faster paced games. They have slightly stronger performances in games with more possessions but are a little worse in games with less possessions.
165,Siena,Siena 🤕,-0.407968460456038,0.430396646411462,0.0224281859554236,5.85044590636292,-34.4526724291637,180,156,66.06327045,321,177,195,165,0.5,0.470588235294118,0.0294117647058824,17,16,23,11,#FAFCFD,#FFFCF9,#FFFEFE,#FFE8CF,#A8C2C2,Siena performs at a similar level against both good and bad teams.,Siena plays a little better in slower paced games. They have slightly stronger performances in games with less possessions but are a little worse in games with more possessions.
166,Western Kentucky,Western Kentucky,-0.373764667847778,0.371637031351244,-0.00212763649653369,59.7274025126261,25.0729922419884,178,158,71.3363529,31,167,39,149,0.466666666666667,0.5,-0.0333333333333333,14,15,16,14,#FBFCFD,#FFFCFA,#FEFEFE,#B21F4C,#F4C69D,Western Kentucky plays much better against good teams than bad teams. They compete at a higher level against tough opposition but struggle against weaker opponents.,Western Kentucky plays a little better in faster paced games. They have slightly stronger performances in games with more possessions but are a little worse in games with less possessions.
167,William & Mary,William & Mary 🥶,1.68609316320333,-1.8136832207305,-0.127590057527173,0.606057221475954,-7.62636176355194,137,212,73.44901685,6,165,186,166,0.433333333333333,0.433333333333333,0,13,13,18,12,#FFF7ED,#EAF2F9,#FEFEFE,#FFFCDE,#DFDEBD,William & Mary performs at a similar level against both good and bad teams.,William & Mary performs at a similar level regardless of the pace of the game.
168,Mercer,Mercer,2.44609287619203,-2.75579365075547,-0.309700774563444,3.96511135291782,-31.9349347372432,125,239,70.32883385,77,166,34,200,0.586206896551724,0.275862068965517,0.310344827586207,17,8,16,13,#FFF3E5,#DFEBF5,#FDFDFE,#FFEFD4,#ADC5C1,Mercer performs at a similar level against both good and bad teams.,Mercer plays a little better in slower paced games. They have slightly stronger performances in games with less possessions but are a little worse in games with more possessions.
169,Loyola Marymount,Loyola Marymount 🤕,-2.0947605914282,1.73608924683587,-0.358671344592333,-62.9717895176023,-50.110539605671,213,135,68.19679992,201,183,238,140,0.451612903225806,0.419354838709677,0.032258064516129,14,13,14,17,#EAF2F8,#FFF5E9,#FCFDFE,#235BA8,#88B2C4,Loyola Marymount plays much worse against good teams than bad teams. They tend to have their best performances against weaker opponents but really struggle against stronger teams on their schedule.,Loyola Marymount plays better in slower paced games. They have stronger performances in games with less possessions but are worse in games with more possessions.
170,Merrimack,Merrimack 📈,-2.46748517640393,1.9936496779513,-0.473835498452629,-19.27320439218,-32.6933544415522,223,126,64.7822695,358,168,170,212,0.411764705882353,0.411764705882353,0,14,14,23,11,#E6EFF7,#FFF3E6,#FCFDFE,#A9D0D4,#ABC4C1,Merrimack plays a little worse against good teams than bad teams. They tend to play slightly better than expected against weaker opposition but are slightly worse against tougher opponents.,Merrimack plays a little better in slower paced games. They have slightly stronger performances in games with less possessions but are a little worse in games with more possessions.
171,Samford,Samford 📈,1.70659603178422,-2.19981383064577,-0.493217798861544,20.9819374783514,-0.946132322606084,135,222,68.73331424,169,169,150,188,0.6,0.566666666666667,0.0333333333333333,18,17,16,14,#FFF7ED,#E5EFF7,#FBFDFE,#FFADA4,#EDE6BC,Samford plays a little better against good teams than bad teams. They are slightly better than expected against tough opposition but are slightly worse against weaker opponents.,Samford performs at a similar level regardless of the pace of the game.
172,Appalachian State,Appalachian State 💥,-2.74257352561567,2.24197755629555,-0.500595969320119,54.4929419855882,-6.85015787092171,230,121,64.6326671,361,170,277,225,0.666666666666667,0.433333333333333,0.233333333333333,20,13,17,13,#E3EEF7,#FFF2E2,#FBFDFE,#C23155,#E0DFBD,Appalachian State plays much better against good teams than bad teams. They compete at a higher level against tough opposition but struggle against weaker opponents.,Appalachian State performs at a similar level regardless of the pace of the game.
173,Monmouth,Monmouth,-2.37394264514618,1.83335327107057,-0.54058937407561,21.7294905149588,39.6117989709153,220,132,68.38476555,192,171,328,151,0.393939393939394,0.545454545454545,-0.151515151515151,13,18,18,15,#E7F0F8,#FFF4E8,#FBFCFE,#FFAAA2,#F8B38C,Monmouth plays a little better against good teams than bad teams. They are slightly better than expected against tough opposition but are slightly worse against weaker opponents.,Monmouth plays a little better in faster paced games. They have slightly stronger performances in games with more possessions but are a little worse in games with less possessions.
174,Fresno State,Fresno State,-3.0122359482825,2.29859231169169,-0.713643636590804,-26.316022951577,4.77069420718524,232,119,69.59043675,120,172,153,159,0.3,0.366666666666667,-0.0666666666666667,9,11,12,19,#E1ECF6,#FFF2E2,#FAFCFD,#8DBECF,#F0E0B6,Fresno State plays a little worse against good teams than bad teams. They tend to play slightly better than expected against weaker opposition but are slightly worse against tougher opponents.,Fresno State performs at a similar level regardless of the pace of the game.
175,Central Arkansas,Central Arkansas,-0.558120508159531,-0.166355119481481,-0.724475627641013,-33.4620997848592,0.428065191057397,185,171,69.467039,128,173,49,224,0.71875,0.65625,0.0625,23,21,20,12,#F9FBFD,#FDFDFE,#FAFCFD,#7CAAC8,#EFE6BB,Central Arkansas plays a little worse against good teams than bad teams. They tend to play slightly better than expected against weaker opposition but are slightly worse against tougher opponents.,Central Arkansas performs at a similar level regardless of the pace of the game.
176,Austin Peay,Austin Peay,-0.0673588714950333,-0.698706743573793,-0.766065615068826,2.11516715556058,-55.5578823335475,171,183,69.95279735,102,174,96,155,0.517241379310345,0.344827586206897,0.172413793103448,15,10,20,9,#FEFEFE,#F7FAFC,#FAFCFD,#FFF6D9,#7DACC5,Austin Peay performs at a similar level against both good and bad teams.,Austin Peay plays better in slower paced games. They have stronger performances in games with less possessions but are worse in games with more possessions.
177,Charlotte,Charlotte,3.21237109070194,-3.98669964496195,-0.774328554260006,-9.54791249500185,-40.3423393616371,109,266,65.0347467,352,175,219,178,0.454545454545455,0.424242424242424,0.0303030303030303,15,14,16,17,#FFF0DD,#D1E2F1,#FAFCFD,#D4E7DA,#9CBCC3,Charlotte performs at a similar level against both good and bad teams.,Charlotte plays a little better in slower paced games. They have slightly stronger performances in games with less possessions but are a little worse in games with more possessions.
178,Oregon State,Oregon State,0.22790029391956,-1.00328918872126,-0.775388894801702,0.570486070815479,-17.9406336167809,167,193,66.39486335,298,176,158,143,0.363636363636364,0.545454545454545,-0.181818181818182,12,18,17,16,#FFFDFC,#F3F7FB,#FAFCFD,#FFFCDE,#CAD4BF,Oregon State performs at a similar level against both good and bad teams.,Oregon State performs at a similar level regardless of the pace of the game.
179,Middle Tennessee,Middle Tennessee,-0.430475403889649,-0.446691375849922,-0.877166779739571,42.9259336107222,-12.8272010668979,181,180,67.23053905,265,178,252,192,0.344827586206897,0.413793103448276,-0.0689655172413793,10,12,14,15,#FAFCFD,#F9FBFD,#F9FBFD,#E1586D,#D4D9BE,Middle Tennessee plays much better against good teams than bad teams. They compete at a higher level against tough opposition but struggle against weaker opponents.,Middle Tennessee performs at a similar level regardless of the pace of the game.
180,New Mexico State,New Mexico State,-0.139442608477749,-0.912395019792725,-1.05183762827047,40.8794907580617,-34.3767007411238,172,190,67.39028595,256,179,177,157,0.379310344827586,0.551724137931034,-0.172413793103448,11,16,13,16,#FDFEFE,#F4F8FB,#F8FAFD,#E46072,#A8C2C2,New Mexico State plays a little better against good teams than bad teams. They are slightly better than expected against tough opposition but are slightly worse against weaker opponents.,New Mexico State plays a little better in slower paced games. They have slightly stronger performances in games with less possessions but are a little worse in games with more possessions.
181,Howard,Howard 🔥,-4.85698686075087,3.79751996485549,-1.05946689589539,-34.8441495542497,-50.332358536178,279,87,71.1295604,37,180,164,239,0.689655172413793,0.310344827586207,0.379310344827586,20,9,19,10,#CEE1F1,#FFE9CF,#F8FAFD,#78A7C7,#87B2C4,Howard plays a little worse against good teams than bad teams. They tend to play slightly better than expected against weaker opposition but are slightly worse against tougher opponents.,Howard plays better in slower paced games. They have stronger performances in games with less possessions but are worse in games with more possessions.
182,Louisiana Tech,Louisiana Tech 📈,-4.27745323184193,3.20806355877787,-1.06938967306407,-30.2704147682985,-3.40704147690327,265,96,65.50342635,342,181,255,187,0.419354838709677,0.258064516129032,0.161290322580645,13,8,17,14,#D4E4F2,#FFEDD6,#F8FAFD,#84B3CB,#E8E3BC,Louisiana Tech plays a little worse against good teams than bad teams. They tend to play slightly better than expected against weaker opposition but are slightly worse against tougher opponents.,Louisiana Tech performs at a similar level regardless of the pace of the game.
183,Marshall,Marshall,3.09471937937472,-4.48270781461802,-1.3879884352433,-6.3536840769898,-45.3555240079986,112,276,70.613344,60,182,210,169,0.451612903225806,0.516129032258065,-0.0645161290322581,14,16,18,13,#FFF0DF,#CBDFF0,#F6F9FC,#E2EFDC,#92B7C4,Marshall performs at a similar level against both good and bad teams.,Marshall plays better in slower paced games. They have stronger performances in games with less possessions but are worse in games with more possessions.
184,Eastern Washington,Eastern Washington,3.66401193910254,-5.26045566657318,-1.59644372747064,-9.41163044556646,-39.3673103452508,97,289,68.516122421,181,184,125,196,0.34375,0.3125,0.03125,11,10,13,19,#FFEED9,#C2D9ED,#F5F8FC,#D5E8DA,#9EBDC2,Eastern Washington performs at a similar level against both good and bad teams.,Eastern Washington plays a little better in slower paced games. They have slightly stronger performances in games with less possessions but are a little worse in games with more possessions.
185,Oakland,Oakland 💥,4.55510927280466,-6.21686256812073,-1.66175329531607,32.100239547606,-0.0396489569068212,86,303,70.2374283,84,185,323,154,0.32258064516129,0.354838709677419,-0.0322580645161291,10,11,15,16,#FFEAD0,#B8D3EA,#F4F8FC,#F18287,#EEE6BC,Oakland plays a little better against good teams than bad teams. They are slightly better than expected against tough opposition but are slightly worse against weaker opponents.,Oakland performs at a similar level regardless of the pace of the game.
186,South Alabama,South Alabama,-1.09511506184221,-0.590514806286685,-1.6856298681289,20.8400100643807,50.9338477665053,194,181,65.90519985,328,186,249,193,0.566666666666667,0.4,0.166666666666667,17,12,19,11,#F4F8FB,#F8FAFD,#F4F8FB,#FFADA4,#FAA47E,South Alabama plays a little better against good teams than bad teams. They are slightly better than expected against tough opposition but are slightly worse against weaker opponents.,South Alabama plays better in faster paced games. They have stronger performances in games with more possessions but are worse in games with less possessions.
187,Valparaiso,Valparaiso,-1.90872079772225,0.190888114097883,-1.71783268362437,36.1930705495844,-55.9904227954141,208,163,66.7641154,290,187,127,235,0.375,0.375,0,12,12,17,15,#ECF3F9,#FFFDFC,#F4F8FB,#EB727D,#7CACC5,Valparaiso plays a little better against good teams than bad teams. They are slightly better than expected against tough opposition but are slightly worse against weaker opponents.,Valparaiso plays better in slower paced games. They have stronger performances in games with less possessions but are worse in games with more possessions.
188,Texas A&M-Corpus Christi,Texas A&M-Corpus Christi,-4.6178589177586,2.83473320906884,-1.78312570868976,-33.8043478716333,-5.97935533803997,274,102,67.5242227,246,188,282,222,0.413793103448276,0.620689655172414,-0.206896551724138,12,18,14,15,#D1E2F1,#FFEFDB,#F3F8FB,#7BA9C8,#E2E0BD,Texas A&M-Corpus Christi plays a little worse against good teams than bad teams. They tend to play slightly better than expected against weaker opposition but are slightly worse against tougher opponents.,Texas A&M-Corpus Christi performs at a similar level regardless of the pace of the game.
189,Marist,Marist 🤕,-7.41238296316702,5.60444306880689,-1.80793989436014,-42.2841412955052,32.3672863345377,314,56,67.4623622,250,195,56,186,0.533333333333333,0.433333333333333,0.1,16,13,18,12,#B5D1E9,#FFDFB8,#F3F8FB,#6592BF,#F6BC95,Marist plays a little worse against good teams than bad teams. They tend to play slightly better than expected against weaker opposition but are slightly worse against tougher opponents.,Marist plays a little better in faster paced games. They have slightly stronger performances in games with more possessions but are a little worse in games with less possessions.
190,James Madison,James Madison 🔒,0.564173978007014,-2.41764920605113,-1.85347522804412,36.5980862246629,7.69810620422033,159,229,67.41558825,254,189,197,183,0.46875,0.46875,0,15,15,17,15,#FFFCF9,#E3EDF7,#F3F7FB,#EB717C,#F0DCB2,James Madison plays a little better against good teams than bad teams. They are slightly better than expected against tough opposition but are slightly worse against weaker opponents.,James Madison performs at a similar level regardless of the pace of the game.
191,Florida International,Florida International,-1.68655881554903,-0.231782360910917,-1.91834117645994,17.4669386411066,-9.27605480891357,199,174,72.42865695,13,190,63,172,0.551724137931034,0.620689655172414,-0.0689655172413793,16,18,12,17,#EEF4FA,#FCFDFE,#F3F7FB,#FFBBAE,#DBDDBD,Florida International plays a little better against good teams than bad teams. They are slightly better than expected against tough opposition but are slightly worse against weaker opponents.,Florida International performs at a similar level regardless of the pace of the game.
192,Northern Kentucky,Northern Kentucky,0.351456685809772,-2.29922837520345,-1.94777168939367,-23.6124338487888,-19.973832019903,163,226,70.27753375,81,191,156,195,0.290322580645161,0.516129032258065,-0.225806451612903,9,16,17,14,#FFFDFB,#E4EEF7,#F2F7FB,#96C5D2,#C6D2BF,Northern Kentucky plays a little worse against good teams than bad teams. They tend to play slightly better than expected against weaker opposition but are slightly worse against tougher opponents.,Northern Kentucky performs at a similar level regardless of the pace of the game.
193,Queens,Queens,5.93178194840122,-7.9145828947329,-1.98280094633168,-76.4034436497506,-11.5708996136508,73,331,70.1509512,91,192,133,167,0.484848484848485,0.484848484848485,0,16,16,20,13,#FFE3C1,#A4C7E4,#F2F7FB,#00429D,#D7DABE,Queens plays much worse against good teams than bad teams. They tend to have their best performances against weaker opponents but really struggle against stronger teams on their schedule.,Queens performs at a similar level regardless of the pace of the game.
194,UT Arlington,UT Arlington,-6.04345040499162,3.96104102841648,-2.08240937657514,-9.68397779814416,-24.7330667518675,293,81,66.2629472,308,193,179,206,0.366666666666667,0.3,0.0666666666666667,11,9,16,14,#C2D9ED,#FFE9CD,#F2F7FB,#D3E7DA,#BCCDC0,UT Arlington performs at a similar level against both good and bad teams.,UT Arlington plays a little better in slower paced games. They have slightly stronger performances in games with less possessions but are a little worse in games with more possessions.
195,Western Carolina,Western Carolina 📈,0.868052489455485,-2.99577381429956,-2.12772132484408,-37.6720919530335,-99.009900990099,152,249,69.37689095,134,194,24,204,0.448275862068966,0.517241379310345,-0.0689655172413793,13,15,13,16,#FFFBF6,#DCE9F5,#F1F6FB,#719FC4,#70A6C7,Western Carolina plays a little worse against good teams than bad teams. They tend to play slightly better than expected against weaker opposition but are slightly worse against tougher opponents.,Western Carolina plays better in slower paced games. They have stronger performances in games with less possessions but are worse in games with more possessions.
196,Massachusetts,Massachusetts,0.0901879062938487,-2.41718183052712,-2.32699392423327,73.0993082790268,29.3330335291201,168,228,71.0223968,43,196,157,144,0.40625,0.25,0.15625,13,8,16,16,#FFFEFE,#E3EDF7,#F0F6FA,#93003A,#F5C098,Massachusetts plays much better against good teams than bad teams. They compete at a higher level against tough opposition but struggle against weaker opponents.,Massachusetts plays a little better in faster paced games. They have slightly stronger performances in games with more possessions but are a little worse in games with less possessions.
197,Tulane,Tulane,-1.25631438030615,-1.25431137389282,-2.51062575419896,-55.8368133353569,-14.1258292798725,195,200,68.384868195,191,197,334,142,0.40625,0.4375,-0.03125,13,14,17,15,#F2F7FB,#F0F6FA,#EFF5FA,#3C6EB0,#D2D8BE,Tulane plays much worse against good teams than bad teams. They tend to have their best performances against weaker opponents but really struggle against stronger teams on their schedule.,Tulane performs at a similar level regardless of the pace of the game.
198,Campbell,Campbell,1.03779028527393,-3.70345265387377,-2.66566236859984,-14.4691086359176,38.6307458604541,149,261,70.5344159,64,198,121,189,0.4375,0.40625,0.03125,14,13,14,18,#FFFAF4,#D4E4F2,#EEF4FA,#BEDBD7,#F7B48D,Campbell performs at a similar level against both good and bad teams.,Campbell plays a little better in faster paced games. They have slightly stronger performances in games with more possessions but are a little worse in games with less possessions.
199,Quinnipiac,Quinnipiac,-3.10775731824674,0.35733513745958,-2.75042218078716,29.9563895440666,8.77026946860703,235,159,70.7817514,56,199,361,198,0.451612903225806,0.290322580645161,0.161290322580645,14,9,18,13,#E0EBF6,#FFFDFA,#EDF4FA,#F48A8D,#F1DBB1,Quinnipiac plays a little better against good teams than bad teams. They are slightly better than expected against tough opposition but are slightly worse against weaker opponents.,Quinnipiac performs at a similar level regardless of the pace of the game.
200,Missouri State,Missouri State,0.011720173547116,-2.81555484760956,-2.80383467406245,25.153071978688,-23.9113111500755,169,242,66.37035435,299,200,257,180,0.516129032258065,0.516129032258065,0,16,16,13,18,#FFFEFE,#DEEBF5,#EDF4F9,#FC9D99,#BDCDC0,Missouri State plays a little better against good teams than bad teams. They are slightly better than expected against tough opposition but are slightly worse against weaker opponents.,Missouri State plays a little better in slower paced games. They have slightly stronger performances in games with less possessions but are a little worse in games with more possessions.
201,Columbia,Columbia,-1.0159094322516,-1.86983463643418,-2.88574406868578,-31.5665403871048,56.3000719251596,192,213,68.68142739,173,201,322,190,0.5,0.576923076923077,-0.0769230769230769,13,15,14,12,#F4F8FC,#E9F1F8,#EDF3F9,#80B0CA,#FC9D78,Columbia plays a little worse against good teams than bad teams. They tend to play slightly better than expected against weaker opposition but are slightly worse against tougher opponents.,Columbia plays better in faster paced games. They have stronger performances in games with more possessions but are worse in games with less possessions.
202,South Dakota State,South Dakota State,-0.391698023654576,-2.49666679107902,-2.88836481473359,-44.6754561726119,39.4311834037871,179,232,68.283760015,197,202,83,179,0.413793103448276,0.482758620689655,-0.0689655172413793,12,14,11,18,#FBFCFD,#E2EDF6,#EDF3F9,#5F8BBD,#F8B38C,South Dakota State plays much worse against good teams than bad teams. They tend to have their best performances against weaker opponents but really struggle against stronger teams on their schedule.,South Dakota State plays a little better in faster paced games. They have slightly stronger performances in games with more possessions but are a little worse in games with less possessions.
203,Drake,Drake,0.515038545863314,-3.48910637968924,-2.97406783382592,-25.8080662725861,59.1098897597894,160,255,68.03692435,217,203,290,201,0.375,0.625,-0.25,12,20,12,20,#FFFCF9,#D7E6F3,#ECF3F9,#8FBFD0,#FC9974,Drake plays a little worse against good teams than bad teams. They tend to play slightly better than expected against weaker opposition but are slightly worse against tougher opponents.,Drake plays better in faster paced games. They have stronger performances in games with more possessions but are worse in games with less possessions.
204,UC Davis,UC Davis,-3.56369332368038,0.584910340978719,-2.97878298270166,20.7642620216299,-45.4746363586355,248,151,69.9638498,100,204,143,215,0.32258064516129,0.387096774193548,-0.0645161290322581,10,12,17,14,#DBE9F4,#FFFBF7,#ECF3F9,#FFAEA4,#91B7C4,UC Davis plays a little better against good teams than bad teams. They are slightly better than expected against tough opposition but are slightly worse against weaker opponents.,UC Davis plays better in slower paced games. They have stronger performances in games with less possessions but are worse in games with more possessions.
205,Cal State Northridge,Cal State Northridge,-1.39323833090387,-1.74345847625412,-3.13669680715799,59.1121144658111,-54.8949924312666,196,211,74.059502,3,205,65,214,0.53125,0.5625,-0.03125,17,18,18,14,#F1F6FA,#EBF2F9,#EBF2F9,#B3214D,#7EADC5,Cal State Northridge plays much better against good teams than bad teams. They compete at a higher level against tough opposition but struggle against weaker opponents.,Cal State Northridge plays better in slower paced games. They have stronger performances in games with less possessions but are worse in games with more possessions.
206,Lipscomb,Lipscomb,-2.22423419825951,-0.921476620857853,-3.14571081911736,12.2710148612858,9.76986664788333,216,191,70.32712695,78,206,61,210,0.633333333333333,0.7,-0.0666666666666667,19,21,17,13,#E8F1F8,#F4F8FB,#EBF2F9,#FFCFBD,#F1DAB0,Lipscomb performs at a similar level against both good and bad teams.,Lipscomb performs at a similar level regardless of the pace of the game.
207,Jacksonville State,Jacksonville State 🤕,-3.57416445959209,0.40459023196848,-3.16957422762361,58.5361074943158,14.9616191225205,249,157,66.5549547,294,209,312,229,0.586206896551724,0.413793103448276,0.172413793103448,17,12,12,17,#DBE9F4,#FFFCF9,#EBF2F9,#B5234E,#F2D3AA,Jacksonville State plays much better against good teams than bad teams. They compete at a higher level against tough opposition but struggle against weaker opponents.,Jacksonville State performs at a similar level regardless of the pace of the game.
208,Long Island,Long Island,-3.9893031545468,0.520589550133913,-3.46871360441289,25.5688375174247,-7.34118366172878,257,152,69.2111494,143,207,160,233,0.558823529411765,0.382352941176471,0.176470588235294,19,13,24,10,#D7E6F3,#FFFCF8,#E9F1F8,#FB9B98,#DFDFBD,Long Island plays a little better against good teams than bad teams. They are slightly better than expected against tough opposition but are slightly worse against weaker opponents.,Long Island performs at a similar level regardless of the pace of the game.
209,Cal State Fullerton,Cal State Fullerton,-2.28689489723452,-1.28799336188325,-3.57488825911778,-31.4917556351325,10.8755978168718,219,202,73.692534,5,208,241,264,0.53125,0.5625,-0.03125,17,18,16,16,#E8F0F8,#F0F5FA,#E8F1F8,#81B0CA,#F1D8AE,Cal State Fullerton plays a little worse against good teams than bad teams. They tend to play slightly better than expected against weaker opposition but are slightly worse against tougher opponents.,Cal State Fullerton performs at a similar level regardless of the pace of the game.
210,Montana,Montana,-2.68876964466482,-0.927675142321987,-3.61644478698681,2.67804316027343,-22.0699368508508,229,192,70.3329128,75,210,148,209,0.466666666666667,0.3,0.166666666666667,14,9,15,15,#E4EEF7,#F4F8FB,#E8F1F8,#FFF4D8,#C1CFBF,Montana performs at a similar level against both good and bad teams.,Montana plays a little better in slower paced games. They have slightly stronger performances in games with less possessions but are a little worse in games with more possessions.
211,Indiana State,Indiana State,-3.07571588094881,-0.654571167422902,-3.73028704837171,9.67637713680568,-57.9142211430323,234,182,69.7314038,112,211,262,216,0.5,0.6,-0.1,15,18,9,21,#E0ECF6,#F7FAFC,#E7F0F8,#FFD9C4,#78AAC6,Indiana State performs at a similar level against both good and bad teams.,Indiana State plays better in slower paced games. They have stronger performances in games with less possessions but are worse in games with more possessions.
212,Southeast Missouri State,Southeast Missouri State,-4.58573284358822,0.816906162238987,-3.76882668134923,6.27867452700374,-19.8627241936332,273,147,69.57866365,122,212,260,241,0.433333333333333,0.5,-0.0666666666666667,13,15,17,13,#D1E2F1,#FFFAF4,#E7F0F8,#FFE6CE,#C6D2BF,Southeast Missouri State performs at a similar level against both good and bad teams.,Southeast Missouri State performs at a similar level regardless of the pace of the game.
213,Drexel,Drexel,-6.10004503489336,2.23203117240483,-3.86801386248853,-17.2011515045941,-49.2637342326163,295,122,65.61001345,339,213,234,238,0.46875,0.46875,0,15,15,16,16,#C2D9ED,#FFF2E3,#E6F0F8,#B2D5D6,#8AB3C4,Drexel plays a little worse against good teams than bad teams. They tend to play slightly better than expected against weaker opposition but are slightly worse against tougher opponents.,Drexel plays better in slower paced games. They have stronger performances in games with less possessions but are worse in games with more possessions.
214,Ohio,Ohio,1.01143748724404,-4.95813950959977,-3.94670202235574,-20.5021873769876,-1.37064270623214,151,282,69.78860735,107,214,126,175,0.366666666666667,0.466666666666667,-0.1,11,14,13,17,#FFFAF4,#C6DBEE,#E6EFF7,#A3CDD4,#ECE5BC,Ohio plays a little worse against good teams than bad teams. They tend to play slightly better than expected against weaker opposition but are slightly worse against tougher opponents.,Ohio performs at a similar level regardless of the pace of the game.
215,Southern Mississippi,Southern Mississippi,-3.68194780566439,-0.328405747908573,-4.01035355357296,20.5835692595662,-25.592252256858,250,175,70.1270252,92,215,163,258,0.484848484848485,0.363636363636364,0.121212121212121,16,12,17,16,#DAE8F4,#FBFCFD,#E6EFF7,#FFAEA5,#BACCC0,Southern Mississippi plays a little better against good teams than bad teams. They are slightly better than expected against tough opposition but are slightly worse against weaker opponents.,Southern Mississippi plays a little better in slower paced games. They have slightly stronger performances in games with less possessions but are a little worse in games with more possessions.
216,Vermont,Vermont,-2.09304135219006,-1.93515798958526,-4.02819934177532,-0.944271199706015,-22.4504548425708,212,215,65.6483436,335,216,53,223,0.46875,0.4375,0.03125,15,14,20,12,#EAF2F8,#E8F1F8,#E6EFF7,#FAFCDF,#C0CFBF,Vermont performs at a similar level against both good and bad teams.,Vermont plays a little better in slower paced games. They have slightly stronger performances in games with less possessions but are a little worse in games with more possessions.
217,Youngstown State,Youngstown State 💥,-2.90982548376696,-1.1917297662602,-4.10155525002716,20.0229651605038,-0.259298518418795,231,195,68.5964549605,176,217,181,181,0.551724137931034,0.310344827586207,0.241379310344828,16,9,12,17,#E2EDF6,#F1F6FB,#E5EFF7,#FFB1A6,#EEE6BC,Youngstown State plays a little better against good teams than bad teams. They are slightly better than expected against tough opposition but are slightly worse against weaker opponents.,Youngstown State performs at a similar level regardless of the pace of the game.
218,UNC Asheville,UNC Asheville,-1.93711791999256,-2.38522890535217,-4.32234682534473,-7.60107319274242,9.40603562724597,210,227,66.0805091,319,218,276,202,0.206896551724138,0.413793103448276,-0.206896551724138,6,12,12,17,#EBF3F9,#E3EEF7,#E4EEF7,#DDECDB,#F1DAB0,UNC Asheville performs at a similar level against both good and bad teams.,UNC Asheville performs at a similar level regardless of the pace of the game.
219,Saint Peter's,Saint Peter's,-4.26653971914628,-0.220136798314377,-4.48667651746066,40.9190357787172,1.43383047301462,263,173,66.1634732,313,219,59,254,0.571428571428571,0.571428571428571,0,16,16,16,12,#D4E4F2,#FCFDFE,#E3EDF6,#E46072,#EFE5BA,Saint Peter's plays a little better against good teams than bad teams. They are slightly better than expected against tough opposition but are slightly worse against weaker opponents.,Saint Peter's performs at a similar level regardless of the pace of the game.
220,Colgate,Colgate,-0.595597950276029,-4.07807290970462,-4.67367085998065,27.3554742592017,37.9089370545432,187,269,68.161683,207,220,206,218,0.612903225806452,0.32258064516129,0.290322580645161,19,10,16,15,#F9FBFD,#D0E2F1,#E1EDF6,#F89493,#F7B58E,Colgate plays a little better against good teams than bad teams. They are slightly better than expected against tough opposition but are slightly worse against weaker opponents.,Colgate plays a little better in faster paced games. They have slightly stronger performances in games with more possessions but are a little worse in games with less possessions.
221,Georgia Southern,Georgia Southern 🔥,1.17098482021272,-5.89021229705067,-4.71922747683795,36.0474367264158,13.5689222338212,145,299,71.2410548,34,221,162,231,0.428571428571429,0.542857142857143,-0.114285714285714,15,19,19,16,#FFF9F2,#BBD5EB,#E1ECF6,#EC737E,#F2D5AB,Georgia Southern plays a little better against good teams than bad teams. They are slightly better than expected against tough opposition but are slightly worse against weaker opponents.,Georgia Southern performs at a similar level regardless of the pace of the game.
222,New Orleans,New Orleans,-2.10655103094116,-2.66107921009668,-4.76763024103784,3.57267147000802,13.8286721611594,214,237,71.1027827,40,222,348,230,0.333333333333333,0.393939393939394,-0.0606060606060606,11,13,15,18,#EAF2F8,#E0ECF6,#E1ECF6,#FFF1D5,#F2D4AB,New Orleans performs at a similar level against both good and bad teams.,New Orleans performs at a similar level regardless of the pace of the game.
223,Old Dominion,Old Dominion 🔒,-1.68736536474037,-3.10492414691475,-4.79228951165511,23.2887255002658,-56.2456001284637,200,250,69.8887528,103,223,184,194,0.46875,0.4375,0.03125,15,14,11,21,#EEF4FA,#DBE9F4,#E1ECF6,#FEA49D,#7BABC5,Old Dominion plays a little better against good teams than bad teams. They are slightly better than expected against tough opposition but are slightly worse against weaker opponents.,Old Dominion plays better in slower paced games. They have stronger performances in games with less possessions but are worse in games with more possessions.
224,Radford,Radford,-1.474366547321,-3.36322722461912,-4.83759377194012,20.5998124018323,-20.375513973462,197,252,71.4087844,29,224,258,191,0.620689655172414,0.448275862068966,0.172413793103448,18,13,13,16,#F0F5FA,#D8E7F3,#E0ECF6,#FFAEA5,#C5D1BF,Radford plays a little better against good teams than bad teams. They are slightly better than expected against tough opposition but are slightly worse against weaker opponents.,Radford performs at a similar level regardless of the pace of the game.
225,Tennessee-Martin,Tennessee-Martin,-8.28348291525174,3.43855351617364,-4.8449293990781,-44.2616815593274,36.8443181969284,330,90,66.29787085,305,225,350,290,0.4,0.4,0,12,12,19,11,#ACCCE7,#FFEBD3,#E0ECF6,#608DBD,#F7B68F,Tennessee-Martin plays much worse against good teams than bad teams. They tend to have their best performances against weaker opponents but really struggle against stronger teams on their schedule.,Tennessee-Martin plays a little better in faster paced games. They have slightly stronger performances in games with more possessions but are a little worse in games with less possessions.
226,Buffalo,Buffalo,1.45526279201629,-6.36306034388083,-4.90779755186454,49.7786235750982,-21.6792530130737,139,310,67.99456685,221,226,362,228,0.5,0.366666666666667,0.133333333333333,15,11,15,15,#FFF8EF,#B6D2EA,#E0ECF6,#D1405E,#C2D0BF,Buffalo plays much better against good teams than bad teams. They compete at a higher level against tough opposition but struggle against weaker opponents.,Buffalo plays a little better in slower paced games. They have slightly stronger performances in games with less possessions but are a little worse in games with more possessions.
227,Weber State,Weber State,0.709442445841771,-5.62651098956427,-4.9170685437225,0.888813591934468,-23.4442582305254,156,295,69.47493905,126,227,89,255,0.4,0.533333333333333,-0.133333333333333,12,16,14,16,#FFFBF7,#BED7EC,#E0ECF6,#FFFBDD,#BECEC0,Weber State performs at a similar level against both good and bad teams.,Weber State plays a little better in slower paced games. They have slightly stronger performances in games with less possessions but are a little worse in games with more possessions.
228,SIU Edwardsville,SIU Edwardsville,-7.48360020743282,2.51663124452091,-4.96696896291191,25.1857744986423,-16.8089575971715,318,114,66.09421945,317,228,110,257,0.482758620689655,0.379310344827586,0.103448275862069,14,11,16,13,#B4D0E9,#FFF1DF,#E0EBF6,#FB9D98,#CCD5BE,SIU Edwardsville plays a little better against good teams than bad teams. They are slightly better than expected against tough opposition but are slightly worse against weaker opponents.,SIU Edwardsville performs at a similar level regardless of the pace of the game.
229,Texas State,Texas State 📈,-3.91550443191115,-1.12765914102401,-5.04316357293516,32.1690242901529,16.535579855591,255,194,67.7281242,235,229,15,237,0.233333333333333,0.4,-0.166666666666667,7,12,17,13,#D8E6F3,#F2F7FB,#DFEBF5,#F18287,#F2D1A8,Texas State plays a little better against good teams than bad teams. They are slightly better than expected against tough opposition but are slightly worse against weaker opponents.,Texas State performs at a similar level regardless of the pace of the game.
230,Wofford,Wofford,1.09545225300678,-6.2398787170316,-5.14442646402482,6.02618994975945,2.7688581571615,148,304,69.0351854,156,230,349,217,0.566666666666667,0.4,0.166666666666667,17,12,17,13,#FFFAF3,#B7D2EA,#DFEBF5,#FFE7CE,#EFE3B8,Wofford performs at a similar level against both good and bad teams.,Wofford performs at a similar level regardless of the pace of the game.
231,Longwood,Longwood 📈,-3.79690135286034,-1.47178071705637,-5.2686820699167,30.4312777028345,23.440961714949,252,206,69.78341945,108,231,111,252,0.344827586206897,0.310344827586207,0.0344827586206897,10,9,13,16,#D9E7F4,#EEF4FA,#DEEAF5,#F4888C,#F4C89F,Longwood plays a little better against good teams than bad teams. They are slightly better than expected against tough opposition but are slightly worse against weaker opponents.,Longwood plays a little better in faster paced games. They have slightly stronger performances in games with more possessions but are a little worse in games with less possessions.
232,Cal Poly,Cal Poly,-0.282332175115222,-5.12420585424719,-5.40653802936241,-12.350824786934,71.8432262455594,177,286,74.901454,1,232,144,285,0.32258064516129,0.612903225806452,-0.290322580645161,10,19,12,19,#FCFDFE,#C4DAEE,#DDEAF5,#C8E1D8,#FE926E,Cal Poly performs at a similar level against both good and bad teams.,Cal Poly plays better in faster paced games. They have stronger performances in games with more possessions but are worse in games with less possessions.
233,Charleston Southern,Charleston Southern,-3.47585951173224,-1.995073746201,-5.47093325793323,11.8255158463266,-4.18462981753042,244,217,72.60865455,11,233,205,282,0.620689655172414,0.551724137931034,0.0689655172413793,18,16,12,17,#DCE9F5,#E8F0F8,#DDEAF5,#FFD1BE,#E6E2BC,Charleston Southern performs at a similar level against both good and bad teams.,Charleston Southern performs at a similar level regardless of the pace of the game.
234,Detroit,Detroit 📈,-1.93602165444518,-3.59584050161848,-5.53186215606365,-1.88692486031997,-48.8554227747165,209,257,69.7023626,114,234,134,226,0.6,0.4,0.2,18,12,15,15,#EBF3F9,#D5E5F3,#DCE9F5,#F6FADE,#8AB3C4,Detroit performs at a similar level against both good and bad teams.,Detroit plays better in slower paced games. They have stronger performances in games with less possessions but are worse in games with more possessions.
235,Rice,Rice,-1.78807892975063,-3.75257377375866,-5.54065270350929,9.79406411039024,-34.2938504040414,202,263,67.5399373,244,235,281,184,0.172413793103448,0.655172413793103,-0.482758620689655,5,19,11,18,#EDF4F9,#D4E4F2,#DCE9F5,#FFD8C4,#A8C3C2,Rice performs at a similar level against both good and bad teams.,Rice plays a little better in slower paced games. They have slightly stronger performances in games with less possessions but are a little worse in games with more possessions.
236,Iona,Iona,-4.38045639944319,-1.31391638798766,-5.69437278743085,4.58330944392869,3.44371821846112,269,203,70.0486233,96,236,64,242,0.8125,0.46875,0.34375,26,15,18,14,#D3E4F2,#F0F5FA,#DBE9F4,#FFEDD2,#EFE2B7,Iona performs at a similar level against both good and bad teams.,Iona performs at a similar level regardless of the pace of the game.
237,Bethune-Cookman,Bethune-Cookman,-4.06188702868983,-1.65133299707162,-5.71322002576145,-57.9913347669607,-8.39118583860926,260,209,70.02116545,99,237,78,219,0.451612903225806,0.387096774193548,0.0645161290322581,14,12,16,15,#D6E6F3,#ECF3F9,#DBE9F4,#3468AE,#DDDEBD,Bethune-Cookman plays much worse against good teams than bad teams. They tend to have their best performances against weaker opponents but really struggle against stronger teams on their schedule.,Bethune-Cookman performs at a similar level regardless of the pace of the game.
238,Florida Gulf Coast,Florida Gulf Coast,-3.1603253987603,-2.60998759421798,-5.77031299297828,10.028695311502,-32.2581965191158,236,234,68.628059955,175,238,139,182,0.40625,0.5,-0.09375,13,16,14,18,#DFEBF5,#E1ECF6,#DBE8F4,#FFD7C3,#ACC5C1,Florida Gulf Coast performs at a similar level against both good and bad teams.,Florida Gulf Coast plays a little better in slower paced games. They have slightly stronger performances in games with less possessions but are a little worse in games with more possessions.
239,Boston University,Boston University,1.35831916131021,-7.1885808025728,-5.83026164126258,38.0205085017901,-14.8624773835864,142,321,64.6522677,360,239,137,269,0.454545454545455,0.575757575757576,-0.121212121212121,15,19,16,17,#FFF8F0,#ACCCE7,#DAE8F4,#E96B79,#D0D7BE,Boston University plays a little better against good teams than bad teams. They are slightly better than expected against tough opposition but are slightly worse against weaker opponents.,Boston University performs at a similar level regardless of the pace of the game.
240,Lamar,Lamar 🥶,-5.5733875744984,-0.360237467673797,-5.9336250421722,23.6910983295011,-7.30232051705084,288,178,67.10700055,272,240,108,213,0.413793103448276,0.482758620689655,-0.0689655172413793,12,14,10,19,#C7DCEE,#FAFCFD,#DAE8F4,#FEA29C,#E0DFBD,Lamar plays a little better against good teams than bad teams. They are slightly better than expected against tough opposition but are slightly worse against weaker opponents.,Lamar performs at a similar level regardless of the pace of the game.
241,Utah Tech,Utah Tech,-0.961536545414728,-5.00121312489741,-5.96274967031214,38.1288491639189,11.4175272506858,190,283,67.8718349,229,241,151,250,0.516129032258065,0.451612903225806,0.0645161290322581,16,14,16,15,#F5F9FC,#C5DBEE,#D9E8F4,#E86B79,#F1D8AE,Utah Tech plays a little better against good teams than bad teams. They are slightly better than expected against tough opposition but are slightly worse against weaker opponents.,Utah Tech performs at a similar level regardless of the pace of the game.
242,East Carolina,East Carolina,-3.9052538311103,-2.14889088943516,-6.05414472054546,-22.8455276259641,-0.559481781972546,254,220,69.3841422,132,242,259,203,0.233333333333333,0.433333333333333,-0.2,7,13,10,20,#D8E6F3,#E6EFF7,#D9E7F4,#99C7D2,#EDE6BC,East Carolina plays a little worse against good teams than bad teams. They tend to play slightly better than expected against weaker opposition but are slightly worse against tougher opponents.,East Carolina performs at a similar level regardless of the pace of the game.
243,American,American,-2.54157903130029,-3.55113641059344,-6.09271544189373,-27.9094736765187,-39.6201157446668,225,256,67.63003565,239,243,183,275,0.5,0.266666666666667,0.233333333333333,15,8,14,16,#E5EFF7,#D6E5F3,#D9E7F4,#89BACE,#9DBDC3,American plays a little worse against good teams than bad teams. They tend to play slightly better than expected against weaker opposition but are slightly worse against tougher opponents.,American plays a little better in slower paced games. They have slightly stronger performances in games with less possessions but are a little worse in games with more possessions.
244,Princeton,Princeton,-3.31563693451655,-2.78023368797771,-6.09587062249426,17.4306910908483,-40.162465779831,241,241,65.6870662,333,244,41,251,0.464285714285714,0.607142857142857,-0.142857142857143,13,17,8,20,#DEEAF5,#DFEBF5,#D9E7F4,#FFBBAE,#9CBCC3,Princeton plays a little better against good teams than bad teams. They are slightly better than expected against tough opposition but are slightly worse against weaker opponents.,Princeton plays a little better in slower paced games. They have slightly stronger performances in games with less possessions but are a little worse in games with more possessions.
245,Green Bay,Green Bay,1.16408078667692,-7.28599297904919,-6.12191219237227,-17.9050509597358,-34.8370636306371,146,322,65.04559155,351,245,204,253,0.354838709677419,0.193548387096774,0.161290322580645,11,6,16,15,#FFF9F2,#ABCBE6,#D9E7F4,#AFD3D5,#A7C2C2,Green Bay plays a little worse against good teams than bad teams. They tend to play slightly better than expected against weaker opposition but are slightly worse against tougher opponents.,Green Bay plays a little better in slower paced games. They have slightly stronger performances in games with less possessions but are a little worse in games with more possessions.
246,Fairfield,Fairfield 💥,-3.17179926670515,-2.98178857638491,-6.15358784309006,14.9637187950113,10.5680707637986,237,248,68.354453745,194,246,327,266,0.515151515151515,0.545454545454545,-0.0303030303030303,17,18,20,13,#DFEBF5,#DCE9F5,#D8E7F3,#FFC4B5,#F1D9AF,Fairfield plays a little better against good teams than bad teams. They are slightly better than expected against tough opposition but are slightly worse against weaker opponents.,Fairfield performs at a similar level regardless of the pace of the game.
247,Stony Brook,Stony Brook,-3.35716381161023,-2.88368123042378,-6.24084504203401,22.4274116856582,15.5992191900482,242,245,67.14944,268,247,128,249,0.6,0.433333333333333,0.166666666666667,18,13,15,15,#DDEAF5,#DEEAF5,#D8E7F3,#FFA7A0,#F2D2A9,Stony Brook plays a little better against good teams than bad teams. They are slightly better than expected against tough opposition but are slightly worse against weaker opponents.,Stony Brook performs at a similar level regardless of the pace of the game.
248,Tarleton State,Tarleton State 📉,-6.17719468637346,-0.150486196434427,-6.32768088280789,12.0539798719497,30.0955855629502,296,170,70.21791835,85,248,283,243,0.535714285714286,0.464285714285714,0.0714285714285714,15,13,10,18,#C1D9ED,#FDFDFE,#D7E6F3,#FFD0BD,#F5BF97,Tarleton State performs at a similar level against both good and bad teams.,Tarleton State plays a little better in faster paced games. They have slightly stronger performances in games with more possessions but are a little worse in games with less possessions.
249,Coastal Carolina,Coastal Carolina,-6.3640135256524,-0.016461657705928,-6.38047518335833,22.4149385754215,21.3711789541353,298,168,68.18935131,202,249,232,283,0.354838709677419,0.451612903225806,-0.0967741935483871,11,14,18,13,#BFD7EC,#FEFEFE,#D7E6F3,#FFA7A0,#F3CBA2,Coastal Carolina plays a little better against good teams than bad teams. They are slightly better than expected against tough opposition but are slightly worse against weaker opponents.,Coastal Carolina performs at a similar level regardless of the pace of the game.
250,Omaha,Omaha,-2.14896768945694,-4.41073915741725,-6.55970684687419,9.50128609032745,-14.1510022507416,215,274,68.188734,203,250,98,240,0.310344827586207,0.517241379310345,-0.206896551724138,9,15,12,17,#E9F1F8,#CCDFF0,#D6E5F3,#FFDAC4,#D1D8BE,Omaha performs at a similar level against both good and bad teams.,Omaha performs at a similar level regardless of the pace of the game.
251,Nicholls State,Nicholls State,-3.91869377985024,-2.76078116430236,-6.6794749441526,-11.1490099584638,-42.5988941007122,256,240,69.2484867,140,251,347,256,0.5,0.625,-0.125,16,20,13,19,#D8E6F3,#DFEBF5,#D5E5F3,#CDE3D9,#97BAC3,Nicholls State performs at a similar level against both good and bad teams.,Nicholls State plays better in slower paced games. They have stronger performances in games with less possessions but are worse in games with more possessions.
252,Mount St. Mary's,Mount St. Mary's 📈,-7.51801083028998,0.813124418034757,-6.70488641225523,-42.6017043396551,-9.73386620612929,319,148,68.911454675,160,252,329,277,0.451612903225806,0.645161290322581,-0.193548387096774,14,20,14,17,#B4D0E9,#FFFAF4,#D5E5F2,#6591BF,#DBDCBD,Mount St. Mary's plays a little worse against good teams than bad teams. They tend to play slightly better than expected against weaker opposition but are slightly worse against tougher opponents.,Mount St. Mary's performs at a similar level regardless of the pace of the game.
253,Presbyterian,Presbyterian,-4.35684415490574,-2.4941183955516,-6.85096255045733,-18.6096648556148,-5.72445891186414,266,231,65.67926155,334,253,196,280,0.333333333333333,0.433333333333333,-0.1,10,13,12,18,#D3E4F2,#E2EDF6,#D4E4F2,#ACD1D5,#E3E0BD,Presbyterian plays a little worse against good teams than bad teams. They tend to play slightly better than expected against weaker opposition but are slightly worse against tougher opponents.,Presbyterian performs at a similar level regardless of the pace of the game.
254,Fort Wayne,Fort Wayne,-2.56360412147389,-4.38743707662908,-6.95104119810297,35.1072740831468,54.3322354864445,226,273,68.889865195,162,254,247,227,0.379310344827586,0.689655172413793,-0.310344827586207,11,20,14,15,#E5EFF7,#CCE0F0,#D3E4F2,#ED7680,#FB9F7A,Fort Wayne plays a little better against good teams than bad teams. They are slightly better than expected against tough opposition but are slightly worse against weaker opponents.,Fort Wayne plays better in faster paced games. They have stronger performances in games with more possessions but are worse in games with less possessions.
255,Lindenwood,Lindenwood,-7.83978238744966,0.84363808491153,-6.99614430253813,-37.8840079338721,31.2769459082745,323,145,73.0929236,7,255,342,284,0.6,0.466666666666667,0.133333333333333,18,14,15,15,#B1CEE8,#FFFAF4,#D3E4F2,#709EC4,#F6BE96,Lindenwood plays a little worse against good teams than bad teams. They tend to play slightly better than expected against weaker opposition but are slightly worse against tougher opponents.,Lindenwood plays a little better in faster paced games. They have slightly stronger performances in games with more possessions but are a little worse in games with less possessions.
256,San Diego,San Diego 🤕,-1.89908821036194,-5.17160365512439,-7.07069186548634,33.4342778108303,4.55093732966635,206,288,69.2326248,141,265,42,185,0.354838709677419,0.870967741935484,-0.516129032258065,11,27,10,21,#ECF3F9,#C3DAED,#D3E3F2,#EF7D84,#F0E1B6,San Diego plays a little better against good teams than bad teams. They are slightly better than expected against tough opposition but are slightly worse against weaker opponents.,San Diego performs at a similar level regardless of the pace of the game.
257,Hampton,Hampton,-5.40251281629121,-1.70034675473305,-7.10285957102426,-37.3769821430861,4.12420249888418,282,210,67.03242655,278,256,11,244,0.266666666666667,0.533333333333333,-0.266666666666667,8,16,11,19,#C9DDEF,#EBF2F9,#D2E3F2,#72A0C4,#EFE1B7,Hampton plays a little worse against good teams than bad teams. They tend to play slightly better than expected against weaker opposition but are slightly worse against tougher opponents.,Hampton performs at a similar level regardless of the pace of the game.
258,San Jose State,San Jose State,1.4353975527781,-8.54478214736256,-7.10938459458446,10.4167732199326,70.6178358653682,140,338,66.2786658,307,259,214,221,0.28125,0.5,-0.21875,9,16,8,24,#FFF8F0,#9DC2E2,#D2E3F2,#FFD6C2,#FE926E,San Jose State performs at a similar level against both good and bad teams.,San Jose State plays better in faster paced games. They have stronger performances in games with more possessions but are worse in games with less possessions.
259,Chattanooga,Chattanooga,-0.496512168122661,-6.69203302709721,-7.18854519521987,48.5360091202001,15.4760805721854,184,313,68.11141467,211,257,346,246,0.448275862068966,0.551724137931034,-0.103448275862069,13,16,10,19,#FAFBFD,#B2CFE8,#D2E3F2,#D54460,#F2D2A9,Chattanooga plays much better against good teams than bad teams. They compete at a higher level against tough opposition but struggle against weaker opponents.,Chattanooga performs at a similar level regardless of the pace of the game.
260,Incarnate Word,Incarnate Word 💥,-0.184035805087266,-7.01055390276296,-7.19458970785022,52.8659808254309,13.9119466976915,173,316,66.5618486,293,258,217,199,0.285714285714286,0.25,0.0357142857142857,8,7,9,19,#FDFDFE,#AECDE7,#D2E3F2,#C73658,#F2D4AB,Incarnate Word plays much better against good teams than bad teams. They compete at a higher level against tough opposition but struggle against weaker opponents.,Incarnate Word performs at a similar level regardless of the pace of the game.
261,Denver,Denver,3.80974914126153,-11.4236298769368,-7.61388073567531,91.5358610590053,-44.4883949721073,94,357,69.03027353,157,260,185,289,0.275862068965517,0.379310344827586,-0.103448275862069,8,11,12,17,#FFEDD7,#7CAED9,#CFE1F1,#93003A,#93B8C3,Denver plays much better against good teams than bad teams. They compete at a higher level against tough opposition but struggle against weaker opponents.,Denver plays better in slower paced games. They have stronger performances in games with less possessions but are worse in games with more possessions.
262,Ball State,Ball State 🔥,-7.31318604228167,-0.380620594192957,-7.69380663647462,-24.1335027962777,27.8860736924315,311,179,65.44415835,343,261,220,263,0.172413793103448,0.448275862068966,-0.275862068965517,5,13,10,19,#B6D2E9,#FAFCFD,#CFE1F1,#93C4D2,#F5C29A,Ball State plays a little worse against good teams than bad teams. They tend to play slightly better than expected against weaker opposition but are slightly worse against tougher opponents.,Ball State plays a little better in faster paced games. They have slightly stronger performances in games with more possessions but are a little worse in games with less possessions.
263,Sacred Heart,Sacred Heart,-0.262476216593167,-7.44418482373263,-7.70666104032579,-6.36936593136899,27.2589825683508,176,327,69.5622701,123,262,176,236,0.5,0.5,0,16,16,13,19,#FCFDFE,#AACAE6,#CFE1F1,#E2EFDC,#F5C39B,Sacred Heart performs at a similar level against both good and bad teams.,Sacred Heart plays a little better in faster paced games. They have slightly stronger performances in games with more possessions but are a little worse in games with less possessions.
264,Central Michigan,Central Michigan 🔥,-2.60269977506957,-5.28017692952886,-7.88287670459843,-49.8810061555046,3.1905869280089,228,290,68.172609385,204,263,3,302,0.413793103448276,0.586206896551724,-0.172413793103448,12,17,8,21,#E5EEF7,#C2D9ED,#CEE0F0,#517DB7,#EFE2B8,Central Michigan plays much worse against good teams than bad teams. They tend to have their best performances against weaker opponents but really struggle against stronger teams on their schedule.,Central Michigan performs at a similar level regardless of the pace of the game.
265,Southern,Southern 🔒,-3.3134187178897,-4.61904658073831,-7.932465298628,14.0884334852441,34.8204968675766,240,278,70.427536,70,264,306,281,0.548387096774194,0.548387096774194,0,17,17,14,17,#DEEAF5,#CADEEF,#CDE0F0,#FFC8B7,#F7B992,Southern plays a little better against good teams than bad teams. They are slightly better than expected against tough opposition but are slightly worse against weaker opponents.,Southern plays a little better in faster paced games. They have slightly stronger performances in games with more possessions but are a little worse in games with less possessions.
266,Dartmouth,Dartmouth,-4.36280244318159,-3.64539974853821,-8.00820219171981,39.5519136638299,-23.8458816245102,267,259,70.80791995,55,266,356,259,0.36,0.6,-0.24,9,15,9,16,#D3E4F2,#D5E5F2,#CDE0F0,#E66575,#BECDC0,Dartmouth plays a little better against good teams than bad teams. They are slightly better than expected against tough opposition but are slightly worse against weaker opponents.,Dartmouth plays a little better in slower paced games. They have slightly stronger performances in games with less possessions but are a little worse in games with more possessions.
267,La Salle,La Salle 🤕,-5.7707540056253,-2.29206726118987,-8.06282126681517,-26.398704517151,-49.6785608495829,292,225,67.69674815,236,269,55,220,0.419354838709677,0.612903225806452,-0.193548387096774,13,19,8,23,#C5DBEE,#E4EEF7,#CCE0F0,#8DBECF,#89B2C4,La Salle plays a little worse against good teams than bad teams. They tend to play slightly better than expected against weaker opposition but are slightly worse against tougher opponents.,La Salle plays better in slower paced games. They have stronger performances in games with less possessions but are worse in games with more possessions.
268,Elon,Elon 📉,-1.87000241219887,-6.25945151157316,-8.12945392377203,58.1109722084223,-32.7265011535875,203,306,68.086145685,213,267,363,232,0.3,0.566666666666667,-0.266666666666667,9,17,12,18,#ECF3F9,#B7D2EA,#CCDFF0,#B7254F,#ABC4C1,Elon plays much better against good teams than bad teams. They compete at a higher level against tough opposition but struggle against weaker opponents.,Elon plays a little better in slower paced games. They have slightly stronger performances in games with less possessions but are a little worse in games with more possessions.
269,Milwaukee,Milwaukee,-1.88729869047998,-6.25453035053518,-8.14182904101516,23.1494761310567,-9.00752578452997,205,305,68.716912635,170,268,99,234,0.354838709677419,0.483870967741935,-0.129032258064516,11,15,11,20,#ECF3F9,#B7D2EA,#CCDFF0,#FEA49D,#DCDDBD,Milwaukee plays a little better against good teams than bad teams. They are slightly better than expected against tough opposition but are slightly worse against weaker opponents.,Milwaukee performs at a similar level regardless of the pace of the game.
270,Long Beach State,Long Beach State,-5.5008903784475,-2.69295230186985,-8.19384268031735,43.9918812880942,12.9680296391437,285,238,69.48408395,125,270,251,270,0.172413793103448,0.551724137931034,-0.379310344827586,5,16,8,22,#C8DDEF,#E0EBF6,#CCDFF0,#E0546A,#F1D6AC,Long Beach State plays much better against good teams than bad teams. They compete at a higher level against tough opposition but struggle against weaker opponents.,Long Beach State performs at a similar level regardless of the pace of the game.
271,Eastern Michigan,Eastern Michigan 🤕,-7.00227184014657,-1.31641513119015,-8.31868697133672,45.3847075613705,-47.9311747865281,305,204,67.74690665,234,285,105,248,0.466666666666667,0.466666666666667,0,14,14,9,21,#B9D3EA,#EFF5FA,#CBDFF0,#DE4F67,#8CB4C4,Eastern Michigan plays much better against good teams than bad teams. They compete at a higher level against tough opposition but struggle against weaker opponents.,Eastern Michigan plays better in slower paced games. They have stronger performances in games with less possessions but are worse in games with more possessions.
272,Morehead State,Morehead State,-2.57578656449658,-5.88634259806269,-8.46212916255928,-12.4129212930995,-40.7119453496569,227,298,66.95267675,281,271,236,299,0.166666666666667,0.666666666666667,-0.5,5,20,17,13,#E5EFF7,#BBD5EB,#CADEEF,#C7E0D8,#9BBCC3,Morehead State performs at a similar level against both good and bad teams.,Morehead State plays a little better in slower paced games. They have slightly stronger performances in games with less possessions but are a little worse in games with more possessions.
273,Loyola Chicago,Loyola Chicago 🔥,-4.87107187139195,-3.69014713994154,-8.56121901133349,71.8492733193692,-32.4474378768104,280,260,66.74952275,291,272,228,170,0.242424242424242,0.727272727272727,-0.484848484848485,8,24,9,24,#CEE1F1,#D4E4F2,#C9DEEF,#93003A,#ACC4C1,Loyola Chicago plays much better against good teams than bad teams. They compete at a higher level against tough opposition but struggle against weaker opponents.,Loyola Chicago plays a little better in slower paced games. They have slightly stronger performances in games with less possessions but are a little worse in games with more possessions.
274,Lehigh,Lehigh 🔒,-5.40621690311973,-3.23086591644691,-8.63708281956663,57.0712827610377,-15.1931971657109,283,251,68.08311798,214,273,68,300,0.375,0.46875,-0.09375,12,15,16,16,#C9DDEF,#DAE8F4,#C9DDEF,#BA2850,#CFD7BE,Lehigh plays much better against good teams than bad teams. They compete at a higher level against tough opposition but struggle against weaker opponents.,Lehigh performs at a similar level regardless of the pace of the game.
275,Arkansas-Little Rock,Arkansas-Little Rock,-4.64678167531604,-4.00425174170099,-8.65103341701703,-40.6827183830703,-34.6033515330387,275,268,67.85100755,230,274,135,207,0.333333333333333,0.6,-0.266666666666667,10,18,10,20,#D0E2F1,#D1E2F1,#C9DDEF,#6996C1,#A8C2C2,Arkansas-Little Rock plays a little worse against good teams than bad teams. They tend to play slightly better than expected against weaker opposition but are slightly worse against tougher opponents.,Arkansas-Little Rock plays a little better in slower paced games. They have slightly stronger performances in games with less possessions but are a little worse in games with more possessions.
276,UTEP,UTEP 🤕,-7.43600079731941,-1.25434019869993,-8.69034099601935,32.8776367800615,1.78556166433908,316,201,67.01688055,279,276,93,262,0.428571428571429,0.571428571428571,-0.142857142857143,12,16,8,20,#B5D1E9,#F0F6FA,#C9DDEF,#F07F86,#EFE4B9,UTEP plays a little better against good teams than bad teams. They are slightly better than expected against tough opposition but are slightly worse against weaker opponents.,UTEP performs at a similar level regardless of the pace of the game.
277,Brown,Brown,-9.19545119781333,0.4826912371419,-8.71275996067143,-2.41841785181967,-10.2894377458873,340,154,68.0180024,218,275,321,260,0.28,0.56,-0.28,7,14,7,18,#A3C6E4,#FFFCF8,#C8DDEF,#F4F9DE,#D9DCBD,Brown performs at a similar level against both good and bad teams.,Brown performs at a similar level regardless of the pace of the game.
278,UNC Greensboro,UNC Greensboro 📈,-0.610586082423347,-8.37633114760067,-8.98691723002401,-24.6943477327887,0.961724332205823,188,337,68.713008255,171,277,167,268,0.5625,0.71875,-0.15625,18,23,13,19,#F8FBFD,#9FC3E3,#C7DCEE,#92C2D1,#EFE5BA,UNC Greensboro plays a little worse against good teams than bad teams. They tend to play slightly better than expected against weaker opposition but are slightly worse against tougher opponents.,UNC Greensboro performs at a similar level regardless of the pace of the game.
279,Abilene Christian,Abilene Christian,-9.180918197124,0.131905137766819,-9.04901305935718,30.4445606737234,-9.37361287586499,339,165,69.1799751,148,278,140,247,0.233333333333333,0.533333333333333,-0.3,7,16,11,19,#A3C6E4,#FFFEFD,#C6DCEE,#F4888C,#DBDDBD,Abilene Christian plays a little better against good teams than bad teams. They are slightly better than expected against tough opposition but are slightly worse against weaker opponents.,Abilene Christian performs at a similar level regardless of the pace of the game.
280,Bellarmine,Bellarmine,5.91834938070722,-15.0071530470089,-9.08880366630164,28.8064422963515,22.4611567586671,75,365,66.4145824,297,279,32,265,0.466666666666667,0.533333333333333,-0.0666666666666667,14,16,11,19,#FFE4C1,#5395CD,#C6DCEE,#F68F90,#F4C9A1,Bellarmine plays a little better against good teams than bad teams. They are slightly better than expected against tough opposition but are slightly worse against weaker opponents.,Bellarmine plays a little better in faster paced games. They have slightly stronger performances in games with more possessions but are a little worse in games with less possessions.
281,Mercyhurst,Mercyhurst,-6.35393669191217,-2.83589463150487,-9.18983132341703,3.62651089402842,30.5812609268594,297,244,65.84792255,330,280,114,315,0.4375,0.5,-0.0625,14,16,15,17,#BFD7EC,#DEEAF5,#C5DBEE,#FFF0D5,#F6BE97,Mercyhurst performs at a similar level against both good and bad teams.,Mercyhurst plays a little better in faster paced games. They have slightly stronger performances in games with more possessions but are a little worse in games with less possessions.
282,UC Riverside,UC Riverside,-6.67368015119679,-2.55680717123697,-9.23048732243376,-48.698365146098,48.9061399991348,303,233,70.1729617,89,281,115,310,0.233333333333333,0.566666666666667,-0.333333333333333,7,17,8,22,#BCD5EB,#E1ECF6,#C5DBEE,#5580B8,#FAA681,UC Riverside plays much worse against good teams than bad teams. They tend to have their best performances against weaker opponents but really struggle against stronger teams on their schedule.,UC Riverside plays better in faster paced games. They have stronger performances in games with more possessions but are worse in games with less possessions.
283,Western Michigan,Western Michigan,-2.27386230735773,-7.04534328272355,-9.31920559008128,14.7872577347284,56.140493293067,218,317,68.871681325,163,282,104,273,0.275862068965517,0.793103448275862,-0.517241379310345,8,23,9,20,#E8F1F8,#AECDE7,#C5DBEE,#FFC5B5,#FB9D78,Western Michigan plays a little better against good teams than bad teams. They are slightly better than expected against tough opposition but are slightly worse against weaker opponents.,Western Michigan plays better in faster paced games. They have stronger performances in games with more possessions but are worse in games with less possessions.
284,South Dakota,South Dakota,-3.0190399336587,-6.35059445051267,-9.36963438417137,5.13553643631613,25.0435813925281,233,309,71.0913171,42,283,20,288,0.379310344827586,0.482758620689655,-0.103448275862069,11,14,13,16,#E0ECF6,#B6D2EA,#C4DBEE,#FFEBD1,#F4C69D,South Dakota performs at a similar level against both good and bad teams.,South Dakota plays a little better in faster paced games. They have slightly stronger performances in games with more possessions but are a little worse in games with less possessions.
285,Southern Utah,Southern Utah,-3.52756494817839,-5.95870512436151,-9.48627007253991,-32.2204361275728,-42.3774858016278,245,300,71.22848345,36,284,50,293,0.241379310344828,0.827586206896552,-0.586206896551724,7,24,7,22,#DBE9F4,#BAD4EB,#C4DAED,#7FAEC9,#98BAC3,Southern Utah plays a little worse against good teams than bad teams. They tend to play slightly better than expected against weaker opposition but are slightly worse against tougher opponents.,Southern Utah plays better in slower paced games. They have stronger performances in games with less possessions but are worse in games with more possessions.
286,Sacramento State,Sacramento State 🤕,-4.48211411519042,-5.0722358817279,-9.55434999691832,11.0815498049979,5.56646756609782,271,285,72.4079755,15,300,9,274,0.357142857142857,0.5,-0.142857142857143,10,14,7,21,#D2E3F2,#C5DBEE,#C3DAED,#FFD3C0,#F0DFB5,Sacramento State performs at a similar level against both good and bad teams.,Sacramento State performs at a similar level regardless of the pace of the game.
287,Eastern Kentucky,Eastern Kentucky,0.332144783507452,-9.91005009243476,-9.57790530892731,20.3283015527908,-25.4085845034979,164,351,68.526794747,179,286,192,211,0.366666666666667,0.666666666666667,-0.3,11,20,9,21,#FFFDFB,#8DB9DE,#C3DAED,#FFAFA6,#BACCC0,Eastern Kentucky plays a little better against good teams than bad teams. They are slightly better than expected against tough opposition but are slightly worse against weaker opponents.,Eastern Kentucky plays a little better in slower paced games. They have slightly stronger performances in games with less possessions but are a little worse in games with more possessions.
288,Jacksonville,Jacksonville,-4.56685679685923,-5.06429954870582,-9.63115634556505,-36.4781479906961,-11.2319133118809,272,284,65.1365883,349,287,250,287,0.266666666666667,0.7,-0.433333333333333,8,21,10,20,#D1E2F1,#C5DBEE,#C3DAED,#74A2C5,#D7DBBD,Jacksonville plays a little worse against good teams than bad teams. They tend to play slightly better than expected against weaker opposition but are slightly worse against tougher opponents.,Jacksonville performs at a similar level regardless of the pace of the game.
289,Grambling,Grambling,-10.3580394342799,0.498023153838749,-9.86001628044114,-11.9762053052293,-27.635927626773,343,153,68.45698835,188,288,298,314,0.483870967741935,0.483870967741935,0,15,15,12,19,#98BFE1,#FFFCF8,#C1D9ED,#C9E1D9,#B6CAC0,Grambling performs at a similar level against both good and bad teams.,Grambling plays a little better in slower paced games. They have slightly stronger performances in games with less possessions but are a little worse in games with more possessions.
290,North Dakota,North Dakota,-3.41998589676612,-6.45813991419626,-9.87812581096238,12.2004135314732,-32.0568844742766,243,311,69.18400355,147,289,256,291,0.28125,0.40625,-0.125,9,13,15,17,#DCE9F5,#B5D1E9,#C1D9ED,#FFCFBD,#ADC5C1,North Dakota performs at a similar level against both good and bad teams.,North Dakota plays a little better in slower paced games. They have slightly stronger performances in games with less possessions but are a little worse in games with more possessions.
291,Idaho State,Idaho State 📉,-1.04722685164401,-8.8468816596178,-9.89410851126181,47.7766316199596,34.907787281622,193,344,66.07742735,320,290,79,267,0.233333333333333,0.4,-0.166666666666667,7,12,10,20,#F4F8FB,#9AC0E1,#C1D9ED,#D84762,#F7B992,Idaho State plays much better against good teams than bad teams. They compete at a higher level against tough opposition but struggle against weaker opponents.,Idaho State plays a little better in faster paced games. They have slightly stronger performances in games with more possessions but are a little worse in games with less possessions.
292,Northeastern,Northeastern,-1.87385186627334,-8.10052514573626,-9.9743770120096,35.1019616549887,30.472531284238,204,333,70.57159805,63,291,320,261,0.354838709677419,0.516129032258065,-0.161290322580645,11,16,7,24,#ECF3F9,#A2C5E4,#C1D8ED,#ED7780,#F6BF97,Northeastern plays a little better against good teams than bad teams. They are slightly better than expected against tough opposition but are slightly worse against weaker opponents.,Northeastern plays a little better in faster paced games. They have slightly stronger performances in games with more possessions but are a little worse in games with less possessions.
293,West Georgia,West Georgia,-5.6393648901273,-4.35797040364546,-9.99733529377276,19.1786507621799,11.0781961720414,290,271,70.193898,86,293,191,272,0.4,0.666666666666667,-0.266666666666667,12,20,13,17,#C6DCEE,#CDE0F0,#C0D8ED,#FFB4A9,#F1D8AE,West Georgia plays a little better against good teams than bad teams. They are slightly better than expected against tough opposition but are slightly worse against weaker opponents.,West Georgia performs at a similar level regardless of the pace of the game.
294,Texas Southern,Texas Southern,-6.06254107237637,-3.95698600267105,-10.0195270750474,-49.7034654979016,-11.0807919857021,294,265,70.09816465,94,292,31,303,0.428571428571429,0.607142857142857,-0.178571428571429,12,17,10,18,#C2D9ED,#D1E3F1,#C0D8ED,#527EB7,#D8DBBD,Texas Southern plays much worse against good teams than bad teams. They tend to have their best performances against weaker opponents but really struggle against stronger teams on their schedule.,Texas Southern performs at a similar level regardless of the pace of the game.
295,Prairie View,Prairie View 🔥🔒,-7.213571903354,-2.94874492264063,-10.1623168259946,35.6854383635488,-96.2557031884361,309,247,72.0706293,18,294,297,327,0.354838709677419,0.516129032258065,-0.161290322580645,11,16,14,17,#B7D2EA,#DDEAF5,#BFD7EC,#EC747F,#70A6C7,Prairie View plays a little better against good teams than bad teams. They are slightly better than expected against tough opposition but are slightly worse against weaker opponents.,Prairie View plays better in slower paced games. They have stronger performances in games with less possessions but are worse in games with more possessions.
296,Le Moyne,Le Moyne,-6.43527040687457,-3.8620868118256,-10.2973572187002,-26.5534196666176,-65.4769690543287,300,264,70.3624786,73,295,275,324,0.387096774193548,0.516129032258065,-0.129032258064516,12,16,14,17,#BFD7EC,#D2E3F2,#BFD7EC,#8DBDCF,#70A6C7,Le Moyne plays a little worse against good teams than bad teams. They tend to play slightly better than expected against weaker opposition but are slightly worse against tougher opponents.,Le Moyne plays better in slower paced games. They have stronger performances in games with less possessions but are worse in games with more possessions.
297,Pepperdine,Pepperdine 🤕,-4.66172086224764,-5.79385963356228,-10.4555804958099,0.707490176113818,23.4478717464972,276,297,69.3071146,137,302,319,278,0.3,0.6,-0.3,9,18,7,23,#D0E2F1,#BCD6EB,#BED6EC,#FFFCDD,#F4C89F,Pepperdine performs at a similar level against both good and bad teams.,Pepperdine plays a little better in faster paced games. They have slightly stronger performances in games with more possessions but are a little worse in games with less possessions.
298,Southeastern Louisiana,Southeastern Louisiana,-8.5075801161814,-2.08724475141023,-10.5948248675916,40.1610856716632,13.4008084645787,333,219,67.0623113,274,296,130,294,0.233333333333333,0.633333333333333,-0.4,7,19,8,22,#AACAE6,#E7F0F8,#BDD6EB,#E56374,#F2D5AB,Southeastern Louisiana plays a little better against good teams than bad teams. They are slightly better than expected against tough opposition but are slightly worse against weaker opponents.,Southeastern Louisiana performs at a similar level regardless of the pace of the game.
299,Houston Christian,Houston Christian,-6.65499324965849,-3.99994848909312,-10.6549417387516,33.0536577600443,8.59920994812743,302,267,65.855123,329,297,161,271,0.266666666666667,0.866666666666667,-0.6,8,26,10,20,#BCD6EB,#D1E2F1,#BCD6EB,#F07E85,#F0DBB1,Houston Christian plays a little better against good teams than bad teams. They are slightly better than expected against tough opposition but are slightly worse against weaker opponents.,Houston Christian performs at a similar level regardless of the pace of the game.
300,Norfolk State,Norfolk State,-4.44686340316104,-6.20815122588322,-10.6550146290443,-10.5783185536504,-16.5951038826367,270,302,68.848235745,166,298,109,311,0.321428571428571,0.5,-0.178571428571429,9,14,11,17,#D2E3F2,#B8D3EA,#BCD6EB,#D0E5D9,#CCD5BE,Norfolk State performs at a similar level against both good and bad teams.,Norfolk State performs at a similar level regardless of the pace of the game.
301,Northwestern State,Northwestern State,-7.04489271954786,-3.62775781182473,-10.6726505313726,16.1651370752519,12.5893997247516,307,258,66.1230594,315,299,142,306,0.4,0.766666666666667,-0.366666666666667,12,23,8,22,#B8D3EA,#D5E5F3,#BCD6EB,#FFC0B1,#F1D6AC,Northwestern State plays a little better against good teams than bad teams. They are slightly better than expected against tough opposition but are slightly worse against weaker opponents.,Northwestern State performs at a similar level regardless of the pace of the game.
302,North Carolina A&T,North Carolina A&T,-3.82868418482082,-6.96536084945368,-10.7940450342745,17.2493993470026,12.8688188980277,253,315,69.59990375,119,303,265,313,0.321428571428571,0.464285714285714,-0.142857142857143,9,13,9,19,#D8E7F3,#AFCDE8,#BCD5EB,#FFBBAE,#F1D6AC,North Carolina A&T plays a little better against good teams than bad teams. They are slightly better than expected against tough opposition but are slightly worse against weaker opponents.,North Carolina A&T performs at a similar level regardless of the pace of the game.
303,Central Connecticut,Central Connecticut,-4.2301887922862,-6.60311398205147,-10.8333027743377,30.861392806259,7.50730896727383,261,312,66.10957855,316,301,324,321,0.392857142857143,0.535714285714286,-0.142857142857143,11,15,16,12,#D4E4F2,#B3D0E9,#BBD5EB,#F3878A,#F0DDB2,Central Connecticut plays a little better against good teams than bad teams. They are slightly better than expected against tough opposition but are slightly worse against weaker opponents.,Central Connecticut performs at a similar level regardless of the pace of the game.
304,Portland,Portland 🤕,-7.68546620762142,-3.45770409526905,-11.1431703028905,46.1441853264014,41.5536673533571,320,254,69.5543009,124,305,2,296,0.4375,0.5625,-0.125,14,18,13,19,#B2CFE8,#D7E6F3,#B9D4EB,#DD4C65,#F8B08A,Portland plays much better against good teams than bad teams. They compete at a higher level against tough opposition but struggle against weaker opponents.,Portland plays a little better in faster paced games. They have slightly stronger performances in games with more possessions but are a little worse in games with less possessions.
305,Louisiana-Lafayette,Louisiana-Lafayette,-7.71542521942621,-3.43867987632223,-11.1541050957484,-34.1659871230313,-52.6742409165132,321,253,65.026028,354,304,106,298,0.212121212121212,0.636363636363636,-0.424242424242424,7,21,11,22,#B2CFE8,#D7E6F3,#B9D4EA,#7AA8C7,#83AFC5,Louisiana-Lafayette plays a little worse against good teams than bad teams. They tend to play slightly better than expected against weaker opposition but are slightly worse against tougher opponents.,Louisiana-Lafayette plays better in slower paced games. They have stronger performances in games with less possessions but are worse in games with more possessions.
306,Alabama A&M,Alabama A&M,-5.22141974233547,-6.08170121367307,-11.3031209560085,-4.9051726009178,-1.90036411167998,281,301,67.2678385,260,306,92,316,0.333333333333333,0.333333333333333,0,10,10,15,15,#CBDEEF,#B9D4EA,#B8D3EA,#E9F3DD,#EBE5BC,Alabama A&M performs at a similar level against both good and bad teams.,Alabama A&M performs at a similar level regardless of the pace of the game.
307,Loyola Maryland,Loyola Maryland,-4.03115517398375,-7.34383046956413,-11.3749856435479,-1.31300075125567,12.7567627578716,259,324,69.31780515,136,307,302,292,0.3,0.566666666666667,-0.266666666666667,9,17,10,20,#D6E6F3,#ABCBE6,#B8D3EA,#F9FBDF,#F1D6AC,Loyola Maryland performs at a similar level against both good and bad teams.,Loyola Maryland performs at a similar level regardless of the pace of the game.
308,South Carolina Upstate,South Carolina Upstate,-9.33388000173554,-2.1626029306776,-11.4964829324131,57.7599341996636,6.99336505078788,341,221,69.38611475,131,308,294,320,0.241379310344828,0.586206896551724,-0.344827586206896,7,17,10,19,#A2C5E4,#E6EFF7,#B7D2EA,#B8264F,#F0DDB3,South Carolina Upstate plays much better against good teams than bad teams. They compete at a higher level against tough opposition but struggle against weaker opponents.,South Carolina Upstate performs at a similar level regardless of the pace of the game.
309,UMass Lowell,UMass Lowell,-4.68609711023818,-7.04761281621118,-11.7337099264494,-81.1220407558577,-26.7237146129137,278,318,70.1585167,90,309,131,329,0.5,0.4,0.1,15,12,12,18,#D0E2F1,#AECDE7,#B6D1E9,#00429D,#B8CAC0,UMass Lowell plays much worse against good teams than bad teams. They tend to have their best performances against weaker opponents but really struggle against stronger teams on their schedule.,UMass Lowell plays a little better in slower paced games. They have slightly stronger performances in games with less possessions but are a little worse in games with more possessions.
310,Albany,Albany,-4.37299777650433,-7.38422601699733,-11.7572237935017,-6.42171217805819,-41.9155728589294,268,325,66.8314426,286,310,132,307,0.344827586206897,0.551724137931034,-0.206896551724138,10,16,8,21,#D3E4F2,#AACAE6,#B6D1E9,#E2EFDC,#99BBC3,Albany performs at a similar level against both good and bad teams.,Albany plays better in slower paced games. They have stronger performances in games with less possessions but are worse in games with more possessions.
311,Tennessee Tech,Tennessee Tech 💥,-5.58548027166044,-6.33879942677647,-11.9242796984369,-10.2911353699164,-19.2612364266335,289,308,68.38719913,190,311,145,326,0.357142857142857,0.642857142857143,-0.285714285714286,10,18,10,18,#C7DCEE,#B6D2EA,#B4D1E9,#D1E6DA,#C7D2BF,Tennessee Tech performs at a similar level against both good and bad teams.,Tennessee Tech performs at a similar level regardless of the pace of the game.
312,Wagner,Wagner 🔥,-7.30113754680316,-4.63997543777951,-11.9411129845827,13.6329356644885,1.07170077162404,310,279,66.42975875,296,312,314,328,0.259259259259259,0.481481481481481,-0.222222222222222,7,13,11,17,#B6D2EA,#CADEEF,#B4D1E9,#FFC9B9,#EFE5BA,Wagner performs at a similar level against both good and bad teams.,Wagner performs at a similar level regardless of the pace of the game.
313,Stetson,Stetson 📈,-3.21546790716433,-8.82899163191359,-12.0444595390779,-53.6026678175192,18.3435456069853,239,343,68.098274925,212,313,27,312,0.32258064516129,0.645161290322581,-0.32258064516129,10,20,10,21,#DFEBF5,#9AC0E1,#B4D0E9,#4474B3,#F3CEA5,Stetson plays much worse against good teams than bad teams. They tend to have their best performances against weaker opponents but really struggle against stronger teams on their schedule.,Stetson performs at a similar level regardless of the pace of the game.
314,Florida A&M,Florida A&M 📈,-10.6257407329733,-1.50290103333166,-12.128641766305,-20.9439020638346,-28.2978993590069,346,207,69.7768211,110,314,112,338,0.310344827586207,0.620689655172414,-0.310344827586207,9,18,13,16,#95BDE0,#EDF4FA,#B3D0E9,#A1CCD3,#B4C9C1,Florida A&M plays a little worse against good teams than bad teams. They tend to play slightly better than expected against weaker opposition but are slightly worse against tougher opponents.,Florida A&M plays a little better in slower paced games. They have slightly stronger performances in games with less possessions but are a little worse in games with more possessions.
315,Oral Roberts,Oral Roberts 🔥,-7.32469066510507,-5.39505238638612,-12.7197430514912,-22.5939344692195,34.4119083105732,312,292,69.26523435,138,315,264,305,0.3,0.6,-0.3,9,18,7,23,#B6D1E9,#C1D8ED,#B0CEE8,#9AC8D2,#F6B992,Oral Roberts plays a little worse against good teams than bad teams. They tend to play slightly better than expected against weaker opposition but are slightly worse against tougher opponents.,Oral Roberts plays a little better in faster paced games. They have slightly stronger performances in games with more possessions but are a little worse in games with less possessions.
316,East Texas A&M,East Texas A&M,-8.08450189613663,-4.69548696512835,-12.779988861265,-43.9520552834325,-43.6942917728885,326,280,69.04483335,155,316,280,308,0.310344827586207,0.448275862068966,-0.137931034482759,9,13,9,21,#AECDE7,#C9DDEF,#AFCDE8,#618DBD,#95B9C3,East Texas A&M plays much worse against good teams than bad teams. They tend to have their best performances against weaker opponents but really struggle against stronger teams on their schedule.,East Texas A&M plays better in slower paced games. They have stronger performances in games with less possessions but are worse in games with more possessions.
317,Lafayette,Lafayette,-7.44028439204452,-5.34602487571144,-12.786309267756,-9.90754859794626,-7.96406614277637,317,291,68.00893275,219,317,354,317,0.366666666666667,0.666666666666667,-0.3,11,20,10,21,#B5D1E9,#C1D9ED,#AFCDE8,#D3E6DA,#DEDEBD,Lafayette performs at a similar level against both good and bad teams.,Lafayette performs at a similar level regardless of the pace of the game.
318,Georgia State,Georgia State 🥶🤕,-8.76137790090792,-4.09127074965546,-12.8526486505634,53.9115169055594,-21.0854068990779,334,270,69.1597601,151,319,226,279,0.466666666666667,0.8,-0.333333333333333,14,24,8,22,#A7C9E5,#D0E2F1,#AFCDE7,#C43256,#C3D0BF,Georgia State plays much better against good teams than bad teams. They compete at a higher level against tough opposition but struggle against weaker opponents.,Georgia State plays a little better in slower paced games. They have slightly stronger performances in games with less possessions but are a little worse in games with more possessions.
319,Evansville,Evansville 🤕,-7.35208263699067,-5.51965392908918,-12.8717365660798,-2.89559827235309,29.1552393409648,313,293,68.00289065,220,320,171,276,0.2,1.1,-0.9,6,33,5,25,#B5D1E9,#C0D8EC,#AFCDE7,#F2F7DE,#F5C098,Evansville performs at a similar level against both good and bad teams.,Evansville plays a little better in faster paced games. They have slightly stronger performances in games with more possessions but are a little worse in games with less possessions.
320,Alabama State,Alabama State,-8.82653410678667,-4.37069921349773,-13.1972333202844,-30.3059064191608,49.7876220661241,335,272,70.2719733,82,318,102,322,0.258064516129032,0.645161290322581,-0.387096774193548,8,20,9,22,#A7C8E5,#CDE0F0,#ADCCE7,#83B3CB,#FAA580,Alabama State plays a little worse against good teams than bad teams. They tend to play slightly better than expected against weaker opposition but are slightly worse against tougher opponents.,Alabama State plays better in faster paced games. They have stronger performances in games with more possessions but are worse in games with less possessions.
321,Manhattan,Manhattan,-3.71950819174797,-9.71768293048512,-13.4371911222331,-11.7027189897622,-3.3610275600275,251,349,69.16566335,149,321,138,297,0.225806451612903,0.419354838709677,-0.193548387096774,7,13,11,20,#DAE8F4,#90BADE,#ABCBE6,#CBE2D9,#E8E3BC,Manhattan performs at a similar level against both good and bad teams.,Manhattan performs at a similar level regardless of the pace of the game.
322,Bucknell,Bucknell,-8.04832716712064,-5.68440865958211,-13.7327358267027,-46.9397170023752,-24.9277073426039,325,296,67.99243815,222,322,284,330,0.303030303030303,0.787878787878788,-0.484848484848485,10,26,10,23,#AECDE7,#BED6EC,#A9CAE6,#5A85BA,#BBCCC0,Bucknell plays much worse against good teams than bad teams. They tend to have their best performances against weaker opponents but really struggle against stronger teams on their schedule.,Bucknell plays a little better in slower paced games. They have slightly stronger performances in games with less possessions but are a little worse in games with more possessions.
323,Arkansas-Pine Bluff,Arkansas-Pine Bluff 🤕,-5.75630219697995,-8.27975832820101,-14.036060525181,-14.7580463375334,-16.2762756196502,291,334,70.6513168,58,333,285,325,0.266666666666667,0.566666666666667,-0.3,8,17,11,19,#C5DBEE,#A0C4E3,#A7C9E5,#BDDBD7,#CDD5BE,Arkansas-Pine Bluff plays a little worse against good teams than bad teams. They tend to play slightly better than expected against weaker opposition but are slightly worse against tougher opponents.,Arkansas-Pine Bluff performs at a similar level regardless of the pace of the game.
324,Eastern Illinois,Eastern Illinois,-11.1847977111503,-2.90215195296517,-14.0869496641154,22.1496291314874,9.45796143758418,350,246,67.13231945,271,323,193,337,0.366666666666667,0.8,-0.433333333333333,11,24,10,20,#8FBADE,#DDEAF5,#A7C8E5,#FFA8A0,#F1DAB0,Eastern Illinois plays a little better against good teams than bad teams. They are slightly better than expected against tough opposition but are slightly worse against weaker opponents.,Eastern Illinois performs at a similar level regardless of the pace of the game.
325,Stonehill,Stonehill,-12.8676429212058,-1.23246972385585,-14.1001126450617,29.963351958674,49.8469365238628,356,198,67.05794695,275,324,203,333,0.233333333333333,0.666666666666667,-0.433333333333333,7,20,10,21,#7FAFDA,#F0F6FA,#A7C8E5,#F48A8D,#FAA580,Stonehill plays a little better against good teams than bad teams. They are slightly better than expected against tough opposition but are slightly worse against weaker opponents.,Stonehill plays better in faster paced games. They have stronger performances in games with more possessions but are worse in games with less possessions.
326,NJIT,NJIT 🥶,-10.4869721313459,-3.73693082681882,-14.2239029581647,-62.6898804641537,10.5408556268588,344,262,69.2022872,145,325,333,339,0.34375,0.84375,-0.5,11,27,15,17,#96BEE0,#D4E4F2,#A6C8E5,#245CA8,#F1D9AF,NJIT plays much worse against good teams than bad teams. They tend to have their best performances against weaker opponents but really struggle against stronger teams on their schedule.,NJIT performs at a similar level regardless of the pace of the game.
327,Holy Cross,Holy Cross,-7.05993056991955,-7.17495905854201,-14.2348896284616,8.28339079748652,35.4020783743989,308,320,67.1483575,269,326,254,332,0.225806451612903,0.612903225806452,-0.387096774193548,7,19,9,22,#B8D3EA,#ADCCE7,#A6C8E5,#FFDEC8,#F7B891,Holy Cross performs at a similar level against both good and bad teams.,Holy Cross plays a little better in faster paced games. They have slightly stronger performances in games with more possessions but are a little worse in games with less possessions.
328,Delaware,Delaware 🥶💥🤕,-7.42939821637956,-7.15696462327235,-14.5863628396519,75.2744386752997,19.8399962966457,315,319,65.36148665,345,335,360,286,0.3,0.766666666666667,-0.466666666666667,9,23,10,20,#B5D1E9,#ADCCE7,#A4C7E4,#93003A,#F3CDA4,Delaware plays much better against good teams than bad teams. They compete at a higher level against tough opposition but struggle against weaker opponents.,Delaware performs at a similar level regardless of the pace of the game.
329,New Haven,New Haven 📈,-12.5046590347898,-2.23352418631714,-14.7381832211069,-27.0732263524028,25.8533074855038,354,224,65.600298,340,327,270,350,0.25,0.678571428571429,-0.428571428571429,7,19,11,17,#82B2DB,#E5EFF7,#A3C6E4,#8CBCCF,#F4C59C,New Haven plays a little worse against good teams than bad teams. They tend to play slightly better than expected against weaker opposition but are slightly worse against tougher opponents.,New Haven plays a little better in faster paced games. They have slightly stronger performances in games with more possessions but are a little worse in games with less possessions.
330,Cleveland State,Cleveland State 🤕,-1.72800710481895,-13.2816411421067,-15.0096482469256,0.169932693388093,9.08911062385474,201,362,70.64786505,59,340,182,301,0.433333333333333,0.933333333333333,-0.5,13,28,8,22,#EDF4FA,#67A1D3,#A1C5E4,#FFFEDF,#F1DBB1,Cleveland State performs at a similar level against both good and bad teams.,Cleveland State performs at a similar level regardless of the pace of the game.
331,Niagara,Niagara 📈,-7.76718283204792,-7.39961222344789,-15.1667950554958,-36.574248147278,-12.1492014926178,322,326,63.9553029,365,328,80,348,0.482758620689655,0.758620689655172,-0.275862068965517,14,22,7,22,#B1CFE8,#AACAE6,#A0C4E3,#74A2C5,#D6DABE,Niagara plays a little worse against good teams than bad teams. They tend to play slightly better than expected against weaker opposition but are slightly worse against tougher opponents.,Niagara performs at a similar level regardless of the pace of the game.
332,Army,Army,-7.01751805188058,-8.32239900216698,-15.3399170540476,-19.589650142331,11.684710753986,306,336,68.149169845,208,329,352,323,0.166666666666667,0.7,-0.533333333333333,5,21,9,21,#B9D3EA,#A0C4E3,#9FC4E3,#A8CFD4,#F1D7AD,Army plays a little worse against good teams than bad teams. They tend to play slightly better than expected against weaker opposition but are slightly worse against tougher opponents.,Army performs at a similar level regardless of the pace of the game.
333,Jackson State,Jackson State,-6.8546897194262,-8.56056506781138,-15.4152547872376,-46.0273067626208,-1.92288143995165,304,339,70.3737655,72,330,7,319,0.242424242424242,1.18181818181818,-0.939393939393939,8,39,12,21,#BAD4EB,#9DC2E2,#9FC3E3,#5C88BB,#EBE4BC,Jackson State plays much worse against good teams than bad teams. They tend to have their best performances against weaker opponents but really struggle against stronger teams on their schedule.,Jackson State performs at a similar level regardless of the pace of the game.
334,Fairleigh Dickinson,Fairleigh Dickinson,-8.23584086884533,-7.448707999774,-15.6845488686193,3.9206917385282,-33.4726188826923,329,328,66.16684815,312,331,190,340,0.275862068965517,0.620689655172414,-0.344827586206897,8,18,8,21,#ADCCE7,#A9CAE6,#9DC2E2,#FFEFD4,#AAC3C1,Fairleigh Dickinson performs at a similar level against both good and bad teams.,Fairleigh Dickinson plays a little better in slower paced games. They have slightly stronger performances in games with less possessions but are a little worse in games with more possessions.
335,The Citadel,The Citadel 📈,-6.56785397144869,-9.19344004198615,-15.7612940134348,-33.2382165031176,20.8911383672034,301,347,65.6984047,332,332,169,336,0.333333333333333,0.9,-0.566666666666667,10,27,8,22,#BDD6EC,#96BEE0,#9DC2E2,#7CABC8,#F3CBA2,The Citadel plays a little worse against good teams than bad teams. They tend to play slightly better than expected against weaker opposition but are slightly worse against tougher opponents.,The Citadel performs at a similar level regardless of the pace of the game.
336,Northern Arizona,Northern Arizona,-5.55889307330989,-10.3893297469169,-15.9482228202268,30.381776424936,38.451004972384,286,353,65.5856017,341,334,146,318,0.206896551724138,0.620689655172414,-0.413793103448276,6,18,7,22,#C7DCEF,#88B5DC,#9CC1E2,#F4898C,#F7B48D,Northern Arizona plays a little better against good teams than bad teams. They are slightly better than expected against tough opposition but are slightly worse against weaker opponents.,Northern Arizona plays a little better in faster paced games. They have slightly stronger performances in games with more possessions but are a little worse in games with less possessions.
337,Southern Indiana,Southern Indiana,-11.6432315322667,-4.54978898325417,-16.1930205155208,1.23081806195559,13.7007362637442,352,277,69.1850044,146,336,315,331,0.357142857142857,0.5,-0.142857142857143,10,14,5,23,#8BB7DD,#CBDEEF,#9AC0E1,#FFFADC,#F2D5AB,Southern Indiana performs at a similar level against both good and bad teams.,Southern Indiana performs at a similar level regardless of the pace of the game.
338,Cal State Bakersfield,Cal State Bakersfield,-8.14521496030099,-8.2801168199785,-16.4253317802795,34.3973075201391,-63.7409329366175,328,335,71.1087224,39,337,91,304,0.2,0.666666666666667,-0.466666666666667,6,20,6,24,#AECCE7,#A0C4E3,#99BFE1,#EE7982,#70A6C7,Cal State Bakersfield plays a little better against good teams than bad teams. They are slightly better than expected against tough opposition but are slightly worse against weaker opponents.,Cal State Bakersfield plays better in slower paced games. They have stronger performances in games with less possessions but are worse in games with more possessions.
339,North Carolina Central,North Carolina Central,-6.40956834111518,-10.1619431356702,-16.5715114767854,-20.3371916787354,-48.0183522877738,299,352,67.0058437,280,338,279,344,0.428571428571429,0.857142857142857,-0.428571428571429,12,24,10,18,#BFD7EC,#8BB7DD,#98BFE1,#A4CDD4,#8CB4C4,North Carolina Central plays a little worse against good teams than bad teams. They tend to play slightly better than expected against weaker opposition but are slightly worse against tougher opponents.,North Carolina Central plays better in slower paced games. They have stronger performances in games with less possessions but are worse in games with more possessions.
340,North Alabama,North Alabama,-7.86632959517696,-8.70857042035238,-16.5749000155293,47.864209692749,-25.9667447808275,324,342,66.3058189,303,339,189,295,0.285714285714286,0.607142857142857,-0.321428571428571,8,17,7,21,#B0CEE8,#9BC1E2,#98BFE1,#D74662,#B9CBC0,North Alabama plays much better against good teams than bad teams. They compete at a higher level against tough opposition but struggle against weaker opponents.,North Alabama plays a little better in slower paced games. They have slightly stronger performances in games with less possessions but are a little worse in games with more possessions.
341,Canisius,Canisius,-11.6073386190971,-5.12718090976953,-16.7345195288666,-45.4164530094027,3.90482193980077,351,287,65.75587555,331,341,51,347,0.333333333333333,0.866666666666667,-0.533333333333333,10,26,9,21,#8BB7DD,#C4DAEE,#97BEE0,#5E89BC,#EFE1B7,Canisius plays much worse against good teams than bad teams. They tend to have their best performances against weaker opponents but really struggle against stronger teams on their schedule.,Canisius performs at a similar level regardless of the pace of the game.
342,North Florida,North Florida,-2.38082487766189,-14.3729223394,-16.7537472170619,2.49007936361353,1.66912566140102,222,364,71.2516706,33,342,253,334,0.233333333333333,0.866666666666667,-0.633333333333333,7,26,5,25,#E7F0F8,#5A99CF,#97BEE0,#FFF5D8,#EFE4B9,North Florida performs at a similar level against both good and bad teams.,North Florida performs at a similar level regardless of the pace of the game.
343,IU Indy,IU Indy,-5.5691042189483,-11.6648503288575,-17.2339545478058,99.009900990099,11.9015667793879,287,359,73.8108345,4,343,272,345,0.266666666666667,0.733333333333333,-0.466666666666667,8,22,5,25,#C7DCEE,#79ACD8,#94BCE0,#93003A,#F1D7AD,IU Indy plays much better against good teams than bad teams. They compete at a higher level against tough opposition but struggle against weaker opponents.,IU Indy performs at a similar level regardless of the pace of the game.
344,UTSA,UTSA,-8.0973596248452,-9.31800836740019,-17.4153679922454,27.598033429555,-15.4559519894688,327,348,69.848675,104,344,311,309,0.285714285714286,0.857142857142857,-0.571428571428571,8,24,3,25,#AECDE7,#94BDE0,#92BCDF,#F89393,#CFD6BE,UTSA plays a little better against good teams than bad teams. They are slightly better than expected against tough opposition but are slightly worse against weaker opponents.,UTSA performs at a similar level regardless of the pace of the game.
345,Morgan State,Morgan State 📈,-8.96620721878324,-8.6915085314965,-17.6577157502797,-42.1876545170113,99.009900990099,337,341,71.61979605,26,345,66,358,0.148148148148148,0.481481481481481,-0.333333333333333,4,13,11,16,#A5C7E5,#9BC1E2,#91BBDF,#6692BF,#FE926E,Morgan State plays a little worse against good teams than bad teams. They tend to play slightly better than expected against weaker opposition but are slightly worse against tougher opponents.,Morgan State plays better in faster paced games. They have stronger performances in games with more possessions but are worse in games with less possessions.
346,Maine,Maine,-15.7020667689348,-2.02920010000634,-17.7312668689411,63.7082829008368,-58.1321645401875,362,218,66.19268495,311,346,344,353,0.290322580645161,0.612903225806452,-0.32258064516129,9,19,7,24,#629ED1,#E7F0F8,#90BADF,#A51244,#77AAC6,Maine plays much better against good teams than bad teams. They compete at a higher level against tough opposition but struggle against weaker opponents.,Maine plays better in slower paced games. They have stronger performances in games with less possessions but are worse in games with more possessions.
347,South Carolina State,South Carolina State 📈,-11.1819787171659,-6.71060675926813,-17.892585476434,-33.2877065271857,-19.3372514253632,349,314,70.25092475,83,347,60,360,0.233333333333333,0.9,-0.666666666666667,7,27,8,22,#8FBADE,#B2CFE8,#8FBADE,#7CABC8,#C7D2BF,South Carolina State plays a little worse against good teams than bad teams. They tend to play slightly better than expected against weaker opposition but are slightly worse against tougher opponents.,South Carolina State performs at a similar level regardless of the pace of the game.
348,Chicago State,Chicago State,-9.12218086885484,-9.12918349937284,-18.2513643682277,38.5232405656951,-37.7913325155703,338,346,67.36282085,257,348,36,346,0.258064516129032,0.838709677419355,-0.580645161290323,8,26,6,25,#A4C6E4,#96BEE0,#8DB8DE,#E86978,#A1BFC2,Chicago State plays a little better against good teams than bad teams. They are slightly better than expected against tough opposition but are slightly worse against weaker opponents.,Chicago State plays a little better in slower paced games. They have slightly stronger performances in games with less possessions but are a little worse in games with more possessions.
349,Maryland-Eastern Shore,Maryland-Eastern Shore,-13.4473078301623,-4.85934365498309,-18.3066514851454,20.073755841602,11.0600182449642,359,281,65.0306707,353,349,44,351,0.3,0.633333333333333,-0.333333333333333,9,19,7,23,#79ACD8,#C7DCEE,#8DB8DE,#FFB0A6,#F1D8AE,Maryland-Eastern Shore plays a little better against good teams than bad teams. They are slightly better than expected against tough opposition but are slightly worse against weaker opponents.,Maryland-Eastern Shore performs at a similar level regardless of the pace of the game.
350,New Hampshire,New Hampshire 🥶,-12.0212173992982,-6.29081106321504,-18.3120284625132,17.0352170450461,3.41175925418713,353,307,68.86687078,164,350,168,349,0.428571428571429,1.03571428571429,-0.607142857142857,12,29,7,21,#87B5DC,#B7D2EA,#8DB8DE,#FFBCAF,#EFE2B7,New Hampshire plays a little better against good teams than bad teams. They are slightly better than expected against tough opposition but are slightly worse against weaker opponents.,New Hampshire performs at a similar level regardless of the pace of the game.
351,Alcorn State,Alcorn State,-11.0298322872463,-7.59530661876994,-18.6251389060162,-23.4791863028847,-30.1501214132175,348,329,68.70459861,172,351,209,355,0.28125,0.9375,-0.65625,9,30,9,23,#91BBDF,#A8C9E5,#8BB7DD,#96C6D2,#B1C7C1,Alcorn State plays a little worse against good teams than bad teams. They tend to play slightly better than expected against weaker opposition but are slightly worse against tougher opponents.,Alcorn State plays a little better in slower paced games. They have slightly stronger performances in games with less possessions but are a little worse in games with more possessions.
352,Bryant,Bryant,-10.9721576309559,-8.09627035881109,-19.068427989767,42.4495490845582,31.3909577220743,347,332,66.21476355,310,352,4,343,0.344827586206897,0.586206896551724,-0.241379310344828,10,17,7,22,#91BBDF,#A2C5E4,#88B5DC,#E25A6E,#F6BD96,Bryant plays much better against good teams than bad teams. They compete at a higher level against tough opposition but struggle against weaker opponents.,Bryant plays a little better in faster paced games. They have slightly stronger performances in games with more possessions but are a little worse in games with less possessions.
353,Northern Illinois,Northern Illinois 🥶,-13.6841488292667,-5.61652472199598,-19.3006735512627,9.39952325695963,-9.61964715259762,360,294,69.3776389,133,353,340,341,0.321428571428571,0.75,-0.428571428571429,9,21,7,21,#76AAD7,#BED7EC,#87B4DC,#FFDAC5,#DBDCBD,Northern Illinois performs at a similar level against both good and bad teams.,Northern Illinois performs at a similar level regardless of the pace of the game.
354,Saint Francis (PA),Saint Francis (PA),-8.47084174351333,-11.4931863926133,-19.9640281361267,-3.14836236501841,10.8976645239853,331,358,70.8743979,50,354,213,356,0.310344827586207,0.655172413793103,-0.344827586206897,9,19,5,24,#AACAE6,#7BADD9,#83B2DB,#F1F7DE,#F1D8AE,Saint Francis (PA) performs at a similar level against both good and bad teams.,Saint Francis (PA) performs at a similar level regardless of the pace of the game.
355,Binghamton,Binghamton 📈,-9.48430743126667,-10.5211796282933,-20.00548705956,15.0019301566266,-7.79528193781498,342,354,66.83829395,285,355,211,357,0.285714285714286,0.678571428571429,-0.392857142857143,8,19,5,23,#A0C4E3,#86B4DC,#82B2DB,#FFC4B5,#DFDEBD,Binghamton plays a little better against good teams than bad teams. They are slightly better than expected against tough opposition but are slightly worse against weaker opponents.,Binghamton performs at a similar level regardless of the pace of the game.
356,Air Force,Air Force 📉,-12.9976239274629,-7.30408539188629,-20.3017093193492,-41.2286354629612,-12.6895384217079,357,323,67.4263382,253,356,307,359,0.15625,0.9375,-0.78125,5,30,3,29,#7DAFD9,#ABCBE6,#81B1DA,#6895C0,#D4D9BE,Air Force plays a little worse against good teams than bad teams. They tend to play slightly better than expected against weaker opposition but are slightly worse against tougher opponents.,Air Force performs at a similar level regardless of the pace of the game.
357,Rider,Rider,-10.5331214567361,-9.77362146836381,-20.3067429250999,24.6238069183515,-3.22428877908428,345,350,66.78277965,289,357,271,342,0.25,0.75,-0.5,7,21,3,25,#96BEE0,#8FBADE,#80B1DA,#FC9F9A,#E8E3BC,Rider plays a little better against good teams than bad teams. They are slightly better than expected against tough opposition but are slightly worse against weaker opponents.,Rider performs at a similar level regardless of the pace of the game.
358,VMI,VMI 🤕,-8.49402209532667,-12.26690513516,-20.7609272304867,24.3140628690105,34.4570381807328,332,361,68.256827245,199,359,165,335,0.206896551724138,1,-0.793103448275862,6,29,3,26,#AACAE6,#72A8D6,#7EAFD9,#FDA09B,#F6B992,VMI plays a little better against good teams than bad teams. They are slightly better than expected against tough opposition but are slightly worse against weaker opponents.,VMI plays a little better in faster paced games. They have slightly stronger performances in games with more possessions but are a little worse in games with less possessions.
359,Coppin State,Coppin State 📈,-13.1134968939642,-7.71936620161319,-20.8328630955774,-77.0547799034556,-52.1629110792554,358,330,69.63143255,117,358,174,363,0.266666666666667,1.03333333333333,-0.766666666666667,8,31,6,24,#7CAED9,#A6C8E5,#7DAFD9,#00429D,#84B0C5,Coppin State plays much worse against good teams than bad teams. They tend to have their best performances against weaker opponents but really struggle against stronger teams on their schedule.,Coppin State plays better in slower paced games. They have stronger performances in games with less possessions but are worse in games with more possessions.
360,Delaware State,Delaware State 🤕,-17.2284916292,-4.4490021558154,-21.6774937850154,14.4643573241369,-12.4923263667838,365,275,67.0503437,277,361,136,361,0.148148148148148,0.925925925925926,-0.777777777777778,4,25,5,22,#5395CD,#CCDFF0,#78ABD8,#FFC6B6,#D5D9BE,Delaware State plays a little better against good teams than bad teams. They are slightly better than expected against tough opposition but are slightly worse against weaker opponents.,Delaware State performs at a similar level regardless of the pace of the game.
361,Louisiana-Monroe,Louisiana-Monroe 💥,-8.8907435312338,-13.7049673912059,-22.5957109224397,57.107057176729,20.9285406458116,336,363,70.8363736,52,360,67,352,0.266666666666667,0.833333333333333,-0.566666666666667,8,25,2,28,#A6C8E5,#629ED1,#72A8D6,#BA2850,#F3CBA2,Louisiana-Monroe plays much better against good teams than bad teams. They compete at a higher level against tough opposition but struggle against weaker opponents.,Louisiana-Monroe performs at a similar level regardless of the pace of the game.
362,Gardner-Webb,Gardner-Webb,-12.8627878746467,-12.0618799687267,-24.9246678433733,3.10021340426916,-41.6951160593382,355,360,70.5263444,65,362,233,362,0.133333333333333,1.03333333333333,-0.9,4,31,2,28,#7FAFDA,#75A9D7,#649FD2,#FFF2D7,#99BBC3,Gardner-Webb performs at a similar level against both good and bad teams.,Gardner-Webb plays better in slower paced games. They have stronger performances in games with less possessions but are worse in games with more possessions.
363,Missouri-Kansas City,Missouri-Kansas City 🥶,-16.1382981687263,-8.8498481798512,-24.9881463485775,51.8919628082905,-18.8999246599253,363,345,70.3985184,71,363,330,354,0.214285714285714,0.964285714285714,-0.75,6,27,1,27,#5E9BD0,#99C0E1,#639FD2,#CB395A,#C8D3BF,Missouri-Kansas City plays much better against good teams than bad teams. They compete at a higher level against tough opposition but struggle against weaker opponents.,Missouri-Kansas City performs at a similar level regardless of the pace of the game.
364,Western Illinois,Western Illinois 💥,-13.9092839197333,-11.2367628417067,-25.14604676144,53.387512542391,3.58750961918911,361,356,67.5489768,242,364,305,364,0.107142857142857,0.5,-0.392857142857143,3,14,2,26,#74A9D7,#7EAFD9,#629ED1,#C63457,#EFE2B7,Western Illinois plays much better against good teams than bad teams. They compete at a higher level against tough opposition but struggle against weaker opponents.,Western Illinois performs at a similar level regardless of the pace of the game.
365,Mississippi Valley State,Mississippi Valley State,-16.3939501891911,-11.2057605165426,-27.5997107057337,-1.8029002333499,-51.4902374637583,364,355,68.379595845,193,365,222,365,0.1875,0.875,-0.6875,6,28,2,30,#5C9ACF,#7FAFDA,#5395CD,#F6FADE,#85B0C5,Mississippi Valley State performs at a similar level against both good and bad teams.,Mississippi Valley State plays better in slower paced games. They have stronger performances in games with less possessions but are worse in games with more possessions.
